date,product_id,category,price,cost,discount_pct,units_sold,revenue,inventory_level,competitor_price,season,day_of_week,profit,margin_pct,price_diff_competitor
01-01-2024,P100,Home,954.0,674.89,10,1,954.0,141,963.24,Normal,Monday,279.11,0.29256813417190775,-9.240000000000009
01-01-2024,P101,Sports,280.5,199.36,15,6,1683.0,313,289.83,Normal,Monday,486.8399999999999,0.28926916221033866,-9.329999999999984
01-01-2024,P102,Electronics,659.0,476.02,0,0,0.0,494,627.57,Festival,Monday,0.0,,31.42999999999995
01-01-2024,P103,Fashion,1157.0,875.89,0,0,0.0,339,1158.65,Normal,Monday,0.0,,-1.650000000000091
01-01-2024,P104,Home,220.0,151.82,0,6,1320.0,33,229.73,Sale,Monday,409.08000000000004,0.30990909090909097,-9.72999999999999
01-01-2024,P105,Home,1155.0,721.19,0,0,0.0,225,1101.22,Normal,Monday,0.0,,53.77999999999997
01-01-2024,P106,Sports,1225.0,839.16,0,2,2450.0,496,1233.29,Holiday,Monday,771.6800000000001,0.3149714285714286,-8.289999999999964
01-01-2024,P107,Sports,1475.0,898.34,0,1,1475.0,357,1458.58,Normal,Monday,576.66,0.3909559322033898,16.420000000000073
01-01-2024,P108,Electronics,963.0,694.71,0,0,0.0,320,943.38,Normal,Monday,0.0,,19.620000000000005
01-01-2024,P109,Sports,1157.4,981.34,10,2,2314.8,308,1183.91,Festival,Monday,352.1200000000001,0.15211681354760676,-26.50999999999999
01-01-2024,P110,Fashion,216.0,187.92,10,6,1296.0,52,214.91,Normal,Monday,168.48000000000002,0.13,1.0900000000000034
01-01-2024,P111,Sports,925.0,719.13,0,0,0.0,481,889.81,Sale,Monday,0.0,,35.190000000000055
01-01-2024,P112,Home,966.0,629.07,0,1,966.0,365,986.35,Normal,Monday,336.92999999999995,0.34878881987577637,-20.350000000000023
01-01-2024,P113,Sports,1037.0,856.09,15,0,0.0,256,1011.0,Normal,Monday,0.0,,26.0
01-01-2024,P114,Electronics,1313.85,995.45,5,1,1313.85,189,1363.84,Sale,Monday,318.39999999999986,0.24234121094493274,-49.99000000000001
01-01-2024,P115,Sports,1454.0,1136.11,0,1,1454.0,140,1475.47,Sale,Monday,317.8900000000001,0.2186313617606603,-21.470000000000027
01-01-2024,P116,Home,909.0,638.25,0,0,0.0,326,883.74,Normal,Monday,0.0,,25.25999999999999
01-01-2024,P117,Sports,1456.0,991.2,0,0,0.0,287,1420.17,Normal,Monday,0.0,,35.82999999999993
01-01-2024,P118,Electronics,1093.45,699.09,5,3,3280.35,73,1093.74,Normal,Monday,1183.08,0.36065663724907404,-0.2899999999999636
01-01-2024,P119,Electronics,929.0,740.53,0,3,2787.0,222,944.99,Normal,Monday,565.4099999999999,0.20287405812701825,-15.990000000000009
02-01-2024,P100,Fashion,407.15,332.45,15,6,2442.9,259,403.03,Sale,Tuesday,448.2000000000003,0.18347046543043116,4.1200000000000045
02-01-2024,P101,Home,859.0,571.4,0,1,859.0,166,877.14,Normal,Tuesday,287.6,0.33480791618160655,-18.139999999999986
02-01-2024,P102,Electronics,1071.6,766.49,5,2,2143.2,286,1107.79,Normal,Tuesday,610.2199999999998,0.28472377752892863,-36.190000000000055
02-01-2024,P103,Fashion,781.85,585.19,5,0,0.0,323,761.67,Holiday,Tuesday,0.0,,20.180000000000064
02-01-2024,P104,Sports,1214.0,810.72,0,2,2428.0,150,1241.43,Sale,Tuesday,806.56,0.3321911037891268,-27.430000000000064
02-01-2024,P105,Sports,602.65,558.71,15,5,3013.25,385,589.63,Normal,Tuesday,219.69999999999982,0.07291130838795315,13.019999999999982
02-01-2024,P106,Sports,1040.4,745.45,10,2,2080.8,296,1013.06,Normal,Tuesday,589.9000000000001,0.2834967320261438,27.340000000000146
02-01-2024,P107,Sports,1193.2,889.89,5,2,2386.4,41,1209.47,Normal,Tuesday,606.6200000000001,0.2541987931612471,-16.269999999999982
02-01-2024,P108,Electronics,723.9,593.15,5,1,723.9,305,745.24,Festival,Tuesday,130.75,0.18061887000966986,-21.340000000000032
02-01-2024,P109,Sports,772.2,612.96,10,3,2316.6,191,736.96,Holiday,Tuesday,477.7199999999998,0.20621600621600614,35.24000000000001
02-01-2024,P110,Electronics,717.0,483.28,0,1,717.0,321,747.71,Holiday,Tuesday,233.72000000000003,0.3259693165969317,-30.710000000000036
02-01-2024,P111,Electronics,1127.0,868.05,0,2,2254.0,300,1089.75,Normal,Tuesday,517.9000000000001,0.22976929902395746,37.25
02-01-2024,P112,Home,840.75,548.2,5,2,1681.5,469,881.95,Normal,Tuesday,585.0999999999999,0.34796312815938146,-41.200000000000045
02-01-2024,P113,Electronics,445.0,298.99,0,1,445.0,374,458.77,Normal,Tuesday,146.01,0.3281123595505618,-13.769999999999982
02-01-2024,P114,Sports,991.8,771.73,10,1,991.8,419,1006.67,Normal,Tuesday,220.06999999999994,0.22188949384956638,-14.870000000000005
02-01-2024,P115,Sports,926.0,680.06,0,0,0.0,209,894.06,Normal,Tuesday,0.0,,31.940000000000055
02-01-2024,P116,Fashion,453.6,306.16,10,4,1814.4,463,447.26,Normal,Tuesday,589.76,0.3250440917107584,6.340000000000032
02-01-2024,P117,Sports,1028.85,738.9,5,1,1028.85,163,991.64,Holiday,Tuesday,289.94999999999993,0.2818195072167954,37.20999999999992
02-01-2024,P118,Fashion,856.0,581.88,0,2,1712.0,365,876.89,Normal,Tuesday,548.24,0.3202336448598131,-20.889999999999986
02-01-2024,P119,Electronics,1281.0,1003.08,0,2,2562.0,137,1247.67,Festival,Tuesday,555.8399999999999,0.21695550351288054,33.32999999999993
03-01-2024,P100,Electronics,986.4,866.91,10,0,0.0,297,991.76,Festival,Wednesday,0.0,,-5.360000000000014
03-01-2024,P101,Fashion,896.0,598.86,0,2,1792.0,113,859.64,Sale,Wednesday,594.28,0.33162946428571427,36.360000000000014
03-01-2024,P102,Sports,1111.0,688.34,0,0,0.0,308,1108.05,Normal,Wednesday,0.0,,2.9500000000000455
03-01-2024,P103,Fashion,912.95,756.01,5,2,1825.9,23,916.54,Festival,Wednesday,313.8800000000001,0.171904266389178,-3.589999999999918
03-01-2024,P104,Fashion,661.2,538.31,5,5,3306.0,415,681.1,Normal,Wednesday,614.4500000000003,0.18585904416212953,-19.899999999999977
03-01-2024,P105,Electronics,1267.35,1009.74,15,0,0.0,63,1318.72,Normal,Wednesday,0.0,,-51.37000000000012
03-01-2024,P106,Fashion,1402.2,913.48,5,0,0.0,283,1342.07,Normal,Wednesday,0.0,,60.13000000000011
03-01-2024,P107,Home,1419.0,1048.04,0,0,0.0,395,1480.96,Festival,Wednesday,0.0,,-61.960000000000036
03-01-2024,P108,Electronics,787.5,556.05,10,2,1575.0,196,811.66,Festival,Wednesday,462.9000000000001,0.29390476190476195,-24.159999999999968
03-01-2024,P109,Home,1413.0,1006.58,0,0,0.0,298,1438.41,Sale,Wednesday,0.0,,-25.410000000000082
03-01-2024,P110,Electronics,261.0,182.52,0,3,783.0,38,255.72,Normal,Wednesday,235.43999999999994,0.3006896551724137,5.280000000000001
03-01-2024,P111,Sports,1050.0,733.54,0,0,0.0,415,1007.13,Normal,Wednesday,0.0,,42.870000000000005
03-01-2024,P112,Sports,1374.0,1039.1,0,2,2748.0,205,1433.21,Normal,Wednesday,669.8000000000002,0.24374090247452698,-59.210000000000036
03-01-2024,P113,Home,814.15,680.23,5,0,0.0,420,841.58,Normal,Wednesday,0.0,,-27.430000000000064
03-01-2024,P114,Electronics,1251.9,854.84,10,2,2503.8,24,1277.72,Normal,Wednesday,794.1200000000001,0.31716590782011345,-25.819999999999936
03-01-2024,P115,Fashion,594.15,452.49,15,1,594.15,311,599.61,Normal,Wednesday,141.65999999999997,0.23842464024236298,-5.460000000000036
03-01-2024,P116,Electronics,1075.0,765.06,0,3,3225.0,58,1118.68,Normal,Wednesday,929.8200000000002,0.2883162790697675,-43.680000000000064
03-01-2024,P117,Sports,607.5,508.57,10,0,0.0,406,622.34,Normal,Wednesday,0.0,,-14.840000000000032
03-01-2024,P118,Home,1023.0,721.9,0,1,1023.0,192,1053.91,Holiday,Wednesday,301.1,0.2943304007820137,-30.910000000000082
03-01-2024,P119,Home,914.85,592.01,5,2,1829.7,421,957.78,Normal,Wednesday,645.6800000000001,0.3528884516587419,-42.92999999999995
04-01-2024,P100,Home,1482.0,1156.3,0,0,0.0,243,1449.54,Normal,Thursday,0.0,,32.460000000000036
04-01-2024,P101,Fashion,875.0,606.15,0,0,0.0,239,882.32,Normal,Thursday,0.0,,-7.32000000000005
04-01-2024,P102,Home,701.0,425.13,0,0,0.0,480,694.78,Festival,Thursday,0.0,,6.220000000000027
04-01-2024,P103,Sports,997.0,770.89,0,4,3988.0,308,949.78,Sale,Thursday,904.44,0.22679037111334002,47.22000000000003
04-01-2024,P104,Home,338.4,253.93,10,0,0.0,334,334.78,Sale,Thursday,0.0,,3.6200000000000045
04-01-2024,P105,Electronics,543.6,369.21,10,1,543.6,370,560.61,Festival,Thursday,174.39000000000004,0.3208057395143489,-17.00999999999999
04-01-2024,P106,Home,1076.4,891.29,10,1,1076.4,104,1063.25,Normal,Thursday,185.11000000000013,0.171971386101821,13.150000000000091
04-01-2024,P107,Fashion,615.6,475.85,5,2,1231.2,91,606.87,Normal,Thursday,279.5,0.22701429499675113,8.730000000000018
04-01-2024,P108,Fashion,317.0,242.91,0,1,317.0,255,327.03,Normal,Thursday,74.09,0.23372239747634072,-10.029999999999973
04-01-2024,P109,Home,1062.1,839.65,5,0,0.0,454,1083.78,Holiday,Thursday,0.0,,-21.680000000000064
04-01-2024,P110,Fashion,954.75,725.23,5,4,3819.0,454,959.98,Holiday,Thursday,918.0799999999999,0.24039800995024874,-5.230000000000018
04-01-2024,P111,Sports,666.9,536.79,10,1,666.9,407,696.88,Normal,Thursday,130.11,0.19509671614934776,-29.980000000000018
04-01-2024,P112,Electronics,1123.85,720.65,5,1,1123.85,145,1106.7,Festival,Thursday,403.19999999999993,0.3587667393335409,17.149999999999864
04-01-2024,P113,Sports,989.1,735.38,10,0,0.0,112,986.52,Holiday,Thursday,0.0,,2.580000000000041
04-01-2024,P114,Home,1228.0,821.55,0,0,0.0,345,1170.51,Normal,Thursday,0.0,,57.49000000000001
04-01-2024,P115,Fashion,1296.0,801.52,0,0,0.0,75,1320.34,Sale,Thursday,0.0,,-24.339999999999918
04-01-2024,P116,Electronics,482.4,351.28,10,2,964.8,272,494.38,Holiday,Thursday,262.24,0.27180762852404644,-11.980000000000018
04-01-2024,P117,Sports,249.3,191.82,10,4,997.2,331,237.75,Normal,Thursday,229.92000000000007,0.23056558363417576,11.550000000000011
04-01-2024,P118,Home,949.0,711.68,0,0,0.0,313,983.85,Normal,Thursday,0.0,,-34.85000000000002
04-01-2024,P119,Fashion,1262.0,838.49,0,0,0.0,319,1240.23,Normal,Thursday,0.0,,21.769999999999982
05-01-2024,P100,Electronics,266.0,194.12,0,2,532.0,489,268.24,Normal,Friday,143.76,0.2702255639097744,-2.240000000000009
05-01-2024,P101,Electronics,771.4,546.16,5,0,0.0,459,776.86,Normal,Friday,0.0,,-5.460000000000036
05-01-2024,P102,Electronics,861.0,555.4,0,1,861.0,369,859.95,Normal,Friday,305.6,0.3549361207897794,1.0499999999999545
05-01-2024,P103,Sports,428.0,340.89,0,0,0.0,239,423.63,Holiday,Friday,0.0,,4.3700000000000045
05-01-2024,P104,Fashion,972.0,754.0,10,2,1944.0,213,1003.19,Normal,Friday,436.0,0.2242798353909465,-31.190000000000055
05-01-2024,P105,Fashion,1341.0,995.28,0,0,0.0,159,1372.68,Normal,Friday,0.0,,-31.680000000000064
05-01-2024,P106,Sports,338.0,265.8,0,4,1352.0,409,341.17,Normal,Friday,288.79999999999995,0.21360946745562126,-3.170000000000016
05-01-2024,P107,Electronics,501.6,397.08,5,1,501.6,438,500.17,Normal,Friday,104.52000000000004,0.20837320574162685,1.4300000000000068
05-01-2024,P108,Fashion,369.75,296.54,15,3,1109.25,437,387.9,Normal,Friday,219.62999999999988,0.19799864773495596,-18.149999999999977
05-01-2024,P109,Sports,964.8,804.11,10,4,3859.2,184,996.17,Sale,Friday,642.7599999999998,0.16655265339966827,-31.370000000000005
05-01-2024,P110,Fashion,695.7,519.28,10,2,1391.4,315,688.22,Normal,Friday,352.84000000000015,0.2535863159407792,7.480000000000018
05-01-2024,P111,Electronics,1183.7,856.94,5,2,2367.4,469,1166.58,Normal,Friday,653.52,0.2760496747486694,17.12000000000012
05-01-2024,P112,Home,1072.7,786.71,15,1,1072.7,475,1086.4,Festival,Friday,285.99,0.26660762561760043,-13.700000000000045
05-01-2024,P113,Fashion,1235.9,1039.07,15,3,3707.7,430,1267.09,Festival,Friday,590.4899999999998,0.15926045796585478,-31.189999999999827
05-01-2024,P114,Fashion,716.0,555.15,0,1,716.0,178,739.0,Normal,Friday,160.85000000000002,0.22465083798882685,-23.0
05-01-2024,P115,Sports,1484.0,1034.75,0,6,8904.0,430,1524.35,Festival,Friday,2695.5,0.30272911051212936,-40.34999999999991
05-01-2024,P116,Sports,993.0,645.81,0,0,0.0,349,961.38,Normal,Friday,0.0,,31.620000000000005
05-01-2024,P117,Home,595.0,465.51,0,1,595.0,130,571.25,Festival,Friday,129.49,0.21763025210084036,23.75
05-01-2024,P118,Sports,499.5,434.98,10,0,0.0,146,475.67,Normal,Friday,0.0,,23.829999999999984
05-01-2024,P119,Electronics,978.0,674.98,0,4,3912.0,129,1025.42,Normal,Friday,1212.08,0.3098364008179959,-47.42000000000007
06-01-2024,P100,Electronics,727.7,494.44,5,3,2183.1,328,718.92,Normal,Saturday,699.78,0.3205441802940772,8.780000000000086
06-01-2024,P101,Home,585.0,405.49,0,0,0.0,147,609.48,Normal,Saturday,0.0,,-24.480000000000018
06-01-2024,P102,Home,1405.0,892.56,0,0,0.0,363,1393.61,Normal,Saturday,0.0,,11.3900000000001
06-01-2024,P103,Fashion,1081.2,808.49,15,0,0.0,137,1043.21,Sale,Saturday,0.0,,37.99000000000001
06-01-2024,P104,Sports,760.0,501.54,0,0,0.0,454,752.2,Normal,Saturday,0.0,,7.7999999999999545
06-01-2024,P105,Electronics,460.75,372.15,5,1,460.75,390,451.26,Normal,Saturday,88.60000000000002,0.19229517091698323,9.490000000000009
06-01-2024,P106,Sports,1269.2,908.68,5,0,0.0,404,1225.44,Normal,Saturday,0.0,,43.75999999999999
06-01-2024,P107,Home,361.0,246.11,0,5,1805.0,197,348.59,Sale,Saturday,574.4499999999998,0.3182548476454293,12.410000000000025
06-01-2024,P108,Electronics,958.0,623.45,0,2,1916.0,347,958.53,Normal,Saturday,669.0999999999999,0.34921711899791225,-0.5299999999999727
06-01-2024,P109,Home,1487.0,921.77,0,0,0.0,139,1520.05,Sale,Saturday,0.0,,-33.049999999999955
06-01-2024,P110,Sports,364.0,228.67,0,2,728.0,485,357.59,Normal,Saturday,270.66,0.37178571428571433,6.410000000000025
06-01-2024,P111,Sports,252.9,218.77,10,2,505.8,253,248.9,Sale,Saturday,68.25999999999999,0.13495452748121786,4.0
06-01-2024,P112,Home,595.0,455.85,0,3,1785.0,412,611.29,Normal,Saturday,417.4499999999998,0.2338655462184873,-16.289999999999964
06-01-2024,P113,Sports,935.0,640.51,0,1,935.0,59,913.37,Festival,Saturday,294.49,0.3149625668449198,21.629999999999995
06-01-2024,P114,Electronics,1458.0,997.77,0,0,0.0,117,1516.4,Normal,Saturday,0.0,,-58.40000000000009
06-01-2024,P115,Electronics,1238.4,962.5,10,2,2476.8,361,1189.68,Normal,Saturday,551.8000000000002,0.22278746770025845,48.72000000000003
06-01-2024,P116,Fashion,883.5,669.12,5,4,3534.0,474,898.08,Normal,Saturday,857.52,0.24264855687606113,-14.580000000000041
06-01-2024,P117,Fashion,296.1,208.34,10,2,592.2,311,283.75,Sale,Saturday,175.52000000000004,0.2963863559608241,12.350000000000023
06-01-2024,P118,Home,189.0,140.94,10,3,567.0,246,185.17,Holiday,Saturday,144.18,0.2542857142857143,3.8300000000000125
06-01-2024,P119,Home,1233.9,867.02,10,0,0.0,384,1276.64,Normal,Saturday,0.0,,-42.74000000000001
07-01-2024,P100,Fashion,244.8,167.29,10,5,1224.0,446,244.69,Normal,Sunday,387.55000000000007,0.3166258169934641,0.11000000000001364
07-01-2024,P101,Electronics,1098.2,876.25,5,0,0.0,31,1100.54,Normal,Sunday,0.0,,-2.339999999999918
07-01-2024,P102,Sports,774.0,646.55,10,2,1548.0,219,784.62,Normal,Sunday,254.9000000000001,0.16466408268733856,-10.620000000000005
07-01-2024,P103,Home,1180.0,819.68,0,1,1180.0,26,1135.22,Normal,Sunday,360.32000000000005,0.30535593220338986,44.77999999999997
07-01-2024,P104,Fashion,1026.0,809.36,0,3,3078.0,442,1063.15,Normal,Sunday,649.9200000000001,0.21115009746588698,-37.15000000000009
07-01-2024,P105,Sports,1194.0,850.29,0,3,3582.0,190,1239.97,Normal,Sunday,1031.13,0.2878643216080402,-45.97000000000003
07-01-2024,P106,Sports,226.1,157.81,5,8,1808.8,428,232.67,Festival,Sunday,546.3199999999999,0.3020344980097302,-6.569999999999993
07-01-2024,P107,Fashion,433.5,353.12,15,2,867.0,288,411.84,Normal,Sunday,160.76,0.18542099192618222,21.660000000000025
07-01-2024,P108,Home,1262.0,759.59,0,0,0.0,337,1210.07,Normal,Sunday,0.0,,51.930000000000064
07-01-2024,P109,Home,539.0,402.91,0,5,2695.0,161,518.0,Normal,Sunday,680.4499999999998,0.25248608534322814,21.0
07-01-2024,P110,Fashion,492.0,299.34,0,0,0.0,92,516.0,Normal,Sunday,0.0,,-24.0
07-01-2024,P111,Sports,818.1,723.99,10,3,2454.3,81,826.35,Festival,Sunday,282.3299999999999,0.115034836817015,-8.25
07-01-2024,P112,Sports,825.35,627.59,15,1,825.35,392,837.7,Sale,Sunday,197.76,0.23960743926818923,-12.350000000000023
07-01-2024,P113,Electronics,856.8,753.46,10,0,0.0,73,882.57,Holiday,Sunday,0.0,,-25.770000000000095
07-01-2024,P114,Home,1243.0,993.13,0,0,0.0,197,1230.1,Normal,Sunday,0.0,,12.900000000000091
07-01-2024,P115,Electronics,1343.0,1006.68,0,2,2686.0,376,1396.04,Normal,Sunday,672.6400000000001,0.2504244229337305,-53.039999999999964
07-01-2024,P116,Home,750.6,522.0,10,1,750.6,351,784.8,Normal,Sunday,228.60000000000002,0.30455635491606714,-34.19999999999993
07-01-2024,P117,Fashion,1183.0,769.58,0,1,1183.0,195,1206.15,Normal,Sunday,413.41999999999996,0.3494674556213017,-23.15000000000009
07-01-2024,P118,Sports,996.2,912.87,15,0,0.0,320,952.52,Normal,Sunday,0.0,,43.680000000000064
07-01-2024,P119,Fashion,239.0,170.44,0,6,1434.0,166,248.05,Sale,Sunday,411.36,0.2868619246861925,-9.050000000000011
08-01-2024,P100,Home,913.5,752.8,10,1,913.5,189,931.54,Normal,Monday,160.70000000000005,0.17591680350301045,-18.039999999999964
08-01-2024,P101,Electronics,922.5,710.42,10,0,0.0,179,876.85,Normal,Monday,0.0,,45.64999999999998
08-01-2024,P102,Home,252.9,214.57,10,4,1011.6,314,253.09,Normal,Monday,153.32000000000005,0.15156188216686442,-0.18999999999999773
08-01-2024,P103,Sports,1446.0,976.54,0,0,0.0,345,1492.08,Normal,Monday,0.0,,-46.07999999999993
08-01-2024,P104,Electronics,1447.0,1111.33,0,0,0.0,56,1400.62,Normal,Monday,0.0,,46.38000000000011
08-01-2024,P105,Home,391.0,289.98,0,2,782.0,212,394.21,Normal,Monday,202.03999999999996,0.2583631713554987,-3.2099999999999795
08-01-2024,P106,Fashion,479.75,403.0,5,2,959.5,270,477.16,Normal,Monday,153.5,0.15997915581031788,2.589999999999975
08-01-2024,P107,Home,658.0,484.72,0,0,0.0,304,643.1,Holiday,Monday,0.0,,14.899999999999977
08-01-2024,P108,Electronics,214.2,167.89,10,2,428.4,307,209.88,Normal,Monday,92.62,0.2161998132586368,4.319999999999993
08-01-2024,P109,Electronics,852.3,574.13,10,3,2556.9,376,887.2,Festival,Monday,834.5100000000002,0.3263756893112754,-34.90000000000009
08-01-2024,P110,Electronics,1332.0,982.94,10,2,2664.0,182,1364.75,Normal,Monday,698.1199999999999,0.262057057057057,-32.75
08-01-2024,P111,Sports,1154.7,817.41,10,0,0.0,98,1186.64,Normal,Monday,0.0,,-31.940000000000055
08-01-2024,P112,Home,586.0,444.98,0,0,0.0,397,610.13,Festival,Monday,0.0,,-24.129999999999995
08-01-2024,P113,Electronics,1386.05,947.63,5,0,0.0,463,1348.01,Normal,Monday,0.0,,38.039999999999964
08-01-2024,P114,Electronics,585.0,444.31,0,2,1170.0,91,582.38,Normal,Monday,281.38,0.24049572649572648,2.6200000000000045
08-01-2024,P115,Fashion,189.0,155.19,10,8,1512.0,411,194.29,Festival,Monday,270.48,0.1788888888888889,-5.289999999999992
08-01-2024,P116,Electronics,570.0,372.34,5,2,1140.0,329,542.55,Festival,Monday,395.32000000000005,0.34677192982456145,27.450000000000045
08-01-2024,P117,Sports,180.9,142.08,10,5,904.5,96,173.35,Normal,Monday,194.0999999999999,0.21459369817578763,7.550000000000011
08-01-2024,P118,Fashion,1319.55,991.06,5,3,3958.65,125,1359.21,Normal,Monday,985.4700000000003,0.24894092683111674,-39.66000000000008
08-01-2024,P119,Fashion,208.0,163.75,0,9,1872.0,389,208.86,Holiday,Monday,398.25,0.2127403846153846,-0.8600000000000136
09-01-2024,P100,Sports,1176.3,872.93,10,0,0.0,103,1126.91,Normal,Tuesday,0.0,,49.38999999999987
09-01-2024,P101,Home,1008.0,637.86,0,3,3024.0,31,1030.66,Normal,Tuesday,1110.42,0.367202380952381,-22.660000000000082
09-01-2024,P102,Electronics,1246.1,943.87,15,2,2492.2,411,1225.78,Sale,Tuesday,604.4599999999998,0.2425407270684535,20.319999999999936
09-01-2024,P103,Home,1066.85,718.62,5,0,0.0,466,1021.21,Normal,Tuesday,0.0,,45.63999999999987
09-01-2024,P104,Electronics,1061.0,840.48,0,1,1061.0,312,1097.74,Normal,Tuesday,220.51999999999998,0.20784165881244107,-36.74000000000001
09-01-2024,P105,Sports,1473.0,1097.46,0,3,4419.0,437,1528.01,Sale,Tuesday,1126.62,0.25494908350305495,-55.00999999999999
09-01-2024,P106,Home,385.0,301.25,0,2,770.0,59,389.73,Sale,Tuesday,167.5,0.21753246753246752,-4.730000000000018
09-01-2024,P107,Fashion,1082.05,768.33,5,3,3246.15,441,1072.64,Normal,Tuesday,941.1599999999999,0.2899311492075227,9.409999999999854
09-01-2024,P108,Sports,551.0,399.66,5,0,0.0,149,543.24,Normal,Tuesday,0.0,,7.759999999999991
09-01-2024,P109,Home,1379.4,873.82,5,0,0.0,183,1393.02,Holiday,Tuesday,0.0,,-13.61999999999989
09-01-2024,P110,Home,1233.0,757.92,0,5,6165.0,285,1235.44,Festival,Tuesday,2375.4,0.3853041362530414,-2.4400000000000546
09-01-2024,P111,Sports,712.0,463.16,0,0,0.0,126,703.41,Festival,Tuesday,0.0,,8.590000000000032
09-01-2024,P112,Electronics,453.6,387.49,10,1,453.6,226,457.47,Normal,Tuesday,66.11000000000001,0.1457451499118166,-3.8700000000000045
09-01-2024,P113,Fashion,996.0,725.09,0,0,0.0,78,964.13,Normal,Tuesday,0.0,,31.870000000000005
09-01-2024,P114,Fashion,1049.75,777.64,15,1,1049.75,318,1098.58,Normal,Tuesday,272.11,0.2592140985949036,-48.82999999999993
09-01-2024,P115,Sports,694.0,488.82,0,2,1388.0,170,696.24,Normal,Tuesday,410.36,0.2956484149855908,-2.240000000000009
09-01-2024,P116,Sports,945.0,705.52,0,0,0.0,283,915.55,Normal,Tuesday,0.0,,29.450000000000045
09-01-2024,P117,Fashion,1231.2,1048.13,10,1,1231.2,494,1264.26,Holiday,Tuesday,183.06999999999994,0.1486923326835607,-33.059999999999945
09-01-2024,P118,Electronics,1162.8,787.2,5,1,1162.8,88,1150.46,Normal,Tuesday,375.5999999999999,0.3230134158926728,12.339999999999918
09-01-2024,P119,Home,1245.6,943.03,10,0,0.0,96,1280.77,Normal,Tuesday,0.0,,-35.17000000000007
10-01-2024,P100,Fashion,1258.75,881.66,5,0,0.0,101,1297.5,Sale,Wednesday,0.0,,-38.75
10-01-2024,P101,Fashion,1021.0,745.14,0,2,2042.0,218,1034.29,Normal,Wednesday,551.72,0.2701860920666014,-13.289999999999964
10-01-2024,P102,Electronics,504.0,357.41,0,1,504.0,286,479.54,Festival,Wednesday,146.58999999999997,0.29085317460317456,24.45999999999998
10-01-2024,P103,Home,269.8,219.44,5,8,2158.4,136,269.24,Sale,Wednesday,402.8800000000001,0.18665678280207565,0.5600000000000023
10-01-2024,P104,Electronics,477.85,360.17,5,2,955.7,451,483.01,Normal,Wednesday,235.36,0.2462697499215235,-5.159999999999968
10-01-2024,P105,Electronics,545.4,415.82,10,5,2727.0,418,522.02,Normal,Wednesday,647.9000000000001,0.2375870920425376,23.379999999999995
10-01-2024,P106,Home,523.0,411.54,0,3,1569.0,400,502.15,Festival,Wednesday,334.3799999999999,0.2131166347992351,20.850000000000023
10-01-2024,P107,Sports,490.0,350.93,0,2,980.0,21,500.66,Normal,Wednesday,278.14,0.28381632653061223,-10.660000000000025
10-01-2024,P108,Electronics,521.55,349.29,5,0,0.0,416,504.94,Normal,Wednesday,0.0,,16.609999999999957
10-01-2024,P109,Sports,235.0,160.95,0,5,1175.0,191,242.42,Normal,Wednesday,370.25,0.3151063829787234,-7.4199999999999875
10-01-2024,P110,Home,306.0,244.91,10,3,918.0,412,317.76,Sale,Wednesday,183.26999999999998,0.19964052287581696,-11.759999999999991
10-01-2024,P111,Fashion,743.85,590.37,5,0,0.0,87,725.67,Normal,Wednesday,0.0,,18.180000000000064
10-01-2024,P112,Sports,1390.0,1019.58,0,1,1390.0,458,1407.22,Normal,Wednesday,370.41999999999996,0.2664892086330935,-17.220000000000027
10-01-2024,P113,Home,860.0,532.46,0,2,1720.0,495,872.21,Normal,Wednesday,655.0799999999999,0.380860465116279,-12.210000000000036
10-01-2024,P114,Electronics,789.0,573.13,0,0,0.0,339,760.74,Normal,Wednesday,0.0,,28.25999999999999
10-01-2024,P115,Home,658.0,525.25,0,0,0.0,237,631.95,Normal,Wednesday,0.0,,26.049999999999955
10-01-2024,P116,Electronics,1144.75,786.84,5,0,0.0,92,1155.71,Normal,Wednesday,0.0,,-10.960000000000036
10-01-2024,P117,Electronics,924.3,630.09,10,0,0.0,168,899.69,Normal,Wednesday,0.0,,24.6099999999999
10-01-2024,P118,Home,1213.0,783.8,0,4,4852.0,149,1175.44,Holiday,Wednesday,1716.8000000000002,0.35383347073371807,37.559999999999945
10-01-2024,P119,Fashion,299.25,192.79,5,6,1795.5,352,312.94,Festival,Wednesday,638.76,0.3557560568086884,-13.689999999999998
11-01-2024,P100,Home,407.0,277.53,0,1,407.0,31,420.1,Normal,Thursday,129.47000000000003,0.3181081081081082,-13.100000000000023
11-01-2024,P101,Sports,704.65,661.95,15,0,0.0,140,707.47,Festival,Thursday,0.0,,-2.82000000000005
11-01-2024,P102,Fashion,1059.3,891.67,10,0,0.0,479,1070.79,Sale,Thursday,0.0,,-11.490000000000009
11-01-2024,P103,Electronics,920.55,762.98,5,0,0.0,199,902.65,Normal,Thursday,0.0,,17.899999999999977
11-01-2024,P104,Fashion,459.0,322.5,10,1,459.0,335,462.42,Sale,Thursday,136.5,0.2973856209150327,-3.420000000000016
11-01-2024,P105,Sports,333.0,209.21,0,4,1332.0,418,343.61,Normal,Thursday,495.15999999999997,0.37174174174174174,-10.610000000000014
11-01-2024,P106,Fashion,960.5,756.22,15,2,1921.0,44,974.04,Normal,Thursday,408.55999999999995,0.21268089536699633,-13.539999999999964
11-01-2024,P107,Electronics,1199.7,1039.28,10,0,0.0,444,1177.81,Sale,Thursday,0.0,,21.8900000000001
11-01-2024,P108,Fashion,1116.0,675.36,0,2,2232.0,463,1167.68,Sale,Thursday,881.28,0.39483870967741935,-51.680000000000064
11-01-2024,P109,Sports,1128.6,737.91,5,1,1128.6,273,1096.55,Festival,Thursday,390.68999999999994,0.34617224880382774,32.049999999999955
11-01-2024,P110,Home,1210.0,862.59,0,0,0.0,401,1175.12,Holiday,Thursday,0.0,,34.88000000000011
11-01-2024,P111,Electronics,1379.0,911.04,0,0,0.0,271,1405.5,Festival,Thursday,0.0,,-26.5
11-01-2024,P112,Sports,984.0,636.18,0,0,0.0,439,951.9,Normal,Thursday,0.0,,32.10000000000002
11-01-2024,P113,Home,318.6,241.72,10,3,955.8,105,326.04,Holiday,Thursday,230.64,0.24130571249215316,-7.439999999999998
11-01-2024,P114,Fashion,604.0,364.72,0,3,1812.0,333,619.72,Normal,Thursday,717.8399999999999,0.39615894039735094,-15.720000000000027
11-01-2024,P115,Electronics,1436.0,918.71,0,0,0.0,484,1370.32,Normal,Thursday,0.0,,65.68000000000006
11-01-2024,P116,Home,507.0,331.17,0,0,0.0,53,488.1,Normal,Thursday,0.0,,18.899999999999977
11-01-2024,P117,Sports,677.7,570.02,10,1,677.7,36,708.56,Festival,Thursday,107.68000000000006,0.1588903644680538,-30.8599999999999
11-01-2024,P118,Fashion,771.0,474.38,0,0,0.0,463,804.18,Sale,Thursday,0.0,,-33.17999999999995
11-01-2024,P119,Fashion,359.1,257.51,10,2,718.2,192,357.33,Normal,Thursday,203.18000000000006,0.28290169869117243,1.7700000000000387
12-01-2024,P100,Electronics,286.0,210.51,0,1,286.0,62,274.13,Festival,Friday,75.49000000000001,0.263951048951049,11.870000000000005
12-01-2024,P101,Home,480.25,451.05,15,2,960.5,47,501.49,Normal,Friday,58.39999999999998,0.060801665799062966,-21.24000000000001
12-01-2024,P102,Electronics,549.0,420.59,0,4,2196.0,130,544.84,Normal,Friday,513.6400000000001,0.2338979963570128,4.159999999999968
12-01-2024,P103,Electronics,528.0,357.13,0,0,0.0,401,508.01,Normal,Friday,0.0,,19.99000000000001
12-01-2024,P104,Electronics,519.3,401.39,10,5,2596.5,183,510.07,Normal,Friday,589.5500000000002,0.22705565183901413,9.229999999999961
12-01-2024,P105,Home,1091.0,688.78,0,4,4364.0,421,1048.54,Normal,Friday,1608.88,0.36867094408799267,42.460000000000036
12-01-2024,P106,Home,992.75,718.84,5,0,0.0,433,1036.74,Holiday,Friday,0.0,,-43.99000000000001
12-01-2024,P107,Electronics,288.9,244.98,10,3,866.7,252,298.91,Normal,Friday,131.7600000000001,0.15202492211838017,-10.010000000000048
12-01-2024,P108,Fashion,774.0,684.28,10,2,1548.0,170,778.47,Festival,Friday,179.44000000000005,0.11591731266149874,-4.470000000000027
12-01-2024,P109,Fashion,1059.0,644.54,0,1,1059.0,482,1020.0,Normal,Friday,414.46000000000004,0.39136921624173754,39.0
12-01-2024,P110,Home,287.0,191.85,0,6,1722.0,372,294.41,Normal,Friday,570.9000000000001,0.3315331010452962,-7.410000000000025
12-01-2024,P111,Home,276.3,223.27,10,5,1381.5,381,266.91,Normal,Friday,265.14999999999986,0.1919290626131016,9.389999999999986
12-01-2024,P112,Sports,1484.0,1152.01,0,4,5936.0,339,1438.58,Sale,Friday,1327.96,0.22371293800539085,45.42000000000007
12-01-2024,P113,Home,1122.0,827.56,0,1,1122.0,439,1126.34,Normal,Friday,294.44000000000005,0.26242424242424245,-4.339999999999918
12-01-2024,P114,Fashion,1235.0,925.2,0,1,1235.0,396,1291.57,Festival,Friday,309.79999999999995,0.25085020242914974,-56.569999999999936
12-01-2024,P115,Home,1324.0,827.42,0,3,3972.0,413,1342.98,Sale,Friday,1489.7400000000002,0.3750604229607251,-18.980000000000018
12-01-2024,P116,Electronics,1021.0,754.65,0,2,2042.0,279,1033.21,Normal,Friday,532.7,0.260871694417238,-12.210000000000036
12-01-2024,P117,Electronics,725.0,539.89,0,0,0.0,407,705.09,Normal,Friday,0.0,,19.909999999999968
12-01-2024,P118,Fashion,793.0,571.3,0,3,2379.0,338,778.89,Normal,Friday,665.1000000000001,0.2795712484237075,14.110000000000014
12-01-2024,P119,Fashion,1273.0,1015.35,5,0,0.0,247,1265.39,Normal,Friday,0.0,,7.6099999999999
13-01-2024,P100,Electronics,1369.0,923.1,0,0,0.0,322,1410.26,Holiday,Saturday,0.0,,-41.25999999999999
13-01-2024,P101,Sports,859.0,650.37,0,5,4295.0,97,851.26,Festival,Saturday,1043.15,0.24287543655413274,7.740000000000009
13-01-2024,P102,Fashion,1036.0,659.82,0,4,4144.0,480,1018.86,Festival,Saturday,1504.7199999999998,0.36310810810810806,17.139999999999986
13-01-2024,P103,Home,762.0,600.56,0,2,1524.0,88,756.64,Sale,Saturday,322.8800000000001,0.21186351706036752,5.360000000000014
13-01-2024,P104,Electronics,1116.0,771.87,0,1,1116.0,279,1075.1,Normal,Saturday,344.13,0.30836021505376343,40.90000000000009
13-01-2024,P105,Sports,957.6,636.84,5,1,957.6,50,922.68,Holiday,Saturday,320.76,0.3349624060150376,34.92000000000007
13-01-2024,P106,Electronics,1125.0,738.62,0,0,0.0,410,1072.83,Normal,Saturday,0.0,,52.17000000000007
13-01-2024,P107,Fashion,404.0,264.07,0,1,404.0,126,418.26,Normal,Saturday,139.93,0.3463613861386139,-14.259999999999991
13-01-2024,P108,Electronics,355.5,261.9,10,3,1066.5,418,340.8,Normal,Saturday,280.80000000000007,0.2632911392405064,14.699999999999989
13-01-2024,P109,Home,656.45,523.46,5,2,1312.9,40,656.09,Normal,Saturday,265.98,0.20258968695254778,0.36000000000001364
13-01-2024,P110,Fashion,1183.0,789.83,0,0,0.0,415,1235.88,Normal,Saturday,0.0,,-52.88000000000011
13-01-2024,P111,Fashion,1155.2,936.47,5,0,0.0,80,1157.9,Normal,Saturday,0.0,,-2.7000000000000455
13-01-2024,P112,Home,590.9,461.25,5,2,1181.8,217,566.18,Sale,Saturday,259.29999999999995,0.21941106786258247,24.720000000000027
13-01-2024,P113,Electronics,1160.1,798.55,10,0,0.0,186,1155.48,Normal,Saturday,0.0,,4.619999999999891
13-01-2024,P114,Sports,770.0,532.72,0,4,3080.0,467,792.04,Normal,Saturday,949.1199999999999,0.3081558441558441,-22.039999999999964
13-01-2024,P115,Sports,413.0,249.28,0,3,1239.0,135,419.59,Sale,Saturday,491.15999999999997,0.39641646489104115,-6.589999999999975
13-01-2024,P116,Electronics,791.1,700.56,10,0,0.0,428,753.69,Normal,Saturday,0.0,,37.40999999999997
13-01-2024,P117,Home,973.0,656.18,0,0,0.0,446,963.02,Sale,Saturday,0.0,,9.980000000000018
13-01-2024,P118,Sports,467.0,329.08,0,0,0.0,183,480.68,Normal,Saturday,0.0,,-13.680000000000007
13-01-2024,P119,Fashion,1327.0,934.26,0,1,1327.0,405,1334.67,Normal,Saturday,392.74,0.29596081386586287,-7.670000000000073
14-01-2024,P100,Home,409.7,315.89,15,3,1229.1,148,394.98,Normal,Sunday,281.42999999999995,0.22897241884305586,14.71999999999997
14-01-2024,P101,Electronics,390.15,348.71,15,4,1560.6,156,404.07,Sale,Sunday,165.76,0.10621555811867231,-13.920000000000016
14-01-2024,P102,Sports,1149.2,924.16,15,1,1149.2,288,1168.5,Normal,Sunday,225.04000000000008,0.1958231813435434,-19.299999999999955
14-01-2024,P103,Home,496.8,334.44,10,1,496.8,152,482.38,Holiday,Sunday,162.36,0.32681159420289857,14.420000000000016
14-01-2024,P104,Electronics,845.0,627.03,0,3,2535.0,450,842.56,Festival,Sunday,653.9100000000001,0.25795266272189354,2.4400000000000546
14-01-2024,P105,Sports,675.0,475.93,0,0,0.0,237,648.87,Normal,Sunday,0.0,,26.129999999999995
14-01-2024,P106,Sports,745.0,498.84,0,2,1490.0,460,763.54,Normal,Sunday,492.32000000000005,0.3304161073825504,-18.539999999999964
14-01-2024,P107,Fashion,1017.0,685.03,10,2,2034.0,443,976.97,Normal,Sunday,663.94,0.32642084562438545,40.02999999999997
14-01-2024,P108,Fashion,340.0,292.42,15,0,0.0,147,325.47,Festival,Sunday,0.0,,14.529999999999973
14-01-2024,P109,Home,732.0,444.06,0,1,732.0,161,743.21,Holiday,Sunday,287.94,0.3933606557377049,-11.210000000000036
14-01-2024,P110,Electronics,991.8,814.08,5,0,0.0,238,1028.92,Normal,Sunday,0.0,,-37.12000000000012
14-01-2024,P111,Sports,700.0,496.53,0,0,0.0,353,733.38,Normal,Sunday,0.0,,-33.379999999999995
14-01-2024,P112,Sports,896.75,638.73,15,3,2690.25,102,863.34,Holiday,Sunday,774.06,0.2877279063284081,33.40999999999997
14-01-2024,P113,Electronics,1221.7,915.42,5,1,1221.7,294,1225.69,Sale,Sunday,306.2800000000001,0.25069984447900473,-3.990000000000009
14-01-2024,P114,Fashion,875.0,541.89,0,2,1750.0,395,832.34,Normal,Sunday,666.22,0.38069714285714285,42.65999999999997
14-01-2024,P115,Home,240.3,207.04,10,7,1682.1,105,236.22,Sale,Sunday,232.81999999999994,0.1384103204327923,4.0800000000000125
14-01-2024,P116,Home,1115.1,802.75,10,4,4460.4,54,1063.21,Normal,Sunday,1249.3999999999996,0.2801094072280512,51.88999999999987
14-01-2024,P117,Sports,1499.0,965.42,0,2,2998.0,220,1534.61,Holiday,Sunday,1067.16,0.3559573048699133,-35.6099999999999
14-01-2024,P118,Electronics,646.95,528.32,5,0,0.0,450,648.08,Normal,Sunday,0.0,,-1.1299999999999955
14-01-2024,P119,Home,225.0,142.42,0,4,900.0,57,235.08,Normal,Sunday,330.32000000000005,0.3670222222222223,-10.080000000000013
15-01-2024,P100,Sports,547.0,339.6,0,2,1094.0,361,546.33,Normal,Monday,414.79999999999995,0.3791590493601462,0.6699999999999591
15-01-2024,P101,Sports,1179.0,892.63,10,0,0.0,80,1120.39,Normal,Monday,0.0,,58.6099999999999
15-01-2024,P102,Sports,561.0,445.61,0,6,3366.0,443,559.99,Normal,Monday,692.3400000000001,0.20568627450980395,1.009999999999991
15-01-2024,P103,Electronics,1197.0,922.68,0,0,0.0,423,1236.9,Normal,Monday,0.0,,-39.90000000000009
15-01-2024,P104,Electronics,903.0,634.39,0,1,903.0,284,941.99,Sale,Monday,268.61,0.2974640088593577,-38.99000000000001
15-01-2024,P105,Home,382.0,295.99,0,5,1910.0,166,389.73,Normal,Monday,430.04999999999995,0.2251570680628272,-7.730000000000018
15-01-2024,P106,Electronics,180.0,135.59,10,10,1800.0,464,186.88,Festival,Monday,444.0999999999999,0.24672222222222218,-6.8799999999999955
15-01-2024,P107,Home,1187.0,907.15,0,0,0.0,362,1203.19,Festival,Monday,0.0,,-16.190000000000055
15-01-2024,P108,Electronics,996.55,683.25,5,3,2989.65,439,1026.48,Normal,Monday,939.9000000000001,0.31438462696302244,-29.930000000000064
15-01-2024,P109,Electronics,531.0,327.12,0,2,1062.0,466,554.46,Festival,Monday,407.76,0.383954802259887,-23.460000000000036
15-01-2024,P110,Home,1489.0,1042.94,0,1,1489.0,58,1431.78,Sale,Monday,446.05999999999995,0.2995701813297515,57.22000000000003
15-01-2024,P111,Sports,457.0,275.27,0,0,0.0,340,447.63,Normal,Monday,0.0,,9.370000000000005
15-01-2024,P112,Electronics,1436.0,1093.66,0,0,0.0,427,1431.2,Festival,Monday,0.0,,4.7999999999999545
15-01-2024,P113,Home,516.6,406.68,10,6,3099.6,383,521.26,Sale,Monday,659.52,0.21277584204413472,-4.659999999999968
15-01-2024,P114,Sports,1395.0,1092.74,0,0,0.0,67,1369.73,Normal,Monday,0.0,,25.269999999999982
15-01-2024,P115,Sports,878.0,616.65,0,0,0.0,440,890.8,Sale,Monday,0.0,,-12.799999999999955
15-01-2024,P116,Sports,1353.75,1039.06,5,3,4061.25,498,1332.17,Sale,Monday,944.0700000000002,0.23245798707294557,21.579999999999927
15-01-2024,P117,Sports,1427.0,1015.94,0,0,0.0,453,1379.53,Normal,Monday,0.0,,47.47000000000003
15-01-2024,P118,Home,274.0,171.84,0,0,0.0,382,266.02,Normal,Monday,0.0,,7.980000000000018
15-01-2024,P119,Electronics,272.85,200.06,15,3,818.55,106,267.77,Normal,Monday,218.3699999999999,0.26677661718893153,5.080000000000041
16-01-2024,P100,Electronics,539.6,350.82,5,0,0.0,420,520.8,Normal,Tuesday,0.0,,18.800000000000068
16-01-2024,P101,Electronics,873.0,553.19,0,1,873.0,406,902.56,Normal,Tuesday,319.80999999999995,0.36633447880870557,-29.559999999999945
16-01-2024,P102,Home,961.0,587.68,0,1,961.0,319,938.92,Sale,Tuesday,373.32000000000005,0.38847034339229974,22.08000000000004
16-01-2024,P103,Electronics,613.8,429.73,10,0,0.0,292,595.83,Festival,Tuesday,0.0,,17.969999999999914
16-01-2024,P104,Fashion,864.9,665.29,10,1,864.9,24,834.45,Normal,Tuesday,199.61,0.2307896866689791,30.449999999999932
16-01-2024,P105,Electronics,1226.7,828.15,10,1,1226.7,24,1232.75,Sale,Tuesday,398.55000000000007,0.32489606260699444,-6.0499999999999545
16-01-2024,P106,Fashion,1217.0,959.98,0,0,0.0,323,1212.46,Normal,Tuesday,0.0,,4.539999999999964
16-01-2024,P107,Sports,1258.75,933.45,5,0,0.0,430,1251.35,Normal,Tuesday,0.0,,7.400000000000091
16-01-2024,P108,Fashion,1173.0,810.77,0,0,0.0,258,1184.98,Normal,Tuesday,0.0,,-11.980000000000018
16-01-2024,P109,Sports,1026.0,784.13,10,0,0.0,166,1066.33,Normal,Tuesday,0.0,,-40.32999999999993
16-01-2024,P110,Electronics,1236.0,981.76,0,2,2472.0,133,1264.93,Normal,Tuesday,508.48,0.2056957928802589,-28.930000000000064
16-01-2024,P111,Fashion,519.0,342.48,0,5,2595.0,171,534.8,Festival,Tuesday,882.5999999999999,0.3401156069364161,-15.799999999999955
16-01-2024,P112,Fashion,1316.7,1108.2,5,3,3950.1,346,1359.95,Normal,Tuesday,625.4999999999995,0.15835042150831613,-43.25
16-01-2024,P113,Home,306.0,255.23,10,1,306.0,146,310.85,Sale,Tuesday,50.77000000000001,0.1659150326797386,-4.850000000000023
16-01-2024,P114,Home,1194.3,902.12,10,0,0.0,279,1168.07,Normal,Tuesday,0.0,,26.230000000000018
16-01-2024,P115,Sports,231.8,193.01,5,4,927.2,443,227.15,Normal,Tuesday,155.16000000000008,0.1673425366695428,4.650000000000006
16-01-2024,P116,Sports,1269.9,887.57,10,2,2539.8,434,1291.09,Normal,Tuesday,764.6600000000001,0.3010709504685408,-21.189999999999827
16-01-2024,P117,Electronics,1454.0,1010.95,0,0,0.0,456,1474.43,Normal,Tuesday,0.0,,-20.430000000000064
16-01-2024,P118,Home,832.5,589.75,10,1,832.5,93,863.05,Normal,Tuesday,242.75,0.2915915915915916,-30.549999999999955
16-01-2024,P119,Fashion,1260.9,1040.65,10,0,0.0,41,1299.23,Normal,Tuesday,0.0,,-38.32999999999993
17-01-2024,P100,Home,975.0,637.92,0,0,0.0,357,953.97,Sale,Wednesday,0.0,,21.029999999999973
17-01-2024,P101,Electronics,1071.0,758.99,10,0,0.0,233,1094.03,Festival,Wednesday,0.0,,-23.029999999999973
17-01-2024,P102,Fashion,530.1,382.48,10,4,2120.4,158,520.36,Sale,Wednesday,590.48,0.27847575929069984,9.740000000000009
17-01-2024,P103,Sports,689.35,633.75,15,2,1378.7,217,684.0,Normal,Wednesday,111.20000000000005,0.08065569014288826,5.350000000000023
17-01-2024,P104,Electronics,600.0,442.44,0,1,600.0,494,593.26,Sale,Wednesday,157.56,0.2626,6.740000000000009
17-01-2024,P105,Home,1236.0,786.79,0,0,0.0,471,1190.22,Festival,Wednesday,0.0,,45.77999999999997
17-01-2024,P106,Electronics,1001.3,856.25,15,0,0.0,323,961.73,Normal,Wednesday,0.0,,39.569999999999936
17-01-2024,P107,Sports,426.0,287.11,0,2,852.0,229,437.4,Normal,Wednesday,277.78,0.3260328638497652,-11.399999999999977
17-01-2024,P108,Fashion,848.0,620.29,0,0,0.0,119,880.24,Festival,Wednesday,0.0,,-32.24000000000001
17-01-2024,P109,Home,402.05,353.53,15,2,804.1,47,384.05,Festival,Wednesday,97.04000000000008,0.12068150727521462,18.0
17-01-2024,P110,Sports,1401.25,897.69,5,0,0.0,73,1446.55,Normal,Wednesday,0.0,,-45.299999999999955
17-01-2024,P111,Fashion,1067.0,842.68,0,0,0.0,121,1092.2,Normal,Wednesday,0.0,,-25.200000000000045
17-01-2024,P112,Sports,629.0,512.69,15,0,0.0,249,630.2,Sale,Wednesday,0.0,,-1.2000000000000455
17-01-2024,P113,Sports,852.15,691.97,5,0,0.0,194,816.05,Sale,Wednesday,0.0,,36.10000000000002
17-01-2024,P114,Fashion,820.8,652.0,5,2,1641.6,145,808.33,Normal,Wednesday,337.5999999999999,0.2056530214424951,12.469999999999914
17-01-2024,P115,Sports,780.9,604.27,5,5,3904.5,490,806.65,Sale,Wednesday,883.1500000000001,0.2261877321039826,-25.75
17-01-2024,P116,Fashion,1282.0,846.87,0,1,1282.0,117,1247.16,Festival,Wednesday,435.13,0.33941497659906394,34.83999999999992
17-01-2024,P117,Sports,1194.3,1046.4,10,0,0.0,453,1252.98,Festival,Wednesday,0.0,,-58.680000000000064
17-01-2024,P118,Fashion,388.8,276.91,10,2,777.6,460,393.46,Festival,Wednesday,223.77999999999997,0.28778292181069953,-4.659999999999968
17-01-2024,P119,Electronics,655.0,476.31,0,2,1310.0,340,666.41,Normal,Wednesday,357.38,0.2728091603053435,-11.409999999999968
18-01-2024,P100,Sports,720.1,463.99,5,0,0.0,389,733.79,Normal,Thursday,0.0,,-13.68999999999994
18-01-2024,P101,Fashion,621.0,438.38,0,2,1242.0,296,621.04,Holiday,Thursday,365.24,0.2940740740740741,-0.03999999999996362
18-01-2024,P102,Fashion,757.15,599.48,5,0,0.0,242,732.94,Normal,Thursday,0.0,,24.209999999999923
18-01-2024,P103,Home,696.15,629.59,15,0,0.0,30,716.56,Normal,Thursday,0.0,,-20.409999999999968
18-01-2024,P104,Electronics,471.0,342.56,0,2,942.0,206,466.6,Holiday,Thursday,256.88,0.2726963906581741,4.399999999999977
18-01-2024,P105,Home,510.0,327.82,0,0,0.0,127,485.22,Sale,Thursday,0.0,,24.779999999999973
18-01-2024,P106,Fashion,1421.2,1184.87,5,0,0.0,266,1489.03,Normal,Thursday,0.0,,-67.82999999999993
18-01-2024,P107,Fashion,928.8,713.78,10,3,2786.4,261,971.54,Sale,Thursday,645.06,0.2315030146425495,-42.74000000000001
18-01-2024,P108,Electronics,620.0,373.12,0,0,0.0,445,646.42,Sale,Thursday,0.0,,-26.41999999999996
18-01-2024,P109,Home,655.0,498.88,0,2,1310.0,368,638.35,Normal,Thursday,312.24,0.23835114503816796,16.649999999999977
18-01-2024,P110,Fashion,939.0,617.65,0,0,0.0,148,978.39,Normal,Thursday,0.0,,-39.389999999999986
18-01-2024,P111,Electronics,779.45,664.28,15,0,0.0,200,770.59,Normal,Thursday,0.0,,8.860000000000014
18-01-2024,P112,Fashion,1088.85,993.38,15,0,0.0,334,1037.4,Normal,Thursday,0.0,,51.44999999999982
18-01-2024,P113,Electronics,862.6,675.4,5,2,1725.2,95,856.35,Sale,Thursday,374.4000000000001,0.21701831671690244,6.25
18-01-2024,P114,Sports,338.3,309.97,15,4,1353.2,424,351.58,Sale,Thursday,113.31999999999994,0.08374224061483886,-13.279999999999973
18-01-2024,P115,Electronics,420.0,273.45,0,3,1260.0,65,423.94,Normal,Thursday,439.6500000000001,0.3489285714285715,-3.9399999999999977
18-01-2024,P116,Sports,470.0,364.67,0,4,1880.0,302,450.97,Sale,Thursday,421.31999999999994,0.22410638297872337,19.029999999999973
18-01-2024,P117,Fashion,1104.3,773.4,10,2,2208.6,267,1108.62,Normal,Thursday,661.8,0.29964683509915785,-4.319999999999936
18-01-2024,P118,Home,430.35,321.33,5,0,0.0,207,434.24,Normal,Thursday,0.0,,-3.8899999999999864
18-01-2024,P119,Home,524.7,349.97,10,0,0.0,57,549.2,Festival,Thursday,0.0,,-24.5
19-01-2024,P100,Electronics,454.5,393.5,10,5,2272.5,454,443.27,Normal,Friday,305.0,0.1342134213421342,11.230000000000018
19-01-2024,P101,Electronics,447.45,289.99,5,0,0.0,462,456.82,Normal,Friday,0.0,,-9.370000000000005
19-01-2024,P102,Electronics,209.0,145.54,0,7,1463.0,130,218.39,Festival,Friday,444.22,0.30363636363636365,-9.389999999999986
19-01-2024,P103,Electronics,647.7,513.48,15,0,0.0,123,668.91,Normal,Friday,0.0,,-21.209999999999923
19-01-2024,P104,Fashion,1224.0,764.27,0,0,0.0,332,1266.9,Normal,Friday,0.0,,-42.90000000000009
19-01-2024,P105,Fashion,399.6,342.46,10,0,0.0,194,408.67,Normal,Friday,0.0,,-9.069999999999993
19-01-2024,P106,Electronics,1103.9,809.33,5,0,0.0,471,1091.45,Normal,Friday,0.0,,12.450000000000045
19-01-2024,P107,Home,1067.8,858.09,5,0,0.0,358,1117.67,Normal,Friday,0.0,,-49.87000000000012
19-01-2024,P108,Sports,500.65,367.36,15,0,0.0,166,511.38,Normal,Friday,0.0,,-10.730000000000018
19-01-2024,P109,Sports,1120.5,914.5,10,0,0.0,459,1092.54,Holiday,Friday,0.0,,27.960000000000036
19-01-2024,P110,Home,794.0,576.13,0,0,0.0,132,767.23,Normal,Friday,0.0,,26.769999999999982
19-01-2024,P111,Fashion,1188.0,905.66,10,0,0.0,395,1200.53,Sale,Friday,0.0,,-12.529999999999973
19-01-2024,P112,Sports,218.0,160.34,0,9,1962.0,186,211.58,Holiday,Friday,518.94,0.2644954128440367,6.4199999999999875
19-01-2024,P113,Fashion,372.6,283.04,10,6,2235.6,48,357.75,Normal,Friday,537.3599999999997,0.24036500268384312,14.850000000000023
19-01-2024,P114,Electronics,768.0,462.56,0,4,3072.0,341,804.64,Holiday,Friday,1221.76,0.39770833333333333,-36.639999999999986
19-01-2024,P115,Fashion,592.8,399.91,5,0,0.0,406,567.55,Normal,Friday,0.0,,25.25
19-01-2024,P116,Sports,785.0,579.3,0,0,0.0,238,792.49,Normal,Friday,0.0,,-7.490000000000009
19-01-2024,P117,Sports,571.9,436.29,5,1,571.9,309,558.6,Festival,Friday,135.60999999999996,0.23712187445357574,13.299999999999955
19-01-2024,P118,Home,258.4,201.64,5,7,1808.8,119,253.57,Normal,Friday,397.31999999999994,0.21965944272445817,4.829999999999984
19-01-2024,P119,Home,861.0,678.31,0,0,0.0,375,884.45,Festival,Friday,0.0,,-23.450000000000045
20-01-2024,P100,Sports,918.0,731.29,15,0,0.0,102,921.85,Holiday,Saturday,0.0,,-3.8500000000000227
20-01-2024,P101,Sports,461.0,366.68,0,3,1383.0,73,438.33,Normal,Saturday,282.96000000000004,0.20459869848156184,22.670000000000016
20-01-2024,P102,Electronics,1215.0,1027.94,10,4,4860.0,398,1253.55,Festival,Saturday,748.2399999999998,0.15395884773662546,-38.549999999999955
20-01-2024,P103,Electronics,1137.6,819.58,10,3,3412.8,388,1091.12,Sale,Saturday,954.06,0.2795534458509142,46.48000000000002
20-01-2024,P104,Sports,1270.0,769.49,0,4,5080.0,318,1208.51,Normal,Saturday,2002.04,0.3941023622047244,61.49000000000001
20-01-2024,P105,Fashion,1384.0,1016.65,0,0,0.0,157,1446.49,Sale,Saturday,0.0,,-62.49000000000001
20-01-2024,P106,Sports,518.0,367.18,0,4,2072.0,340,524.05,Normal,Saturday,603.28,0.29115830115830116,-6.0499999999999545
20-01-2024,P107,Electronics,1166.4,831.05,10,0,0.0,463,1146.99,Normal,Saturday,0.0,,19.410000000000082
20-01-2024,P108,Electronics,767.0,580.98,0,5,3835.0,142,795.66,Festival,Saturday,930.0999999999999,0.24252933507170793,-28.659999999999968
20-01-2024,P109,Electronics,276.45,199.01,5,1,276.45,205,284.33,Normal,Saturday,77.44,0.28012298788207635,-7.8799999999999955
20-01-2024,P110,Sports,334.0,204.15,0,3,1002.0,226,348.27,Normal,Saturday,389.54999999999995,0.38877245508982033,-14.269999999999982
20-01-2024,P111,Fashion,1197.95,784.82,5,1,1197.95,367,1232.27,Festival,Saturday,413.13,0.34486414291080597,-34.319999999999936
20-01-2024,P112,Electronics,502.0,369.99,0,0,0.0,215,491.42,Holiday,Saturday,0.0,,10.579999999999984
20-01-2024,P113,Electronics,225.9,194.41,10,6,1355.4,74,219.49,Holiday,Saturday,188.94000000000005,0.13939796370075258,6.409999999999997
20-01-2024,P114,Fashion,1190.0,981.58,15,0,0.0,232,1234.78,Holiday,Saturday,0.0,,-44.77999999999997
20-01-2024,P115,Electronics,746.1,629.13,10,4,2984.4,483,734.52,Festival,Saturday,467.8800000000001,0.15677523120225173,11.580000000000041
20-01-2024,P116,Fashion,623.2,414.64,5,4,2492.8,65,603.21,Normal,Saturday,834.2400000000002,0.3346598202824134,19.99000000000001
20-01-2024,P117,Electronics,584.1,458.44,10,0,0.0,265,572.23,Normal,Saturday,0.0,,11.870000000000005
20-01-2024,P118,Home,615.0,478.58,0,0,0.0,134,606.04,Normal,Saturday,0.0,,8.960000000000036
20-01-2024,P119,Home,957.0,625.42,0,2,1914.0,171,980.87,Festival,Saturday,663.1600000000001,0.34647857889237205,-23.870000000000005
21-01-2024,P100,Home,1099.15,895.86,5,5,5495.75,468,1089.46,Normal,Sunday,1016.4499999999998,0.18495200837010414,9.690000000000055
21-01-2024,P101,Electronics,416.1,272.91,5,5,2080.5,432,400.17,Normal,Sunday,715.9499999999998,0.3441240086517663,15.930000000000007
21-01-2024,P102,Electronics,243.0,168.17,10,3,729.0,333,247.35,Normal,Sunday,224.49,0.3079423868312757,-4.349999999999994
21-01-2024,P103,Home,703.0,537.01,5,0,0.0,44,685.66,Festival,Sunday,0.0,,17.340000000000032
21-01-2024,P104,Sports,1184.4,1005.79,10,3,3553.2,454,1182.63,Normal,Sunday,535.8299999999999,0.15080209388720026,1.7699999999999818
21-01-2024,P105,Electronics,628.0,437.63,0,2,1256.0,76,622.33,Sale,Sunday,380.74,0.3031369426751592,5.669999999999959
21-01-2024,P106,Sports,353.7,241.06,10,5,1768.5,204,349.79,Festival,Sunday,563.2,0.3184619734238055,3.909999999999968
21-01-2024,P107,Fashion,878.05,725.86,15,1,878.05,240,854.48,Normal,Sunday,152.18999999999994,0.1733272592676954,23.569999999999936
21-01-2024,P108,Home,202.0,135.36,0,4,808.0,81,193.29,Normal,Sunday,266.55999999999995,0.32990099009900986,8.710000000000008
21-01-2024,P109,Sports,1312.2,1117.23,10,0,0.0,178,1295.57,Sale,Sunday,0.0,,16.63000000000011
21-01-2024,P110,Home,1143.9,779.49,10,3,3431.7,376,1153.48,Normal,Sunday,1093.2299999999996,0.3185680566483083,-9.579999999999927
21-01-2024,P111,Home,615.6,438.75,10,3,1846.8,111,608.62,Normal,Sunday,530.55,0.28728070175438597,6.980000000000018
21-01-2024,P112,Electronics,570.0,390.99,5,0,0.0,365,566.19,Sale,Sunday,0.0,,3.8099999999999454
21-01-2024,P113,Fashion,1492.0,1107.89,0,1,1492.0,332,1505.2,Normal,Sunday,384.1099999999999,0.2574463806970509,-13.200000000000045
21-01-2024,P114,Fashion,886.35,729.2,5,0,0.0,100,858.69,Normal,Sunday,0.0,,27.659999999999968
21-01-2024,P115,Fashion,888.25,641.61,5,0,0.0,214,891.2,Holiday,Sunday,0.0,,-2.9500000000000455
21-01-2024,P116,Electronics,1189.0,777.49,0,1,1189.0,288,1212.14,Festival,Sunday,411.51,0.34609756097560973,-23.1400000000001
21-01-2024,P117,Home,933.3,785.36,10,3,2799.9,180,956.43,Normal,Sunday,443.82000000000016,0.15851280402871537,-23.129999999999995
21-01-2024,P118,Home,659.7,444.74,10,1,659.7,24,642.77,Festival,Sunday,214.96000000000004,0.32584508109746857,16.930000000000064
21-01-2024,P119,Fashion,588.6,522.7,10,5,2943.0,350,608.9,Sale,Sunday,329.5,0.11196058443764866,-20.299999999999955
22-01-2024,P100,Fashion,753.95,678.85,15,1,753.95,110,786.64,Sale,Monday,75.10000000000002,0.09960872736918897,-32.68999999999994
22-01-2024,P101,Electronics,1002.0,605.69,0,0,0.0,478,1030.43,Normal,Monday,0.0,,-28.430000000000064
22-01-2024,P102,Electronics,1002.0,604.35,0,1,1002.0,452,1043.74,Sale,Monday,397.65,0.39685628742514967,-41.74000000000001
22-01-2024,P103,Home,642.6,517.59,10,3,1927.8,44,648.19,Normal,Monday,375.03,0.19453781512605042,-5.590000000000032
22-01-2024,P104,Home,882.0,648.47,0,0,0.0,67,888.95,Normal,Monday,0.0,,-6.9500000000000455
22-01-2024,P105,Electronics,1201.9,908.25,15,2,2403.8,407,1259.73,Sale,Monday,587.3000000000002,0.24432149097262673,-57.82999999999993
22-01-2024,P106,Fashion,1237.0,755.4,0,1,1237.0,74,1258.62,Sale,Monday,481.6,0.38932902182700085,-21.61999999999989
22-01-2024,P107,Home,731.5,569.36,5,3,2194.5,358,715.06,Festival,Monday,486.4200000000001,0.2216541353383459,16.440000000000055
22-01-2024,P108,Electronics,815.0,603.94,0,1,815.0,112,828.67,Holiday,Monday,211.05999999999995,0.2589693251533742,-13.669999999999959
22-01-2024,P109,Sports,1139.85,988.5,15,0,0.0,109,1155.7,Normal,Monday,0.0,,-15.850000000000136
22-01-2024,P110,Electronics,972.4,749.78,15,0,0.0,475,980.49,Normal,Monday,0.0,,-8.090000000000032
22-01-2024,P111,Fashion,1068.75,881.03,5,1,1068.75,449,1041.63,Festival,Monday,187.72000000000003,0.17564444444444446,27.11999999999989
22-01-2024,P112,Electronics,1154.0,896.91,0,0,0.0,107,1181.4,Sale,Monday,0.0,,-27.40000000000009
22-01-2024,P113,Electronics,1446.0,1149.1,0,0,0.0,241,1496.23,Normal,Monday,0.0,,-50.23000000000002
22-01-2024,P114,Electronics,1341.9,1138.22,10,0,0.0,422,1400.67,Normal,Monday,0.0,,-58.76999999999998
22-01-2024,P115,Home,403.75,290.25,15,2,807.5,290,386.58,Normal,Monday,227.0,0.28111455108359135,17.170000000000016
22-01-2024,P116,Fashion,783.0,538.66,0,0,0.0,129,806.36,Festival,Monday,0.0,,-23.360000000000014
22-01-2024,P117,Electronics,211.5,150.89,10,3,634.5,467,204.03,Normal,Monday,181.83000000000004,0.2865721040189126,7.469999999999999
22-01-2024,P118,Sports,989.0,689.24,0,0,0.0,115,995.27,Normal,Monday,0.0,,-6.269999999999982
22-01-2024,P119,Sports,1201.5,847.52,10,2,2403.0,242,1194.5,Normal,Monday,707.96,0.29461506450270497,7.0
23-01-2024,P100,Fashion,380.0,259.81,0,0,0.0,195,388.55,Normal,Tuesday,0.0,,-8.550000000000011
23-01-2024,P101,Home,978.5,644.03,5,2,1957.0,59,1004.45,Normal,Tuesday,668.94,0.3418191108840062,-25.950000000000045
23-01-2024,P102,Fashion,1044.0,781.25,0,0,0.0,230,1042.24,Festival,Tuesday,0.0,,1.759999999999991
23-01-2024,P103,Home,386.0,290.46,0,3,1158.0,356,374.28,Sale,Tuesday,286.6200000000001,0.24751295336787574,11.720000000000027
23-01-2024,P104,Electronics,1094.4,854.34,10,0,0.0,58,1083.76,Holiday,Tuesday,0.0,,10.6400000000001
23-01-2024,P105,Sports,377.1,265.25,10,2,754.2,265,376.75,Sale,Tuesday,223.70000000000005,0.29660567488729783,0.35000000000002274
23-01-2024,P106,Electronics,589.95,493.06,5,1,589.95,225,568.89,Normal,Tuesday,96.89000000000004,0.16423425714043569,21.06000000000006
23-01-2024,P107,Home,548.0,416.03,0,3,1644.0,444,557.47,Normal,Tuesday,395.9100000000001,0.24082116788321173,-9.470000000000027
23-01-2024,P108,Sports,582.0,379.84,0,0,0.0,133,603.57,Normal,Tuesday,0.0,,-21.57000000000005
23-01-2024,P109,Electronics,1110.0,710.29,0,0,0.0,238,1080.82,Normal,Tuesday,0.0,,29.180000000000064
23-01-2024,P110,Sports,436.9,332.88,15,0,0.0,175,435.5,Sale,Tuesday,0.0,,1.3999999999999773
23-01-2024,P111,Electronics,1070.0,842.13,0,0,0.0,357,1092.27,Normal,Tuesday,0.0,,-22.269999999999982
23-01-2024,P112,Electronics,995.6,735.82,5,0,0.0,221,1036.48,Sale,Tuesday,0.0,,-40.879999999999995
23-01-2024,P113,Electronics,430.95,398.34,15,3,1292.85,350,443.71,Normal,Tuesday,97.82999999999993,0.07567003132613988,-12.759999999999991
23-01-2024,P114,Home,339.0,252.53,0,1,339.0,91,342.67,Holiday,Tuesday,86.47,0.25507374631268437,-3.670000000000016
23-01-2024,P115,Home,321.1,241.23,5,5,1605.5,240,311.81,Sale,Tuesday,399.35000000000014,0.2487387106820306,9.29000000000002
23-01-2024,P116,Sports,589.0,396.5,0,0,0.0,329,603.69,Normal,Tuesday,0.0,,-14.690000000000055
23-01-2024,P117,Electronics,1338.0,881.41,0,0,0.0,292,1356.34,Festival,Tuesday,0.0,,-18.339999999999918
23-01-2024,P118,Sports,1274.9,966.14,5,2,2549.8,196,1255.83,Normal,Tuesday,617.5200000000002,0.24218370068240652,19.070000000000164
23-01-2024,P119,Fashion,282.0,186.79,0,6,1692.0,303,270.13,Normal,Tuesday,571.26,0.3376241134751773,11.870000000000005
24-01-2024,P100,Sports,808.0,635.97,0,2,1616.0,407,797.7,Normal,Wednesday,344.05999999999995,0.21290841584158413,10.299999999999955
24-01-2024,P101,Home,671.0,448.42,0,0,0.0,86,698.73,Normal,Wednesday,0.0,,-27.730000000000018
24-01-2024,P102,Fashion,1166.4,972.31,10,2,2332.8,342,1175.49,Normal,Wednesday,388.1800000000003,0.16640089163237323,-9.089999999999918
24-01-2024,P103,Sports,361.0,278.41,0,2,722.0,151,370.29,Normal,Wednesday,165.17999999999995,0.22878116343490298,-9.29000000000002
24-01-2024,P104,Electronics,1469.0,937.4,0,0,0.0,492,1445.81,Sale,Wednesday,0.0,,23.190000000000055
24-01-2024,P105,Sports,419.05,363.06,15,0,0.0,482,403.84,Normal,Wednesday,0.0,,15.210000000000036
24-01-2024,P106,Electronics,925.65,772.47,15,4,3702.6,322,911.21,Normal,Wednesday,612.7199999999998,0.1654837141468157,14.43999999999994
24-01-2024,P107,Sports,1245.25,1043.25,15,1,1245.25,222,1193.29,Sale,Wednesday,202.0,0.16221642240513953,51.960000000000036
24-01-2024,P108,Electronics,510.0,342.88,0,2,1020.0,216,514.34,Normal,Wednesday,334.24,0.3276862745098039,-4.340000000000032
24-01-2024,P109,Sports,916.0,653.65,0,5,4580.0,457,956.15,Normal,Wednesday,1311.75,0.28640829694323144,-40.14999999999998
24-01-2024,P110,Home,897.0,615.56,0,0,0.0,71,856.67,Normal,Wednesday,0.0,,40.33000000000004
24-01-2024,P111,Fashion,803.7,696.14,10,1,803.7,118,769.66,Normal,Wednesday,107.56000000000006,0.1338310314794078,34.04000000000008
24-01-2024,P112,Home,728.0,517.94,0,1,728.0,97,752.36,Holiday,Wednesday,210.05999999999995,0.288543956043956,-24.360000000000014
24-01-2024,P113,Home,468.0,323.77,0,2,936.0,25,488.24,Festival,Wednesday,288.46000000000004,0.30818376068376074,-20.24000000000001
24-01-2024,P114,Home,1224.0,1037.28,15,0,0.0,409,1200.96,Normal,Wednesday,0.0,,23.039999999999964
24-01-2024,P115,Fashion,212.0,136.7,0,7,1484.0,82,212.26,Holiday,Wednesday,527.1000000000001,0.35518867924528313,-0.2599999999999909
24-01-2024,P116,Electronics,587.1,414.64,5,3,1761.3,451,581.42,Normal,Wednesday,517.3799999999999,0.2937489354454096,5.680000000000064
24-01-2024,P117,Fashion,1159.2,887.2,10,0,0.0,147,1162.87,Festival,Wednesday,0.0,,-3.6699999999998454
24-01-2024,P118,Home,906.3,635.78,10,0,0.0,448,864.78,Normal,Wednesday,0.0,,41.51999999999998
24-01-2024,P119,Sports,991.0,786.59,0,2,1982.0,469,972.47,Sale,Wednesday,408.81999999999994,0.2062663975782038,18.529999999999973
25-01-2024,P100,Home,286.9,219.58,5,1,286.9,477,284.12,Normal,Thursday,67.31999999999996,0.23464621819449274,2.7799999999999727
25-01-2024,P101,Fashion,351.5,288.13,5,6,2109.0,459,334.21,Sale,Thursday,380.22,0.18028449502133714,17.29000000000002
25-01-2024,P102,Sports,1316.0,1030.44,0,0,0.0,443,1361.3,Normal,Thursday,0.0,,-45.299999999999955
25-01-2024,P103,Sports,646.0,422.74,0,1,646.0,407,676.9,Normal,Thursday,223.26,0.3456037151702786,-30.899999999999977
25-01-2024,P104,Home,553.5,451.54,10,4,2214.0,487,578.23,Normal,Thursday,407.8399999999999,0.18420957542908759,-24.730000000000018
25-01-2024,P105,Electronics,261.25,201.27,5,2,522.5,252,251.33,Normal,Thursday,119.95999999999998,0.22958851674641145,9.919999999999987
25-01-2024,P106,Electronics,1398.0,956.19,0,3,4194.0,300,1456.29,Normal,Thursday,1325.4299999999998,0.3160300429184549,-58.289999999999964
25-01-2024,P107,Fashion,1216.0,897.51,0,0,0.0,44,1253.08,Festival,Thursday,0.0,,-37.07999999999993
25-01-2024,P108,Fashion,268.2,192.81,10,2,536.4,410,280.22,Normal,Thursday,150.77999999999997,0.2810961968680089,-12.020000000000039
25-01-2024,P109,Home,983.0,702.64,0,1,983.0,365,936.67,Holiday,Thursday,280.36,0.28520854526958295,46.33000000000004
25-01-2024,P110,Home,598.5,409.23,5,4,2394.0,407,590.37,Holiday,Thursday,757.0799999999999,0.3162406015037594,8.129999999999995
25-01-2024,P111,Home,271.0,211.61,0,2,542.0,399,272.35,Normal,Thursday,118.77999999999997,0.21915129151291507,-1.3500000000000227
25-01-2024,P112,Electronics,1286.0,829.29,0,0,0.0,344,1326.81,Normal,Thursday,0.0,,-40.809999999999945
25-01-2024,P113,Electronics,1125.0,737.94,0,0,0.0,199,1143.31,Normal,Thursday,0.0,,-18.309999999999945
25-01-2024,P114,Home,405.65,315.45,5,3,1216.95,40,394.14,Sale,Thursday,270.60000000000014,0.22235917663009994,11.509999999999991
25-01-2024,P115,Fashion,1030.0,692.38,0,0,0.0,472,1048.51,Sale,Thursday,0.0,,-18.50999999999999
25-01-2024,P116,Home,670.0,509.58,0,0,0.0,375,701.89,Sale,Thursday,0.0,,-31.889999999999986
25-01-2024,P117,Home,702.9,605.29,10,0,0.0,307,677.67,Sale,Thursday,0.0,,25.230000000000018
25-01-2024,P118,Sports,837.0,591.78,0,3,2511.0,319,798.07,Normal,Thursday,735.6600000000001,0.29297491039426526,38.92999999999995
25-01-2024,P119,Electronics,614.0,403.94,0,5,3070.0,391,621.33,Normal,Thursday,1050.3,0.3421172638436482,-7.330000000000041
26-01-2024,P100,Sports,343.0,250.04,0,1,343.0,107,340.59,Sale,Friday,92.96000000000001,0.27102040816326534,2.410000000000025
26-01-2024,P101,Fashion,819.0,592.05,10,0,0.0,429,786.47,Normal,Friday,0.0,,32.52999999999997
26-01-2024,P102,Home,692.0,433.9,0,0,0.0,201,718.96,Festival,Friday,0.0,,-26.960000000000036
26-01-2024,P103,Fashion,1253.05,851.09,5,4,5012.2,352,1219.64,Festival,Friday,1607.8399999999997,0.32078528390726624,33.409999999999854
26-01-2024,P104,Home,620.0,452.65,0,1,620.0,261,596.56,Normal,Friday,167.35000000000002,0.2699193548387097,23.440000000000055
26-01-2024,P105,Fashion,211.0,140.61,0,2,422.0,371,200.74,Sale,Friday,140.77999999999997,0.3336018957345971,10.259999999999991
26-01-2024,P106,Home,246.05,195.67,5,9,2214.45,430,251.57,Festival,Friday,453.41999999999985,0.2047551310709205,-5.519999999999982
26-01-2024,P107,Electronics,1379.0,873.16,0,0,0.0,129,1360.07,Normal,Friday,0.0,,18.930000000000064
26-01-2024,P108,Fashion,873.0,683.96,0,0,0.0,55,841.86,Holiday,Friday,0.0,,31.139999999999986
26-01-2024,P109,Electronics,344.85,262.41,5,4,1379.4,384,336.35,Normal,Friday,329.76,0.23906046107003043,8.5
26-01-2024,P110,Sports,817.0,625.0,5,2,1634.0,217,777.48,Festival,Friday,384.0,0.2350061199510404,39.51999999999998
26-01-2024,P111,Electronics,880.0,609.08,0,0,0.0,302,864.01,Normal,Friday,0.0,,15.990000000000009
26-01-2024,P112,Home,405.0,252.58,0,2,810.0,292,413.59,Normal,Friday,304.84,0.37634567901234567,-8.589999999999975
26-01-2024,P113,Home,1036.0,702.14,0,2,2072.0,231,994.04,Normal,Friday,667.72,0.3222586872586873,41.960000000000036
26-01-2024,P114,Home,726.75,526.95,5,1,726.75,118,753.9,Sale,Friday,199.79999999999995,0.274922600619195,-27.149999999999977
26-01-2024,P115,Electronics,859.75,664.72,5,0,0.0,454,843.87,Normal,Friday,0.0,,15.879999999999995
26-01-2024,P116,Electronics,1427.0,1019.63,0,0,0.0,262,1470.39,Normal,Friday,0.0,,-43.3900000000001
26-01-2024,P117,Sports,1309.0,865.91,0,1,1309.0,62,1347.81,Normal,Friday,443.09000000000003,0.3384950343773873,-38.809999999999945
26-01-2024,P118,Fashion,1057.0,657.04,0,0,0.0,431,1066.04,Sale,Friday,0.0,,-9.039999999999964
26-01-2024,P119,Home,735.25,570.15,15,1,735.25,294,736.96,Festival,Friday,165.10000000000002,0.22454947296837813,-1.7100000000000364
27-01-2024,P100,Fashion,1298.7,1124.94,10,2,2597.4,393,1309.5,Sale,Saturday,347.52,0.1337953337953338,-10.799999999999955
27-01-2024,P101,Sports,208.25,182.89,15,8,1666.0,400,218.15,Festival,Saturday,202.8800000000001,0.12177671068427377,-9.900000000000006
27-01-2024,P102,Fashion,413.1,311.75,10,1,413.1,30,411.21,Normal,Saturday,101.35000000000002,0.2453401113531833,1.8900000000000432
27-01-2024,P103,Home,509.4,378.72,10,3,1528.2,372,507.71,Normal,Saturday,392.03999999999996,0.2565371024734982,1.6899999999999977
27-01-2024,P104,Fashion,547.0,437.35,0,5,2735.0,112,539.05,Sale,Saturday,548.25,0.20045703839122486,7.9500000000000455
27-01-2024,P105,Fashion,443.0,300.97,0,6,2658.0,26,439.23,Festival,Saturday,852.1799999999998,0.320609480812641,3.769999999999982
27-01-2024,P106,Electronics,502.55,367.91,5,3,1507.65,249,506.66,Sale,Saturday,403.9200000000001,0.26791364043378774,-4.110000000000014
27-01-2024,P107,Sports,1056.4,805.08,5,0,0.0,90,1026.28,Normal,Saturday,0.0,,30.12000000000012
27-01-2024,P108,Home,1063.05,851.11,5,2,2126.1,302,1018.33,Normal,Saturday,423.8799999999999,0.19936973801796712,44.719999999999914
27-01-2024,P109,Home,436.05,331.8,5,2,872.1,451,428.16,Normal,Saturday,208.5,0.23907808737530098,7.889999999999986
27-01-2024,P110,Fashion,1212.1,1081.31,15,1,1212.1,109,1195.11,Normal,Saturday,130.78999999999996,0.10790363831367046,16.99000000000001
27-01-2024,P111,Home,208.8,146.12,10,0,0.0,442,211.26,Holiday,Saturday,0.0,,-2.4599999999999795
27-01-2024,P112,Home,1384.0,987.32,0,0,0.0,392,1399.28,Normal,Saturday,0.0,,-15.279999999999973
27-01-2024,P113,Fashion,1409.0,970.12,0,0,0.0,87,1454.16,Normal,Saturday,0.0,,-45.16000000000008
27-01-2024,P114,Fashion,804.0,493.35,0,2,1608.0,445,839.0,Sale,Saturday,621.3,0.38638059701492533,-35.0
27-01-2024,P115,Fashion,401.85,272.45,5,3,1205.55,448,404.73,Sale,Saturday,388.20000000000005,0.32201070051014064,-2.8799999999999955
27-01-2024,P116,Electronics,1276.0,899.17,0,1,1276.0,290,1297.25,Festival,Saturday,376.83000000000004,0.29532131661442007,-21.25
27-01-2024,P117,Electronics,1174.0,844.81,0,0,0.0,368,1215.65,Normal,Saturday,0.0,,-41.65000000000009
27-01-2024,P118,Home,304.95,201.93,5,2,609.9,64,291.59,Normal,Saturday,206.03999999999996,0.3378258730939498,13.360000000000014
27-01-2024,P119,Home,192.6,161.69,10,5,963.0,132,200.36,Festival,Saturday,154.54999999999995,0.16048805815160952,-7.760000000000019
28-01-2024,P100,Home,1431.0,1099.63,0,2,2862.0,31,1370.5,Holiday,Sunday,662.7399999999998,0.2315653389238294,60.5
28-01-2024,P101,Sports,1033.6,665.66,5,3,3100.8,44,1057.25,Normal,Sunday,1103.8200000000002,0.3559791021671827,-23.65000000000009
28-01-2024,P102,Fashion,857.0,629.45,0,0,0.0,75,818.9,Normal,Sunday,0.0,,38.10000000000002
28-01-2024,P103,Electronics,1291.0,820.32,0,0,0.0,411,1349.96,Normal,Sunday,0.0,,-58.960000000000036
28-01-2024,P104,Home,805.0,561.96,0,0,0.0,357,768.85,Sale,Sunday,0.0,,36.14999999999998
28-01-2024,P105,Home,787.0,483.65,0,6,4722.0,222,775.19,Sale,Sunday,1820.1000000000004,0.385451080050826,11.809999999999945
28-01-2024,P106,Fashion,854.1,751.91,10,2,1708.2,212,853.23,Normal,Sunday,204.3800000000001,0.11964641142723341,0.8700000000000045
28-01-2024,P107,Fashion,275.0,205.2,0,1,275.0,422,277.15,Normal,Sunday,69.80000000000001,0.2538181818181819,-2.1499999999999773
28-01-2024,P108,Fashion,1260.0,1108.02,10,1,1260.0,187,1279.19,Normal,Sunday,151.98000000000002,0.12061904761904764,-19.190000000000055
28-01-2024,P109,Sports,739.0,543.23,0,2,1478.0,255,711.88,Festival,Sunday,391.53999999999996,0.2649120433017591,27.120000000000005
28-01-2024,P110,Fashion,284.0,226.72,0,7,1988.0,83,279.89,Festival,Sunday,400.96000000000004,0.20169014084507045,4.110000000000014
28-01-2024,P111,Fashion,1448.0,1058.75,0,1,1448.0,447,1421.21,Normal,Sunday,389.25,0.26881906077348067,26.789999999999964
28-01-2024,P112,Sports,570.6,425.39,10,0,0.0,153,574.25,Normal,Sunday,0.0,,-3.6499999999999773
28-01-2024,P113,Sports,311.0,194.72,0,2,622.0,265,305.32,Normal,Sunday,232.56,0.37389067524115754,5.680000000000007
28-01-2024,P114,Electronics,257.0,154.53,0,2,514.0,57,251.49,Normal,Sunday,204.94,0.398715953307393,5.509999999999991
28-01-2024,P115,Home,345.0,256.29,0,3,1035.0,54,332.08,Sale,Sunday,266.1299999999999,0.2571304347826086,12.920000000000016
28-01-2024,P116,Electronics,671.65,441.41,5,2,1343.3,240,659.3,Sale,Sunday,460.4799999999999,0.34279758802947957,12.350000000000023
28-01-2024,P117,Electronics,1265.0,804.74,0,1,1265.0,458,1226.88,Normal,Sunday,460.26,0.3638418972332016,38.11999999999989
28-01-2024,P118,Electronics,209.0,150.77,5,9,1881.0,58,200.25,Festival,Sunday,524.0699999999999,0.27861244019138753,8.75
28-01-2024,P119,Sports,580.0,442.18,0,4,2320.0,28,588.66,Normal,Sunday,551.28,0.2376206896551724,-8.659999999999968
29-01-2024,P100,Electronics,447.45,313.95,5,3,1342.35,280,456.71,Normal,Monday,400.5,0.298357358364063,-9.259999999999991
29-01-2024,P101,Fashion,1270.8,928.31,10,1,1270.8,385,1213.51,Normal,Monday,342.49,0.26950739691532893,57.289999999999964
29-01-2024,P102,Home,615.6,429.3,10,1,615.6,287,615.6,Normal,Monday,186.3,0.3026315789473684,0.0
29-01-2024,P103,Fashion,655.35,494.93,15,0,0.0,170,664.89,Normal,Monday,0.0,,-9.539999999999964
29-01-2024,P104,Electronics,793.9,689.6,15,5,3969.5,228,785.45,Normal,Monday,521.5,0.13137674770122182,8.449999999999932
29-01-2024,P105,Home,897.0,564.61,0,0,0.0,344,880.25,Normal,Monday,0.0,,16.75
29-01-2024,P106,Home,983.7,699.22,10,0,0.0,343,1023.96,Sale,Monday,0.0,,-40.25999999999999
29-01-2024,P107,Home,1069.0,778.57,0,1,1069.0,163,1099.78,Normal,Monday,290.42999999999995,0.2716838166510757,-30.779999999999973
29-01-2024,P108,Sports,794.0,615.43,0,0,0.0,174,822.48,Sale,Monday,0.0,,-28.480000000000018
29-01-2024,P109,Home,840.75,645.29,5,3,2522.25,303,808.8,Sale,Monday,586.3800000000001,0.232482902170681,31.950000000000045
29-01-2024,P110,Fashion,1146.0,905.89,0,3,3438.0,241,1164.6,Holiday,Monday,720.3299999999999,0.2095200698080279,-18.59999999999991
29-01-2024,P111,Home,1048.8,880.23,5,0,0.0,215,1004.96,Festival,Monday,0.0,,43.83999999999992
29-01-2024,P112,Electronics,692.75,629.13,15,1,692.75,474,673.19,Normal,Monday,63.620000000000005,0.09183688199206064,19.559999999999945
29-01-2024,P113,Fashion,735.3,575.92,5,4,2941.2,246,742.97,Sale,Monday,637.52,0.21675506595947233,-7.670000000000073
29-01-2024,P114,Home,571.0,449.25,0,3,1713.0,387,569.22,Festival,Monday,365.25,0.21322241681260945,1.7799999999999727
29-01-2024,P115,Home,1273.0,841.78,0,2,2546.0,46,1218.38,Festival,Monday,862.44,0.33874312647289867,54.61999999999989
29-01-2024,P116,Sports,527.4,425.39,10,2,1054.8,371,508.01,Normal,Monday,204.01999999999998,0.1934205536594615,19.389999999999986
29-01-2024,P117,Fashion,278.0,186.66,0,4,1112.0,474,278.57,Sale,Monday,365.36,0.3285611510791367,-0.5699999999999932
29-01-2024,P118,Electronics,952.0,703.0,15,0,0.0,228,928.2,Normal,Monday,0.0,,23.799999999999955
29-01-2024,P119,Electronics,860.4,729.93,10,5,4302.0,147,890.79,Normal,Monday,652.3500000000004,0.15163877266387735,-30.389999999999986
30-01-2024,P100,Fashion,666.9,526.8,5,3,2000.7,409,654.95,Normal,Tuesday,420.3000000000002,0.21007647323436807,11.949999999999932
30-01-2024,P101,Electronics,908.0,701.35,0,0,0.0,361,912.89,Sale,Tuesday,0.0,,-4.889999999999986
30-01-2024,P102,Home,356.0,222.17,0,0,0.0,468,363.98,Normal,Tuesday,0.0,,-7.980000000000018
30-01-2024,P103,Home,232.2,186.86,10,3,696.6,247,223.16,Holiday,Tuesday,136.01999999999998,0.19526270456503012,9.039999999999992
30-01-2024,P104,Fashion,1019.35,702.71,5,1,1019.35,201,976.66,Normal,Tuesday,316.64,0.310629322607544,42.690000000000055
30-01-2024,P105,Home,857.0,662.64,0,5,4285.0,333,880.83,Normal,Tuesday,971.8000000000002,0.22679113185530925,-23.83000000000004
30-01-2024,P106,Fashion,741.95,507.43,5,3,2225.85,71,778.46,Sale,Tuesday,703.56,0.3160859896219422,-36.50999999999999
30-01-2024,P107,Home,756.5,537.25,15,1,756.5,347,723.87,Normal,Tuesday,219.25,0.28982154659616655,32.629999999999995
30-01-2024,P108,Sports,282.0,193.35,0,4,1128.0,81,274.21,Normal,Tuesday,354.6,0.31436170212765957,7.7900000000000205
30-01-2024,P109,Electronics,640.05,467.88,15,3,1920.15,266,611.9,Holiday,Tuesday,516.5100000000002,0.2689946097961098,28.149999999999977
30-01-2024,P110,Home,1006.4,910.33,15,1,1006.4,394,1028.33,Normal,Tuesday,96.06999999999994,0.09545906200317959,-21.92999999999995
30-01-2024,P111,Electronics,520.0,411.37,0,4,2080.0,398,538.7,Sale,Tuesday,434.52,0.20890384615384613,-18.700000000000045
30-01-2024,P112,Sports,1008.95,894.87,15,1,1008.95,396,1050.24,Sale,Tuesday,114.08000000000004,0.11306804103275686,-41.289999999999964
30-01-2024,P113,Fashion,911.7,800.78,10,6,5470.2,115,906.73,Festival,Tuesday,665.5199999999995,0.12166282768454527,4.970000000000027
30-01-2024,P114,Electronics,1173.6,913.67,10,3,3520.8,359,1201.7,Festival,Tuesday,779.7900000000004,0.2214809134287663,-28.100000000000136
30-01-2024,P115,Fashion,207.4,155.47,15,5,1037.0,354,201.38,Holiday,Tuesday,259.65,0.2503857280617165,6.02000000000001
30-01-2024,P116,Home,747.0,474.96,0,6,4482.0,336,780.45,Normal,Tuesday,1632.2400000000002,0.3641767068273093,-33.450000000000045
30-01-2024,P117,Sports,1308.15,1037.7,5,1,1308.15,116,1325.58,Holiday,Tuesday,270.45000000000005,0.20674234606123154,-17.429999999999836
30-01-2024,P118,Home,196.35,170.78,15,3,589.05,80,202.64,Normal,Tuesday,76.70999999999992,0.13022663610898894,-6.289999999999992
30-01-2024,P119,Fashion,869.0,662.94,0,0,0.0,93,837.04,Holiday,Tuesday,0.0,,31.960000000000036
31-01-2024,P100,Home,242.25,182.91,5,3,726.75,303,248.53,Normal,Wednesday,178.01999999999998,0.244953560371517,-6.280000000000001
31-01-2024,P101,Sports,313.0,243.12,0,4,1252.0,297,318.76,Normal,Wednesday,279.52,0.223258785942492,-5.759999999999991
31-01-2024,P102,Home,273.0,203.4,0,2,546.0,60,261.73,Normal,Wednesday,139.2,0.2549450549450549,11.269999999999982
31-01-2024,P103,Electronics,1024.0,615.64,0,0,0.0,156,985.42,Normal,Wednesday,0.0,,38.58000000000004
31-01-2024,P104,Fashion,510.3,406.15,10,0,0.0,421,497.04,Sale,Wednesday,0.0,,13.259999999999991
31-01-2024,P105,Sports,300.0,215.96,0,4,1200.0,176,311.71,Normal,Wednesday,336.15999999999997,0.2801333333333333,-11.70999999999998
31-01-2024,P106,Sports,758.0,588.34,0,1,758.0,290,739.59,Normal,Wednesday,169.65999999999997,0.22382585751978887,18.409999999999968
31-01-2024,P107,Fashion,335.35,230.28,5,1,335.35,150,346.4,Normal,Wednesday,105.07000000000002,0.31331444759206806,-11.049999999999955
31-01-2024,P108,Electronics,787.0,599.98,0,2,1574.0,74,781.78,Sale,Wednesday,374.03999999999996,0.23763659466327824,5.220000000000027
31-01-2024,P109,Fashion,501.0,355.17,0,4,2004.0,148,513.27,Normal,Wednesday,583.3199999999999,0.29107784431137723,-12.269999999999982
31-01-2024,P110,Sports,308.7,236.69,10,2,617.4,419,304.29,Normal,Wednesday,144.01999999999998,0.23326854551344345,4.409999999999968
31-01-2024,P111,Fashion,398.0,277.38,0,3,1194.0,470,393.24,Holiday,Wednesday,361.86,0.3030653266331658,4.759999999999991
31-01-2024,P112,Home,597.0,454.39,0,0,0.0,436,624.59,Festival,Wednesday,0.0,,-27.590000000000032
31-01-2024,P113,Sports,1195.0,729.85,0,1,1195.0,224,1178.03,Festival,Wednesday,465.15,0.38924686192468616,16.970000000000027
31-01-2024,P114,Sports,296.1,207.48,10,2,592.2,287,299.07,Festival,Wednesday,177.24000000000007,0.29929078014184407,-2.9699999999999704
31-01-2024,P115,Sports,393.3,268.18,10,1,393.3,31,378.33,Sale,Wednesday,125.12,0.31812865497076026,14.970000000000027
31-01-2024,P116,Electronics,1210.3,813.25,5,1,1210.3,103,1220.46,Sale,Wednesday,397.04999999999995,0.32805915888622655,-10.160000000000082
31-01-2024,P117,Home,342.0,234.64,0,3,1026.0,312,349.07,Normal,Wednesday,322.08000000000004,0.3139181286549708,-7.069999999999993
31-01-2024,P118,Fashion,655.2,512.23,10,3,1965.6,441,677.25,Sale,Wednesday,428.90999999999985,0.21820818070818065,-22.049999999999955
31-01-2024,P119,Fashion,928.15,767.95,5,1,928.15,188,905.77,Sale,Wednesday,160.19999999999993,0.1726014114097936,22.379999999999995
01-02-2024,P100,Home,1157.0,882.0,0,1,1157.0,445,1105.78,Normal,Thursday,275.0,0.23768366464995677,51.22000000000003
01-02-2024,P101,Electronics,196.2,171.03,10,5,981.0,411,198.0,Normal,Thursday,125.85000000000002,0.12828746177370032,-1.8000000000000114
01-02-2024,P102,Electronics,1094.0,710.84,0,0,0.0,143,1069.89,Normal,Thursday,0.0,,24.1099999999999
01-02-2024,P103,Electronics,1019.35,737.42,5,2,2038.7,488,1013.0,Sale,Thursday,563.8600000000001,0.2765782116054349,6.350000000000023
01-02-2024,P104,Fashion,878.0,683.68,0,0,0.0,429,859.38,Festival,Thursday,0.0,,18.620000000000005
01-02-2024,P105,Home,548.15,351.93,5,1,548.15,70,524.2,Normal,Thursday,196.21999999999997,0.35796770956854873,23.949999999999932
01-02-2024,P106,Sports,269.0,194.44,0,7,1883.0,462,268.56,Sale,Thursday,521.9200000000001,0.27717472118959113,0.4399999999999977
01-02-2024,P107,Fashion,433.8,313.82,10,1,433.8,253,428.51,Normal,Thursday,119.98000000000002,0.2765790686952513,5.2900000000000205
01-02-2024,P108,Fashion,230.4,156.3,10,4,921.6,83,221.6,Normal,Thursday,296.4,0.3216145833333333,8.800000000000011
01-02-2024,P109,Electronics,1304.1,1048.12,10,0,0.0,421,1284.04,Normal,Thursday,0.0,,20.059999999999945
01-02-2024,P110,Electronics,457.2,314.91,10,2,914.4,205,478.52,Normal,Thursday,284.5799999999999,0.3112204724409448,-21.319999999999993
01-02-2024,P111,Fashion,1114.0,821.06,0,0,0.0,270,1080.74,Normal,Thursday,0.0,,33.25999999999999
01-02-2024,P112,Sports,745.0,455.38,0,0,0.0,24,775.75,Normal,Thursday,0.0,,-30.75
01-02-2024,P113,Sports,981.0,676.32,10,0,0.0,127,1020.85,Holiday,Thursday,0.0,,-39.85000000000002
01-02-2024,P114,Fashion,1112.45,721.27,5,2,2224.9,107,1160.57,Normal,Thursday,782.3600000000001,0.3516382758775676,-48.11999999999989
01-02-2024,P115,Home,1196.0,846.13,0,2,2392.0,188,1222.22,Normal,Thursday,699.74,0.29253344481605353,-26.220000000000027
01-02-2024,P116,Fashion,863.1,749.71,10,0,0.0,274,878.32,Festival,Thursday,0.0,,-15.220000000000027
01-02-2024,P117,Sports,191.25,177.49,15,5,956.25,256,190.3,Normal,Thursday,68.79999999999995,0.0719477124183006,0.9499999999999886
01-02-2024,P118,Sports,660.0,413.21,0,0,0.0,87,677.76,Sale,Thursday,0.0,,-17.75999999999999
01-02-2024,P119,Electronics,686.85,492.08,5,0,0.0,118,695.17,Normal,Thursday,0.0,,-8.319999999999936
02-02-2024,P100,Electronics,773.3,641.65,5,2,1546.6,61,762.74,Normal,Friday,263.29999999999995,0.17024440708651234,10.559999999999945
02-02-2024,P101,Electronics,967.0,773.12,0,0,0.0,418,941.43,Normal,Friday,0.0,,25.57000000000005
02-02-2024,P102,Home,612.85,476.51,15,1,612.85,311,621.6,Holiday,Friday,136.34000000000003,0.2224687933425798,-8.75
02-02-2024,P103,Electronics,814.15,641.18,5,4,3256.6,245,826.65,Sale,Friday,691.8800000000001,0.212454707363508,-12.5
02-02-2024,P104,Electronics,1330.2,1018.22,10,3,3990.6,95,1294.06,Normal,Friday,935.94,0.2345361599759435,36.1400000000001
02-02-2024,P105,Electronics,510.3,448.38,10,0,0.0,265,514.24,Normal,Friday,0.0,,-3.9399999999999977
02-02-2024,P106,Fashion,1006.2,764.56,10,1,1006.2,218,997.22,Normal,Friday,241.6400000000001,0.24015106340687745,8.980000000000018
02-02-2024,P107,Home,1126.0,844.57,0,0,0.0,458,1127.63,Holiday,Friday,0.0,,-1.6300000000001091
02-02-2024,P108,Sports,806.4,680.57,10,2,1612.8,467,802.92,Normal,Friday,251.65999999999985,0.1560391865079364,3.480000000000018
02-02-2024,P109,Fashion,1216.0,972.02,0,3,3648.0,488,1168.72,Normal,Friday,731.94,0.20064144736842107,47.27999999999997
02-02-2024,P110,Home,1469.0,1045.25,0,1,1469.0,184,1538.31,Normal,Friday,423.75,0.28846153846153844,-69.30999999999995
02-02-2024,P111,Electronics,405.0,253.45,0,3,1215.0,384,416.34,Normal,Friday,454.6500000000001,0.3741975308641976,-11.339999999999975
02-02-2024,P112,Electronics,701.1,525.96,10,1,701.1,499,666.55,Normal,Friday,175.14,0.24980744544287545,34.55000000000007
02-02-2024,P113,Fashion,1351.0,824.16,0,3,4053.0,250,1380.78,Festival,Friday,1580.52,0.38996299037749815,-29.779999999999973
02-02-2024,P114,Electronics,1368.0,1032.7,0,2,2736.0,464,1363.58,Holiday,Friday,670.5999999999999,0.24510233918128652,4.420000000000073
02-02-2024,P115,Electronics,1215.0,946.07,0,0,0.0,397,1219.32,Normal,Friday,0.0,,-4.319999999999936
02-02-2024,P116,Electronics,1096.0,829.71,0,0,0.0,99,1144.81,Holiday,Friday,0.0,,-48.809999999999945
02-02-2024,P117,Sports,831.0,577.09,0,0,0.0,38,868.57,Normal,Friday,0.0,,-37.57000000000005
02-02-2024,P118,Home,476.0,322.94,0,0,0.0,256,486.95,Normal,Friday,0.0,,-10.949999999999989
02-02-2024,P119,Electronics,1195.95,1116.19,15,0,0.0,480,1176.2,Normal,Friday,0.0,,19.75
03-02-2024,P100,Electronics,474.0,374.31,0,3,1422.0,61,457.95,Holiday,Saturday,299.06999999999994,0.2103164556962025,16.05000000000001
03-02-2024,P101,Fashion,811.0,608.04,0,0,0.0,265,840.78,Normal,Saturday,0.0,,-29.779999999999973
03-02-2024,P102,Sports,529.55,394.88,15,0,0.0,223,548.26,Sale,Saturday,0.0,,-18.710000000000036
03-02-2024,P103,Electronics,1300.55,846.2,5,0,0.0,305,1252.86,Sale,Saturday,0.0,,47.690000000000055
03-02-2024,P104,Electronics,840.0,562.29,0,0,0.0,427,863.67,Normal,Saturday,0.0,,-23.66999999999996
03-02-2024,P105,Sports,877.8,595.87,5,3,2633.4,334,856.81,Normal,Saturday,845.79,0.32117794486215534,20.99000000000001
03-02-2024,P106,Fashion,1369.0,1052.71,0,2,2738.0,186,1397.33,Sale,Saturday,632.5799999999999,0.23103725346968587,-28.329999999999927
03-02-2024,P107,Fashion,1131.0,699.51,0,0,0.0,220,1119.07,Normal,Saturday,0.0,,11.930000000000064
03-02-2024,P108,Home,793.0,515.07,0,0,0.0,487,824.37,Normal,Saturday,0.0,,-31.370000000000005
03-02-2024,P109,Home,1015.0,758.5,0,0,0.0,107,969.25,Normal,Saturday,0.0,,45.75
03-02-2024,P110,Home,305.1,267.71,10,8,2440.8,399,290.05,Holiday,Saturday,299.12000000000035,0.12254998361193065,15.050000000000011
03-02-2024,P111,Fashion,205.2,140.04,5,1,205.2,271,209.63,Normal,Saturday,65.16,0.3175438596491228,-4.430000000000007
03-02-2024,P112,Fashion,772.65,634.86,15,1,772.65,437,755.52,Sale,Saturday,137.78999999999996,0.17833430401863712,17.129999999999995
03-02-2024,P113,Home,606.9,447.5,15,3,1820.7,351,580.97,Normal,Saturday,478.20000000000005,0.26264623496457407,25.92999999999995
03-02-2024,P114,Electronics,1104.3,758.18,10,0,0.0,230,1079.03,Normal,Saturday,0.0,,25.269999999999982
03-02-2024,P115,Sports,315.9,277.62,10,1,315.9,187,307.74,Festival,Saturday,38.27999999999997,0.12117758784425443,8.159999999999968
03-02-2024,P116,Sports,819.0,562.2,0,0,0.0,160,839.2,Normal,Saturday,0.0,,-20.200000000000045
03-02-2024,P117,Electronics,969.0,583.3,0,0,0.0,190,952.47,Sale,Saturday,0.0,,16.529999999999973
03-02-2024,P118,Home,574.2,492.82,10,4,2296.8,88,601.99,Festival,Saturday,325.5200000000002,0.14172762103796593,-27.789999999999964
03-02-2024,P119,Sports,1343.0,928.81,0,0,0.0,147,1333.76,Normal,Saturday,0.0,,9.240000000000009
04-02-2024,P100,Electronics,836.1,665.04,10,1,836.1,381,841.89,Festival,Sunday,171.06000000000006,0.20459275206315042,-5.789999999999964
04-02-2024,P101,Electronics,1289.0,1013.06,0,0,0.0,245,1308.65,Normal,Sunday,0.0,,-19.65000000000009
04-02-2024,P102,Home,594.0,375.83,0,3,1782.0,185,601.19,Sale,Sunday,654.51,0.3672895622895623,-7.190000000000055
04-02-2024,P103,Electronics,248.0,180.86,0,3,744.0,293,248.71,Festival,Sunday,201.41999999999996,0.27072580645161287,-0.710000000000008
04-02-2024,P104,Fashion,678.0,447.01,0,1,678.0,319,673.39,Sale,Sunday,230.99,0.340693215339233,4.610000000000014
04-02-2024,P105,Electronics,1183.5,1017.28,10,2,2367.0,366,1198.42,Normal,Sunday,332.44000000000005,0.14044782425010563,-14.920000000000073
04-02-2024,P106,Fashion,294.3,225.29,10,5,1471.5,472,283.51,Holiday,Sunday,345.04999999999995,0.23448861705742435,10.79000000000002
04-02-2024,P107,Home,1370.0,1023.64,0,2,2740.0,198,1389.06,Normal,Sunday,692.72,0.25281751824817517,-19.059999999999945
04-02-2024,P108,Sports,249.85,189.51,5,9,2248.65,222,262.3,Festival,Sunday,543.0600000000002,0.24150490294176513,-12.450000000000017
04-02-2024,P109,Home,783.0,566.39,10,3,2349.0,103,802.72,Normal,Sunday,649.8299999999999,0.27664112388250317,-19.720000000000027
04-02-2024,P110,Fashion,325.0,240.6,0,4,1300.0,277,310.54,Normal,Sunday,337.6,0.2596923076923077,14.45999999999998
04-02-2024,P111,Home,881.45,811.74,15,1,881.45,237,895.71,Festival,Sunday,69.71000000000004,0.07908559759487212,-14.259999999999991
04-02-2024,P112,Fashion,454.0,296.75,0,2,908.0,142,436.99,Normal,Sunday,314.5,0.3463656387665198,17.00999999999999
04-02-2024,P113,Electronics,1087.0,865.92,0,0,0.0,174,1127.15,Sale,Sunday,0.0,,-40.15000000000009
04-02-2024,P114,Home,501.3,427.65,10,4,2005.2,136,488.43,Festival,Sunday,294.60000000000014,0.14691801316576908,12.870000000000005
04-02-2024,P115,Electronics,402.3,272.56,10,0,0.0,268,399.81,Normal,Sunday,0.0,,2.490000000000009
04-02-2024,P116,Fashion,701.0,446.76,0,2,1402.0,361,678.87,Holiday,Sunday,508.48,0.3626818830242511,22.129999999999995
04-02-2024,P117,Sports,745.45,561.78,15,0,0.0,268,748.53,Normal,Sunday,0.0,,-3.0799999999999272
04-02-2024,P118,Fashion,1068.3,850.07,10,0,0.0,154,1087.02,Festival,Sunday,0.0,,-18.720000000000027
04-02-2024,P119,Electronics,1065.9,889.24,5,3,3197.7,201,1032.23,Normal,Sunday,529.9799999999996,0.1657378740970071,33.67000000000007
05-02-2024,P100,Fashion,687.6,577.81,10,1,687.6,223,710.6,Festival,Monday,109.79000000000008,0.15967132053519498,-23.0
05-02-2024,P101,Electronics,1432.0,982.92,0,1,1432.0,124,1497.0,Normal,Monday,449.08000000000004,0.3136033519553073,-65.0
05-02-2024,P102,Home,1439.0,931.14,0,2,2878.0,468,1498.69,Normal,Monday,1015.72,0.3529256428075052,-59.690000000000055
05-02-2024,P103,Home,1358.5,902.83,5,0,0.0,354,1371.23,Normal,Monday,0.0,,-12.730000000000018
05-02-2024,P104,Electronics,596.0,474.9,0,1,596.0,197,583.77,Normal,Monday,121.10000000000002,0.20318791946308729,12.230000000000018
05-02-2024,P105,Fashion,342.0,223.45,5,3,1026.0,474,355.92,Normal,Monday,355.6500000000001,0.3466374269005849,-13.920000000000016
05-02-2024,P106,Electronics,831.25,558.29,5,3,2493.75,54,828.68,Normal,Monday,818.8800000000001,0.3283729323308271,2.57000000000005
05-02-2024,P107,Sports,480.7,316.79,5,1,480.7,200,466.14,Normal,Monday,163.90999999999997,0.34098190139380063,14.560000000000002
05-02-2024,P108,Sports,380.0,240.53,0,1,380.0,85,374.9,Festival,Monday,139.47,0.3670263157894737,5.100000000000023
05-02-2024,P109,Fashion,720.9,553.58,10,2,1441.8,92,725.91,Normal,Monday,334.6399999999999,0.23209876543209867,-5.009999999999991
05-02-2024,P110,Fashion,318.75,275.57,15,1,318.75,378,334.23,Normal,Monday,43.18000000000001,0.13546666666666668,-15.480000000000018
05-02-2024,P111,Home,1452.0,1108.49,0,0,0.0,289,1450.44,Normal,Monday,0.0,,1.5599999999999454
05-02-2024,P112,Electronics,599.25,555.0,15,3,1797.75,320,579.76,Normal,Monday,132.75,0.07384230287859825,19.49000000000001
05-02-2024,P113,Fashion,896.0,538.26,0,1,896.0,409,882.52,Festival,Monday,357.74,0.39926339285714285,13.480000000000018
05-02-2024,P114,Electronics,459.0,332.94,0,3,1377.0,227,473.83,Holiday,Monday,378.18000000000006,0.27464052287581703,-14.829999999999984
05-02-2024,P115,Fashion,1073.0,838.99,0,1,1073.0,492,1107.3,Sale,Monday,234.01,0.21808946877912394,-34.299999999999955
05-02-2024,P116,Home,1315.0,851.28,0,0,0.0,408,1350.51,Normal,Monday,0.0,,-35.50999999999999
05-02-2024,P117,Sports,1252.0,955.52,0,0,0.0,429,1200.47,Normal,Monday,0.0,,51.52999999999997
05-02-2024,P118,Sports,1364.0,1065.58,0,1,1364.0,149,1303.21,Normal,Monday,298.4200000000001,0.2187829912023461,60.789999999999964
05-02-2024,P119,Fashion,495.9,385.34,10,1,495.9,319,493.22,Festival,Monday,110.56,0.22294817503528938,2.67999999999995
06-02-2024,P100,Home,1385.0,1007.53,0,2,2770.0,74,1365.82,Normal,Tuesday,754.94,0.2725415162454874,19.180000000000064
06-02-2024,P101,Fashion,909.0,684.84,10,2,1818.0,469,937.51,Normal,Tuesday,448.31999999999994,0.24660066006600656,-28.50999999999999
06-02-2024,P102,Fashion,796.0,577.38,0,0,0.0,200,807.44,Normal,Tuesday,0.0,,-11.440000000000055
06-02-2024,P103,Sports,1024.0,810.82,0,3,3072.0,294,1046.26,Normal,Tuesday,639.54,0.20818359374999998,-22.25999999999999
06-02-2024,P104,Sports,410.0,246.71,0,3,1230.0,209,413.55,Normal,Tuesday,489.87,0.39826829268292685,-3.5500000000000114
06-02-2024,P105,Electronics,428.0,319.48,0,3,1284.0,45,441.4,Normal,Tuesday,325.55999999999995,0.2535514018691588,-13.399999999999977
06-02-2024,P106,Fashion,884.45,571.51,5,0,0.0,482,893.09,Sale,Tuesday,0.0,,-8.639999999999986
06-02-2024,P107,Fashion,316.0,229.21,0,0,0.0,173,331.66,Normal,Tuesday,0.0,,-15.660000000000025
06-02-2024,P108,Fashion,845.0,642.34,0,3,2535.0,430,863.48,Festival,Tuesday,607.98,0.23983431952662723,-18.480000000000018
06-02-2024,P109,Fashion,827.05,678.54,15,0,0.0,70,838.39,Normal,Tuesday,0.0,,-11.340000000000032
06-02-2024,P110,Fashion,800.0,579.67,0,0,0.0,270,822.24,Normal,Tuesday,0.0,,-22.24000000000001
06-02-2024,P111,Home,985.15,696.61,5,1,985.15,229,1006.32,Holiday,Tuesday,288.53999999999996,0.29288940770441046,-21.170000000000073
06-02-2024,P112,Electronics,930.6,671.16,10,1,930.6,110,956.36,Normal,Tuesday,259.44000000000005,0.27878787878787886,-25.75999999999999
06-02-2024,P113,Electronics,1396.0,951.21,0,0,0.0,158,1400.65,Festival,Tuesday,0.0,,-4.650000000000091
06-02-2024,P114,Home,695.0,456.1,0,0,0.0,318,676.54,Normal,Tuesday,0.0,,18.460000000000036
06-02-2024,P115,Sports,1294.2,1149.82,10,2,2588.4,48,1282.29,Normal,Tuesday,288.7600000000002,0.11155926441044668,11.910000000000082
06-02-2024,P116,Electronics,980.4,644.3,5,2,1960.8,313,1019.52,Sale,Tuesday,672.2,0.34281925744594044,-39.120000000000005
06-02-2024,P117,Fashion,1214.0,915.8,0,0,0.0,146,1262.26,Festival,Tuesday,0.0,,-48.25999999999999
06-02-2024,P118,Home,275.0,209.75,0,4,1100.0,234,276.16,Sale,Tuesday,261.0,0.23727272727272727,-1.160000000000025
06-02-2024,P119,Electronics,622.0,453.46,0,0,0.0,50,650.63,Normal,Tuesday,0.0,,-28.629999999999995
07-02-2024,P100,Sports,816.0,491.95,0,1,816.0,77,824.11,Normal,Wednesday,324.05,0.3971200980392157,-8.110000000000014
07-02-2024,P101,Fashion,816.05,632.99,5,0,0.0,473,837.69,Normal,Wednesday,0.0,,-21.6400000000001
07-02-2024,P102,Electronics,1018.0,785.88,0,1,1018.0,332,1028.97,Holiday,Wednesday,232.12,0.22801571709233792,-10.970000000000027
07-02-2024,P103,Electronics,806.4,681.62,10,0,0.0,434,845.02,Normal,Wednesday,0.0,,-38.620000000000005
07-02-2024,P104,Electronics,379.05,280.97,5,2,758.1,391,390.99,Normal,Wednesday,196.15999999999997,0.2587521435166864,-11.939999999999998
07-02-2024,P105,Home,1255.5,872.96,10,0,0.0,96,1205.43,Holiday,Wednesday,0.0,,50.069999999999936
07-02-2024,P106,Home,1003.0,621.19,0,1,1003.0,349,984.95,Sale,Wednesday,381.80999999999995,0.38066799601196405,18.049999999999955
07-02-2024,P107,Sports,727.0,501.82,0,3,2181.0,264,723.6,Normal,Wednesday,675.54,0.3097386519944979,3.3999999999999773
07-02-2024,P108,Electronics,600.0,416.95,0,0,0.0,112,591.52,Normal,Wednesday,0.0,,8.480000000000018
07-02-2024,P109,Home,580.5,496.24,10,0,0.0,436,574.9,Holiday,Wednesday,0.0,,5.600000000000023
07-02-2024,P110,Home,883.5,726.95,5,0,0.0,428,885.95,Normal,Wednesday,0.0,,-2.4500000000000455
07-02-2024,P111,Fashion,644.0,445.73,0,2,1288.0,291,614.06,Sale,Wednesday,396.53999999999996,0.3078726708074534,29.940000000000055
07-02-2024,P112,Fashion,686.85,476.96,5,3,2060.55,292,675.09,Normal,Wednesday,629.6700000000003,0.30558346072650516,11.759999999999991
07-02-2024,P113,Electronics,636.0,384.29,0,0,0.0,74,653.55,Normal,Wednesday,0.0,,-17.549999999999955
07-02-2024,P114,Fashion,1027.8,697.14,10,0,0.0,201,996.78,Normal,Wednesday,0.0,,31.019999999999982
07-02-2024,P115,Electronics,776.15,533.91,5,0,0.0,461,755.53,Normal,Wednesday,0.0,,20.620000000000005
07-02-2024,P116,Fashion,224.0,148.8,0,6,1344.0,56,215.65,Festival,Wednesday,451.19999999999993,0.3357142857142857,8.349999999999994
07-02-2024,P117,Electronics,900.15,636.23,15,1,900.15,119,927.36,Festival,Wednesday,263.91999999999996,0.29319557851469197,-27.210000000000036
07-02-2024,P118,Home,614.0,450.3,0,0,0.0,126,637.34,Normal,Wednesday,0.0,,-23.340000000000032
07-02-2024,P119,Fashion,1250.1,1010.47,10,0,0.0,213,1245.9,Normal,Wednesday,0.0,,4.199999999999818
08-02-2024,P100,Electronics,1422.15,948.53,5,0,0.0,412,1420.35,Holiday,Thursday,0.0,,1.800000000000182
08-02-2024,P101,Fashion,1151.0,733.73,0,1,1151.0,190,1179.01,Holiday,Thursday,417.27,0.3625282363162467,-28.00999999999999
08-02-2024,P102,Electronics,571.0,376.99,0,2,1142.0,279,563.71,Normal,Thursday,388.02,0.3397723292469352,7.289999999999964
08-02-2024,P103,Electronics,1167.0,846.27,0,0,0.0,245,1206.26,Sale,Thursday,0.0,,-39.25999999999999
08-02-2024,P104,Sports,811.0,579.33,0,2,1622.0,432,829.09,Normal,Thursday,463.3399999999999,0.285659679408138,-18.090000000000032
08-02-2024,P105,Home,1485.0,967.28,0,2,2970.0,377,1425.74,Sale,Thursday,1035.44,0.34863299663299663,59.25999999999999
08-02-2024,P106,Home,1437.0,906.99,0,0,0.0,332,1486.17,Holiday,Thursday,0.0,,-49.17000000000007
08-02-2024,P107,Sports,804.0,631.41,0,1,804.0,239,789.17,Normal,Thursday,172.59000000000003,0.21466417910447766,14.830000000000041
08-02-2024,P108,Electronics,508.0,345.54,0,1,508.0,324,521.86,Normal,Thursday,162.45999999999998,0.3198031496062992,-13.860000000000014
08-02-2024,P109,Electronics,937.0,629.97,0,1,937.0,378,965.99,Normal,Thursday,307.03,0.3276734258271078,-28.99000000000001
08-02-2024,P110,Fashion,616.5,546.07,10,0,0.0,26,609.73,Normal,Thursday,0.0,,6.769999999999982
08-02-2024,P111,Fashion,1463.0,981.43,0,0,0.0,426,1447.01,Holiday,Thursday,0.0,,15.990000000000009
08-02-2024,P112,Fashion,541.8,450.36,10,1,541.8,323,547.58,Normal,Thursday,91.43999999999994,0.16877076411960124,-5.780000000000086
08-02-2024,P113,Home,318.0,209.06,0,1,318.0,343,305.78,Normal,Thursday,108.94,0.34257861635220127,12.220000000000027
08-02-2024,P114,Electronics,1128.0,875.96,0,2,2256.0,376,1130.22,Holiday,Thursday,504.0799999999999,0.2234397163120567,-2.2200000000000273
08-02-2024,P115,Home,913.9,635.51,5,1,913.9,220,900.19,Festival,Thursday,278.39,0.3046175730386257,13.709999999999923
08-02-2024,P116,Fashion,843.3,742.41,10,1,843.3,372,853.58,Sale,Thursday,100.88999999999999,0.11963713980789753,-10.280000000000086
08-02-2024,P117,Home,456.0,338.68,0,4,1824.0,216,459.14,Normal,Thursday,469.28,0.25728070175438594,-3.1399999999999864
08-02-2024,P118,Fashion,336.0,211.2,0,6,2016.0,456,351.18,Holiday,Thursday,748.8000000000002,0.3714285714285715,-15.180000000000007
08-02-2024,P119,Fashion,351.0,236.7,0,0,0.0,314,358.13,Normal,Thursday,0.0,,-7.1299999999999955
09-02-2024,P100,Fashion,1359.0,935.84,0,1,1359.0,371,1340.97,Festival,Friday,423.15999999999997,0.31137601177336277,18.029999999999973
09-02-2024,P101,Fashion,1175.0,779.37,0,2,2350.0,224,1139.1,Normal,Friday,791.26,0.3367063829787234,35.90000000000009
09-02-2024,P102,Fashion,298.3,220.4,5,5,1491.5,321,294.11,Normal,Friday,389.5,0.2611464968152866,4.189999999999998
09-02-2024,P103,Fashion,952.0,725.2,15,0,0.0,183,941.18,Normal,Friday,0.0,,10.82000000000005
09-02-2024,P104,Home,1023.0,648.22,0,3,3069.0,305,1018.98,Festival,Friday,1124.34,0.36635386119257085,4.019999999999982
09-02-2024,P105,Home,816.3,693.9,10,4,3265.2,459,809.29,Normal,Friday,489.5999999999999,0.14994487320837926,7.009999999999991
09-02-2024,P106,Home,1326.0,933.03,0,0,0.0,381,1335.18,Normal,Friday,0.0,,-9.180000000000064
09-02-2024,P107,Electronics,819.85,674.18,5,0,0.0,133,830.46,Normal,Friday,0.0,,-10.610000000000014
09-02-2024,P108,Home,848.7,660.8,10,1,848.7,220,862.62,Normal,Friday,187.9000000000001,0.2213974313656181,-13.919999999999959
09-02-2024,P109,Home,241.4,203.43,15,10,2414.0,329,230.63,Festival,Friday,379.6999999999998,0.15729080364540174,10.77000000000001
09-02-2024,P110,Electronics,268.2,231.97,10,3,804.6,81,268.42,Festival,Friday,108.69000000000005,0.1350857568978375,-0.22000000000002728
09-02-2024,P111,Electronics,1211.25,956.29,5,1,1211.25,387,1270.68,Normal,Friday,254.96000000000004,0.2104932920536636,-59.430000000000064
09-02-2024,P112,Sports,972.0,766.54,10,0,0.0,35,980.07,Normal,Friday,0.0,,-8.07000000000005
09-02-2024,P113,Electronics,1060.0,835.43,0,0,0.0,351,1044.34,Normal,Friday,0.0,,15.660000000000082
09-02-2024,P114,Home,753.95,600.6,15,0,0.0,243,773.7,Normal,Friday,0.0,,-19.75
09-02-2024,P115,Sports,342.9,236.44,10,1,342.9,364,339.03,Normal,Friday,106.45999999999998,0.31046952464275296,3.8700000000000045
09-02-2024,P116,Fashion,552.6,483.99,10,3,1657.8,111,553.44,Festival,Friday,205.82999999999993,0.12415852334419106,-0.8400000000000318
09-02-2024,P117,Electronics,1057.5,871.37,10,0,0.0,295,1031.32,Normal,Friday,0.0,,26.180000000000064
09-02-2024,P118,Fashion,361.0,286.55,0,8,2888.0,73,345.25,Festival,Friday,595.5999999999999,0.2062326869806094,15.75
09-02-2024,P119,Fashion,900.0,613.03,0,1,900.0,63,886.26,Festival,Friday,286.97,0.31885555555555556,13.740000000000009
10-02-2024,P100,Home,945.9,778.23,10,3,2837.7,337,932.34,Holiday,Saturday,503.00999999999976,0.17725975261655558,13.559999999999945
10-02-2024,P101,Fashion,933.3,823.16,10,2,1866.6,376,972.93,Festival,Saturday,220.27999999999997,0.11801135754848387,-39.629999999999995
10-02-2024,P102,Sports,1364.2,1070.56,5,1,1364.2,339,1345.07,Normal,Saturday,293.6400000000001,0.21524703122709288,19.13000000000011
10-02-2024,P103,Sports,793.8,604.06,10,1,793.8,157,802.04,Festival,Saturday,189.74,0.23902746283698667,-8.240000000000009
10-02-2024,P104,Electronics,988.0,618.61,0,1,988.0,146,941.15,Normal,Saturday,369.39,0.37387651821862344,46.85000000000002
10-02-2024,P105,Sports,199.5,127.51,5,8,1596.0,239,195.25,Holiday,Saturday,575.92,0.36085213032581454,4.25
10-02-2024,P106,Fashion,385.2,261.28,10,5,1926.0,474,398.51,Normal,Saturday,619.6000000000001,0.3217030114226377,-13.310000000000002
10-02-2024,P107,Home,653.4,513.58,10,3,1960.2,48,661.72,Sale,Saturday,419.4599999999998,0.21398836853382297,-8.32000000000005
10-02-2024,P108,Electronics,1004.0,802.91,0,0,0.0,121,1037.66,Normal,Saturday,0.0,,-33.66000000000008
10-02-2024,P109,Fashion,656.2,497.24,15,1,656.2,382,680.35,Sale,Saturday,158.96000000000004,0.24224321853093572,-24.149999999999977
10-02-2024,P110,Home,470.7,333.52,10,4,1882.8,111,492.7,Normal,Saturday,548.72,0.2914382834076907,-22.0
10-02-2024,P111,Fashion,656.1,545.82,10,3,1968.3,376,644.11,Normal,Saturday,330.8399999999999,0.16808413351623225,11.990000000000009
10-02-2024,P112,Fashion,871.15,602.51,5,0,0.0,439,827.73,Holiday,Saturday,0.0,,43.41999999999996
10-02-2024,P113,Home,1167.55,908.73,5,0,0.0,108,1154.29,Festival,Saturday,0.0,,13.259999999999991
10-02-2024,P114,Electronics,445.55,297.29,5,4,1782.2,257,466.7,Holiday,Saturday,593.04,0.3327572663000785,-21.149999999999977
10-02-2024,P115,Electronics,426.6,373.69,10,0,0.0,485,408.97,Normal,Saturday,0.0,,17.629999999999995
10-02-2024,P116,Electronics,929.0,603.83,0,0,0.0,342,899.01,Normal,Saturday,0.0,,29.99000000000001
10-02-2024,P117,Fashion,179.35,137.23,15,8,1434.8,196,180.81,Normal,Saturday,336.96000000000004,0.23484806244772793,-1.460000000000008
10-02-2024,P118,Sports,402.0,283.02,0,4,1608.0,399,392.29,Normal,Saturday,475.9200000000001,0.2959701492537314,9.70999999999998
10-02-2024,P119,Fashion,448.0,291.0,0,2,896.0,41,430.16,Festival,Saturday,314.0,0.35044642857142855,17.839999999999975
11-02-2024,P100,Home,1057.0,676.67,0,0,0.0,473,1059.59,Normal,Sunday,0.0,,-2.589999999999918
11-02-2024,P101,Sports,880.2,654.41,10,2,1760.4,311,874.75,Normal,Sunday,451.58000000000015,0.256521245171552,5.4500000000000455
11-02-2024,P102,Fashion,513.0,314.91,0,3,1539.0,272,518.63,Normal,Sunday,594.27,0.38614035087719295,-5.6299999999999955
11-02-2024,P103,Home,397.0,309.24,0,4,1588.0,135,393.45,Festival,Sunday,351.03999999999996,0.2210579345088161,3.5500000000000114
11-02-2024,P104,Electronics,1088.1,746.87,10,0,0.0,107,1068.58,Normal,Sunday,0.0,,19.519999999999982
11-02-2024,P105,Fashion,958.55,752.6,5,1,958.55,486,945.03,Normal,Sunday,205.94999999999993,0.2148557717385634,13.519999999999982
11-02-2024,P106,Home,348.0,261.47,0,5,1740.0,101,356.51,Sale,Sunday,432.64999999999986,0.24864942528735626,-8.509999999999991
11-02-2024,P107,Home,211.85,170.85,5,5,1059.25,224,214.13,Normal,Sunday,205.0,0.19353316025489734,-2.280000000000001
11-02-2024,P108,Sports,621.0,454.01,0,0,0.0,318,643.63,Normal,Sunday,0.0,,-22.629999999999995
11-02-2024,P109,Electronics,1024.2,730.09,10,0,0.0,223,1055.24,Festival,Sunday,0.0,,-31.039999999999964
11-02-2024,P110,Sports,593.75,467.61,5,0,0.0,141,585.17,Normal,Sunday,0.0,,8.580000000000041
11-02-2024,P111,Fashion,784.0,512.29,0,0,0.0,64,762.62,Normal,Sunday,0.0,,21.379999999999995
11-02-2024,P112,Fashion,310.5,263.84,10,9,2794.5,230,307.86,Festival,Sunday,419.94000000000005,0.15027375201288246,2.6399999999999864
11-02-2024,P113,Home,686.0,525.14,0,0,0.0,237,692.59,Sale,Sunday,0.0,,-6.590000000000032
11-02-2024,P114,Electronics,872.0,672.79,0,1,872.0,382,828.76,Holiday,Sunday,199.21000000000004,0.22845183486238535,43.24000000000001
11-02-2024,P115,Electronics,819.4,624.31,15,0,0.0,486,792.45,Sale,Sunday,0.0,,26.949999999999932
11-02-2024,P116,Home,563.35,473.76,5,2,1126.7,290,539.36,Holiday,Sunday,179.18000000000006,0.15903079790538746,23.99000000000001
11-02-2024,P117,Home,1099.9,821.49,15,0,0.0,409,1064.22,Normal,Sunday,0.0,,35.680000000000064
11-02-2024,P118,Sports,1092.0,716.45,0,3,3276.0,306,1055.32,Holiday,Sunday,1126.6499999999996,0.3439102564102563,36.680000000000064
11-02-2024,P119,Electronics,1251.0,952.43,0,6,7506.0,326,1263.94,Normal,Sunday,1791.42,0.2386650679456435,-12.940000000000055
12-02-2024,P100,Electronics,838.0,668.6,0,0,0.0,314,825.85,Normal,Monday,0.0,,12.149999999999977
12-02-2024,P101,Home,273.6,239.63,10,1,273.6,250,275.36,Sale,Monday,33.97000000000003,0.12415935672514629,-1.759999999999991
12-02-2024,P102,Electronics,532.0,352.92,0,6,3192.0,242,520.59,Holiday,Monday,1074.48,0.3366165413533835,11.409999999999968
12-02-2024,P103,Sports,268.2,210.71,10,5,1341.0,476,276.73,Normal,Monday,287.45000000000005,0.2143549589858315,-8.53000000000003
12-02-2024,P104,Home,908.0,562.92,0,1,908.0,67,923.12,Normal,Monday,345.08000000000004,0.3800440528634362,-15.120000000000005
12-02-2024,P105,Home,850.85,795.84,15,2,1701.7,149,826.62,Normal,Monday,110.01999999999998,0.06465299406475876,24.230000000000018
12-02-2024,P106,Sports,170.0,136.2,15,4,680.0,72,163.01,Normal,Monday,135.20000000000005,0.19882352941176476,6.990000000000009
12-02-2024,P107,Fashion,1157.7,860.62,15,0,0.0,332,1205.72,Festival,Monday,0.0,,-48.01999999999998
12-02-2024,P108,Fashion,1281.6,948.67,10,0,0.0,464,1257.23,Normal,Monday,0.0,,24.36999999999989
12-02-2024,P109,Electronics,676.0,490.5,0,1,676.0,147,703.69,Normal,Monday,185.5,0.2744082840236686,-27.690000000000055
12-02-2024,P110,Electronics,730.0,556.93,0,2,1460.0,66,708.15,Normal,Monday,346.1400000000001,0.237082191780822,21.850000000000023
12-02-2024,P111,Home,836.0,542.59,5,1,836.0,475,822.64,Normal,Monday,293.40999999999997,0.35096889952153104,13.360000000000014
12-02-2024,P112,Fashion,1187.1,919.51,10,2,2374.2,212,1131.28,Normal,Monday,535.1799999999998,0.22541487659000922,55.819999999999936
12-02-2024,P113,Home,469.0,300.8,0,3,1407.0,469,452.56,Festival,Monday,504.5999999999999,0.3586353944562899,16.439999999999998
12-02-2024,P114,Electronics,1347.3,1148.17,10,0,0.0,50,1345.06,Sale,Monday,0.0,,2.240000000000009
12-02-2024,P115,Home,452.0,289.24,0,0,0.0,470,458.48,Sale,Monday,0.0,,-6.480000000000018
12-02-2024,P116,Sports,1112.0,845.38,0,0,0.0,479,1156.85,Holiday,Monday,0.0,,-44.84999999999991
12-02-2024,P117,Home,974.95,775.23,15,0,0.0,66,986.2,Sale,Monday,0.0,,-11.25
12-02-2024,P118,Home,370.8,317.28,10,4,1483.2,400,372.63,Normal,Monday,214.08000000000015,0.14433656957928812,-1.829999999999984
12-02-2024,P119,Fashion,305.0,188.7,0,5,1525.0,230,293.68,Normal,Monday,581.5,0.38131147540983606,11.319999999999993
13-02-2024,P100,Sports,399.6,300.39,10,3,1198.8,220,391.83,Sale,Tuesday,297.63,0.24827327327327328,7.770000000000039
13-02-2024,P101,Electronics,351.0,220.18,0,2,702.0,131,364.43,Sale,Tuesday,261.64,0.3727065527065527,-13.430000000000007
13-02-2024,P102,Home,463.0,286.42,0,2,926.0,353,480.94,Normal,Tuesday,353.15999999999997,0.3813822894168466,-17.939999999999998
13-02-2024,P103,Home,1248.65,998.84,15,0,0.0,274,1266.39,Normal,Tuesday,0.0,,-17.74000000000001
13-02-2024,P104,Fashion,1029.0,702.67,0,0,0.0,83,985.33,Normal,Tuesday,0.0,,43.66999999999996
13-02-2024,P105,Home,1184.0,794.13,0,4,4736.0,169,1204.4,Normal,Tuesday,1559.48,0.3292820945945946,-20.40000000000009
13-02-2024,P106,Fashion,272.0,209.03,0,5,1360.0,364,270.08,Sale,Tuesday,314.8499999999999,0.23150735294117641,1.920000000000016
13-02-2024,P107,Electronics,861.0,636.09,0,2,1722.0,380,895.12,Normal,Tuesday,449.81999999999994,0.2612195121951219,-34.120000000000005
13-02-2024,P108,Home,780.9,532.05,5,2,1561.8,152,772.47,Sale,Tuesday,497.70000000000005,0.31867076450249715,8.42999999999995
13-02-2024,P109,Electronics,1086.0,704.0,0,0,0.0,141,1058.9,Normal,Tuesday,0.0,,27.09999999999991
13-02-2024,P110,Home,478.0,288.81,0,4,1912.0,430,497.24,Normal,Tuesday,756.76,0.3957949790794979,-19.24000000000001
13-02-2024,P111,Home,1210.3,966.37,5,1,1210.3,446,1209.49,Festival,Tuesday,243.92999999999995,0.20154507146988346,0.8099999999999454
13-02-2024,P112,Sports,347.0,252.35,0,6,2082.0,209,359.61,Normal,Tuesday,567.9000000000001,0.2727665706051874,-12.610000000000014
13-02-2024,P113,Sports,1234.0,899.84,0,2,2468.0,108,1287.39,Festival,Tuesday,668.3199999999999,0.27079416531604533,-53.3900000000001
13-02-2024,P114,Fashion,1480.0,928.11,0,0,0.0,124,1528.76,Holiday,Tuesday,0.0,,-48.75999999999999
13-02-2024,P115,Electronics,213.0,151.48,0,4,852.0,226,212.15,Normal,Tuesday,246.08000000000004,0.2888262910798123,0.8499999999999943
13-02-2024,P116,Fashion,1371.8,904.24,5,0,0.0,437,1307.91,Normal,Tuesday,0.0,,63.88999999999987
13-02-2024,P117,Home,779.0,618.99,0,1,779.0,343,802.81,Normal,Tuesday,160.01,0.20540436456996147,-23.809999999999945
13-02-2024,P118,Electronics,545.0,407.47,0,1,545.0,226,559.45,Normal,Tuesday,137.52999999999997,0.25234862385321094,-14.450000000000045
13-02-2024,P119,Home,386.0,253.45,0,3,1158.0,92,405.09,Holiday,Tuesday,397.6500000000001,0.3433937823834198,-19.089999999999975
14-02-2024,P100,Electronics,1452.0,1113.85,0,0,0.0,260,1413.76,Holiday,Wednesday,0.0,,38.24000000000001
14-02-2024,P101,Home,1216.95,938.74,5,0,0.0,175,1274.08,Festival,Wednesday,0.0,,-57.12999999999988
14-02-2024,P102,Fashion,473.1,317.85,5,0,0.0,343,492.41,Normal,Wednesday,0.0,,-19.310000000000002
14-02-2024,P103,Electronics,464.4,360.36,10,2,928.8,237,468.3,Normal,Wednesday,208.07999999999993,0.2240310077519379,-3.900000000000034
14-02-2024,P104,Electronics,652.8,510.64,15,2,1305.6,109,638.61,Normal,Wednesday,284.31999999999994,0.21776960784313723,14.18999999999994
14-02-2024,P105,Electronics,467.5,359.13,15,5,2337.5,395,477.78,Sale,Wednesday,541.8499999999999,0.231807486631016,-10.279999999999973
14-02-2024,P106,Electronics,524.4,365.0,5,2,1048.8,488,510.73,Sale,Wednesday,318.79999999999995,0.3039664378337147,13.669999999999959
14-02-2024,P107,Home,559.55,390.44,5,4,2238.2,45,572.41,Sale,Wednesday,676.4399999999998,0.30222500223393794,-12.860000000000014
14-02-2024,P108,Home,1231.2,935.98,5,2,2462.4,97,1185.9,Normal,Wednesday,590.44,0.23978232618583498,45.299999999999955
14-02-2024,P109,Home,348.0,260.98,0,4,1392.0,175,347.17,Festival,Wednesday,348.0799999999999,0.2500574712643678,0.8299999999999841
14-02-2024,P110,Sports,1124.0,726.92,0,0,0.0,368,1155.48,Normal,Wednesday,0.0,,-31.480000000000018
14-02-2024,P111,Electronics,537.2,411.4,15,1,537.2,165,516.41,Normal,Wednesday,125.80000000000007,0.23417721518987353,20.790000000000077
14-02-2024,P112,Home,1098.0,777.77,0,2,2196.0,27,1127.22,Normal,Wednesday,640.46,0.291648451730419,-29.220000000000027
14-02-2024,P113,Fashion,1392.0,916.87,0,1,1392.0,230,1383.45,Normal,Wednesday,475.13,0.34132902298850576,8.549999999999955
14-02-2024,P114,Sports,1183.7,814.19,5,1,1183.7,375,1141.97,Normal,Wednesday,369.51,0.3121652445721044,41.73000000000002
14-02-2024,P115,Electronics,940.1,783.22,15,1,940.1,240,917.08,Sale,Wednesday,156.88,0.16687586426975853,23.019999999999982
14-02-2024,P116,Fashion,473.0,336.93,0,6,2838.0,29,485.52,Normal,Wednesday,816.4200000000001,0.2876744186046512,-12.519999999999982
14-02-2024,P117,Home,981.0,718.47,0,0,0.0,339,1012.34,Normal,Wednesday,0.0,,-31.340000000000032
14-02-2024,P118,Sports,1318.6,845.86,5,3,3955.8,301,1366.43,Normal,Wednesday,1418.2200000000003,0.35851660852419237,-47.830000000000155
14-02-2024,P119,Fashion,564.3,394.49,5,2,1128.6,130,538.94,Holiday,Wednesday,339.6199999999999,0.3009214956583377,25.3599999999999
15-02-2024,P100,Electronics,304.2,224.82,10,2,608.4,233,301.43,Sale,Thursday,158.76,0.26094674556213016,2.769999999999982
15-02-2024,P101,Fashion,839.0,562.97,0,0,0.0,245,877.92,Normal,Thursday,0.0,,-38.91999999999996
15-02-2024,P102,Fashion,697.0,510.19,0,0,0.0,84,715.37,Festival,Thursday,0.0,,-18.370000000000005
15-02-2024,P103,Fashion,768.0,544.49,0,2,1536.0,84,802.44,Normal,Thursday,447.02,0.2910286458333333,-34.440000000000055
15-02-2024,P104,Fashion,942.4,722.73,5,0,0.0,166,979.7,Normal,Thursday,0.0,,-37.30000000000007
15-02-2024,P105,Sports,588.05,417.64,5,2,1176.1,453,562.88,Sale,Thursday,340.81999999999994,0.2897882833092424,25.16999999999996
15-02-2024,P106,Sports,999.6,712.94,15,0,0.0,355,1002.26,Normal,Thursday,0.0,,-2.659999999999968
15-02-2024,P107,Sports,1311.0,1014.1,0,1,1311.0,495,1325.12,Festival,Thursday,296.9,0.2264683447749809,-14.11999999999989
15-02-2024,P108,Home,371.7,265.52,10,2,743.4,321,360.15,Normal,Thursday,212.36,0.2856604788808179,11.550000000000011
15-02-2024,P109,Fashion,582.0,398.65,0,0,0.0,425,560.05,Festival,Thursday,0.0,,21.950000000000045
15-02-2024,P110,Home,1013.0,616.35,0,2,2026.0,429,1017.5,Normal,Thursday,793.3,0.3915597235932872,-4.5
15-02-2024,P111,Home,262.0,194.12,0,2,524.0,440,263.06,Normal,Thursday,135.76,0.2590839694656488,-1.0600000000000023
15-02-2024,P112,Electronics,660.0,463.94,0,0,0.0,125,672.81,Festival,Thursday,0.0,,-12.809999999999945
15-02-2024,P113,Home,394.0,264.99,0,2,788.0,486,401.23,Normal,Thursday,258.02,0.3274365482233502,-7.230000000000018
15-02-2024,P114,Fashion,733.4,549.84,5,4,2933.6,308,720.6,Sale,Thursday,734.2399999999998,0.25028633760567215,12.799999999999955
15-02-2024,P115,Home,842.65,675.94,5,0,0.0,126,823.96,Sale,Thursday,0.0,,18.68999999999994
15-02-2024,P116,Fashion,333.0,245.73,0,0,0.0,287,337.2,Normal,Thursday,0.0,,-4.199999999999989
15-02-2024,P117,Sports,1025.0,683.21,0,0,0.0,471,982.93,Normal,Thursday,0.0,,42.07000000000005
15-02-2024,P118,Electronics,251.0,177.88,0,1,251.0,319,243.01,Normal,Thursday,73.12,0.2913147410358566,7.990000000000009
15-02-2024,P119,Sports,1210.3,905.64,5,0,0.0,93,1238.65,Festival,Thursday,0.0,,-28.350000000000136
16-02-2024,P100,Fashion,328.0,226.98,0,2,656.0,20,318.5,Sale,Friday,202.04000000000002,0.30798780487804883,9.5
16-02-2024,P101,Electronics,1188.0,864.69,0,0,0.0,238,1144.54,Holiday,Friday,0.0,,43.460000000000036
16-02-2024,P102,Home,1052.0,791.23,0,2,2104.0,242,1087.09,Normal,Friday,521.54,0.24788022813688212,-35.08999999999992
16-02-2024,P103,Electronics,703.0,591.84,5,0,0.0,80,696.3,Normal,Friday,0.0,,6.7000000000000455
16-02-2024,P104,Fashion,533.0,384.93,0,4,2132.0,372,554.4,Normal,Friday,592.28,0.27780487804878046,-21.399999999999977
16-02-2024,P105,Electronics,996.0,664.56,0,4,3984.0,131,948.2,Normal,Friday,1325.7600000000002,0.3327710843373495,47.799999999999955
16-02-2024,P106,Fashion,603.9,404.31,10,2,1207.8,389,600.68,Normal,Friday,399.17999999999995,0.33050173869846,3.2200000000000273
16-02-2024,P107,Electronics,842.4,725.91,10,0,0.0,80,880.97,Sale,Friday,0.0,,-38.57000000000005
16-02-2024,P108,Fashion,657.4,461.82,5,2,1314.8,331,681.14,Festival,Friday,391.15999999999997,0.2975053240036507,-23.74000000000001
16-02-2024,P109,Electronics,1015.2,739.12,10,0,0.0,404,987.31,Normal,Friday,0.0,,27.8900000000001
16-02-2024,P110,Fashion,1245.6,1087.95,10,0,0.0,267,1307.32,Normal,Friday,0.0,,-61.72000000000003
16-02-2024,P111,Sports,1032.0,781.63,0,3,3096.0,156,1018.52,Festival,Friday,751.1100000000001,0.24260658914728686,13.480000000000018
16-02-2024,P112,Fashion,940.5,791.98,10,1,940.5,476,919.25,Festival,Friday,148.51999999999998,0.15791600212652843,21.25
16-02-2024,P113,Sports,284.0,215.22,0,0,0.0,28,281.29,Normal,Friday,0.0,,2.7099999999999795
16-02-2024,P114,Home,1243.0,991.72,0,0,0.0,399,1186.65,Normal,Friday,0.0,,56.34999999999991
16-02-2024,P115,Fashion,1239.3,964.06,10,1,1239.3,440,1243.1,Normal,Friday,275.24,0.22209311708222385,-3.7999999999999545
16-02-2024,P116,Electronics,182.7,143.26,10,6,1096.2,374,187.0,Festival,Friday,236.6400000000001,0.21587301587301597,-4.300000000000011
16-02-2024,P117,Home,543.0,416.18,0,0,0.0,38,555.66,Holiday,Friday,0.0,,-12.659999999999968
16-02-2024,P118,Electronics,1233.0,813.3,0,3,3699.0,367,1198.94,Festival,Friday,1259.1000000000004,0.34038929440389304,34.059999999999945
16-02-2024,P119,Electronics,1339.2,1093.98,10,3,4017.6,320,1337.76,Normal,Friday,735.6599999999999,0.18310931899641575,1.4400000000000546
17-02-2024,P100,Home,1256.0,772.23,0,1,1256.0,462,1298.7,Sale,Saturday,483.77,0.38516719745222927,-42.700000000000045
17-02-2024,P101,Sports,527.4,378.71,10,2,1054.8,486,517.09,Normal,Saturday,297.38,0.2819302237390975,10.309999999999945
17-02-2024,P102,Electronics,780.9,545.84,5,0,0.0,355,756.53,Sale,Saturday,0.0,,24.370000000000005
17-02-2024,P103,Sports,544.0,417.86,0,3,1632.0,48,518.93,Normal,Saturday,378.4200000000001,0.23187500000000005,25.07000000000005
17-02-2024,P104,Sports,516.8,347.02,5,4,2067.2,278,495.73,Festival,Saturday,679.1199999999999,0.32852167182662534,21.069999999999936
17-02-2024,P105,Electronics,828.9,718.6,10,2,1657.8,36,827.96,Normal,Saturday,220.5999999999999,0.13306792134153692,0.9399999999999409
17-02-2024,P106,Electronics,1034.0,629.47,0,0,0.0,426,1046.75,Normal,Saturday,0.0,,-12.75
17-02-2024,P107,Fashion,967.0,704.01,0,0,0.0,455,965.41,Normal,Saturday,0.0,,1.5900000000000318
17-02-2024,P108,Electronics,289.8,197.92,10,1,289.8,484,297.11,Normal,Saturday,91.88000000000002,0.3170462387853693,-7.310000000000002
17-02-2024,P109,Fashion,185.4,153.52,10,5,927.0,49,181.67,Normal,Saturday,159.39999999999998,0.17195253505933114,3.730000000000018
17-02-2024,P110,Sports,370.8,304.29,10,4,1483.2,96,364.95,Normal,Saturday,266.03999999999996,0.17936893203883492,5.850000000000023
17-02-2024,P111,Electronics,1380.0,908.48,0,0,0.0,86,1439.27,Normal,Saturday,0.0,,-59.26999999999998
17-02-2024,P112,Sports,354.6,243.78,10,4,1418.4,335,363.37,Normal,Saturday,443.2800000000001,0.31252115059221663,-8.769999999999982
17-02-2024,P113,Home,898.7,646.01,5,0,0.0,103,884.68,Festival,Saturday,0.0,,14.020000000000095
17-02-2024,P114,Fashion,882.9,724.93,10,0,0.0,73,868.79,Sale,Saturday,0.0,,14.110000000000014
17-02-2024,P115,Fashion,823.0,502.91,0,0,0.0,469,839.07,Normal,Saturday,0.0,,-16.07000000000005
17-02-2024,P116,Fashion,1347.0,1058.97,0,4,5388.0,496,1380.44,Holiday,Saturday,1152.12,0.2138307349665924,-33.440000000000055
17-02-2024,P117,Home,306.0,232.96,0,2,612.0,156,320.06,Sale,Saturday,146.07999999999998,0.2386928104575163,-14.060000000000002
17-02-2024,P118,Fashion,760.95,514.03,5,0,0.0,131,728.89,Festival,Saturday,0.0,,32.06000000000006
17-02-2024,P119,Sports,587.35,416.5,15,0,0.0,95,565.54,Festival,Saturday,0.0,,21.81000000000006
18-02-2024,P100,Sports,369.0,276.63,0,2,738.0,89,383.09,Normal,Sunday,184.74,0.25032520325203256,-14.089999999999975
18-02-2024,P101,Home,328.95,299.28,15,0,0.0,425,329.87,Normal,Sunday,0.0,,-0.9200000000000159
18-02-2024,P102,Home,257.4,200.42,10,6,1544.4,67,250.94,Holiday,Sunday,341.8800000000001,0.2213675213675214,6.4599999999999795
18-02-2024,P103,Fashion,742.9,600.85,15,4,2971.6,247,752.74,Sale,Sunday,568.1999999999998,0.19121012249293304,-9.840000000000032
18-02-2024,P104,Sports,1362.3,1104.88,5,4,5449.2,398,1386.67,Normal,Sunday,1029.6799999999994,0.18895984731703724,-24.37000000000012
18-02-2024,P105,Sports,844.2,590.36,10,0,0.0,490,859.47,Normal,Sunday,0.0,,-15.269999999999982
18-02-2024,P106,Sports,1164.0,928.02,0,3,3492.0,376,1119.22,Holiday,Sunday,707.94,0.2027319587628866,44.77999999999997
18-02-2024,P107,Fashion,942.0,575.85,0,1,942.0,75,935.55,Normal,Sunday,366.15,0.38869426751592356,6.4500000000000455
18-02-2024,P108,Fashion,1077.3,885.87,5,3,3231.9,420,1061.62,Normal,Sunday,574.29,0.1776942355889724,15.680000000000064
18-02-2024,P109,Sports,746.0,475.09,0,1,746.0,451,737.97,Normal,Sunday,270.91,0.3631501340482574,8.029999999999973
18-02-2024,P110,Sports,701.0,543.49,0,0,0.0,248,697.89,Holiday,Sunday,0.0,,3.1100000000000136
18-02-2024,P111,Home,1473.0,1098.86,0,0,0.0,224,1499.55,Festival,Sunday,0.0,,-26.549999999999955
18-02-2024,P112,Sports,590.0,461.71,0,0,0.0,410,598.6,Sale,Sunday,0.0,,-8.600000000000023
18-02-2024,P113,Sports,939.6,764.51,10,0,0.0,242,931.09,Normal,Sunday,0.0,,8.509999999999991
18-02-2024,P114,Sports,761.6,594.29,15,4,3046.4,165,738.27,Holiday,Sunday,669.2400000000002,0.21968224789915974,23.33000000000004
18-02-2024,P115,Home,228.0,159.78,5,7,1596.0,240,236.46,Festival,Sunday,477.53999999999996,0.2992105263157894,-8.460000000000008
18-02-2024,P116,Sports,398.7,302.66,10,1,398.7,235,382.51,Sale,Sunday,96.03999999999996,0.24088286932530717,16.189999999999998
18-02-2024,P117,Home,1369.0,908.09,0,2,2738.0,430,1321.15,Sale,Sunday,921.8199999999999,0.3366764061358656,47.84999999999991
18-02-2024,P118,Fashion,671.4,574.24,10,3,2014.2,418,670.76,Normal,Sunday,291.48,0.14471254095918976,0.6399999999999864
18-02-2024,P119,Home,532.0,370.13,0,0,0.0,355,521.87,Sale,Sunday,0.0,,10.129999999999995
19-02-2024,P100,Home,390.6,318.49,10,0,0.0,154,387.95,Normal,Monday,0.0,,2.650000000000034
19-02-2024,P101,Home,520.6,373.84,5,2,1041.2,435,531.64,Normal,Monday,293.5200000000001,0.2819054936611603,-11.039999999999964
19-02-2024,P102,Electronics,235.0,170.77,0,5,1175.0,187,238.02,Normal,Monday,321.15,0.2733191489361702,-3.0200000000000102
19-02-2024,P103,Sports,1101.0,758.61,0,3,3303.0,464,1084.64,Normal,Monday,1027.17,0.3109809264305177,16.3599999999999
19-02-2024,P104,Home,373.15,319.68,15,3,1119.45,459,360.61,Normal,Monday,160.41000000000008,0.14329358166956996,12.539999999999964
19-02-2024,P105,Electronics,875.0,554.99,0,1,875.0,57,891.91,Sale,Monday,320.01,0.36572571428571427,-16.909999999999968
19-02-2024,P106,Fashion,294.0,225.3,0,4,1176.0,218,280.43,Normal,Monday,274.79999999999995,0.23367346938775507,13.569999999999993
19-02-2024,P107,Home,1186.0,731.62,0,3,3558.0,141,1128.94,Normal,Monday,1363.1399999999999,0.38311973018549744,57.059999999999945
19-02-2024,P108,Electronics,446.4,370.19,10,2,892.8,240,433.02,Sale,Monday,152.41999999999996,0.1707213261648745,13.379999999999995
19-02-2024,P109,Electronics,1414.0,1085.66,0,0,0.0,114,1436.59,Festival,Monday,0.0,,-22.589999999999918
19-02-2024,P110,Sports,978.0,648.38,0,3,2934.0,355,955.82,Normal,Monday,988.8600000000001,0.3370347648261759,22.17999999999995
19-02-2024,P111,Fashion,420.0,335.25,0,4,1680.0,455,416.0,Sale,Monday,339.0,0.2017857142857143,4.0
19-02-2024,P112,Sports,1065.9,685.87,5,0,0.0,247,1102.46,Normal,Monday,0.0,,-36.559999999999945
19-02-2024,P113,Home,691.0,538.16,0,4,2764.0,167,714.62,Normal,Monday,611.3600000000001,0.22118668596237342,-23.620000000000005
19-02-2024,P114,Home,361.0,276.25,0,5,1805.0,345,361.88,Normal,Monday,423.75,0.2347645429362881,-0.8799999999999955
19-02-2024,P115,Electronics,1042.2,891.89,10,0,0.0,29,1018.13,Normal,Monday,0.0,,24.07000000000005
19-02-2024,P116,Electronics,1273.5,1115.63,10,2,2547.0,52,1222.85,Normal,Monday,315.7399999999998,0.12396544954848833,50.65000000000009
19-02-2024,P117,Electronics,1359.0,879.13,0,1,1359.0,298,1366.04,Normal,Monday,479.87,0.35310522442972775,-7.039999999999964
19-02-2024,P118,Home,962.0,757.68,0,0,0.0,282,914.85,Normal,Monday,0.0,,47.14999999999998
19-02-2024,P119,Fashion,1071.6,842.1,5,4,4286.4,489,1107.31,Normal,Monday,917.9999999999995,0.2141657334826427,-35.710000000000036
20-02-2024,P100,Fashion,834.7,772.05,15,3,2504.1,463,823.14,Normal,Tuesday,187.95000000000027,0.0750569066730563,11.56000000000006
20-02-2024,P101,Electronics,1318.0,1014.96,0,3,3954.0,96,1283.69,Normal,Tuesday,909.1199999999999,0.22992412746585733,34.309999999999945
20-02-2024,P102,Fashion,517.65,430.23,15,3,1552.95,144,496.07,Festival,Tuesday,262.26,0.16887858591712546,21.579999999999984
20-02-2024,P103,Sports,898.7,719.18,5,0,0.0,247,871.61,Festival,Tuesday,0.0,,27.090000000000032
20-02-2024,P104,Fashion,1034.45,804.49,15,2,2068.9,297,1051.35,Normal,Tuesday,459.9200000000001,0.222301706220697,-16.899999999999864
20-02-2024,P105,Fashion,516.8,461.34,15,1,516.8,58,526.06,Festival,Tuesday,55.45999999999998,0.10731424148606808,-9.259999999999991
20-02-2024,P106,Sports,565.2,409.75,10,2,1130.4,373,538.77,Sale,Tuesday,310.9000000000001,0.2750353857041756,26.430000000000064
20-02-2024,P107,Sports,541.0,331.47,0,2,1082.0,169,566.09,Normal,Tuesday,419.05999999999995,0.3873012939001848,-25.090000000000032
20-02-2024,P108,Electronics,480.7,307.26,5,0,0.0,473,490.73,Normal,Tuesday,0.0,,-10.03000000000003
20-02-2024,P109,Home,1098.0,780.01,10,0,0.0,198,1054.69,Normal,Tuesday,0.0,,43.309999999999945
20-02-2024,P110,Sports,702.9,531.44,10,4,2811.6,245,735.43,Normal,Tuesday,685.8399999999997,0.24393228055199875,-32.52999999999997
20-02-2024,P111,Fashion,531.05,362.27,5,4,2124.2,148,552.81,Normal,Tuesday,675.1199999999999,0.3178231804914791,-21.75999999999999
20-02-2024,P112,Electronics,671.0,415.32,0,1,671.0,102,647.71,Normal,Tuesday,255.68,0.38104321907600597,23.289999999999964
20-02-2024,P113,Electronics,1476.0,984.44,0,1,1476.0,345,1405.11,Normal,Tuesday,491.55999999999995,0.3330352303523035,70.8900000000001
20-02-2024,P114,Fashion,856.8,637.98,10,0,0.0,435,863.86,Normal,Tuesday,0.0,,-7.060000000000059
20-02-2024,P115,Fashion,1318.6,937.53,5,0,0.0,467,1286.31,Holiday,Tuesday,0.0,,32.289999999999964
20-02-2024,P116,Home,395.25,354.41,15,8,3162.0,432,412.11,Normal,Tuesday,326.7199999999998,0.10332700822264383,-16.860000000000014
20-02-2024,P117,Fashion,855.0,626.07,10,1,855.0,457,886.74,Normal,Tuesday,228.92999999999995,0.26775438596491224,-31.74000000000001
20-02-2024,P118,Home,797.3,671.92,15,3,2391.9,270,818.15,Normal,Tuesday,376.1400000000003,0.1572557381161421,-20.850000000000023
20-02-2024,P119,Electronics,432.25,281.82,5,1,432.25,88,441.01,Normal,Tuesday,150.43,0.34801619433198383,-8.759999999999991
21-02-2024,P100,Home,752.4,527.17,5,2,1504.8,337,769.74,Normal,Wednesday,450.46000000000004,0.2993487506645402,-17.340000000000032
21-02-2024,P101,Home,851.7,761.08,15,0,0.0,293,892.45,Normal,Wednesday,0.0,,-40.75
21-02-2024,P102,Sports,1377.0,854.67,0,1,1377.0,27,1326.05,Sale,Wednesday,522.33,0.37932461873638346,50.950000000000045
21-02-2024,P103,Sports,778.05,543.8,5,0,0.0,376,786.2,Festival,Wednesday,0.0,,-8.150000000000091
21-02-2024,P104,Fashion,1189.4,898.67,5,0,0.0,230,1218.21,Normal,Wednesday,0.0,,-28.809999999999945
21-02-2024,P105,Sports,1339.2,900.28,10,1,1339.2,158,1380.76,Normal,Wednesday,438.9200000000001,0.3277479091995221,-41.559999999999945
21-02-2024,P106,Fashion,454.0,313.0,0,3,1362.0,107,466.92,Normal,Wednesday,423.0,0.31057268722466963,-12.920000000000016
21-02-2024,P107,Sports,1260.9,1072.75,10,2,2521.8,147,1230.52,Normal,Wednesday,376.3000000000002,0.14921881195971137,30.38000000000011
21-02-2024,P108,Electronics,861.0,547.36,0,3,2583.0,214,853.98,Festival,Wednesday,940.9200000000001,0.364274099883856,7.019999999999982
21-02-2024,P109,Home,321.0,252.3,0,4,1284.0,77,307.48,Sale,Wednesday,274.79999999999995,0.214018691588785,13.519999999999982
21-02-2024,P110,Home,551.95,388.24,5,5,2759.75,392,563.63,Sale,Wednesday,818.55,0.2966029531660476,-11.67999999999995
21-02-2024,P111,Fashion,780.0,593.28,0,1,780.0,279,802.29,Holiday,Wednesday,186.72000000000003,0.23938461538461542,-22.289999999999964
21-02-2024,P112,Fashion,486.0,408.79,10,2,972.0,238,488.65,Normal,Wednesday,154.41999999999996,0.1588683127572016,-2.6499999999999773
21-02-2024,P113,Fashion,1020.0,781.33,0,2,2040.0,275,1055.95,Sale,Wednesday,477.3399999999999,0.23399019607843133,-35.950000000000045
21-02-2024,P114,Home,434.0,337.84,0,2,868.0,268,435.21,Sale,Wednesday,192.32000000000005,0.22156682027649777,-1.2099999999999795
21-02-2024,P115,Electronics,1099.0,827.24,0,0,0.0,417,1130.86,Normal,Wednesday,0.0,,-31.8599999999999
21-02-2024,P116,Electronics,481.65,374.09,5,2,963.3,261,483.49,Normal,Wednesday,215.12,0.2233156856638638,-1.8400000000000318
21-02-2024,P117,Sports,442.0,310.72,0,0,0.0,159,449.2,Sale,Wednesday,0.0,,-7.199999999999989
21-02-2024,P118,Fashion,371.0,274.77,0,4,1484.0,257,369.9,Festival,Wednesday,384.9200000000001,0.25938005390835583,1.1000000000000227
21-02-2024,P119,Fashion,1096.2,797.9,10,3,3288.6,457,1081.62,Holiday,Wednesday,894.9000000000001,0.2721218755701515,14.580000000000155
22-02-2024,P100,Fashion,213.0,147.16,0,0,0.0,72,202.43,Normal,Thursday,0.0,,10.569999999999993
22-02-2024,P101,Sports,912.6,765.04,10,1,912.6,271,954.15,Normal,Thursday,147.56000000000006,0.16169186938417715,-41.549999999999955
22-02-2024,P102,Electronics,330.0,222.97,0,1,330.0,45,334.3,Normal,Thursday,107.03,0.32433333333333336,-4.300000000000011
22-02-2024,P103,Electronics,788.0,521.44,0,0,0.0,30,764.29,Normal,Thursday,0.0,,23.710000000000036
22-02-2024,P104,Sports,739.0,479.87,0,0,0.0,494,703.69,Festival,Thursday,0.0,,35.309999999999945
22-02-2024,P105,Sports,1024.25,785.98,15,1,1024.25,468,1004.76,Sale,Thursday,238.26999999999998,0.23262875274591163,19.49000000000001
22-02-2024,P106,Sports,1400.0,1034.55,0,0,0.0,75,1462.3,Festival,Thursday,0.0,,-62.299999999999955
22-02-2024,P107,Electronics,372.6,305.17,10,4,1490.4,289,373.82,Holiday,Thursday,269.72,0.18097155126140635,-1.2199999999999704
22-02-2024,P108,Home,300.9,255.68,15,3,902.7,319,288.73,Normal,Thursday,135.66000000000008,0.1502824858757063,12.169999999999959
22-02-2024,P109,Electronics,836.1,654.49,10,0,0.0,48,807.31,Normal,Thursday,0.0,,28.790000000000077
22-02-2024,P110,Electronics,200.7,175.37,10,5,1003.5,346,206.03,Sale,Thursday,126.64999999999998,0.12620827105132035,-5.3300000000000125
22-02-2024,P111,Electronics,676.0,522.88,0,1,676.0,363,664.72,Normal,Thursday,153.12,0.22650887573964498,11.279999999999973
22-02-2024,P112,Electronics,458.0,313.68,0,2,916.0,477,447.95,Festival,Thursday,288.64,0.31510917030567687,10.050000000000011
22-02-2024,P113,Sports,607.0,399.16,0,2,1214.0,459,616.21,Sale,Thursday,415.67999999999995,0.34240527182866554,-9.210000000000036
22-02-2024,P114,Sports,493.0,458.89,15,3,1479.0,344,490.9,Normal,Thursday,102.32999999999993,0.06918864097363078,2.1000000000000227
22-02-2024,P115,Home,213.75,156.94,5,9,1923.75,40,214.39,Festival,Thursday,511.28999999999996,0.2657777777777778,-0.6399999999999864
22-02-2024,P116,Home,811.3,515.48,5,2,1622.6,204,834.61,Normal,Thursday,591.6399999999999,0.36462467644521135,-23.31000000000006
22-02-2024,P117,Sports,817.2,567.97,10,3,2451.6,311,824.95,Normal,Thursday,747.6899999999998,0.3049804209495839,-7.75
22-02-2024,P118,Fashion,1118.0,757.58,0,4,4472.0,382,1164.35,Festival,Thursday,1441.6799999999998,0.3223792486583184,-46.34999999999991
22-02-2024,P119,Home,389.7,311.21,10,1,389.7,328,402.49,Normal,Thursday,78.49000000000001,0.20141134205799335,-12.79000000000002
23-02-2024,P100,Electronics,1343.0,1018.54,0,0,0.0,279,1286.48,Sale,Friday,0.0,,56.51999999999998
23-02-2024,P101,Fashion,1189.0,781.62,0,0,0.0,168,1231.93,Normal,Friday,0.0,,-42.930000000000064
23-02-2024,P102,Sports,652.0,429.53,0,0,0.0,150,629.74,Sale,Friday,0.0,,22.25999999999999
23-02-2024,P103,Home,950.95,753.31,5,0,0.0,230,967.19,Normal,Friday,0.0,,-16.24000000000001
23-02-2024,P104,Sports,1204.6,948.54,5,0,0.0,28,1208.17,Normal,Friday,0.0,,-3.5700000000001637
23-02-2024,P105,Fashion,1253.0,790.56,0,0,0.0,418,1241.47,Normal,Friday,0.0,,11.529999999999973
23-02-2024,P106,Fashion,859.0,578.9,0,1,859.0,277,852.43,Normal,Friday,280.1,0.32607683352735745,6.57000000000005
23-02-2024,P107,Home,686.7,585.09,10,0,0.0,429,676.09,Normal,Friday,0.0,,10.610000000000014
23-02-2024,P108,Home,433.0,278.98,0,7,3031.0,310,429.07,Sale,Friday,1078.1399999999999,0.3557043879907621,3.930000000000007
23-02-2024,P109,Home,289.0,221.21,0,1,289.0,32,282.51,Normal,Friday,67.78999999999999,0.2345674740484429,6.490000000000009
23-02-2024,P110,Sports,467.4,386.44,5,2,934.8,168,463.09,Normal,Friday,161.91999999999996,0.17321352160890027,4.310000000000002
23-02-2024,P111,Fashion,406.8,314.5,10,0,0.0,285,402.52,Sale,Friday,0.0,,4.28000000000003
23-02-2024,P112,Fashion,474.0,287.78,0,1,474.0,29,476.57,Normal,Friday,186.22000000000003,0.3928691983122363,-2.569999999999993
23-02-2024,P113,Home,225.0,141.12,0,4,900.0,154,218.57,Normal,Friday,335.52,0.37279999999999996,6.430000000000007
23-02-2024,P114,Home,1379.0,868.33,0,0,0.0,288,1434.77,Sale,Friday,0.0,,-55.76999999999998
23-02-2024,P115,Sports,666.0,441.65,0,3,1998.0,309,647.55,Normal,Friday,673.0500000000002,0.33686186186186196,18.450000000000045
23-02-2024,P116,Electronics,1107.0,666.83,0,6,6642.0,109,1052.31,Holiday,Friday,2641.0199999999995,0.39762420957542904,54.690000000000055
23-02-2024,P117,Sports,432.0,330.77,0,2,864.0,233,420.65,Festival,Friday,202.46000000000004,0.23432870370370373,11.350000000000023
23-02-2024,P118,Sports,534.0,392.39,0,3,1602.0,383,541.35,Normal,Friday,424.8299999999999,0.26518726591760294,-7.350000000000023
23-02-2024,P119,Sports,1138.1,844.69,5,0,0.0,364,1181.73,Sale,Friday,0.0,,-43.63000000000011
24-02-2024,P100,Fashion,848.3,743.84,15,0,0.0,326,876.48,Normal,Saturday,0.0,,-28.180000000000064
24-02-2024,P101,Electronics,802.0,600.43,0,0,0.0,347,798.32,Normal,Saturday,0.0,,3.67999999999995
24-02-2024,P102,Fashion,1088.0,679.08,0,0,0.0,310,1064.89,Normal,Saturday,0.0,,23.1099999999999
24-02-2024,P103,Sports,704.0,443.46,0,0,0.0,194,677.5,Festival,Saturday,0.0,,26.5
24-02-2024,P104,Sports,630.9,529.58,10,1,630.9,86,622.15,Normal,Saturday,101.31999999999994,0.16059597400538903,8.75
24-02-2024,P105,Home,399.95,309.13,5,0,0.0,429,415.89,Normal,Saturday,0.0,,-15.939999999999998
24-02-2024,P106,Electronics,748.6,513.94,5,2,1497.2,498,779.11,Normal,Saturday,469.31999999999994,0.3134651349185145,-30.50999999999999
24-02-2024,P107,Electronics,1367.0,1086.41,0,0,0.0,447,1404.3,Normal,Saturday,0.0,,-37.299999999999955
24-02-2024,P108,Sports,737.0,466.31,0,1,737.0,298,733.48,Normal,Saturday,270.69,0.3672862957937585,3.519999999999982
24-02-2024,P109,Electronics,1421.2,1049.96,5,0,0.0,39,1400.79,Normal,Saturday,0.0,,20.410000000000082
24-02-2024,P110,Home,1433.0,896.07,0,3,4299.0,251,1470.78,Normal,Saturday,1610.79,0.3746894626657362,-37.77999999999997
24-02-2024,P111,Sports,1152.35,780.88,5,1,1152.35,227,1112.63,Normal,Saturday,371.4699999999999,0.32235865839371713,39.7199999999998
24-02-2024,P112,Home,1301.0,942.0,0,0,0.0,386,1247.2,Normal,Saturday,0.0,,53.799999999999955
24-02-2024,P113,Fashion,269.0,168.24,0,3,807.0,349,279.18,Normal,Saturday,302.28,0.37457249070631965,-10.180000000000007
24-02-2024,P114,Electronics,377.15,305.05,5,9,3394.35,203,360.61,Festival,Saturday,648.8999999999996,0.191170621768527,16.539999999999964
24-02-2024,P115,Fashion,421.8,270.77,5,2,843.6,497,436.72,Normal,Saturday,302.06000000000006,0.3580606922712187,-14.920000000000016
24-02-2024,P116,Sports,620.5,512.75,15,0,0.0,285,629.97,Holiday,Saturday,0.0,,-9.470000000000027
24-02-2024,P117,Home,1075.4,693.8,5,0,0.0,474,1088.52,Normal,Saturday,0.0,,-13.11999999999989
24-02-2024,P118,Fashion,681.3,563.75,10,1,681.3,47,660.92,Festival,Saturday,117.54999999999995,0.1725377953911639,20.379999999999995
24-02-2024,P119,Home,1130.5,765.0,5,0,0.0,308,1124.05,Holiday,Saturday,0.0,,6.4500000000000455
25-02-2024,P100,Sports,546.25,428.36,5,2,1092.5,331,535.92,Normal,Sunday,235.77999999999997,0.2158169336384439,10.330000000000041
25-02-2024,P101,Sports,408.5,309.48,5,2,817.0,180,390.19,Normal,Sunday,198.03999999999996,0.2423990208078335,18.310000000000002
25-02-2024,P102,Electronics,987.3,858.42,10,0,0.0,390,1012.52,Normal,Sunday,0.0,,-25.220000000000027
25-02-2024,P103,Fashion,481.0,329.79,0,2,962.0,153,458.29,Normal,Sunday,302.41999999999996,0.31436590436590434,22.70999999999998
25-02-2024,P104,Home,881.6,737.7,5,3,2644.8,447,902.32,Normal,Sunday,431.6999999999998,0.16322595281306707,-20.720000000000027
25-02-2024,P105,Fashion,1081.1,818.07,5,1,1081.1,298,1044.8,Normal,Sunday,263.02999999999986,0.24329849227638506,36.299999999999955
25-02-2024,P106,Electronics,1259.7,841.04,5,0,0.0,273,1273.49,Sale,Sunday,0.0,,-13.789999999999964
25-02-2024,P107,Sports,662.0,524.88,0,4,2648.0,362,649.71,Normal,Sunday,548.48,0.20712990936555892,12.289999999999964
25-02-2024,P108,Fashion,332.0,261.01,0,4,1328.0,483,334.56,Normal,Sunday,283.96000000000004,0.2138253012048193,-2.5600000000000023
25-02-2024,P109,Electronics,1304.1,1056.29,10,2,2608.2,362,1318.34,Sale,Sunday,495.6199999999999,0.19002377118319144,-14.240000000000009
25-02-2024,P110,Home,1210.4,1040.82,15,0,0.0,132,1243.71,Normal,Sunday,0.0,,-33.309999999999945
25-02-2024,P111,Electronics,779.0,560.33,0,1,779.0,39,746.25,Normal,Sunday,218.66999999999996,0.2807060333761232,32.75
25-02-2024,P112,Sports,1300.0,947.38,0,0,0.0,236,1333.13,Sale,Sunday,0.0,,-33.13000000000011
25-02-2024,P113,Home,570.6,499.92,10,5,2853.0,404,575.6,Festival,Sunday,353.4000000000001,0.12386961093585702,-5.0
25-02-2024,P114,Sports,1054.0,764.14,0,4,4216.0,128,1101.62,Holiday,Sunday,1159.44,0.27500948766603417,-47.61999999999989
25-02-2024,P115,Electronics,918.0,666.47,0,1,918.0,39,899.75,Normal,Sunday,251.52999999999997,0.2739978213507625,18.25
25-02-2024,P116,Electronics,871.15,634.25,5,0,0.0,430,907.26,Sale,Sunday,0.0,,-36.110000000000014
25-02-2024,P117,Fashion,250.0,189.74,0,5,1250.0,486,250.84,Normal,Sunday,301.29999999999995,0.24103999999999998,-0.8400000000000034
25-02-2024,P118,Sports,1285.0,1027.23,0,0,0.0,45,1265.5,Normal,Sunday,0.0,,19.5
25-02-2024,P119,Fashion,400.5,342.3,10,1,400.5,243,388.95,Normal,Sunday,58.19999999999999,0.14531835205992508,11.550000000000011
26-02-2024,P100,Fashion,371.0,271.85,0,4,1484.0,495,371.65,Holiday,Monday,396.5999999999999,0.2672506738544474,-0.6499999999999773
26-02-2024,P101,Fashion,726.75,507.2,5,4,2907.0,421,759.5,Holiday,Monday,878.2,0.3020983832129343,-32.75
26-02-2024,P102,Fashion,678.3,571.54,15,0,0.0,466,699.45,Normal,Monday,0.0,,-21.15000000000009
26-02-2024,P103,Electronics,819.0,496.4,0,0,0.0,494,850.66,Normal,Monday,0.0,,-31.659999999999968
26-02-2024,P104,Home,776.7,645.66,10,3,2330.1,274,797.15,Holiday,Monday,393.1199999999999,0.16871378910776358,-20.449999999999932
26-02-2024,P105,Home,813.6,622.15,10,2,1627.2,137,823.77,Holiday,Monday,382.9000000000001,0.2353121927236972,-10.169999999999959
26-02-2024,P106,Electronics,839.0,509.23,0,0,0.0,379,847.51,Normal,Monday,0.0,,-8.509999999999991
26-02-2024,P107,Home,1304.35,927.65,5,0,0.0,118,1342.44,Normal,Monday,0.0,,-38.090000000000146
26-02-2024,P108,Sports,641.7,560.49,10,7,4491.9,140,637.39,Festival,Monday,568.4699999999993,0.12655446470313217,4.310000000000059
26-02-2024,P109,Home,823.0,547.44,0,5,4115.0,422,831.46,Festival,Monday,1377.7999999999997,0.33482381530984195,-8.460000000000036
26-02-2024,P110,Home,429.4,313.49,5,6,2576.4,468,446.36,Sale,Monday,695.46,0.2699347927340475,-16.960000000000036
26-02-2024,P111,Home,828.0,597.01,10,2,1656.0,327,829.72,Normal,Monday,461.98,0.27897342995169083,-1.7200000000000273
26-02-2024,P112,Home,1239.3,957.04,10,0,0.0,379,1221.94,Normal,Monday,0.0,,17.3599999999999
26-02-2024,P113,Sports,1325.0,903.93,0,2,2650.0,144,1312.7,Sale,Monday,842.1400000000001,0.31778867924528303,12.299999999999955
26-02-2024,P114,Fashion,391.5,316.19,10,1,391.5,350,397.01,Festival,Monday,75.31,0.19236270753512133,-5.509999999999991
26-02-2024,P115,Fashion,340.0,248.66,15,3,1020.0,292,334.34,Holiday,Monday,274.02,0.2686470588235294,5.660000000000025
26-02-2024,P116,Electronics,578.0,366.71,0,2,1156.0,154,565.61,Normal,Monday,422.58000000000004,0.3655536332179931,12.389999999999986
26-02-2024,P117,Sports,191.9,143.26,5,7,1343.3,416,200.24,Normal,Monday,340.48,0.25346534653465347,-8.340000000000003
26-02-2024,P118,Home,1018.4,667.63,5,0,0.0,337,1038.98,Holiday,Monday,0.0,,-20.58000000000004
26-02-2024,P119,Home,648.9,549.37,10,3,1946.7,159,622.51,Normal,Monday,298.5899999999999,0.1533826475574048,26.389999999999986
27-02-2024,P100,Fashion,785.0,619.46,0,2,1570.0,131,792.79,Normal,Tuesday,331.0799999999999,0.2108789808917197,-7.789999999999964
27-02-2024,P101,Fashion,986.0,665.62,0,0,0.0,436,991.41,Normal,Tuesday,0.0,,-5.409999999999968
27-02-2024,P102,Sports,1017.45,846.73,15,0,0.0,128,1052.71,Festival,Tuesday,0.0,,-35.25999999999999
27-02-2024,P103,Sports,1202.0,944.14,0,0,0.0,415,1248.91,Normal,Tuesday,0.0,,-46.91000000000008
27-02-2024,P104,Home,1226.0,921.33,0,0,0.0,491,1171.53,Normal,Tuesday,0.0,,54.47000000000003
27-02-2024,P105,Electronics,1386.05,973.08,5,0,0.0,233,1413.58,Normal,Tuesday,0.0,,-27.529999999999973
27-02-2024,P106,Home,1155.0,736.63,0,0,0.0,366,1158.97,Normal,Tuesday,0.0,,-3.9700000000000273
27-02-2024,P107,Home,741.0,493.09,0,0,0.0,236,716.48,Normal,Tuesday,0.0,,24.519999999999982
27-02-2024,P108,Electronics,1238.0,850.42,0,0,0.0,420,1198.22,Normal,Tuesday,0.0,,39.77999999999997
27-02-2024,P109,Fashion,1209.35,842.67,5,0,0.0,458,1229.15,Normal,Tuesday,0.0,,-19.800000000000182
27-02-2024,P110,Sports,1250.35,964.35,15,3,3751.05,57,1299.52,Sale,Tuesday,858.0,0.22873595393289878,-49.17000000000007
27-02-2024,P111,Sports,1404.1,952.28,5,3,4212.3,485,1410.96,Normal,Tuesday,1355.46,0.32178619756427607,-6.860000000000127
27-02-2024,P112,Fashion,640.0,464.63,0,3,1920.0,479,642.63,Normal,Tuesday,526.1100000000001,0.27401562500000004,-2.6299999999999955
27-02-2024,P113,Sports,447.0,335.07,0,2,894.0,415,435.93,Sale,Tuesday,223.86,0.2504026845637584,11.069999999999993
27-02-2024,P114,Sports,468.35,366.08,5,5,2341.75,427,487.28,Normal,Tuesday,511.35000000000014,0.21836233585993386,-18.92999999999995
27-02-2024,P115,Home,917.1,654.13,10,0,0.0,101,927.76,Normal,Tuesday,0.0,,-10.659999999999968
27-02-2024,P116,Sports,314.0,201.46,0,1,314.0,130,323.72,Normal,Tuesday,112.53999999999999,0.3584076433121019,-9.720000000000027
27-02-2024,P117,Electronics,1100.0,818.86,0,1,1100.0,89,1109.93,Normal,Tuesday,281.14,0.2555818181818182,-9.930000000000064
27-02-2024,P118,Electronics,577.8,493.5,10,1,577.8,190,552.28,Festival,Tuesday,84.29999999999995,0.14589823468328134,25.519999999999982
27-02-2024,P119,Home,567.0,403.8,0,0,0.0,365,585.27,Normal,Tuesday,0.0,,-18.269999999999982
28-02-2024,P100,Sports,808.2,568.01,10,0,0.0,430,823.29,Normal,Wednesday,0.0,,-15.089999999999918
28-02-2024,P101,Sports,569.7,447.07,10,1,569.7,115,586.3,Normal,Wednesday,122.63000000000005,0.21525364226786034,-16.59999999999991
28-02-2024,P102,Fashion,303.0,234.74,0,7,2121.0,62,295.32,Festival,Wednesday,477.81999999999994,0.22528052805280524,7.680000000000007
28-02-2024,P103,Home,1089.9,939.52,10,4,4359.6,261,1107.86,Normal,Wednesday,601.5200000000004,0.13797596109734847,-17.95999999999981
28-02-2024,P104,Electronics,896.0,667.87,0,0,0.0,430,851.93,Normal,Wednesday,0.0,,44.07000000000005
28-02-2024,P105,Home,970.0,690.62,0,2,1940.0,489,937.71,Normal,Wednesday,558.76,0.288020618556701,32.289999999999964
28-02-2024,P106,Sports,1307.7,897.04,10,1,1307.7,68,1249.2,Normal,Wednesday,410.6600000000001,0.3140322703984095,58.5
28-02-2024,P107,Sports,764.75,567.95,5,0,0.0,474,797.2,Festival,Wednesday,0.0,,-32.450000000000045
28-02-2024,P108,Electronics,521.05,371.52,15,1,521.05,333,527.49,Normal,Wednesday,149.52999999999997,0.2869782170617023,-6.440000000000055
28-02-2024,P109,Electronics,1170.0,935.88,0,1,1170.0,359,1178.9,Normal,Wednesday,234.12,0.2001025641025641,-8.900000000000091
28-02-2024,P110,Sports,311.0,197.25,0,6,1866.0,298,302.84,Holiday,Wednesday,682.5,0.3657556270096463,8.160000000000025
28-02-2024,P111,Fashion,342.0,239.47,10,6,2052.0,233,355.25,Normal,Wednesday,615.1800000000001,0.29979532163742695,-13.25
28-02-2024,P112,Sports,452.0,294.37,0,1,452.0,100,468.78,Holiday,Wednesday,157.63,0.34873893805309736,-16.779999999999973
28-02-2024,P113,Sports,898.45,806.11,15,5,4492.25,23,936.7,Normal,Wednesday,461.6999999999998,0.10277700484167172,-38.25
28-02-2024,P114,Sports,1076.4,882.62,10,0,0.0,249,1044.86,Normal,Wednesday,0.0,,31.54000000000019
28-02-2024,P115,Fashion,577.0,359.15,0,1,577.0,480,583.59,Sale,Wednesday,217.85000000000002,0.3775563258232236,-6.590000000000032
28-02-2024,P116,Home,1350.9,976.23,5,1,1350.9,295,1369.5,Normal,Wednesday,374.6700000000001,0.27734843437708195,-18.59999999999991
28-02-2024,P117,Electronics,1006.0,645.81,0,0,0.0,187,1002.45,Normal,Wednesday,0.0,,3.5499999999999545
28-02-2024,P118,Sports,179.35,149.62,15,7,1255.45,97,173.6,Festival,Wednesday,208.1099999999999,0.165765263451352,5.75
28-02-2024,P119,Electronics,1207.45,781.89,5,0,0.0,478,1222.39,Normal,Wednesday,0.0,,-14.940000000000055
29-02-2024,P100,Fashion,664.0,427.28,0,2,1328.0,66,663.38,Holiday,Thursday,473.44000000000005,0.3565060240963856,0.6200000000000045
29-02-2024,P101,Sports,641.75,467.26,15,0,0.0,490,670.57,Holiday,Thursday,0.0,,-28.82000000000005
29-02-2024,P102,Electronics,1258.0,811.58,0,0,0.0,97,1271.1,Sale,Thursday,0.0,,-13.099999999999909
29-02-2024,P103,Sports,574.0,434.7,0,2,1148.0,408,547.83,Normal,Thursday,278.6,0.24268292682926831,26.16999999999996
29-02-2024,P104,Fashion,1043.0,824.9,0,2,2086.0,165,1089.55,Normal,Thursday,436.20000000000005,0.20910834132310643,-46.549999999999955
29-02-2024,P105,Sports,1185.3,923.78,10,0,0.0,231,1230.55,Normal,Thursday,0.0,,-45.25
29-02-2024,P106,Electronics,947.0,570.23,0,1,947.0,212,979.51,Sale,Thursday,376.77,0.39785638859556494,-32.50999999999999
29-02-2024,P107,Fashion,345.0,217.88,0,1,345.0,81,333.15,Normal,Thursday,127.12,0.36846376811594206,11.850000000000023
29-02-2024,P108,Electronics,314.5,231.91,15,4,1258.0,107,324.07,Normal,Thursday,330.36,0.2626073131955485,-9.569999999999993
29-02-2024,P109,Fashion,791.1,566.9,10,3,2373.3,234,807.54,Normal,Thursday,672.6000000000004,0.2834028567816965,-16.43999999999994
29-02-2024,P110,Fashion,1105.0,716.46,0,0,0.0,314,1051.87,Sale,Thursday,0.0,,53.13000000000011
29-02-2024,P111,Home,1017.0,614.8,0,1,1017.0,27,981.67,Festival,Thursday,402.20000000000005,0.3954768928220256,35.33000000000004
29-02-2024,P112,Sports,1125.0,995.67,10,0,0.0,441,1146.14,Normal,Thursday,0.0,,-21.1400000000001
29-02-2024,P113,Home,1344.0,1005.74,0,0,0.0,417,1321.19,Normal,Thursday,0.0,,22.809999999999945
29-02-2024,P114,Sports,334.8,294.37,10,4,1339.2,85,341.11,Festival,Thursday,161.72000000000003,0.12075866188769416,-6.310000000000002
29-02-2024,P115,Fashion,455.05,305.9,5,1,455.05,426,436.55,Normal,Thursday,149.15000000000003,0.32776617954070986,18.5
29-02-2024,P116,Sports,222.3,165.24,5,9,2000.7,298,215.64,Normal,Thursday,513.54,0.25668016194331983,6.660000000000025
29-02-2024,P117,Sports,1398.0,1103.01,0,0,0.0,341,1417.81,Normal,Thursday,0.0,,-19.809999999999945
29-02-2024,P118,Sports,1456.0,1048.39,0,0,0.0,63,1391.39,Normal,Thursday,0.0,,64.6099999999999
29-02-2024,P119,Electronics,794.0,538.01,0,4,3176.0,395,785.91,Normal,Thursday,1023.96,0.32240554156171286,8.090000000000032
01-03-2024,P100,Home,1294.0,899.72,0,0,0.0,151,1322.68,Normal,Friday,0.0,,-28.680000000000064
01-03-2024,P101,Fashion,1447.0,954.45,0,4,5788.0,260,1495.56,Normal,Friday,1970.1999999999998,0.34039391845196953,-48.559999999999945
01-03-2024,P102,Home,785.4,592.64,15,0,0.0,326,787.2,Normal,Friday,0.0,,-1.8000000000000682
01-03-2024,P103,Sports,1037.0,854.53,15,2,2074.0,257,1082.8,Normal,Friday,364.94000000000005,0.1759594985535198,-45.799999999999955
01-03-2024,P104,Fashion,848.0,618.64,0,0,0.0,197,818.05,Normal,Friday,0.0,,29.950000000000045
01-03-2024,P105,Home,499.0,376.25,0,0,0.0,280,509.68,Normal,Friday,0.0,,-10.680000000000007
01-03-2024,P106,Sports,1199.0,768.44,0,2,2398.0,287,1154.12,Normal,Friday,861.1199999999999,0.3590992493744787,44.88000000000011
01-03-2024,P107,Home,393.3,290.63,5,1,393.3,274,389.18,Normal,Friday,102.67000000000002,0.2610475464022375,4.1200000000000045
01-03-2024,P108,Sports,395.2,318.81,5,1,395.2,353,389.24,Normal,Friday,76.38999999999999,0.19329453441295544,5.9599999999999795
01-03-2024,P109,Sports,756.9,587.33,10,2,1513.8,223,735.83,Normal,Friday,339.1399999999999,0.22403223675518555,21.069999999999936
01-03-2024,P110,Electronics,1270.75,1088.37,15,0,0.0,412,1207.46,Holiday,Friday,0.0,,63.289999999999964
01-03-2024,P111,Home,577.15,510.73,15,2,1154.3,132,558.71,Normal,Friday,132.83999999999992,0.1150827341245776,18.43999999999994
01-03-2024,P112,Home,831.0,630.54,0,0,0.0,122,834.12,Normal,Friday,0.0,,-3.1200000000000045
01-03-2024,P113,Electronics,519.65,338.65,5,0,0.0,475,527.29,Normal,Friday,0.0,,-7.639999999999986
01-03-2024,P114,Electronics,500.0,358.46,0,0,0.0,103,499.4,Normal,Friday,0.0,,0.6000000000000227
01-03-2024,P115,Sports,1424.0,911.36,0,4,5696.0,215,1449.04,Normal,Friday,2050.56,0.36,-25.039999999999964
01-03-2024,P116,Home,1457.0,1047.22,0,1,1457.0,161,1421.97,Normal,Friday,409.78,0.2812491420727522,35.02999999999997
01-03-2024,P117,Home,289.0,194.46,0,3,867.0,349,292.94,Sale,Friday,283.62,0.3271280276816609,-3.9399999999999977
01-03-2024,P118,Home,541.8,479.19,10,3,1625.4,35,545.86,Normal,Friday,187.83000000000015,0.11555924695459588,-4.060000000000059
01-03-2024,P119,Electronics,817.0,639.94,0,0,0.0,419,788.84,Normal,Friday,0.0,,28.159999999999968
02-03-2024,P100,Sports,454.75,412.91,15,1,454.75,82,445.38,Normal,Saturday,41.839999999999975,0.09200659703133585,9.370000000000005
02-03-2024,P101,Home,851.2,627.88,5,4,3404.8,264,891.45,Festival,Saturday,893.2800000000002,0.26235902255639104,-40.25
02-03-2024,P102,Home,330.6,214.27,5,6,1983.6,473,325.05,Normal,Saturday,697.9799999999998,0.3518753781004234,5.550000000000011
02-03-2024,P103,Fashion,551.95,433.24,5,3,1655.85,250,542.85,Holiday,Saturday,356.1299999999999,0.21507382915119116,9.100000000000023
02-03-2024,P104,Sports,1153.0,810.98,0,3,3459.0,213,1119.55,Normal,Saturday,1026.06,0.2966348655680833,33.450000000000045
02-03-2024,P105,Sports,353.7,280.96,10,2,707.4,233,355.92,Holiday,Saturday,145.48000000000002,0.2056545094713034,-2.2200000000000273
02-03-2024,P106,Sports,306.0,264.61,10,4,1224.0,106,296.33,Normal,Saturday,165.55999999999995,0.13526143790849668,9.670000000000016
02-03-2024,P107,Electronics,838.8,685.92,10,2,1677.6,183,800.35,Normal,Saturday,305.76,0.18226037195994277,38.44999999999993
02-03-2024,P108,Sports,444.0,348.98,0,0,0.0,76,464.58,Normal,Saturday,0.0,,-20.579999999999984
02-03-2024,P109,Fashion,277.0,172.99,0,8,2216.0,389,263.97,Normal,Saturday,832.0799999999999,0.37548736462093857,13.029999999999973
02-03-2024,P110,Electronics,1010.8,769.08,5,0,0.0,175,969.54,Festival,Saturday,0.0,,41.25999999999999
02-03-2024,P111,Electronics,324.0,286.67,10,5,1620.0,490,338.67,Normal,Saturday,186.64999999999986,0.11521604938271597,-14.670000000000016
02-03-2024,P112,Electronics,251.1,216.2,10,2,502.2,368,262.11,Normal,Saturday,69.80000000000001,0.13898845081640784,-11.01000000000002
02-03-2024,P113,Fashion,497.25,417.59,15,1,497.25,301,498.75,Normal,Saturday,79.66000000000003,0.16020110608345908,-1.5
02-03-2024,P114,Sports,380.95,301.29,5,1,380.95,357,370.82,Normal,Saturday,79.65999999999997,0.20910880693004325,10.129999999999995
02-03-2024,P115,Sports,1161.0,870.66,0,7,8127.0,446,1110.69,Sale,Saturday,2032.38,0.25007751937984496,50.309999999999945
02-03-2024,P116,Electronics,398.0,253.63,0,6,2388.0,306,411.14,Festival,Saturday,866.22,0.36273869346733667,-13.139999999999986
02-03-2024,P117,Fashion,1077.3,896.58,5,2,2154.6,194,1047.14,Normal,Saturday,361.4399999999998,0.1677527151211361,30.159999999999854
02-03-2024,P118,Fashion,1326.0,915.04,0,2,2652.0,48,1322.17,Holiday,Saturday,821.9200000000001,0.3099245852187029,3.8299999999999272
02-03-2024,P119,Electronics,1412.0,908.52,0,0,0.0,56,1388.41,Holiday,Saturday,0.0,,23.589999999999918
03-03-2024,P100,Home,1174.7,916.84,15,1,1174.7,87,1159.25,Sale,Sunday,257.86,0.2195113646037286,15.450000000000045
03-03-2024,P101,Home,1129.0,791.02,0,1,1129.0,57,1073.34,Normal,Sunday,337.98,0.299362267493357,55.66000000000008
03-03-2024,P102,Fashion,1008.1,718.36,15,2,2016.2,309,958.52,Normal,Sunday,579.48,0.28741196309889894,49.58000000000004
03-03-2024,P103,Home,574.75,395.7,5,0,0.0,277,602.08,Sale,Sunday,0.0,,-27.33000000000004
03-03-2024,P104,Sports,794.0,618.31,0,0,0.0,27,798.98,Normal,Sunday,0.0,,-4.980000000000018
03-03-2024,P105,Fashion,399.0,268.75,0,7,2793.0,140,404.7,Sale,Sunday,911.75,0.32644110275689225,-5.699999999999989
03-03-2024,P106,Electronics,475.0,334.87,0,6,2850.0,259,472.51,Sale,Sunday,840.78,0.29501052631578945,2.490000000000009
03-03-2024,P107,Home,271.0,200.69,0,5,1355.0,487,264.04,Sale,Sunday,351.54999999999995,0.2594464944649446,6.9599999999999795
03-03-2024,P108,Home,346.0,276.13,0,3,1038.0,151,331.7,Holiday,Sunday,209.61,0.2019364161849711,14.300000000000011
03-03-2024,P109,Home,1448.0,1132.0,0,0,0.0,43,1425.99,Normal,Sunday,0.0,,22.00999999999999
03-03-2024,P110,Fashion,1101.0,818.3,0,0,0.0,484,1129.33,Festival,Sunday,0.0,,-28.329999999999927
03-03-2024,P111,Home,1077.0,854.16,0,0,0.0,68,1051.74,Normal,Sunday,0.0,,25.25999999999999
03-03-2024,P112,Home,1321.0,921.74,0,0,0.0,167,1282.86,Normal,Sunday,0.0,,38.1400000000001
03-03-2024,P113,Electronics,757.0,494.0,0,2,1514.0,398,772.47,Festival,Sunday,526.0,0.3474240422721268,-15.470000000000027
03-03-2024,P114,Electronics,1054.85,930.01,15,1,1054.85,495,1103.18,Normal,Sunday,124.83999999999992,0.11834858036687675,-48.330000000000155
03-03-2024,P115,Home,950.0,726.01,0,2,1900.0,249,982.94,Festival,Sunday,447.98,0.23577894736842106,-32.940000000000055
03-03-2024,P116,Fashion,1407.0,1019.78,0,0,0.0,279,1342.2,Festival,Sunday,0.0,,64.79999999999995
03-03-2024,P117,Home,1007.25,779.25,15,2,2014.5,416,1044.29,Festival,Sunday,456.0,0.22635889798957556,-37.039999999999964
03-03-2024,P118,Sports,800.1,625.73,10,0,0.0,37,791.41,Normal,Sunday,0.0,,8.690000000000055
03-03-2024,P119,Sports,668.0,435.22,0,0,0.0,220,663.6,Sale,Sunday,0.0,,4.399999999999977
04-03-2024,P100,Home,759.0,534.16,0,3,2277.0,98,772.24,Normal,Monday,674.52,0.296231884057971,-13.240000000000009
04-03-2024,P101,Home,357.3,271.9,10,0,0.0,474,358.81,Normal,Monday,0.0,,-1.509999999999991
04-03-2024,P102,Sports,784.7,563.48,5,1,784.7,393,765.12,Festival,Monday,221.22000000000003,0.2819166560468969,19.58000000000004
04-03-2024,P103,Fashion,538.65,399.17,5,2,1077.3,360,516.34,Holiday,Monday,278.9599999999999,0.25894365543488346,22.309999999999945
04-03-2024,P104,Electronics,1378.0,882.32,0,1,1378.0,118,1380.93,Normal,Monday,495.67999999999995,0.3597097242380261,-2.9300000000000637
04-03-2024,P105,Sports,304.2,246.37,10,4,1216.8,455,303.53,Holiday,Monday,231.31999999999994,0.19010519395134776,0.6700000000000159
04-03-2024,P106,Sports,1263.1,1061.12,15,0,0.0,313,1298.98,Normal,Monday,0.0,,-35.88000000000011
04-03-2024,P107,Fashion,1218.6,876.93,10,2,2437.2,392,1263.44,Normal,Monday,683.3399999999999,0.28037912358444117,-44.840000000000146
04-03-2024,P108,Home,1145.0,731.37,0,1,1145.0,312,1146.44,Normal,Monday,413.63,0.3612489082969432,-1.4400000000000546
04-03-2024,P109,Sports,1306.0,874.25,0,0,0.0,410,1242.91,Normal,Monday,0.0,,63.08999999999992
04-03-2024,P110,Sports,306.0,203.07,0,4,1224.0,487,320.29,Sale,Monday,411.72,0.3363725490196079,-14.29000000000002
04-03-2024,P111,Sports,526.5,378.57,10,1,526.5,266,509.88,Normal,Monday,147.93,0.28096866096866097,16.620000000000005
04-03-2024,P112,Home,182.75,157.77,15,8,1462.0,374,188.65,Holiday,Monday,199.83999999999992,0.13668946648426808,-5.900000000000006
04-03-2024,P113,Fashion,1298.7,1042.3,10,0,0.0,380,1327.15,Holiday,Monday,0.0,,-28.450000000000045
04-03-2024,P114,Sports,701.0,480.95,0,1,701.0,356,692.22,Festival,Monday,220.05,0.3139087018544936,8.779999999999973
04-03-2024,P115,Home,802.75,656.25,5,2,1605.5,72,791.03,Holiday,Monday,293.0,0.1824976642790408,11.720000000000027
04-03-2024,P116,Sports,377.1,255.21,10,2,754.2,299,392.61,Normal,Monday,243.78000000000003,0.3232299124900557,-15.509999999999991
04-03-2024,P117,Electronics,537.0,327.2,0,1,537.0,415,544.8,Normal,Monday,209.8,0.3906890130353818,-7.7999999999999545
04-03-2024,P118,Sports,646.0,515.18,15,2,1292.0,475,641.29,Normal,Monday,261.6400000000001,0.20250773993808058,4.710000000000036
04-03-2024,P119,Electronics,661.0,522.93,0,0,0.0,378,641.15,Normal,Monday,0.0,,19.850000000000023
05-03-2024,P100,Electronics,859.5,739.64,10,0,0.0,427,866.37,Normal,Tuesday,0.0,,-6.8700000000000045
05-03-2024,P101,Fashion,805.0,638.93,0,0,0.0,117,831.53,Sale,Tuesday,0.0,,-26.529999999999973
05-03-2024,P102,Sports,445.55,327.56,5,1,445.55,487,432.24,Normal,Tuesday,117.99000000000001,0.264818763326226,13.310000000000002
05-03-2024,P103,Fashion,1085.0,732.8,0,0,0.0,497,1099.52,Normal,Tuesday,0.0,,-14.519999999999982
05-03-2024,P104,Home,687.0,464.84,0,0,0.0,47,683.43,Normal,Tuesday,0.0,,3.57000000000005
05-03-2024,P105,Electronics,205.0,143.63,0,8,1640.0,66,215.2,Festival,Tuesday,490.96000000000004,0.29936585365853663,-10.199999999999989
05-03-2024,P106,Sports,1204.2,1010.69,10,0,0.0,387,1229.25,Normal,Tuesday,0.0,,-25.049999999999955
05-03-2024,P107,Sports,183.6,142.68,10,6,1101.6,245,183.06,Festival,Tuesday,245.51999999999987,0.22287581699346395,0.539999999999992
05-03-2024,P108,Sports,1199.0,839.93,0,0,0.0,63,1159.65,Festival,Tuesday,0.0,,39.34999999999991
05-03-2024,P109,Fashion,222.0,158.41,0,9,1998.0,188,214.82,Sale,Tuesday,572.31,0.2864414414414414,7.180000000000007
05-03-2024,P110,Electronics,1203.6,931.35,15,1,1203.6,405,1242.8,Normal,Tuesday,272.2499999999999,0.22619641076769684,-39.200000000000045
05-03-2024,P111,Home,674.1,521.27,10,6,4044.6,273,654.23,Sale,Tuesday,916.98,0.22671710428719777,19.870000000000005
05-03-2024,P112,Home,963.0,664.17,10,0,0.0,192,929.56,Holiday,Tuesday,0.0,,33.440000000000055
05-03-2024,P113,Fashion,1024.2,715.61,10,4,4096.8,78,1068.35,Sale,Tuesday,1234.3600000000001,0.3012985744971685,-44.149999999999864
05-03-2024,P114,Sports,1107.7,791.54,5,2,2215.4,44,1105.04,Normal,Tuesday,632.3200000000002,0.28542024013722134,2.660000000000082
05-03-2024,P115,Fashion,1193.0,780.11,0,0,0.0,156,1202.73,Normal,Tuesday,0.0,,-9.730000000000018
05-03-2024,P116,Electronics,1231.2,781.96,5,0,0.0,130,1255.34,Normal,Tuesday,0.0,,-24.139999999999873
05-03-2024,P117,Fashion,355.3,287.27,5,1,355.3,329,344.94,Normal,Tuesday,68.03000000000003,0.1914719954967634,10.360000000000014
05-03-2024,P118,Sports,986.0,687.69,0,1,986.0,454,961.5,Normal,Tuesday,298.30999999999995,0.30254563894523323,24.5
05-03-2024,P119,Sports,346.5,295.37,10,0,0.0,293,347.66,Normal,Tuesday,0.0,,-1.160000000000025
06-03-2024,P100,Sports,556.0,412.66,0,3,1668.0,117,556.53,Normal,Wednesday,430.02,0.25780575539568346,-0.5299999999999727
06-03-2024,P101,Sports,1084.5,846.6,10,0,0.0,330,1059.94,Sale,Wednesday,0.0,,24.559999999999945
06-03-2024,P102,Electronics,1296.0,979.84,0,1,1296.0,28,1272.97,Normal,Wednesday,316.15999999999997,0.2439506172839506,23.029999999999973
06-03-2024,P103,Fashion,226.0,175.08,0,9,2034.0,485,224.03,Sale,Wednesday,458.28,0.22530973451327432,1.9699999999999989
06-03-2024,P104,Home,1212.0,937.5,0,0,0.0,379,1220.96,Holiday,Wednesday,0.0,,-8.960000000000036
06-03-2024,P105,Electronics,1369.0,975.45,0,4,5476.0,222,1314.86,Normal,Wednesday,1574.1999999999998,0.287472607742878,54.1400000000001
06-03-2024,P106,Electronics,554.8,387.86,5,0,0.0,412,561.63,Normal,Wednesday,0.0,,-6.830000000000041
06-03-2024,P107,Fashion,1442.0,1052.52,0,0,0.0,449,1424.44,Sale,Wednesday,0.0,,17.559999999999945
06-03-2024,P108,Sports,755.65,554.36,15,6,4533.9,313,724.74,Normal,Wednesday,1207.7399999999998,0.2663799378018924,30.909999999999968
06-03-2024,P109,Electronics,668.7,539.42,10,4,2674.8,155,655.11,Normal,Wednesday,517.1200000000003,0.1933303424555108,13.590000000000032
06-03-2024,P110,Home,245.0,188.95,0,8,1960.0,447,237.25,Holiday,Wednesday,448.4000000000001,0.22877551020408168,7.75
06-03-2024,P111,Fashion,909.9,621.77,10,6,5459.4,250,937.44,Normal,Wednesday,1728.7799999999997,0.316661171557314,-27.540000000000077
06-03-2024,P112,Electronics,807.3,583.77,10,1,807.3,239,823.46,Normal,Wednesday,223.52999999999997,0.27688591601635076,-16.160000000000082
06-03-2024,P113,Fashion,697.0,550.47,0,0,0.0,51,684.82,Normal,Wednesday,0.0,,12.17999999999995
06-03-2024,P114,Fashion,720.1,501.24,5,1,720.1,38,748.25,Normal,Wednesday,218.86,0.3039300097208721,-28.149999999999977
06-03-2024,P115,Sports,1251.0,969.35,0,0,0.0,215,1210.07,Normal,Wednesday,0.0,,40.930000000000064
06-03-2024,P116,Sports,1431.0,865.4,0,5,7155.0,361,1402.86,Normal,Wednesday,2828.0,0.3952480782669462,28.1400000000001
06-03-2024,P117,Sports,662.0,426.31,0,5,3310.0,367,653.0,Festival,Wednesday,1178.4499999999998,0.3560271903323262,9.0
06-03-2024,P118,Home,1392.0,1048.07,0,1,1392.0,20,1380.8,Normal,Wednesday,343.93000000000006,0.2470761494252874,11.200000000000045
06-03-2024,P119,Electronics,1334.0,1049.74,0,3,4002.0,45,1339.18,Festival,Wednesday,852.7799999999997,0.21308845577211388,-5.180000000000064
07-03-2024,P100,Fashion,684.95,537.9,5,2,1369.9,46,699.48,Normal,Thursday,294.10000000000014,0.21468720344550707,-14.529999999999973
07-03-2024,P101,Home,395.1,285.91,10,0,0.0,218,378.25,Normal,Thursday,0.0,,16.850000000000023
07-03-2024,P102,Home,1110.95,932.54,15,0,0.0,78,1121.81,Normal,Thursday,0.0,,-10.8599999999999
07-03-2024,P103,Electronics,455.0,363.26,0,1,455.0,366,438.09,Normal,Thursday,91.74000000000001,0.20162637362637365,16.910000000000025
07-03-2024,P104,Electronics,1023.0,811.82,0,0,0.0,236,1046.26,Normal,Thursday,0.0,,-23.25999999999999
07-03-2024,P105,Home,536.75,399.8,5,0,0.0,450,516.15,Normal,Thursday,0.0,,20.600000000000023
07-03-2024,P106,Fashion,377.0,293.9,0,3,1131.0,300,371.46,Normal,Thursday,249.30000000000007,0.22042440318302392,5.5400000000000205
07-03-2024,P107,Electronics,735.3,573.37,10,0,0.0,309,749.55,Normal,Thursday,0.0,,-14.25
07-03-2024,P108,Electronics,488.0,354.68,0,2,976.0,399,505.2,Normal,Thursday,266.64,0.2731967213114754,-17.19999999999999
07-03-2024,P109,Sports,763.0,492.1,0,3,2289.0,359,737.47,Normal,Thursday,812.6999999999998,0.35504587155963296,25.529999999999973
07-03-2024,P110,Sports,932.0,681.57,0,4,3728.0,387,962.93,Normal,Thursday,1001.7199999999998,0.26870171673819737,-30.92999999999995
07-03-2024,P111,Fashion,1467.0,1071.3,0,0,0.0,456,1488.5,Normal,Thursday,0.0,,-21.5
07-03-2024,P112,Electronics,1271.6,953.26,15,3,3814.8,211,1332.23,Normal,Thursday,955.0200000000004,0.2503460207612458,-60.63000000000011
07-03-2024,P113,Electronics,300.05,227.67,15,6,1800.3,408,299.92,Normal,Thursday,434.28,0.2412264622562906,0.12999999999999545
07-03-2024,P114,Fashion,887.0,533.23,0,0,0.0,352,909.08,Normal,Thursday,0.0,,-22.08000000000004
07-03-2024,P115,Electronics,625.1,442.27,5,0,0.0,92,633.39,Normal,Thursday,0.0,,-8.289999999999964
07-03-2024,P116,Fashion,356.0,269.61,0,1,356.0,222,367.37,Festival,Thursday,86.38999999999999,0.24266853932584265,-11.370000000000005
07-03-2024,P117,Sports,544.5,405.5,10,3,1633.5,157,520.91,Normal,Thursday,417.0,0.25528007346189163,23.590000000000032
07-03-2024,P118,Home,1319.4,988.79,10,0,0.0,152,1332.06,Normal,Thursday,0.0,,-12.659999999999854
07-03-2024,P119,Home,914.0,664.56,0,0,0.0,211,934.31,Normal,Thursday,0.0,,-20.309999999999945
08-03-2024,P100,Fashion,506.0,400.21,0,4,2024.0,377,515.99,Normal,Friday,423.1600000000001,0.20907114624505932,-9.990000000000009
08-03-2024,P101,Electronics,1411.7,1156.09,5,1,1411.7,437,1408.21,Normal,Friday,255.61000000000013,0.18106538216334925,3.490000000000009
08-03-2024,P102,Electronics,1445.0,895.08,0,0,0.0,261,1470.58,Holiday,Friday,0.0,,-25.579999999999927
08-03-2024,P103,Electronics,943.0,650.54,0,1,943.0,393,905.72,Normal,Friday,292.46000000000004,0.31013785790031817,37.27999999999997
08-03-2024,P104,Sports,873.0,604.17,0,0,0.0,221,888.1,Normal,Friday,0.0,,-15.100000000000023
08-03-2024,P105,Fashion,1216.35,1144.61,15,1,1216.35,88,1246.07,Normal,Friday,71.74000000000001,0.05897973445143258,-29.720000000000027
08-03-2024,P106,Sports,1165.0,923.14,0,3,3495.0,455,1157.53,Normal,Friday,725.5799999999999,0.20760515021459225,7.470000000000027
08-03-2024,P107,Sports,265.0,197.78,0,5,1325.0,117,256.39,Sale,Friday,336.1,0.25366037735849056,8.610000000000014
08-03-2024,P108,Sports,947.0,597.16,0,2,1894.0,294,920.1,Holiday,Friday,699.6800000000001,0.3694192185850053,26.899999999999977
08-03-2024,P109,Sports,459.0,331.28,0,6,2754.0,379,457.8,Holiday,Friday,766.3200000000002,0.27825708061002186,1.1999999999999886
08-03-2024,P110,Home,1269.9,903.73,10,1,1269.9,447,1315.5,Normal,Friday,366.1700000000001,0.28834553901882043,-45.59999999999991
08-03-2024,P111,Home,869.0,639.33,0,0,0.0,167,867.35,Normal,Friday,0.0,,1.6499999999999773
08-03-2024,P112,Fashion,266.4,211.76,10,4,1065.6,74,276.09,Normal,Friday,218.55999999999995,0.20510510510510507,-9.689999999999998
08-03-2024,P113,Fashion,946.8,755.64,10,1,946.8,64,944.98,Festival,Friday,191.15999999999997,0.20190114068441062,1.8199999999999363
08-03-2024,P114,Home,798.0,529.87,0,2,1596.0,325,812.38,Normal,Friday,536.26,0.33600250626566414,-14.379999999999995
08-03-2024,P115,Sports,247.35,176.5,15,2,494.7,216,257.88,Festival,Friday,141.7,0.2864362239741257,-10.530000000000001
08-03-2024,P116,Sports,373.35,260.56,5,4,1493.4,146,372.8,Holiday,Friday,451.1600000000001,0.30210258470603996,0.5500000000000114
08-03-2024,P117,Fashion,1048.0,827.2,0,0,0.0,115,1065.64,Normal,Friday,0.0,,-17.6400000000001
08-03-2024,P118,Home,456.3,336.34,10,5,2281.5,156,445.02,Normal,Friday,599.8000000000002,0.2628972167433707,11.28000000000003
08-03-2024,P119,Sports,1408.85,928.57,5,0,0.0,345,1374.15,Festival,Friday,0.0,,34.69999999999982
09-03-2024,P100,Electronics,883.8,683.52,10,4,3535.2,390,871.38,Festival,Saturday,801.1199999999999,0.22661235573659197,12.419999999999959
09-03-2024,P101,Sports,689.0,483.12,0,7,4823.0,29,692.09,Festival,Saturday,1441.1599999999999,0.2988098693759071,-3.090000000000032
09-03-2024,P102,Home,1300.55,919.14,5,0,0.0,197,1323.41,Normal,Saturday,0.0,,-22.860000000000127
09-03-2024,P103,Electronics,190.8,167.61,10,7,1335.6,391,182.06,Normal,Saturday,162.32999999999993,0.12154088050314461,8.740000000000009
09-03-2024,P104,Electronics,1353.0,1039.77,0,2,2706.0,154,1297.99,Normal,Saturday,626.46,0.2315077605321508,55.00999999999999
09-03-2024,P105,Sports,711.0,501.95,0,3,2133.0,189,744.31,Festival,Saturday,627.1500000000001,0.2940225035161744,-33.309999999999945
09-03-2024,P106,Sports,273.6,204.8,10,5,1368.0,340,261.02,Sale,Saturday,344.0,0.25146198830409355,12.580000000000041
09-03-2024,P107,Sports,1361.35,897.67,5,2,2722.7,426,1354.45,Normal,Saturday,927.3599999999999,0.3406030778271569,6.899999999999864
09-03-2024,P108,Electronics,550.0,357.68,0,1,550.0,290,562.14,Normal,Saturday,192.32,0.34967272727272725,-12.139999999999986
09-03-2024,P109,Fashion,418.0,296.95,0,1,418.0,469,437.48,Normal,Saturday,121.05000000000001,0.28959330143540674,-19.480000000000018
09-03-2024,P110,Sports,489.0,333.32,0,2,978.0,494,470.97,Normal,Saturday,311.36,0.31836400817995913,18.029999999999973
09-03-2024,P111,Electronics,1133.1,873.81,10,0,0.0,42,1088.37,Festival,Saturday,0.0,,44.73000000000002
09-03-2024,P112,Electronics,1476.0,1024.52,0,2,2952.0,491,1481.41,Festival,Saturday,902.96,0.3058807588075881,-5.410000000000082
09-03-2024,P113,Fashion,1207.8,902.41,10,0,0.0,86,1159.98,Festival,Saturday,0.0,,47.819999999999936
09-03-2024,P114,Fashion,1090.0,699.67,0,2,2180.0,460,1082.76,Normal,Saturday,780.6600000000001,0.3581009174311927,7.240000000000009
09-03-2024,P115,Electronics,348.0,223.05,0,3,1044.0,40,352.67,Sale,Saturday,374.8499999999999,0.35905172413793096,-4.670000000000016
09-03-2024,P116,Electronics,1169.1,895.78,10,1,1169.1,75,1201.33,Festival,Saturday,273.31999999999994,0.23378667350953722,-32.23000000000002
09-03-2024,P117,Electronics,434.15,297.6,5,4,1736.6,106,428.27,Sale,Saturday,546.1999999999998,0.3145226304272716,5.8799999999999955
09-03-2024,P118,Electronics,229.0,172.73,0,4,916.0,53,232.91,Normal,Saturday,225.08000000000004,0.2457205240174673,-3.9099999999999966
09-03-2024,P119,Sports,498.0,335.44,0,3,1494.0,226,514.54,Normal,Saturday,487.68000000000006,0.326425702811245,-16.539999999999964
10-03-2024,P100,Fashion,907.0,666.12,0,3,2721.0,191,891.1,Normal,Sunday,722.6399999999999,0.2655788313120176,15.899999999999977
10-03-2024,P101,Electronics,1274.0,888.19,0,0,0.0,363,1317.74,Normal,Sunday,0.0,,-43.74000000000001
10-03-2024,P102,Fashion,1457.0,1047.03,0,1,1457.0,163,1424.95,Festival,Sunday,409.97,0.2813795470144132,32.049999999999955
10-03-2024,P103,Electronics,445.0,301.05,0,3,1335.0,451,433.32,Festival,Sunday,431.8499999999999,0.3234831460674157,11.680000000000007
10-03-2024,P104,Electronics,645.0,406.8,0,3,1935.0,404,652.85,Normal,Sunday,714.5999999999999,0.3693023255813953,-7.850000000000023
10-03-2024,P105,Sports,841.7,622.4,5,3,2525.1,20,868.59,Sale,Sunday,657.9000000000001,0.26054413686586675,-26.889999999999986
10-03-2024,P106,Home,802.0,522.27,0,0,0.0,329,835.0,Normal,Sunday,0.0,,-33.0
10-03-2024,P107,Home,564.0,366.46,0,2,1128.0,443,573.47,Holiday,Sunday,395.08000000000004,0.3502482269503546,-9.470000000000027
10-03-2024,P108,Electronics,505.0,313.3,0,4,2020.0,74,514.93,Normal,Sunday,766.8,0.3796039603960396,-9.92999999999995
10-03-2024,P109,Electronics,615.6,403.13,5,1,615.6,258,596.32,Normal,Sunday,212.47000000000003,0.3451429499675114,19.279999999999973
10-03-2024,P110,Fashion,647.9,411.84,5,2,1295.8,230,653.62,Festival,Sunday,472.12,0.3643463497453311,-5.720000000000027
10-03-2024,P111,Home,232.75,188.76,5,3,698.25,264,237.82,Normal,Sunday,131.97000000000003,0.1890010741138561,-5.069999999999993
10-03-2024,P112,Home,357.0,254.91,0,4,1428.0,411,368.75,Normal,Sunday,408.36,0.28596638655462187,-11.75
10-03-2024,P113,Home,1012.5,838.52,10,0,0.0,97,1030.14,Festival,Sunday,0.0,,-17.6400000000001
10-03-2024,P114,Home,394.2,329.3,10,3,1182.6,266,400.68,Normal,Sunday,194.69999999999982,0.16463723997970559,-6.480000000000018
10-03-2024,P115,Home,718.0,540.13,0,0,0.0,295,699.71,Sale,Sunday,0.0,,18.289999999999964
10-03-2024,P116,Sports,335.35,215.57,5,5,1676.75,71,320.17,Festival,Sunday,598.9000000000001,0.357179066646787,15.180000000000007
10-03-2024,P117,Home,1049.0,638.28,0,0,0.0,388,1044.6,Normal,Sunday,0.0,,4.400000000000091
10-03-2024,P118,Fashion,1355.0,844.54,0,0,0.0,262,1385.43,Normal,Sunday,0.0,,-30.430000000000064
10-03-2024,P119,Sports,719.0,504.58,0,2,1438.0,123,751.47,Sale,Sunday,428.84000000000003,0.29821974965229486,-32.47000000000003
11-03-2024,P100,Sports,984.3,777.29,15,0,0.0,261,994.43,Normal,Monday,0.0,,-10.129999999999995
11-03-2024,P101,Electronics,1170.9,798.38,10,1,1170.9,131,1143.02,Sale,Monday,372.5200000000001,0.3181484328294475,27.88000000000011
11-03-2024,P102,Electronics,867.0,618.31,0,2,1734.0,370,839.1,Festival,Monday,497.3800000000001,0.2868396770472896,27.899999999999977
11-03-2024,P103,Sports,211.0,160.39,0,6,1266.0,287,202.89,Normal,Monday,303.6600000000001,0.23985781990521335,8.110000000000014
11-03-2024,P104,Fashion,876.0,594.41,0,2,1752.0,198,856.19,Festival,Monday,563.1800000000001,0.32144977168949773,19.809999999999945
11-03-2024,P105,Home,822.0,545.82,0,0,0.0,151,810.56,Sale,Monday,0.0,,11.440000000000055
11-03-2024,P106,Home,201.45,162.09,15,4,805.8,45,198.42,Normal,Monday,157.43999999999994,0.19538346984363358,3.030000000000001
11-03-2024,P107,Sports,600.3,460.25,10,0,0.0,135,598.32,Sale,Monday,0.0,,1.9799999999999045
11-03-2024,P108,Home,472.0,319.13,0,1,472.0,20,482.61,Normal,Monday,152.87,0.3238771186440678,-10.610000000000014
11-03-2024,P109,Sports,294.0,234.65,0,4,1176.0,234,297.94,Sale,Monday,237.39999999999998,0.2018707482993197,-3.9399999999999977
11-03-2024,P110,Sports,580.0,411.28,0,2,1160.0,37,577.25,Sale,Monday,337.44000000000005,0.290896551724138,2.75
11-03-2024,P111,Home,407.7,352.43,10,4,1630.8,429,399.42,Normal,Monday,221.07999999999993,0.13556536669119446,8.279999999999973
11-03-2024,P112,Electronics,392.0,267.81,0,4,1568.0,382,408.68,Normal,Monday,496.76,0.31681122448979593,-16.680000000000007
11-03-2024,P113,Electronics,507.0,374.65,0,0,0.0,208,511.79,Festival,Monday,0.0,,-4.7900000000000205
11-03-2024,P114,Electronics,787.1,579.79,15,1,787.1,467,797.71,Normal,Monday,207.31000000000006,0.26338457629272016,-10.610000000000014
11-03-2024,P115,Home,1028.5,798.44,15,2,2057.0,363,1042.19,Sale,Monday,460.1199999999999,0.22368497812348073,-13.690000000000055
11-03-2024,P116,Electronics,863.1,578.8,10,5,4315.5,51,834.99,Normal,Monday,1421.5,0.3293940447225119,28.110000000000014
11-03-2024,P117,Sports,445.55,325.47,5,0,0.0,186,429.63,Normal,Monday,0.0,,15.920000000000016
11-03-2024,P118,Electronics,1379.0,1012.76,0,3,4137.0,330,1328.45,Festival,Monday,1098.7200000000003,0.2655837563451777,50.549999999999955
11-03-2024,P119,Sports,1402.2,1128.49,5,0,0.0,267,1363.36,Festival,Monday,0.0,,38.840000000000146
12-03-2024,P100,Fashion,1174.2,946.5,5,1,1174.2,257,1161.18,Normal,Tuesday,227.70000000000005,0.19391926417986718,13.019999999999982
12-03-2024,P101,Home,421.0,316.69,0,5,2105.0,170,439.54,Holiday,Tuesday,521.55,0.2477672209026128,-18.54000000000002
12-03-2024,P102,Home,1156.85,911.23,15,2,2313.7,421,1155.66,Normal,Tuesday,491.2399999999998,0.2123179323162034,1.1899999999998272
12-03-2024,P103,Sports,811.3,570.63,5,1,811.3,193,838.93,Holiday,Tuesday,240.66999999999996,0.2966473560951559,-27.629999999999995
12-03-2024,P104,Home,454.1,290.82,5,1,454.1,432,470.21,Festival,Tuesday,163.28000000000003,0.3595683770094693,-16.109999999999957
12-03-2024,P105,Home,589.0,477.97,5,1,589.0,50,560.6,Normal,Tuesday,111.02999999999997,0.1885059422750424,28.399999999999977
12-03-2024,P106,Fashion,580.5,401.26,10,1,580.5,324,583.72,Normal,Tuesday,179.24,0.30876830318690784,-3.2200000000000273
12-03-2024,P107,Electronics,935.0,602.96,0,0,0.0,442,948.59,Normal,Tuesday,0.0,,-13.590000000000032
12-03-2024,P108,Fashion,1003.0,622.25,0,1,1003.0,391,999.21,Normal,Tuesday,380.75,0.37961116650049853,3.7899999999999636
12-03-2024,P109,Electronics,1193.4,843.41,10,2,2386.8,289,1230.66,Sale,Tuesday,699.9800000000002,0.2932713256242669,-37.25999999999999
12-03-2024,P110,Electronics,377.0,251.66,0,2,754.0,168,370.1,Normal,Tuesday,250.68,0.33246684350132627,6.899999999999977
12-03-2024,P111,Sports,498.0,325.03,0,5,2490.0,290,497.77,Sale,Tuesday,864.8500000000001,0.34732931726907634,0.2300000000000182
12-03-2024,P112,Home,910.0,677.81,0,1,910.0,433,867.85,Normal,Tuesday,232.19000000000005,0.25515384615384623,42.14999999999998
12-03-2024,P113,Fashion,1130.0,702.63,0,2,2260.0,370,1174.58,Festival,Tuesday,854.74,0.37820353982300886,-44.57999999999993
12-03-2024,P114,Home,1147.5,850.45,10,0,0.0,443,1150.43,Normal,Tuesday,0.0,,-2.9300000000000637
12-03-2024,P115,Sports,857.85,685.74,5,0,0.0,162,826.17,Normal,Tuesday,0.0,,31.680000000000064
12-03-2024,P116,Home,1071.0,710.78,0,2,2142.0,174,1092.77,Festival,Tuesday,720.44,0.33633986928104576,-21.769999999999982
12-03-2024,P117,Fashion,1196.0,908.71,0,1,1196.0,442,1162.21,Normal,Tuesday,287.28999999999996,0.24020903010033443,33.789999999999964
12-03-2024,P118,Fashion,1131.45,747.86,5,0,0.0,439,1105.89,Sale,Tuesday,0.0,,25.559999999999945
12-03-2024,P119,Fashion,487.0,337.4,0,7,3409.0,155,491.08,Holiday,Tuesday,1047.2000000000003,0.30718685831622183,-4.079999999999984
13-03-2024,P100,Home,909.0,603.51,0,1,909.0,313,919.34,Sale,Wednesday,305.49,0.3360726072607261,-10.340000000000032
13-03-2024,P101,Sports,1266.3,1093.39,10,0,0.0,122,1206.05,Normal,Wednesday,0.0,,60.25
13-03-2024,P102,Sports,313.0,238.81,0,3,939.0,98,315.52,Holiday,Wednesday,222.56999999999994,0.23702875399361015,-2.519999999999982
13-03-2024,P103,Electronics,1340.1,1029.17,10,0,0.0,178,1324.11,Holiday,Wednesday,0.0,,15.990000000000009
13-03-2024,P104,Electronics,550.05,388.55,5,2,1100.1,326,568.37,Normal,Wednesday,322.9999999999999,0.29360967184801373,-18.32000000000005
13-03-2024,P105,Electronics,344.0,233.7,0,5,1720.0,206,332.73,Festival,Wednesday,551.5,0.32063953488372093,11.269999999999982
13-03-2024,P106,Electronics,1161.0,902.56,0,1,1161.0,40,1189.86,Holiday,Wednesday,258.44000000000005,0.22260120585701987,-28.8599999999999
13-03-2024,P107,Home,901.0,658.36,0,1,901.0,351,907.37,Sale,Wednesday,242.64,0.2693007769145394,-6.3700000000000045
13-03-2024,P108,Home,1064.2,867.45,15,1,1064.2,369,1106.92,Normal,Wednesday,196.75,0.18488066152978763,-42.72000000000003
13-03-2024,P109,Home,901.85,771.57,15,1,901.85,426,946.65,Normal,Wednesday,130.27999999999997,0.14445861285136105,-44.799999999999955
13-03-2024,P110,Home,1379.0,1017.58,0,4,5516.0,116,1338.48,Festival,Wednesday,1445.6799999999998,0.26208846990572876,40.51999999999998
13-03-2024,P111,Sports,1412.0,1062.05,0,0,0.0,200,1344.05,Normal,Wednesday,0.0,,67.95000000000005
13-03-2024,P112,Home,674.0,421.53,0,2,1348.0,487,688.16,Normal,Wednesday,504.94000000000005,0.37458456973293774,-14.159999999999968
13-03-2024,P113,Electronics,1151.0,904.49,0,0,0.0,324,1181.91,Normal,Wednesday,0.0,,-30.910000000000082
13-03-2024,P114,Electronics,1391.0,880.41,0,0,0.0,323,1327.4,Sale,Wednesday,0.0,,63.59999999999991
13-03-2024,P115,Electronics,588.6,514.81,10,1,588.6,194,578.75,Holiday,Wednesday,73.79000000000008,0.12536527353041127,9.850000000000023
13-03-2024,P116,Electronics,454.1,297.49,5,3,1362.3,378,442.69,Normal,Wednesday,469.8299999999999,0.34487998238273504,11.410000000000025
13-03-2024,P117,Sports,562.0,338.14,0,2,1124.0,323,547.36,Normal,Wednesday,447.72,0.3983274021352313,14.639999999999986
13-03-2024,P118,Fashion,974.7,767.97,10,3,2924.1,337,992.06,Normal,Wednesday,620.19,0.2120960295475531,-17.3599999999999
13-03-2024,P119,Electronics,1264.45,1030.22,5,2,2528.9,383,1255.58,Normal,Wednesday,468.46000000000004,0.1852425955949227,8.870000000000118
14-03-2024,P100,Sports,1175.15,923.49,5,0,0.0,435,1169.23,Normal,Thursday,0.0,,5.920000000000073
14-03-2024,P101,Electronics,603.0,491.41,10,0,0.0,48,607.7,Festival,Thursday,0.0,,-4.7000000000000455
14-03-2024,P102,Sports,571.0,453.03,0,7,3997.0,191,585.64,Normal,Thursday,825.79,0.20660245183887915,-14.639999999999986
14-03-2024,P103,Electronics,299.0,184.93,0,6,1794.0,131,301.59,Sale,Thursday,684.4200000000001,0.38150501672240805,-2.589999999999975
14-03-2024,P104,Electronics,861.9,677.29,15,2,1723.8,186,833.0,Normal,Thursday,369.22,0.21418958115790698,28.899999999999977
14-03-2024,P105,Home,646.2,521.85,10,3,1938.6,283,630.76,Festival,Thursday,373.0499999999997,0.19243268337975847,15.440000000000055
14-03-2024,P106,Home,832.0,662.61,0,1,832.0,374,865.53,Holiday,Thursday,169.39,0.20359375,-33.52999999999997
14-03-2024,P107,Home,519.3,450.33,10,3,1557.9,289,514.49,Normal,Thursday,206.91000000000008,0.1328134026574235,4.809999999999945
14-03-2024,P108,Sports,1312.0,1026.14,0,3,3936.0,160,1352.55,Normal,Thursday,857.5799999999999,0.2178810975609756,-40.549999999999955
14-03-2024,P109,Electronics,728.1,598.9,10,2,1456.2,452,724.78,Normal,Thursday,258.4000000000001,0.17744815272627393,3.32000000000005
14-03-2024,P110,Electronics,852.3,597.47,10,1,852.3,228,833.12,Normal,Thursday,254.82999999999993,0.2989909656224333,19.17999999999995
14-03-2024,P111,Fashion,600.1,543.57,15,1,600.1,340,627.63,Normal,Thursday,56.52999999999997,0.09420096650558235,-27.529999999999973
14-03-2024,P112,Electronics,812.7,553.42,10,0,0.0,160,791.64,Normal,Thursday,0.0,,21.06000000000006
14-03-2024,P113,Sports,940.0,692.06,0,2,1880.0,454,958.96,Holiday,Thursday,495.8800000000001,0.2637659574468086,-18.960000000000036
14-03-2024,P114,Home,1196.0,741.97,0,2,2392.0,94,1238.65,Normal,Thursday,908.06,0.37962374581939795,-42.65000000000009
14-03-2024,P115,Electronics,1069.0,690.78,0,0,0.0,497,1120.25,Festival,Thursday,0.0,,-51.25
14-03-2024,P116,Fashion,607.05,492.88,5,0,0.0,236,608.14,Normal,Thursday,0.0,,-1.0900000000000318
14-03-2024,P117,Sports,289.0,197.45,0,0,0.0,489,288.55,Normal,Thursday,0.0,,0.44999999999998863
14-03-2024,P118,Electronics,700.0,525.19,0,3,2100.0,206,677.14,Normal,Thursday,524.4299999999998,0.24972857142857136,22.860000000000014
14-03-2024,P119,Sports,1248.65,1080.73,15,1,1248.65,85,1250.02,Normal,Thursday,167.92000000000007,0.13448123973891807,-1.3699999999998909
15-03-2024,P100,Home,1193.2,802.89,5,0,0.0,370,1187.59,Normal,Friday,0.0,,5.610000000000127
15-03-2024,P101,Fashion,765.7,546.01,5,0,0.0,383,739.52,Normal,Friday,0.0,,26.180000000000064
15-03-2024,P102,Sports,824.6,660.98,5,3,2473.8,242,795.85,Normal,Friday,490.8600000000001,0.19842347804996366,28.75
15-03-2024,P103,Fashion,992.8,881.77,15,0,0.0,144,953.13,Sale,Friday,0.0,,39.66999999999996
15-03-2024,P104,Fashion,1243.55,886.91,15,0,0.0,453,1304.03,Holiday,Friday,0.0,,-60.48000000000002
15-03-2024,P105,Electronics,598.0,368.96,0,2,1196.0,381,575.72,Sale,Friday,458.08000000000004,0.3830100334448161,22.279999999999973
15-03-2024,P106,Home,788.0,624.07,0,0,0.0,293,818.41,Sale,Friday,0.0,,-30.409999999999968
15-03-2024,P107,Electronics,705.0,552.1,0,0,0.0,35,719.48,Sale,Friday,0.0,,-14.480000000000018
15-03-2024,P108,Home,299.7,203.83,10,4,1198.8,478,301.65,Festival,Friday,383.4799999999999,0.31988655321988646,-1.9499999999999886
15-03-2024,P109,Sports,266.0,199.63,0,3,798.0,51,257.93,Normal,Friday,199.11,0.24951127819548874,8.069999999999993
15-03-2024,P110,Home,405.0,301.84,0,0,0.0,278,400.79,Sale,Friday,0.0,,4.2099999999999795
15-03-2024,P111,Home,810.9,677.01,10,0,0.0,350,811.7,Normal,Friday,0.0,,-0.8000000000000682
15-03-2024,P112,Home,877.0,627.04,0,0,0.0,92,851.42,Normal,Friday,0.0,,25.58000000000004
15-03-2024,P113,Sports,1017.45,870.69,15,4,4069.8,361,973.52,Normal,Friday,587.04,0.14424296034203155,43.930000000000064
15-03-2024,P114,Home,862.0,668.11,0,4,3448.0,348,866.13,Festival,Friday,775.56,0.22493039443155452,-4.1299999999999955
15-03-2024,P115,Fashion,1030.5,733.15,10,5,5152.5,180,984.53,Normal,Friday,1486.75,0.2885492479378942,45.97000000000003
15-03-2024,P116,Fashion,244.0,159.72,0,4,976.0,394,235.14,Festival,Friday,337.12,0.3454098360655738,8.860000000000014
15-03-2024,P117,Electronics,1259.0,767.94,0,0,0.0,421,1210.99,Holiday,Friday,0.0,,48.00999999999999
15-03-2024,P118,Home,711.0,607.92,10,3,2133.0,360,696.57,Holiday,Friday,309.24000000000024,0.14497890295358662,14.42999999999995
15-03-2024,P119,Fashion,910.8,677.11,10,1,910.8,321,903.93,Sale,Friday,233.68999999999994,0.25657663592446195,6.8700000000000045
16-03-2024,P100,Fashion,1057.4,894.43,15,0,0.0,118,1039.16,Normal,Saturday,0.0,,18.24000000000001
16-03-2024,P101,Fashion,1245.0,814.86,0,1,1245.0,142,1196.89,Sale,Saturday,430.14,0.34549397590361447,48.1099999999999
16-03-2024,P102,Sports,450.0,310.26,10,2,900.0,413,454.56,Normal,Saturday,279.48,0.31053333333333333,-4.560000000000002
16-03-2024,P103,Electronics,864.9,760.64,10,0,0.0,89,885.37,Normal,Saturday,0.0,,-20.470000000000027
16-03-2024,P104,Home,294.5,227.75,5,4,1178.0,226,288.45,Normal,Saturday,267.0,0.2266553480475382,6.050000000000011
16-03-2024,P105,Fashion,1000.0,789.3,0,4,4000.0,183,1030.31,Festival,Saturday,842.8000000000002,0.21070000000000005,-30.309999999999945
16-03-2024,P106,Electronics,1467.0,1042.57,0,0,0.0,75,1447.2,Normal,Saturday,0.0,,19.799999999999955
16-03-2024,P107,Sports,663.1,473.52,5,2,1326.2,402,683.63,Normal,Saturday,379.1600000000001,0.2858995626602323,-20.529999999999973
16-03-2024,P108,Home,922.5,704.66,10,5,4612.5,362,961.6,Festival,Saturday,1089.2000000000003,0.23614092140921414,-39.10000000000002
16-03-2024,P109,Fashion,802.75,666.07,5,0,0.0,347,787.59,Sale,Saturday,0.0,,15.159999999999968
16-03-2024,P110,Sports,756.0,556.34,0,3,2268.0,112,778.11,Festival,Saturday,598.98,0.2641005291005291,-22.110000000000014
16-03-2024,P111,Home,980.05,920.46,15,2,1960.1,80,993.28,Normal,Saturday,119.17999999999984,0.06080302025406859,-13.230000000000018
16-03-2024,P112,Fashion,712.0,505.51,0,1,712.0,473,688.43,Normal,Saturday,206.49,0.2900140449438202,23.57000000000005
16-03-2024,P113,Sports,920.0,708.44,0,3,2760.0,134,895.12,Normal,Saturday,634.6799999999998,0.22995652173913037,24.879999999999995
16-03-2024,P114,Electronics,304.2,268.28,10,1,304.2,36,316.31,Sale,Saturday,35.920000000000016,0.11808021038790276,-12.110000000000014
16-03-2024,P115,Electronics,1350.0,947.89,0,1,1350.0,390,1365.76,Holiday,Saturday,402.11,0.29785925925925927,-15.759999999999991
16-03-2024,P116,Electronics,980.4,779.4,5,0,0.0,451,1009.57,Normal,Saturday,0.0,,-29.170000000000073
16-03-2024,P117,Electronics,595.0,432.29,0,1,595.0,455,591.24,Normal,Saturday,162.70999999999998,0.2734621848739495,3.759999999999991
16-03-2024,P118,Fashion,1057.35,843.94,5,0,0.0,45,1064.73,Normal,Saturday,0.0,,-7.380000000000109
16-03-2024,P119,Sports,256.5,194.48,5,6,1539.0,70,253.66,Normal,Saturday,372.1200000000001,0.2417933723196882,2.8400000000000034
17-03-2024,P100,Sports,1068.3,781.48,10,0,0.0,204,1096.5,Normal,Sunday,0.0,,-28.200000000000045
17-03-2024,P101,Electronics,1319.0,915.33,0,2,2638.0,292,1370.6,Normal,Sunday,807.3399999999999,0.30604245640636846,-51.59999999999991
17-03-2024,P102,Sports,619.4,514.33,5,1,619.4,398,609.77,Normal,Sunday,105.06999999999994,0.1696319018404907,9.629999999999995
17-03-2024,P103,Sports,301.5,255.95,10,5,1507.5,145,312.27,Festival,Sunday,227.75,0.15107794361525706,-10.769999999999982
17-03-2024,P104,Home,232.05,164.25,15,3,696.15,498,230.47,Sale,Sunday,203.39999999999998,0.2921784098254686,1.5800000000000125
17-03-2024,P105,Sports,724.5,576.11,10,2,1449.0,240,735.7,Festival,Sunday,296.78,0.20481711525189783,-11.200000000000045
17-03-2024,P106,Fashion,1338.0,831.05,0,2,2676.0,442,1338.07,Normal,Sunday,1013.9000000000001,0.37888639760837073,-0.06999999999993634
17-03-2024,P107,Electronics,360.0,278.26,0,2,720.0,462,365.41,Sale,Sunday,163.48000000000002,0.2270555555555556,-5.410000000000025
17-03-2024,P108,Electronics,396.9,322.47,10,2,793.8,61,387.08,Holiday,Sunday,148.8599999999999,0.1875283446712017,9.819999999999993
17-03-2024,P109,Fashion,1103.0,834.59,0,0,0.0,423,1075.65,Normal,Sunday,0.0,,27.34999999999991
17-03-2024,P110,Home,425.0,325.6,0,0,0.0,238,415.72,Normal,Sunday,0.0,,9.279999999999973
17-03-2024,P111,Sports,1216.0,912.23,0,0,0.0,372,1242.11,Festival,Sunday,0.0,,-26.1099999999999
17-03-2024,P112,Fashion,320.0,224.05,0,4,1280.0,68,318.6,Normal,Sunday,383.79999999999995,0.29984374999999996,1.3999999999999773
17-03-2024,P113,Electronics,1441.0,1141.48,0,2,2882.0,444,1475.28,Sale,Sunday,599.04,0.2078556557945871,-34.27999999999997
17-03-2024,P114,Home,652.0,461.03,0,0,0.0,54,667.89,Festival,Sunday,0.0,,-15.889999999999986
17-03-2024,P115,Home,906.3,682.41,5,2,1812.6,199,871.9,Festival,Sunday,447.78,0.24703740483283682,34.39999999999998
17-03-2024,P116,Sports,1349.0,1071.66,0,1,1349.0,318,1295.19,Sale,Sunday,277.3399999999999,0.2055893254262416,53.809999999999945
17-03-2024,P117,Electronics,292.6,242.44,5,8,2340.8,313,285.73,Sale,Sunday,401.2800000000002,0.1714285714285715,6.8700000000000045
17-03-2024,P118,Electronics,1156.15,939.23,5,0,0.0,40,1120.17,Sale,Sunday,0.0,,35.98000000000002
17-03-2024,P119,Fashion,810.9,584.65,10,0,0.0,298,820.18,Normal,Sunday,0.0,,-9.279999999999973
18-03-2024,P100,Electronics,1066.5,847.67,10,0,0.0,459,1017.71,Normal,Monday,0.0,,48.789999999999964
18-03-2024,P101,Sports,875.0,564.61,0,3,2625.0,150,868.43,Holiday,Monday,931.1700000000001,0.3547314285714286,6.57000000000005
18-03-2024,P102,Home,1126.0,850.76,0,0,0.0,393,1097.27,Normal,Monday,0.0,,28.730000000000018
18-03-2024,P103,Fashion,260.0,171.2,0,6,1560.0,151,264.72,Normal,Monday,532.8000000000002,0.3415384615384617,-4.720000000000027
18-03-2024,P104,Fashion,598.0,453.94,0,0,0.0,149,591.04,Normal,Monday,0.0,,6.960000000000036
18-03-2024,P105,Home,1124.1,805.92,10,0,0.0,231,1158.32,Festival,Monday,0.0,,-34.22000000000003
18-03-2024,P106,Sports,766.0,600.03,0,2,1532.0,417,775.7,Sale,Monday,331.94000000000005,0.21667101827676244,-9.700000000000045
18-03-2024,P107,Fashion,1150.0,741.71,0,0,0.0,401,1121.31,Sale,Monday,0.0,,28.690000000000055
18-03-2024,P108,Fashion,1075.4,714.9,5,1,1075.4,97,1106.89,Sale,Monday,360.5000000000001,0.3352241026594756,-31.49000000000001
18-03-2024,P109,Electronics,490.2,396.52,5,5,2451.0,498,485.5,Holiday,Monday,468.4000000000001,0.1911056711546308,4.699999999999989
18-03-2024,P110,Home,549.0,365.0,0,0,0.0,472,539.71,Festival,Monday,0.0,,9.289999999999964
18-03-2024,P111,Electronics,795.6,647.4,10,0,0.0,103,776.13,Sale,Monday,0.0,,19.470000000000027
18-03-2024,P112,Fashion,1213.0,879.64,0,3,3639.0,288,1202.71,Festival,Monday,1000.0799999999999,0.27482275350370977,10.289999999999964
18-03-2024,P113,Sports,573.8,397.36,5,3,1721.4,73,580.29,Festival,Monday,529.3200000000002,0.3074939003136982,-6.490000000000009
18-03-2024,P114,Electronics,649.8,475.63,10,5,3249.0,106,642.16,Festival,Monday,870.8499999999999,0.26803631886734375,7.639999999999986
18-03-2024,P115,Fashion,1164.0,908.06,0,0,0.0,462,1182.57,Sale,Monday,0.0,,-18.569999999999936
18-03-2024,P116,Home,487.0,350.1,0,3,1461.0,174,464.35,Normal,Monday,410.6999999999998,0.28110882956878835,22.649999999999977
18-03-2024,P117,Fashion,1407.9,910.51,5,0,0.0,406,1433.86,Holiday,Monday,0.0,,-25.95999999999981
18-03-2024,P118,Sports,890.0,647.69,0,4,3560.0,101,883.39,Normal,Monday,969.2399999999998,0.2722584269662921,6.610000000000014
18-03-2024,P119,Sports,232.0,152.07,0,0,0.0,375,231.32,Normal,Monday,0.0,,0.6800000000000068
19-03-2024,P100,Home,727.6,616.12,15,0,0.0,46,747.78,Normal,Tuesday,0.0,,-20.17999999999995
19-03-2024,P101,Fashion,1135.0,699.55,0,0,0.0,476,1095.92,Festival,Tuesday,0.0,,39.07999999999993
19-03-2024,P102,Electronics,383.0,245.25,0,2,766.0,92,373.05,Normal,Tuesday,275.5,0.35966057441253263,9.949999999999989
19-03-2024,P103,Fashion,1074.0,765.29,0,0,0.0,312,1030.57,Normal,Tuesday,0.0,,43.430000000000064
19-03-2024,P104,Electronics,1295.1,981.94,10,0,0.0,277,1282.67,Normal,Tuesday,0.0,,12.429999999999836
19-03-2024,P105,Electronics,1383.0,849.03,0,1,1383.0,327,1322.3,Normal,Tuesday,533.97,0.3860954446854664,60.700000000000045
19-03-2024,P106,Home,273.6,173.25,5,8,2188.8,390,281.64,Festival,Tuesday,802.8000000000002,0.36677631578947373,-8.039999999999964
19-03-2024,P107,Fashion,1266.0,951.64,0,0,0.0,200,1215.74,Festival,Tuesday,0.0,,50.25999999999999
19-03-2024,P108,Electronics,1014.6,825.2,5,3,3043.8,267,1037.04,Sale,Tuesday,568.1999999999998,0.18667455154740778,-22.43999999999994
19-03-2024,P109,Sports,598.0,406.34,0,0,0.0,87,599.27,Sale,Tuesday,0.0,,-1.2699999999999818
19-03-2024,P110,Home,278.1,198.63,10,3,834.3,249,270.52,Normal,Tuesday,238.40999999999997,0.28576051779935274,7.580000000000041
19-03-2024,P111,Electronics,923.0,625.83,0,0,0.0,35,944.5,Normal,Tuesday,0.0,,-21.5
19-03-2024,P112,Fashion,407.7,284.56,10,0,0.0,251,394.69,Normal,Tuesday,0.0,,13.009999999999991
19-03-2024,P113,Home,401.0,275.62,0,1,401.0,270,417.68,Normal,Tuesday,125.38,0.31266832917705734,-16.680000000000007
19-03-2024,P114,Home,1040.25,669.8,5,4,4161.0,23,997.05,Normal,Tuesday,1481.8000000000002,0.3561163181927422,43.200000000000045
19-03-2024,P115,Fashion,889.0,572.74,0,1,889.0,43,863.94,Normal,Tuesday,316.26,0.355748031496063,25.059999999999945
19-03-2024,P116,Fashion,304.0,198.13,0,6,1824.0,104,295.88,Holiday,Tuesday,635.22,0.34825657894736844,8.120000000000005
19-03-2024,P117,Electronics,1077.0,699.73,0,4,4308.0,473,1103.93,Normal,Tuesday,1509.08,0.350297121634169,-26.930000000000064
19-03-2024,P118,Electronics,739.8,629.56,10,1,739.8,247,756.58,Sale,Tuesday,110.24000000000001,0.1490132468234658,-16.780000000000086
19-03-2024,P119,Sports,919.6,609.98,5,1,919.6,328,912.23,Normal,Tuesday,309.62,0.3366898651587647,7.3700000000000045
20-03-2024,P100,Home,723.0,471.22,0,1,723.0,446,698.53,Festival,Wednesday,251.77999999999997,0.3482434301521438,24.470000000000027
20-03-2024,P101,Home,627.3,445.86,10,0,0.0,232,634.46,Normal,Wednesday,0.0,,-7.160000000000082
20-03-2024,P102,Electronics,907.0,547.52,0,0,0.0,466,924.36,Holiday,Wednesday,0.0,,-17.360000000000014
20-03-2024,P103,Electronics,1341.0,1060.84,0,0,0.0,148,1401.67,Normal,Wednesday,0.0,,-60.67000000000007
20-03-2024,P104,Sports,1254.0,807.32,5,4,5016.0,203,1197.92,Normal,Wednesday,1786.7199999999998,0.35620414673046247,56.07999999999993
20-03-2024,P105,Electronics,313.0,194.1,0,3,939.0,214,313.23,Normal,Wednesday,356.70000000000005,0.3798722044728435,-0.2300000000000182
20-03-2024,P106,Home,724.85,522.96,5,0,0.0,42,699.25,Normal,Wednesday,0.0,,25.600000000000023
20-03-2024,P107,Sports,984.3,718.05,15,0,0.0,384,942.77,Normal,Wednesday,0.0,,41.52999999999997
20-03-2024,P108,Home,1379.0,1080.82,0,1,1379.0,79,1336.57,Normal,Wednesday,298.18000000000006,0.21622915155910086,42.430000000000064
20-03-2024,P109,Electronics,1096.0,691.32,0,3,3288.0,49,1100.12,Normal,Wednesday,1214.04,0.36923357664233575,-4.119999999999891
20-03-2024,P110,Sports,312.0,220.12,0,4,1248.0,290,302.89,Normal,Wednesday,367.52,0.29448717948717945,9.110000000000014
20-03-2024,P111,Electronics,1208.7,1067.03,10,1,1208.7,363,1165.15,Sale,Wednesday,141.67000000000007,0.11720857119219001,43.549999999999955
20-03-2024,P112,Home,207.0,168.6,10,10,2070.0,116,214.91,Normal,Wednesday,384.0,0.1855072463768116,-7.909999999999997
20-03-2024,P113,Sports,1299.0,941.67,0,3,3897.0,347,1272.51,Sale,Wednesday,1071.9900000000002,0.27508083140877604,26.49000000000001
20-03-2024,P114,Sports,912.0,567.98,0,1,912.0,306,897.37,Sale,Wednesday,344.02,0.37721491228070175,14.629999999999995
20-03-2024,P115,Fashion,510.0,378.94,0,0,0.0,263,506.19,Normal,Wednesday,0.0,,3.8100000000000023
20-03-2024,P116,Home,1032.3,690.72,10,2,2064.6,482,1008.71,Normal,Wednesday,683.1599999999999,0.3308921825050857,23.589999999999918
20-03-2024,P117,Fashion,720.9,606.57,10,0,0.0,95,724.7,Normal,Wednesday,0.0,,-3.800000000000068
20-03-2024,P118,Electronics,926.1,667.6,10,0,0.0,126,914.61,Normal,Wednesday,0.0,,11.490000000000009
20-03-2024,P119,Fashion,252.0,198.55,0,4,1008.0,166,248.43,Normal,Wednesday,213.79999999999995,0.21210317460317457,3.569999999999993
21-03-2024,P100,Sports,1122.3,889.11,10,1,1122.3,175,1154.97,Normal,Thursday,233.18999999999994,0.20777866880513227,-32.67000000000007
21-03-2024,P101,Fashion,531.25,441.27,15,5,2656.25,479,542.16,Normal,Thursday,449.9000000000001,0.16937411764705887,-10.909999999999968
21-03-2024,P102,Home,899.65,626.92,5,0,0.0,96,874.09,Normal,Thursday,0.0,,25.559999999999945
21-03-2024,P103,Home,1181.7,819.3,10,0,0.0,121,1189.94,Holiday,Thursday,0.0,,-8.240000000000009
21-03-2024,P104,Sports,1369.0,998.69,0,1,1369.0,210,1381.24,Festival,Thursday,370.30999999999995,0.27049671292914534,-12.240000000000009
21-03-2024,P105,Fashion,676.0,515.79,0,0,0.0,409,708.6,Normal,Thursday,0.0,,-32.60000000000002
21-03-2024,P106,Sports,280.5,217.36,15,5,1402.5,234,271.29,Normal,Thursday,315.6999999999998,0.22509803921568614,9.20999999999998
21-03-2024,P107,Sports,1417.0,851.94,0,0,0.0,221,1349.64,Normal,Thursday,0.0,,67.3599999999999
21-03-2024,P108,Fashion,253.3,233.67,15,9,2279.7,279,244.57,Holiday,Thursday,176.67000000000007,0.07749703908409004,8.730000000000018
21-03-2024,P109,Home,1339.0,1020.85,0,3,4017.0,297,1303.74,Holiday,Thursday,954.4499999999998,0.23760268857356232,35.25999999999999
21-03-2024,P110,Fashion,842.65,564.35,5,3,2527.95,23,854.22,Normal,Thursday,834.8999999999996,0.33026760814098366,-11.57000000000005
21-03-2024,P111,Home,242.25,194.61,15,4,969.0,349,244.24,Festival,Thursday,190.55999999999995,0.19665634674922594,-1.990000000000009
21-03-2024,P112,Sports,850.0,510.6,0,0,0.0,437,824.57,Normal,Thursday,0.0,,25.42999999999995
21-03-2024,P113,Home,1292.0,827.52,5,0,0.0,327,1296.82,Festival,Thursday,0.0,,-4.819999999999936
21-03-2024,P114,Sports,243.1,202.68,15,4,972.4,251,239.87,Normal,Thursday,161.67999999999995,0.16626902509255445,3.2299999999999898
21-03-2024,P115,Fashion,277.95,230.1,15,0,0.0,398,275.37,Normal,Thursday,0.0,,2.579999999999984
21-03-2024,P116,Home,563.0,368.72,0,2,1126.0,444,581.06,Normal,Thursday,388.55999999999995,0.3450799289520426,-18.059999999999945
21-03-2024,P117,Electronics,605.7,435.17,10,0,0.0,434,580.72,Holiday,Thursday,0.0,,24.980000000000018
21-03-2024,P118,Electronics,1087.0,839.68,0,2,2174.0,247,1091.81,Normal,Thursday,494.6400000000001,0.22752529898804053,-4.809999999999945
21-03-2024,P119,Sports,823.5,584.0,10,0,0.0,353,855.01,Normal,Thursday,0.0,,-31.50999999999999
22-03-2024,P100,Home,763.8,604.3,5,0,0.0,353,746.57,Normal,Friday,0.0,,17.229999999999905
22-03-2024,P101,Home,701.1,534.18,10,1,701.1,68,719.76,Festival,Friday,166.92000000000007,0.23808301240907156,-18.659999999999968
22-03-2024,P102,Home,691.05,635.61,15,1,691.05,340,668.5,Normal,Friday,55.43999999999994,0.08022574343390484,22.549999999999955
22-03-2024,P103,Fashion,1492.0,1064.36,0,0,0.0,426,1515.1,Normal,Friday,0.0,,-23.09999999999991
22-03-2024,P104,Fashion,526.3,339.76,5,3,1578.9,250,505.51,Normal,Friday,559.6200000000001,0.35443663309899304,20.789999999999964
22-03-2024,P105,Electronics,1403.15,997.46,5,0,0.0,88,1336.81,Festival,Friday,0.0,,66.34000000000015
22-03-2024,P106,Fashion,1063.8,710.21,10,1,1063.8,122,1017.68,Normal,Friday,353.5899999999999,0.33238390674938895,46.120000000000005
22-03-2024,P107,Sports,1093.0,767.4,0,1,1093.0,323,1079.03,Sale,Friday,325.6,0.2978956999085087,13.970000000000027
22-03-2024,P108,Sports,371.0,222.74,0,6,2226.0,238,361.41,Normal,Friday,889.56,0.39962264150943394,9.589999999999975
22-03-2024,P109,Home,922.5,726.57,10,3,2767.5,205,925.91,Normal,Friday,587.79,0.21239024390243902,-3.409999999999968
22-03-2024,P110,Electronics,1369.0,967.09,0,3,4107.0,171,1353.58,Sale,Friday,1205.73,0.29357925493060627,15.420000000000073
22-03-2024,P111,Home,1300.0,1029.89,0,0,0.0,92,1280.67,Normal,Friday,0.0,,19.329999999999927
22-03-2024,P112,Electronics,716.0,551.2,0,0,0.0,57,747.16,Holiday,Friday,0.0,,-31.159999999999968
22-03-2024,P113,Home,883.0,674.88,0,0,0.0,34,866.8,Normal,Friday,0.0,,16.200000000000045
22-03-2024,P114,Electronics,874.0,552.88,5,0,0.0,276,878.85,Normal,Friday,0.0,,-4.850000000000023
22-03-2024,P115,Home,766.0,598.15,0,1,766.0,412,744.29,Normal,Friday,167.85000000000002,0.2191253263707572,21.710000000000036
22-03-2024,P116,Fashion,441.0,305.4,0,2,882.0,405,448.28,Sale,Friday,271.20000000000005,0.30748299319727895,-7.279999999999973
22-03-2024,P117,Fashion,1105.0,664.3,0,0,0.0,203,1080.43,Festival,Friday,0.0,,24.569999999999936
22-03-2024,P118,Home,1357.0,977.91,0,2,2714.0,494,1387.73,Festival,Friday,758.1800000000001,0.27935887988209285,-30.730000000000018
22-03-2024,P119,Fashion,787.0,623.66,0,0,0.0,65,755.55,Normal,Friday,0.0,,31.450000000000045
23-03-2024,P100,Electronics,1278.7,925.04,5,0,0.0,265,1230.25,Normal,Saturday,0.0,,48.450000000000045
23-03-2024,P101,Home,281.0,180.48,0,2,562.0,249,269.61,Holiday,Saturday,201.04000000000002,0.35772241992882564,11.389999999999986
23-03-2024,P102,Electronics,463.0,316.17,0,1,463.0,471,448.38,Normal,Saturday,146.82999999999998,0.31712742980561553,14.620000000000005
23-03-2024,P103,Electronics,258.3,196.23,10,3,774.9,325,269.47,Festival,Saturday,186.21000000000004,0.24030197444831597,-11.170000000000016
23-03-2024,P104,Electronics,1218.0,816.76,0,0,0.0,167,1211.58,Normal,Saturday,0.0,,6.420000000000073
23-03-2024,P105,Home,858.8,584.78,5,3,2576.4,403,825.67,Festival,Saturday,822.0600000000002,0.31907312529110393,33.129999999999995
23-03-2024,P106,Electronics,972.0,729.96,10,3,2916.0,29,953.84,Normal,Saturday,726.1199999999999,0.24901234567901231,18.159999999999968
23-03-2024,P107,Home,793.05,732.83,15,2,1586.1,272,794.06,Festival,Saturday,120.43999999999983,0.0759346825546938,-1.009999999999991
23-03-2024,P108,Electronics,1288.0,901.62,0,0,0.0,266,1249.06,Normal,Saturday,0.0,,38.940000000000055
23-03-2024,P109,Home,1312.0,1030.63,0,2,2624.0,441,1289.58,Normal,Saturday,562.7399999999998,0.21445884146341454,22.420000000000073
23-03-2024,P110,Fashion,1071.0,848.43,0,2,2142.0,125,1050.78,Sale,Saturday,445.1400000000001,0.2078151260504202,20.220000000000027
23-03-2024,P111,Electronics,1008.0,683.98,0,1,1008.0,249,1041.55,Normal,Saturday,324.02,0.3214484126984127,-33.549999999999955
23-03-2024,P112,Sports,394.0,280.13,0,4,1576.0,375,382.09,Normal,Saturday,455.48,0.28901015228426397,11.910000000000025
23-03-2024,P113,Sports,982.0,731.52,0,0,0.0,75,1030.84,Normal,Saturday,0.0,,-48.83999999999992
23-03-2024,P114,Fashion,739.0,572.45,0,1,739.0,43,768.25,Normal,Saturday,166.54999999999995,0.22537212449255745,-29.25
23-03-2024,P115,Electronics,677.35,430.3,5,4,2709.4,34,674.5,Sale,Saturday,988.2,0.36473019856794864,2.8500000000000227
23-03-2024,P116,Fashion,249.85,185.67,5,1,249.85,270,239.34,Normal,Saturday,64.18,0.25687412447468483,10.509999999999991
23-03-2024,P117,Home,1468.0,1096.21,0,1,1468.0,467,1453.98,Sale,Saturday,371.78999999999996,0.2532629427792915,14.019999999999982
23-03-2024,P118,Home,592.0,420.17,0,4,2368.0,413,565.11,Normal,Saturday,687.3199999999999,0.29025337837837833,26.889999999999986
23-03-2024,P119,Electronics,426.55,320.18,5,4,1706.2,57,437.97,Normal,Saturday,425.48,0.249372875395616,-11.420000000000016
24-03-2024,P100,Electronics,901.55,718.91,5,2,1803.1,312,875.01,Normal,Sunday,365.28,0.20258443791248404,26.539999999999964
24-03-2024,P101,Sports,232.2,199.68,10,3,696.6,405,228.64,Normal,Sunday,97.56000000000006,0.1400516795865634,3.5600000000000023
24-03-2024,P102,Fashion,1115.3,772.73,5,2,2230.6,372,1103.18,Normal,Sunday,685.1399999999999,0.30715502555366264,12.11999999999989
24-03-2024,P103,Electronics,782.85,690.33,15,0,0.0,51,802.81,Sale,Sunday,0.0,,-19.959999999999923
24-03-2024,P104,Fashion,342.0,262.07,0,1,342.0,47,351.73,Normal,Sunday,79.93,0.23371345029239768,-9.730000000000018
24-03-2024,P105,Fashion,871.0,614.19,0,1,871.0,54,879.26,Normal,Sunday,256.80999999999995,0.2948450057405281,-8.259999999999991
24-03-2024,P106,Fashion,330.6,254.58,5,0,0.0,163,331.59,Normal,Sunday,0.0,,-0.9899999999999523
24-03-2024,P107,Home,1376.0,917.47,0,4,5504.0,172,1310.88,Sale,Sunday,1834.12,0.33323401162790695,65.11999999999989
24-03-2024,P108,Fashion,1290.0,978.71,0,0,0.0,345,1352.25,Normal,Sunday,0.0,,-62.25
24-03-2024,P109,Fashion,602.0,389.77,0,3,1806.0,248,623.44,Festival,Sunday,636.69,0.3525415282392027,-21.440000000000055
24-03-2024,P110,Home,592.0,359.2,0,2,1184.0,40,608.86,Holiday,Sunday,465.6,0.3932432432432433,-16.860000000000014
24-03-2024,P111,Home,496.85,381.47,5,0,0.0,273,505.14,Sale,Sunday,0.0,,-8.289999999999964
24-03-2024,P112,Sports,211.5,185.45,10,4,846.0,241,216.38,Normal,Sunday,104.20000000000005,0.12316784869976365,-4.8799999999999955
24-03-2024,P113,Home,1190.7,826.15,10,1,1190.7,38,1138.27,Normal,Sunday,364.55000000000007,0.30616444108507607,52.430000000000064
24-03-2024,P114,Sports,1312.0,890.5,0,0,0.0,408,1306.84,Sale,Sunday,0.0,,5.160000000000082
24-03-2024,P115,Fashion,1344.0,878.44,0,0,0.0,204,1401.04,Normal,Sunday,0.0,,-57.039999999999964
24-03-2024,P116,Electronics,1143.9,903.16,10,1,1143.9,75,1098.32,Normal,Sunday,240.74000000000012,0.2104554593933037,45.580000000000155
24-03-2024,P117,Home,1076.4,762.79,10,1,1076.4,395,1032.36,Normal,Sunday,313.6100000000001,0.29135079895949473,44.04000000000019
24-03-2024,P118,Fashion,1053.0,698.38,0,1,1053.0,420,1086.07,Normal,Sunday,354.62,0.33677113010446347,-33.069999999999936
24-03-2024,P119,Home,899.0,679.77,0,2,1798.0,271,897.37,Normal,Sunday,438.46000000000004,0.2438598442714127,1.6299999999999955
25-03-2024,P100,Electronics,738.9,526.14,10,3,2216.7,340,723.78,Normal,Monday,638.2799999999997,0.2879415347137636,15.120000000000005
25-03-2024,P101,Electronics,1060.0,675.58,0,4,4240.0,356,1057.08,Normal,Monday,1537.6799999999998,0.36266037735849055,2.9200000000000728
25-03-2024,P102,Electronics,486.0,347.92,0,0,0.0,462,476.73,Normal,Monday,0.0,,9.269999999999982
25-03-2024,P103,Sports,452.0,338.7,0,1,452.0,335,448.6,Normal,Monday,113.30000000000001,0.25066371681415933,3.3999999999999773
25-03-2024,P104,Electronics,305.9,248.17,5,5,1529.5,154,317.33,Normal,Monday,288.6500000000001,0.18872180451127826,-11.430000000000007
25-03-2024,P105,Sports,708.0,531.26,0,4,2832.0,152,715.99,Festival,Monday,706.96,0.24963276836158194,-7.990000000000009
25-03-2024,P106,Fashion,1015.0,709.03,0,5,5075.0,465,983.05,Festival,Monday,1529.8500000000004,0.301448275862069,31.950000000000045
25-03-2024,P107,Sports,759.0,492.09,0,1,759.0,92,763.55,Normal,Monday,266.91,0.3516600790513834,-4.5499999999999545
25-03-2024,P108,Sports,868.0,587.06,0,0,0.0,26,898.63,Normal,Monday,0.0,,-30.629999999999995
25-03-2024,P109,Home,681.0,443.25,0,5,3405.0,72,697.66,Normal,Monday,1188.75,0.3491189427312775,-16.659999999999968
25-03-2024,P110,Home,1056.4,844.72,5,1,1056.4,175,1017.16,Sale,Monday,211.68000000000006,0.2003786444528588,39.24000000000012
25-03-2024,P111,Sports,444.6,347.01,10,1,444.6,395,430.34,Normal,Monday,97.59000000000003,0.21950067476383273,14.260000000000048
25-03-2024,P112,Sports,1377.0,1063.91,0,0,0.0,66,1358.21,Normal,Monday,0.0,,18.789999999999964
25-03-2024,P113,Home,768.6,673.98,10,0,0.0,62,787.17,Normal,Monday,0.0,,-18.569999999999936
25-03-2024,P114,Fashion,562.7,429.89,15,0,0.0,291,579.39,Normal,Monday,0.0,,-16.68999999999994
25-03-2024,P115,Home,812.7,642.37,10,0,0.0,485,797.61,Normal,Monday,0.0,,15.090000000000032
25-03-2024,P116,Electronics,425.0,321.99,15,0,0.0,434,444.3,Normal,Monday,0.0,,-19.30000000000001
25-03-2024,P117,Electronics,772.0,549.43,0,2,1544.0,189,749.33,Normal,Monday,445.1400000000001,0.28830310880829024,22.66999999999996
25-03-2024,P118,Home,595.8,418.87,10,2,1191.6,336,582.23,Normal,Monday,353.8599999999999,0.29696206780798917,13.569999999999936
25-03-2024,P119,Fashion,564.3,461.27,10,3,1692.9,485,548.1,Normal,Monday,309.09000000000015,0.18258018784334581,16.199999999999932
26-03-2024,P100,Fashion,1480.0,982.19,0,0,0.0,207,1547.32,Sale,Tuesday,0.0,,-67.31999999999994
26-03-2024,P101,Home,688.0,432.28,0,1,688.0,50,673.01,Normal,Tuesday,255.72000000000003,0.37168604651162795,14.990000000000009
26-03-2024,P102,Electronics,317.3,226.37,5,4,1269.2,278,329.79,Sale,Tuesday,363.72,0.28657421998109045,-12.490000000000009
26-03-2024,P103,Sports,1363.25,1087.92,5,1,1363.25,253,1430.8,Normal,Tuesday,275.3299999999999,0.20196589033559503,-67.54999999999995
26-03-2024,P104,Fashion,567.9,432.56,10,1,567.9,430,584.08,Festival,Tuesday,135.33999999999997,0.23831660503609786,-16.180000000000064
26-03-2024,P105,Sports,691.2,577.87,10,0,0.0,133,715.54,Normal,Tuesday,0.0,,-24.339999999999918
26-03-2024,P106,Fashion,584.1,466.61,10,1,584.1,274,555.41,Normal,Tuesday,117.49000000000001,0.20114706385892828,28.690000000000055
26-03-2024,P107,Electronics,655.0,512.01,0,0,0.0,124,650.03,Normal,Tuesday,0.0,,4.970000000000027
26-03-2024,P108,Sports,721.65,540.44,15,4,2886.6,439,746.36,Normal,Tuesday,724.8399999999997,0.25110510635349537,-24.710000000000036
26-03-2024,P109,Sports,649.0,453.06,0,0,0.0,458,618.8,Normal,Tuesday,0.0,,30.200000000000045
26-03-2024,P110,Home,880.0,702.75,0,0,0.0,387,890.96,Normal,Tuesday,0.0,,-10.960000000000036
26-03-2024,P111,Home,1095.0,838.99,0,0,0.0,454,1055.08,Normal,Tuesday,0.0,,39.92000000000007
26-03-2024,P112,Home,502.55,360.94,5,0,0.0,423,485.48,Normal,Tuesday,0.0,,17.069999999999993
26-03-2024,P113,Home,1299.6,954.72,10,1,1299.6,416,1328.68,Normal,Tuesday,344.8799999999999,0.2653739612188365,-29.080000000000155
26-03-2024,P114,Home,1215.9,934.91,10,0,0.0,148,1192.71,Festival,Tuesday,0.0,,23.190000000000055
26-03-2024,P115,Home,804.1,694.79,15,0,0.0,63,802.94,Normal,Tuesday,0.0,,1.1599999999999682
26-03-2024,P116,Sports,204.0,151.43,0,6,1224.0,284,203.1,Normal,Tuesday,315.41999999999996,0.2576960784313725,0.9000000000000057
26-03-2024,P117,Home,212.8,176.11,5,5,1064.0,234,216.98,Normal,Tuesday,183.44999999999993,0.17241541353383452,-4.179999999999978
26-03-2024,P118,Fashion,595.65,388.45,5,0,0.0,240,608.78,Normal,Tuesday,0.0,,-13.129999999999995
26-03-2024,P119,Fashion,1149.0,734.93,0,2,2298.0,88,1104.02,Sale,Tuesday,828.1400000000001,0.3603742384682333,44.98000000000002
27-03-2024,P100,Electronics,412.0,324.17,0,0,0.0,437,395.67,Normal,Wednesday,0.0,,16.329999999999984
27-03-2024,P101,Sports,667.8,450.54,10,2,1335.6,141,673.91,Festival,Wednesday,434.51999999999987,0.3253369272237196,-6.110000000000014
27-03-2024,P102,Fashion,904.5,665.27,10,0,0.0,339,889.75,Sale,Wednesday,0.0,,14.75
27-03-2024,P103,Electronics,1420.0,1062.97,0,0,0.0,69,1485.17,Normal,Wednesday,0.0,,-65.17000000000007
27-03-2024,P104,Home,1018.0,628.46,0,4,4072.0,219,1039.91,Festival,Wednesday,1558.1599999999999,0.3826522593320235,-21.910000000000082
27-03-2024,P105,Fashion,789.45,544.04,5,0,0.0,123,823.67,Normal,Wednesday,0.0,,-34.219999999999914
27-03-2024,P106,Fashion,538.2,470.11,10,3,1614.6,239,539.3,Sale,Wednesday,204.26999999999998,0.12651430694908955,-1.099999999999909
27-03-2024,P107,Home,1064.95,761.13,5,2,2129.9,97,1015.98,Normal,Wednesday,607.6400000000001,0.2852903892201512,48.97000000000003
27-03-2024,P108,Sports,924.0,602.17,0,2,1848.0,492,966.5,Festival,Wednesday,643.6600000000001,0.34830086580086583,-42.5
27-03-2024,P109,Electronics,1482.0,898.36,0,0,0.0,402,1447.55,Normal,Wednesday,0.0,,34.450000000000045
27-03-2024,P110,Fashion,177.65,137.4,15,11,1954.15,214,177.7,Festival,Wednesday,442.75,0.22656909653813678,-0.04999999999998295
27-03-2024,P111,Electronics,1163.65,1048.95,15,0,0.0,185,1135.06,Normal,Wednesday,0.0,,28.590000000000146
27-03-2024,P112,Home,782.0,618.13,0,2,1564.0,121,796.92,Normal,Wednesday,327.74,0.2095524296675192,-14.919999999999959
27-03-2024,P113,Electronics,478.0,302.48,0,0,0.0,253,483.05,Normal,Wednesday,0.0,,-5.050000000000011
27-03-2024,P114,Fashion,977.55,667.78,5,1,977.55,463,1003.78,Sale,Wednesday,309.77,0.3168840468518234,-26.230000000000018
27-03-2024,P115,Fashion,205.2,161.97,10,3,615.6,470,211.4,Normal,Wednesday,129.69000000000005,0.21067251461988312,-6.200000000000017
27-03-2024,P116,Sports,697.3,539.11,5,3,2091.9,267,680.94,Festival,Wednesday,474.57000000000016,0.22686074860174968,16.3599999999999
27-03-2024,P117,Home,325.0,237.69,0,3,975.0,397,336.08,Holiday,Wednesday,261.93000000000006,0.2686461538461539,-11.079999999999984
27-03-2024,P118,Sports,531.0,443.14,10,0,0.0,380,555.65,Normal,Wednesday,0.0,,-24.649999999999977
27-03-2024,P119,Home,329.0,237.36,0,3,987.0,455,339.05,Normal,Wednesday,274.91999999999996,0.2785410334346504,-10.050000000000011
28-03-2024,P100,Home,857.0,610.7,0,3,2571.0,450,882.76,Holiday,Thursday,738.8999999999999,0.2873978996499416,-25.75999999999999
28-03-2024,P101,Electronics,779.0,484.41,0,0,0.0,107,743.27,Normal,Thursday,0.0,,35.73000000000002
28-03-2024,P102,Sports,1267.35,1103.92,15,0,0.0,405,1259.11,Festival,Thursday,0.0,,8.240000000000009
28-03-2024,P103,Home,589.0,355.25,0,0,0.0,166,597.33,Normal,Thursday,0.0,,-8.330000000000041
28-03-2024,P104,Sports,1303.4,874.49,5,0,0.0,358,1275.05,Festival,Thursday,0.0,,28.350000000000136
28-03-2024,P105,Electronics,583.3,413.99,5,1,583.3,42,574.91,Holiday,Thursday,169.30999999999995,0.2902623007028972,8.389999999999986
28-03-2024,P106,Electronics,1432.0,921.14,0,4,5728.0,297,1468.66,Normal,Thursday,2043.44,0.3567458100558659,-36.66000000000008
28-03-2024,P107,Fashion,535.0,337.21,0,2,1070.0,153,516.42,Festival,Thursday,395.58000000000004,0.3697009345794393,18.58000000000004
28-03-2024,P108,Electronics,592.8,438.21,5,1,592.8,456,602.28,Holiday,Thursday,154.58999999999997,0.2607793522267206,-9.480000000000018
28-03-2024,P109,Home,989.1,729.76,10,0,0.0,373,1021.98,Sale,Thursday,0.0,,-32.879999999999995
28-03-2024,P110,Home,513.9,353.17,10,1,513.9,100,491.78,Normal,Thursday,160.72999999999996,0.3127651294026074,22.120000000000005
28-03-2024,P111,Electronics,543.15,388.49,15,1,543.15,59,548.7,Sale,Thursday,154.65999999999997,0.2847463868176378,-5.550000000000068
28-03-2024,P112,Fashion,814.0,558.95,0,1,814.0,384,852.22,Sale,Thursday,255.04999999999995,0.31332923832923826,-38.22000000000003
28-03-2024,P113,Sports,1394.0,1033.9,0,0,0.0,375,1414.19,Sale,Thursday,0.0,,-20.190000000000055
28-03-2024,P114,Electronics,719.1,554.22,10,0,0.0,170,738.28,Normal,Thursday,0.0,,-19.17999999999995
28-03-2024,P115,Home,836.0,618.95,0,0,0.0,431,874.22,Normal,Thursday,0.0,,-38.22000000000003
28-03-2024,P116,Fashion,1334.0,832.18,0,3,4002.0,44,1288.18,Sale,Thursday,1505.46,0.3761769115442279,45.819999999999936
28-03-2024,P117,Home,1247.4,1010.42,10,0,0.0,53,1259.72,Normal,Thursday,0.0,,-12.319999999999936
28-03-2024,P118,Fashion,1116.0,826.93,0,1,1116.0,258,1160.05,Sale,Thursday,289.07000000000005,0.2590232974910395,-44.049999999999955
28-03-2024,P119,Fashion,501.5,378.65,15,1,501.5,348,520.67,Sale,Thursday,122.85000000000002,0.2449651046859422,-19.16999999999996
29-03-2024,P100,Fashion,788.0,591.51,0,2,1576.0,269,827.05,Sale,Friday,392.98,0.2493527918781726,-39.049999999999955
29-03-2024,P101,Home,1021.5,746.6,10,1,1021.5,395,998.78,Normal,Friday,274.9,0.2691140479686735,22.720000000000027
29-03-2024,P102,Home,395.1,304.97,10,1,395.1,362,404.17,Normal,Friday,90.13,0.22811946342698047,-9.069999999999993
29-03-2024,P103,Fashion,1209.6,910.12,10,0,0.0,20,1248.46,Normal,Friday,0.0,,-38.86000000000013
29-03-2024,P104,Home,970.2,752.23,10,1,970.2,471,976.89,Holiday,Friday,217.97000000000003,0.2246650175221604,-6.689999999999941
29-03-2024,P105,Fashion,799.0,565.35,0,0,0.0,156,837.19,Normal,Friday,0.0,,-38.190000000000055
29-03-2024,P106,Fashion,886.0,570.1,0,4,3544.0,387,910.83,Sale,Friday,1263.6,0.3565462753950338,-24.83000000000004
29-03-2024,P107,Home,314.0,229.21,0,4,1256.0,288,303.99,Festival,Friday,339.15999999999997,0.27003184713375794,10.009999999999991
29-03-2024,P108,Sports,1021.0,654.35,0,2,2042.0,92,993.08,Festival,Friday,733.3,0.35910871694417235,27.91999999999996
29-03-2024,P109,Sports,811.0,602.4,0,3,2433.0,135,801.1,Normal,Friday,625.8000000000002,0.2572133168927251,9.899999999999977
29-03-2024,P110,Sports,1445.0,1123.32,0,3,4335.0,201,1426.44,Normal,Friday,965.04,0.22261591695501728,18.559999999999945
29-03-2024,P111,Home,748.8,647.01,10,3,2246.4,57,770.17,Holiday,Friday,305.3700000000001,0.13593750000000004,-21.370000000000005
29-03-2024,P112,Fashion,542.7,480.3,10,0,0.0,247,554.09,Normal,Friday,0.0,,-11.389999999999986
29-03-2024,P113,Sports,855.0,535.08,0,0,0.0,318,835.48,Normal,Friday,0.0,,19.519999999999982
29-03-2024,P114,Home,454.5,336.21,10,4,1818.0,466,470.1,Sale,Friday,473.1600000000001,0.2602640264026403,-15.600000000000023
29-03-2024,P115,Home,633.6,458.72,10,2,1267.2,456,651.04,Sale,Friday,349.76,0.276010101010101,-17.43999999999994
29-03-2024,P116,Sports,290.7,230.14,5,2,581.4,51,303.03,Normal,Friday,121.12,0.2083247334021328,-12.329999999999984
29-03-2024,P117,Fashion,235.6,181.58,5,0,0.0,317,228.69,Sale,Friday,0.0,,6.909999999999997
29-03-2024,P118,Home,400.0,291.61,0,3,1200.0,326,392.16,Sale,Friday,325.16999999999996,0.27097499999999997,7.839999999999975
29-03-2024,P119,Home,1412.0,857.97,0,0,0.0,153,1350.31,Normal,Friday,0.0,,61.690000000000055
30-03-2024,P100,Home,409.0,255.38,0,0,0.0,82,416.36,Normal,Saturday,0.0,,-7.360000000000014
30-03-2024,P101,Sports,1274.0,903.22,0,2,2548.0,262,1315.75,Normal,Saturday,741.56,0.29103610675039243,-41.75
30-03-2024,P102,Fashion,726.0,533.17,0,0,0.0,80,717.33,Normal,Saturday,0.0,,8.669999999999959
30-03-2024,P103,Sports,823.0,549.51,0,1,823.0,225,810.45,Holiday,Saturday,273.49,0.3323086269744836,12.549999999999955
30-03-2024,P104,Sports,875.9,634.72,5,0,0.0,454,861.91,Normal,Saturday,0.0,,13.990000000000009
30-03-2024,P105,Electronics,522.0,406.54,0,3,1566.0,449,524.31,Normal,Saturday,346.3799999999999,0.22118773946360146,-2.3099999999999454
30-03-2024,P106,Electronics,226.0,179.5,0,5,1130.0,85,223.1,Festival,Saturday,232.5,0.20575221238938052,2.9000000000000057
30-03-2024,P107,Fashion,1213.2,1076.52,10,0,0.0,176,1255.89,Holiday,Saturday,0.0,,-42.690000000000055
30-03-2024,P108,Fashion,997.05,912.38,15,0,0.0,473,955.84,Normal,Saturday,0.0,,41.20999999999992
30-03-2024,P109,Electronics,1159.0,825.33,0,0,0.0,42,1106.64,Normal,Saturday,0.0,,52.3599999999999
30-03-2024,P110,Electronics,1320.0,819.8,0,1,1320.0,207,1278.66,Festival,Saturday,500.20000000000005,0.37893939393939396,41.33999999999992
30-03-2024,P111,Electronics,1184.0,891.81,0,0,0.0,163,1165.77,Sale,Saturday,0.0,,18.230000000000018
30-03-2024,P112,Electronics,998.0,609.79,0,1,998.0,212,1016.92,Sale,Saturday,388.21000000000004,0.3889879759519038,-18.91999999999996
30-03-2024,P113,Electronics,888.0,667.27,0,2,1776.0,213,864.13,Sale,Saturday,441.46000000000004,0.24856981981981985,23.870000000000005
30-03-2024,P114,Home,744.3,498.28,10,0,0.0,63,730.1,Normal,Saturday,0.0,,14.199999999999932
30-03-2024,P115,Electronics,1315.0,1006.33,0,0,0.0,410,1318.12,Normal,Saturday,0.0,,-3.119999999999891
30-03-2024,P116,Sports,281.2,215.38,5,6,1687.2,403,273.59,Sale,Saturday,394.9200000000001,0.23406827880512096,7.610000000000014
30-03-2024,P117,Fashion,1477.0,970.36,0,0,0.0,120,1455.38,Festival,Saturday,0.0,,21.61999999999989
30-03-2024,P118,Sports,842.35,706.61,15,1,842.35,284,881.8,Sale,Saturday,135.74,0.16114441740369206,-39.44999999999993
30-03-2024,P119,Sports,1182.0,865.1,0,0,0.0,253,1208.18,Sale,Saturday,0.0,,-26.180000000000064
31-03-2024,P100,Sports,421.0,268.35,0,3,1263.0,379,428.57,Normal,Sunday,457.94999999999993,0.36258907363420423,-7.569999999999993
31-03-2024,P101,Electronics,675.0,463.48,0,1,675.0,416,652.6,Normal,Sunday,211.51999999999998,0.31336296296296295,22.399999999999977
31-03-2024,P102,Fashion,287.3,246.08,15,2,574.6,198,298.19,Holiday,Sunday,82.44,0.14347372084928645,-10.889999999999986
31-03-2024,P103,Sports,765.0,679.11,10,2,1530.0,118,769.26,Festival,Sunday,171.77999999999997,0.11227450980392155,-4.259999999999991
31-03-2024,P104,Home,1116.0,762.32,0,2,2232.0,244,1071.63,Normal,Sunday,707.3599999999999,0.3169175627240143,44.36999999999989
31-03-2024,P105,Sports,918.65,730.84,5,0,0.0,267,919.93,Normal,Sunday,0.0,,-1.2799999999999727
31-03-2024,P106,Home,1321.0,1013.91,0,0,0.0,430,1301.34,Holiday,Sunday,0.0,,19.660000000000082
31-03-2024,P107,Home,259.0,190.59,0,4,1036.0,277,257.54,Normal,Sunday,273.64,0.26413127413127413,1.4599999999999795
31-03-2024,P108,Electronics,495.0,361.67,0,0,0.0,226,479.76,Normal,Sunday,0.0,,15.240000000000009
31-03-2024,P109,Home,736.2,530.91,10,2,1472.4,210,700.69,Sale,Sunday,410.58000000000015,0.2788508557457214,35.50999999999999
31-03-2024,P110,Fashion,399.0,296.57,0,0,0.0,305,404.61,Normal,Sunday,0.0,,-5.610000000000014
31-03-2024,P111,Home,564.3,435.86,10,3,1692.9,487,574.35,Normal,Sunday,385.32000000000016,0.2276094276094277,-10.050000000000068
31-03-2024,P112,Sports,520.0,414.61,0,5,2600.0,253,519.48,Normal,Sunday,526.9499999999998,0.20267307692307684,0.5199999999999818
31-03-2024,P113,Home,468.9,364.55,10,3,1406.7,468,450.55,Normal,Sunday,313.04999999999995,0.2225421198549797,18.349999999999966
31-03-2024,P114,Electronics,461.7,364.74,10,0,0.0,234,444.01,Normal,Sunday,0.0,,17.689999999999998
31-03-2024,P115,Fashion,917.0,581.03,0,2,1834.0,430,940.96,Sale,Sunday,671.94,0.3663794983642312,-23.960000000000036
31-03-2024,P116,Fashion,887.4,668.93,10,0,0.0,152,914.63,Normal,Sunday,0.0,,-27.230000000000018
31-03-2024,P117,Sports,912.95,686.71,5,0,0.0,113,901.05,Holiday,Sunday,0.0,,11.900000000000091
31-03-2024,P118,Fashion,1317.6,995.27,10,1,1317.6,126,1379.06,Normal,Sunday,322.3299999999999,0.24463418336369153,-61.460000000000036
31-03-2024,P119,Fashion,536.0,417.49,0,0,0.0,210,527.61,Holiday,Sunday,0.0,,8.389999999999986
01-04-2024,P100,Fashion,1495.0,1079.31,0,1,1495.0,172,1524.69,Normal,Monday,415.69000000000005,0.27805351170568565,-29.690000000000055
01-04-2024,P101,Fashion,335.0,236.06,0,7,2345.0,357,321.7,Sale,Monday,692.5799999999999,0.2953432835820895,13.300000000000011
01-04-2024,P102,Electronics,1361.0,932.95,0,1,1361.0,392,1351.98,Holiday,Monday,428.04999999999995,0.31451138868479056,9.019999999999982
01-04-2024,P103,Electronics,1242.9,964.4,10,3,3728.7,471,1218.22,Sale,Monday,835.5,0.22407273312414516,24.680000000000064
01-04-2024,P104,Sports,673.0,501.22,0,2,1346.0,460,677.75,Normal,Monday,343.55999999999995,0.2552451708766716,-4.75
01-04-2024,P105,Home,306.0,241.55,10,4,1224.0,71,305.53,Sale,Monday,257.79999999999995,0.2106209150326797,0.4700000000000273
01-04-2024,P106,Fashion,1208.7,1046.49,15,0,0.0,21,1248.58,Normal,Monday,0.0,,-39.87999999999988
01-04-2024,P107,Electronics,1000.35,819.19,5,5,5001.75,396,1004.05,Normal,Monday,905.7999999999997,0.18109661618433542,-3.699999999999932
01-04-2024,P108,Home,1019.0,748.73,0,1,1019.0,318,1053.33,Holiday,Monday,270.27,0.2652306182531894,-34.32999999999993
01-04-2024,P109,Electronics,1082.0,852.69,0,1,1082.0,352,1035.6,Normal,Monday,229.30999999999995,0.2119316081330868,46.40000000000009
01-04-2024,P110,Sports,285.0,226.33,0,5,1425.0,486,284.59,Normal,Monday,293.3499999999999,0.20585964912280696,0.410000000000025
01-04-2024,P111,Sports,722.95,459.18,5,1,722.95,463,711.04,Sale,Monday,263.77000000000004,0.3648523411024276,11.910000000000082
01-04-2024,P112,Electronics,1387.0,890.86,0,3,4161.0,169,1384.9,Festival,Monday,1488.42,0.35770728190338863,2.099999999999909
01-04-2024,P113,Home,869.4,658.87,10,0,0.0,370,870.51,Sale,Monday,0.0,,-1.1100000000000136
01-04-2024,P114,Sports,714.0,460.41,0,0,0.0,387,694.75,Normal,Monday,0.0,,19.25
01-04-2024,P115,Home,451.8,307.95,10,3,1355.4,488,460.98,Normal,Monday,431.5500000000002,0.31839309428950874,-9.180000000000007
01-04-2024,P116,Fashion,680.2,501.78,5,0,0.0,498,686.18,Normal,Monday,0.0,,-5.9799999999999045
01-04-2024,P117,Fashion,852.3,743.13,10,0,0.0,74,836.63,Normal,Monday,0.0,,15.669999999999959
01-04-2024,P118,Electronics,864.0,597.95,10,0,0.0,304,838.02,Normal,Monday,0.0,,25.980000000000018
01-04-2024,P119,Sports,592.0,466.66,0,3,1776.0,346,567.46,Normal,Monday,376.02,0.21172297297297296,24.539999999999964
02-04-2024,P100,Home,1255.0,924.79,0,0,0.0,371,1203.9,Normal,Tuesday,0.0,,51.09999999999991
02-04-2024,P101,Electronics,557.0,378.15,0,2,1114.0,20,548.53,Normal,Tuesday,357.70000000000005,0.3210951526032316,8.470000000000027
02-04-2024,P102,Fashion,1194.15,867.97,5,2,2388.3,385,1138.34,Normal,Tuesday,652.3600000000001,0.27314826445588913,55.81000000000017
02-04-2024,P103,Fashion,1297.7,886.86,5,3,3893.1,204,1274.82,Normal,Tuesday,1232.52,0.31659089157740616,22.88000000000011
02-04-2024,P104,Home,683.05,467.22,5,0,0.0,221,650.15,Normal,Tuesday,0.0,,32.89999999999998
02-04-2024,P105,Electronics,289.85,230.93,15,4,1159.4,165,294.25,Sale,Tuesday,235.68000000000006,0.20327755735725378,-4.399999999999977
02-04-2024,P106,Home,599.0,450.55,0,7,4193.0,468,581.09,Holiday,Tuesday,1039.15,0.24782971619365612,17.909999999999968
02-04-2024,P107,Home,363.0,220.59,0,3,1089.0,104,369.3,Sale,Tuesday,427.23,0.3923140495867769,-6.300000000000011
02-04-2024,P108,Home,754.3,605.28,5,1,754.3,159,734.83,Sale,Tuesday,149.01999999999998,0.19756065226037384,19.469999999999914
02-04-2024,P109,Electronics,1485.0,1019.2,0,0,0.0,168,1471.83,Normal,Tuesday,0.0,,13.170000000000073
02-04-2024,P110,Electronics,1444.0,1076.91,0,2,2888.0,493,1499.98,Normal,Tuesday,734.1799999999998,0.25421745152354563,-55.98000000000002
02-04-2024,P111,Home,1112.65,875.49,15,2,2225.3,386,1098.66,Normal,Tuesday,474.32000000000016,0.2131487889273357,13.990000000000009
02-04-2024,P112,Electronics,315.9,257.48,10,2,631.8,379,329.77,Normal,Tuesday,116.83999999999992,0.18493194048749592,-13.870000000000005
02-04-2024,P113,Fashion,441.0,298.35,10,2,882.0,431,436.43,Sale,Tuesday,285.29999999999995,0.323469387755102,4.569999999999993
02-04-2024,P114,Sports,499.5,382.04,10,4,1998.0,366,501.85,Normal,Tuesday,469.8399999999999,0.23515515515515512,-2.3500000000000227
02-04-2024,P115,Electronics,1122.3,875.77,10,1,1122.3,60,1087.82,Festival,Tuesday,246.52999999999997,0.219664973714693,34.48000000000002
02-04-2024,P116,Home,648.0,508.63,0,0,0.0,212,650.79,Normal,Tuesday,0.0,,-2.7899999999999636
02-04-2024,P117,Electronics,287.3,205.59,15,2,574.6,142,290.43,Normal,Tuesday,163.42000000000002,0.2844065436825618,-3.1299999999999955
02-04-2024,P118,Home,306.0,279.2,15,4,1224.0,246,299.96,Normal,Tuesday,107.20000000000005,0.08758169934640526,6.0400000000000205
02-04-2024,P119,Home,545.3,396.5,5,5,2726.5,326,547.46,Sale,Tuesday,744.0,0.2728773152393178,-2.160000000000082
03-04-2024,P100,Fashion,253.65,167.68,5,5,1268.25,276,246.96,Normal,Wednesday,429.8499999999999,0.3389315986595702,6.689999999999998
03-04-2024,P101,Sports,425.7,359.67,10,0,0.0,92,434.04,Normal,Wednesday,0.0,,-8.340000000000032
03-04-2024,P102,Sports,945.25,641.88,5,3,2835.75,458,900.63,Normal,Wednesday,910.1100000000001,0.3209415498545359,44.620000000000005
03-04-2024,P103,Sports,1079.0,847.58,0,1,1079.0,247,1084.9,Normal,Wednesday,231.41999999999996,0.21447636700648745,-5.900000000000091
03-04-2024,P104,Sports,206.15,140.01,5,4,824.6,273,205.26,Normal,Wednesday,264.56000000000006,0.320834343924327,0.8900000000000148
03-04-2024,P105,Fashion,1454.0,988.83,0,1,1454.0,493,1499.38,Sale,Wednesday,465.16999999999996,0.3199243466299862,-45.38000000000011
03-04-2024,P106,Sports,670.0,480.12,0,2,1340.0,437,687.78,Normal,Wednesday,379.76,0.28340298507462686,-17.779999999999973
03-04-2024,P107,Fashion,804.0,621.35,0,0,0.0,232,789.44,Normal,Wednesday,0.0,,14.559999999999945
03-04-2024,P108,Sports,257.0,185.53,0,6,1542.0,437,251.17,Holiday,Wednesday,428.81999999999994,0.2780933852140077,5.8300000000000125
03-04-2024,P109,Electronics,1155.15,1059.39,15,2,2310.3,90,1139.24,Normal,Wednesday,191.51999999999998,0.08289832489287104,15.910000000000082
03-04-2024,P110,Sports,246.6,179.16,10,5,1233.0,383,251.8,Normal,Wednesday,337.20000000000005,0.2734793187347932,-5.200000000000017
03-04-2024,P111,Electronics,1164.0,706.59,0,0,0.0,56,1149.28,Festival,Wednesday,0.0,,14.720000000000027
03-04-2024,P112,Electronics,915.8,619.07,5,3,2747.4,404,932.34,Normal,Wednesday,890.19,0.32401179296789695,-16.540000000000077
03-04-2024,P113,Sports,756.0,498.75,0,0,0.0,343,721.78,Sale,Wednesday,0.0,,34.22000000000003
03-04-2024,P114,Home,610.2,421.52,10,3,1830.6,410,598.31,Holiday,Wednesday,566.04,0.309210095050803,11.8900000000001
03-04-2024,P115,Home,1003.0,714.06,0,0,0.0,154,981.05,Normal,Wednesday,0.0,,21.950000000000045
03-04-2024,P116,Fashion,454.0,318.79,0,4,1816.0,402,456.35,Normal,Wednesday,540.8399999999999,0.29781938325991186,-2.3500000000000227
03-04-2024,P117,Electronics,1381.0,984.08,0,0,0.0,347,1395.65,Festival,Wednesday,0.0,,-14.650000000000091
03-04-2024,P118,Home,1202.0,767.35,0,0,0.0,92,1190.13,Holiday,Wednesday,0.0,,11.86999999999989
03-04-2024,P119,Home,1100.7,805.16,10,1,1100.7,161,1076.82,Normal,Wednesday,295.5400000000001,0.2685018624511675,23.88000000000011
04-04-2024,P100,Home,422.0,273.49,0,3,1266.0,81,437.44,Normal,Thursday,445.53,0.35191943127962083,-15.439999999999998
04-04-2024,P101,Sports,710.1,528.45,10,1,710.1,310,737.98,Normal,Thursday,181.64999999999998,0.2558090409801436,-27.879999999999995
04-04-2024,P102,Sports,1455.0,903.13,0,0,0.0,252,1436.93,Sale,Thursday,0.0,,18.069999999999936
04-04-2024,P103,Fashion,726.0,458.23,0,3,2178.0,365,748.36,Holiday,Thursday,803.31,0.36882920110192835,-22.360000000000014
04-04-2024,P104,Sports,1177.05,824.31,5,0,0.0,112,1155.5,Festival,Thursday,0.0,,21.549999999999955
04-04-2024,P105,Electronics,456.95,350.34,5,4,1827.8,103,472.13,Sale,Thursday,426.44000000000005,0.2333078017288544,-15.180000000000007
04-04-2024,P106,Electronics,243.0,153.36,0,0,0.0,497,248.79,Normal,Thursday,0.0,,-5.789999999999992
04-04-2024,P107,Fashion,297.0,200.49,0,5,1485.0,498,294.24,Normal,Thursday,482.54999999999995,0.32494949494949493,2.759999999999991
04-04-2024,P108,Electronics,1281.0,926.24,0,2,2562.0,308,1267.43,Normal,Thursday,709.52,0.2769398907103825,13.569999999999936
04-04-2024,P109,Home,1472.0,1176.98,0,1,1472.0,23,1521.02,Sale,Thursday,295.02,0.2004211956521739,-49.01999999999998
04-04-2024,P110,Home,955.0,705.12,0,0,0.0,130,999.23,Normal,Thursday,0.0,,-44.23000000000002
04-04-2024,P111,Electronics,1140.0,758.49,5,0,0.0,205,1122.73,Sale,Thursday,0.0,,17.269999999999982
04-04-2024,P112,Electronics,1448.0,1071.15,0,0,0.0,484,1377.4,Normal,Thursday,0.0,,70.59999999999991
04-04-2024,P113,Home,235.0,158.38,0,3,705.0,260,244.04,Normal,Thursday,229.86,0.3260425531914894,-9.039999999999992
04-04-2024,P114,Electronics,880.0,576.75,0,3,2640.0,456,892.22,Normal,Thursday,909.75,0.34460227272727273,-12.220000000000027
04-04-2024,P115,Home,1111.0,726.23,0,0,0.0,187,1063.96,Normal,Thursday,0.0,,47.039999999999964
04-04-2024,P116,Sports,1365.0,1088.89,0,0,0.0,61,1319.56,Normal,Thursday,0.0,,45.440000000000055
04-04-2024,P117,Electronics,776.7,583.62,10,1,776.7,138,784.29,Festival,Thursday,193.08000000000004,0.24859018926226345,-7.589999999999918
04-04-2024,P118,Home,1401.25,1026.04,5,0,0.0,404,1411.33,Sale,Thursday,0.0,,-10.079999999999927
04-04-2024,P119,Fashion,890.0,605.49,0,3,2670.0,323,901.07,Normal,Thursday,853.53,0.3196741573033708,-11.07000000000005
05-04-2024,P100,Sports,721.65,581.3,15,2,1443.3,94,701.28,Sale,Friday,280.70000000000005,0.1944848610822421,20.370000000000005
05-04-2024,P101,Home,580.0,377.2,0,2,1160.0,52,603.07,Normal,Friday,405.6,0.3496551724137931,-23.07000000000005
05-04-2024,P102,Sports,401.0,284.95,0,5,2005.0,93,390.29,Sale,Friday,580.25,0.28940149625935163,10.70999999999998
05-04-2024,P103,Electronics,457.0,351.41,0,5,2285.0,180,476.76,Normal,Friday,527.9499999999998,0.23105032822757104,-19.75999999999999
05-04-2024,P104,Home,839.0,592.68,0,3,2517.0,221,807.47,Sale,Friday,738.96,0.2935876042908224,31.529999999999973
05-04-2024,P105,Home,1110.0,754.93,0,2,2220.0,165,1093.98,Sale,Friday,710.1400000000001,0.3198828828828829,16.019999999999982
05-04-2024,P106,Fashion,627.0,408.12,5,3,1881.0,447,605.91,Normal,Friday,656.6399999999999,0.349090909090909,21.090000000000032
05-04-2024,P107,Home,386.1,308.49,10,0,0.0,228,383.99,Normal,Friday,0.0,,2.1100000000000136
05-04-2024,P108,Home,1172.7,787.77,10,0,0.0,185,1132.55,Normal,Friday,0.0,,40.15000000000009
05-04-2024,P109,Electronics,1290.0,887.04,0,0,0.0,285,1298.54,Normal,Friday,0.0,,-8.539999999999964
05-04-2024,P110,Electronics,973.0,757.84,0,2,1946.0,242,942.8,Festival,Friday,430.31999999999994,0.22113052415210685,30.200000000000045
05-04-2024,P111,Home,909.9,666.01,10,0,0.0,202,922.5,Normal,Friday,0.0,,-12.600000000000023
05-04-2024,P112,Sports,545.3,435.19,5,2,1090.6,63,522.19,Normal,Friday,220.2199999999999,0.20192554557124512,23.1099999999999
05-04-2024,P113,Sports,675.0,533.73,0,0,0.0,332,682.16,Normal,Friday,0.0,,-7.159999999999968
05-04-2024,P114,Fashion,305.0,194.06,0,5,1525.0,91,306.17,Festival,Friday,554.7,0.3637377049180328,-1.170000000000016
05-04-2024,P115,Sports,695.7,524.1,10,0,0.0,274,689.27,Festival,Friday,0.0,,6.430000000000064
05-04-2024,P116,Home,243.2,157.34,5,5,1216.0,388,252.59,Sale,Friday,429.29999999999995,0.3530427631578947,-9.390000000000015
05-04-2024,P117,Electronics,285.3,208.71,10,0,0.0,284,296.54,Normal,Friday,0.0,,-11.240000000000009
05-04-2024,P118,Sports,1107.9,809.65,10,3,3323.7,126,1084.64,Normal,Friday,894.75,0.2692029966603484,23.25999999999999
05-04-2024,P119,Home,309.6,215.37,10,4,1238.4,294,316.1,Holiday,Friday,376.9200000000001,0.3043604651162791,-6.5
06-04-2024,P100,Home,1143.0,894.11,0,2,2286.0,489,1115.97,Normal,Saturday,497.78,0.21775153105861766,27.029999999999973
06-04-2024,P101,Fashion,232.75,170.96,5,3,698.25,284,229.76,Festival,Saturday,185.37,0.2654779806659506,2.990000000000009
06-04-2024,P102,Fashion,431.0,273.13,0,2,862.0,482,442.49,Normal,Saturday,315.74,0.3662877030162413,-11.490000000000009
06-04-2024,P103,Fashion,681.0,517.29,0,3,2043.0,65,665.15,Normal,Saturday,491.1300000000001,0.24039647577092516,15.850000000000023
06-04-2024,P104,Home,1284.0,959.0,0,0,0.0,22,1334.76,Normal,Saturday,0.0,,-50.75999999999999
06-04-2024,P105,Electronics,1010.7,852.27,10,5,5053.5,473,1055.4,Normal,Saturday,792.1499999999996,0.15675274562184618,-44.700000000000045
06-04-2024,P106,Electronics,483.55,405.54,5,3,1450.65,119,481.41,Normal,Saturday,234.02999999999997,0.1613276806948609,2.1399999999999864
06-04-2024,P107,Electronics,694.0,508.06,0,5,3470.0,364,679.5,Sale,Saturday,929.6999999999998,0.26792507204610944,14.5
06-04-2024,P108,Fashion,1252.05,984.35,15,0,0.0,160,1263.84,Normal,Saturday,0.0,,-11.789999999999964
06-04-2024,P109,Electronics,571.2,467.3,15,2,1142.4,76,583.62,Normal,Saturday,207.80000000000007,0.1818977591036415,-12.419999999999959
06-04-2024,P110,Fashion,760.0,537.79,0,2,1520.0,221,757.12,Normal,Saturday,444.4200000000001,0.2923815789473685,2.8799999999999955
06-04-2024,P111,Electronics,938.0,649.7,0,2,1876.0,384,948.2,Festival,Saturday,576.5999999999999,0.3073560767590618,-10.200000000000045
06-04-2024,P112,Electronics,988.55,805.89,15,0,0.0,289,1006.15,Sale,Saturday,0.0,,-17.600000000000023
06-04-2024,P113,Electronics,222.0,173.13,0,4,888.0,207,225.62,Normal,Saturday,195.48000000000002,0.22013513513513516,-3.6200000000000045
06-04-2024,P114,Home,743.4,629.29,10,2,1486.8,479,720.74,Normal,Saturday,228.22000000000003,0.1534974441754103,22.659999999999968
06-04-2024,P115,Home,1049.0,671.66,0,1,1049.0,383,1098.34,Normal,Saturday,377.34000000000003,0.35971401334604386,-49.33999999999992
06-04-2024,P116,Electronics,392.0,243.79,0,4,1568.0,195,387.24,Sale,Saturday,592.84,0.37808673469387755,4.759999999999991
06-04-2024,P117,Home,411.35,313.18,5,0,0.0,356,398.92,Normal,Saturday,0.0,,12.430000000000007
06-04-2024,P118,Home,914.0,603.64,0,2,1828.0,171,947.31,Sale,Saturday,620.72,0.3395623632385121,-33.309999999999945
06-04-2024,P119,Home,1290.0,804.42,0,2,2580.0,356,1342.08,Festival,Saturday,971.1600000000001,0.37641860465116284,-52.07999999999993
07-04-2024,P100,Fashion,685.9,517.93,5,0,0.0,73,659.96,Festival,Sunday,0.0,,25.93999999999994
07-04-2024,P101,Electronics,769.0,465.79,0,0,0.0,404,763.81,Holiday,Sunday,0.0,,5.190000000000055
07-04-2024,P102,Home,1090.0,858.48,0,0,0.0,303,1039.29,Sale,Sunday,0.0,,50.710000000000036
07-04-2024,P103,Fashion,1185.3,808.88,10,3,3555.9,466,1134.48,Sale,Sunday,1129.2600000000002,0.31757361005652585,50.819999999999936
07-04-2024,P104,Sports,408.0,291.68,0,3,1224.0,413,404.14,Sale,Sunday,348.96000000000004,0.2850980392156863,3.8600000000000136
07-04-2024,P105,Home,646.85,570.85,15,0,0.0,161,637.06,Festival,Sunday,0.0,,9.790000000000077
07-04-2024,P106,Sports,981.0,708.7,0,3,2943.0,246,1014.04,Normal,Sunday,816.8999999999996,0.27757390417940864,-33.039999999999964
07-04-2024,P107,Electronics,502.35,400.01,15,2,1004.7,492,519.27,Festival,Sunday,204.68000000000006,0.2037225042301185,-16.91999999999996
07-04-2024,P108,Fashion,1406.0,873.69,0,5,7030.0,323,1413.28,Festival,Sunday,2661.5499999999993,0.37859886201991455,-7.279999999999973
07-04-2024,P109,Electronics,1100.0,759.87,0,0,0.0,365,1129.86,Normal,Sunday,0.0,,-29.8599999999999
07-04-2024,P110,Sports,1424.0,883.47,0,0,0.0,33,1432.87,Holiday,Sunday,0.0,,-8.86999999999989
07-04-2024,P111,Electronics,534.0,397.46,0,3,1602.0,355,549.44,Normal,Sunday,409.6200000000001,0.2556928838951312,-15.440000000000055
07-04-2024,P112,Sports,457.0,316.11,0,3,1371.0,115,471.21,Normal,Sunday,422.66999999999996,0.30829321663019693,-14.20999999999998
07-04-2024,P113,Electronics,1371.0,958.05,0,2,2742.0,81,1380.42,Festival,Sunday,825.9000000000001,0.30120350109409194,-9.420000000000073
07-04-2024,P114,Home,1491.0,1181.0,0,3,4473.0,107,1462.86,Normal,Sunday,930.0,0.20791415157612342,28.1400000000001
07-04-2024,P115,Electronics,554.4,453.34,10,3,1663.2,302,578.54,Normal,Sunday,303.18000000000006,0.18228715728715733,-24.139999999999986
07-04-2024,P116,Electronics,555.3,450.43,10,0,0.0,255,534.87,Normal,Sunday,0.0,,20.42999999999995
07-04-2024,P117,Electronics,1451.0,1082.67,0,2,2902.0,187,1444.09,Festival,Sunday,736.6599999999999,0.2538456237077877,6.910000000000082
07-04-2024,P118,Home,418.0,279.84,0,0,0.0,198,428.54,Normal,Sunday,0.0,,-10.54000000000002
07-04-2024,P119,Home,388.8,310.11,10,0,0.0,68,399.43,Normal,Sunday,0.0,,-10.629999999999995
08-04-2024,P100,Electronics,334.05,248.21,15,2,668.1,230,325.05,Normal,Monday,171.68,0.25696751983236044,9.0
08-04-2024,P101,Sports,917.0,696.38,0,2,1834.0,127,887.87,Sale,Monday,441.24,0.24058887677208288,29.129999999999995
08-04-2024,P102,Fashion,1447.0,967.1,0,0,0.0,159,1379.73,Normal,Monday,0.0,,67.26999999999998
08-04-2024,P103,Sports,335.0,205.91,0,0,0.0,420,319.37,Normal,Monday,0.0,,15.629999999999995
08-04-2024,P104,Sports,868.0,581.32,0,1,868.0,338,860.76,Normal,Monday,286.67999999999995,0.3302764976958525,7.240000000000009
08-04-2024,P105,Fashion,438.0,314.31,0,1,438.0,389,433.52,Normal,Monday,123.69,0.2823972602739726,4.480000000000018
08-04-2024,P106,Sports,1186.0,788.7,0,1,1186.0,165,1158.12,Normal,Monday,397.29999999999995,0.33499156829679594,27.88000000000011
08-04-2024,P107,Home,1008.95,770.66,15,0,0.0,183,1034.75,Normal,Monday,0.0,,-25.799999999999955
08-04-2024,P108,Home,1410.75,969.06,5,0,0.0,340,1456.2,Festival,Monday,0.0,,-45.450000000000045
08-04-2024,P109,Electronics,774.0,510.23,0,0,0.0,310,811.39,Normal,Monday,0.0,,-37.389999999999986
08-04-2024,P110,Sports,1235.0,862.94,0,0,0.0,496,1189.9,Normal,Monday,0.0,,45.09999999999991
08-04-2024,P111,Home,227.0,156.0,0,2,454.0,317,229.03,Normal,Monday,142.0,0.31277533039647576,-2.030000000000001
08-04-2024,P112,Fashion,941.0,692.41,0,0,0.0,378,966.59,Normal,Monday,0.0,,-25.590000000000032
08-04-2024,P113,Home,609.0,457.95,0,1,609.0,239,611.3,Holiday,Monday,151.05,0.2480295566502463,-2.2999999999999545
08-04-2024,P114,Fashion,1072.55,737.31,5,0,0.0,234,1057.69,Normal,Monday,0.0,,14.8599999999999
08-04-2024,P115,Sports,1115.0,755.33,0,2,2230.0,61,1104.15,Sale,Monday,719.3399999999999,0.3225739910313901,10.849999999999909
08-04-2024,P116,Sports,349.0,221.8,0,4,1396.0,312,354.5,Normal,Monday,508.79999999999995,0.3644699140401146,-5.5
08-04-2024,P117,Fashion,185.4,136.77,10,8,1483.2,278,185.99,Normal,Monday,389.03999999999996,0.2622977346278317,-0.5900000000000034
08-04-2024,P118,Fashion,593.75,388.34,5,1,593.75,268,597.81,Festival,Monday,205.41000000000003,0.34595368421052636,-4.059999999999945
08-04-2024,P119,Sports,230.0,148.21,0,4,920.0,297,219.91,Normal,Monday,327.15999999999997,0.3556086956521739,10.090000000000003
09-04-2024,P100,Home,1269.0,932.37,0,0,0.0,276,1263.58,Normal,Tuesday,0.0,,5.420000000000073
09-04-2024,P101,Sports,257.0,183.56,0,7,1799.0,197,260.93,Festival,Tuesday,514.0799999999999,0.2857587548638132,-3.930000000000007
09-04-2024,P102,Home,1335.0,1034.81,0,2,2670.0,314,1296.31,Normal,Tuesday,600.3800000000001,0.22486142322097383,38.690000000000055
09-04-2024,P103,Sports,781.0,516.97,0,2,1562.0,368,753.67,Normal,Tuesday,528.06,0.3380665813060179,27.33000000000004
09-04-2024,P104,Electronics,909.5,778.82,15,0,0.0,167,877.82,Festival,Tuesday,0.0,,31.67999999999995
09-04-2024,P105,Fashion,640.8,434.49,10,4,2563.2,335,610.25,Holiday,Tuesday,825.2399999999998,0.3219569288389513,30.549999999999955
09-04-2024,P106,Sports,231.0,144.5,0,4,924.0,80,225.95,Normal,Tuesday,346.0,0.37445887445887444,5.050000000000011
09-04-2024,P107,Sports,893.0,593.8,0,1,893.0,67,855.93,Sale,Tuesday,299.20000000000005,0.3350503919372901,37.07000000000005
09-04-2024,P108,Home,517.5,353.79,10,0,0.0,412,495.24,Normal,Tuesday,0.0,,22.25999999999999
09-04-2024,P109,Fashion,885.4,691.46,5,0,0.0,66,925.34,Normal,Tuesday,0.0,,-39.940000000000055
09-04-2024,P110,Home,931.0,689.26,0,0,0.0,81,911.24,Normal,Tuesday,0.0,,19.75999999999999
09-04-2024,P111,Sports,286.2,191.9,10,5,1431.0,379,281.29,Sale,Tuesday,471.5,0.32948986722571627,4.909999999999968
09-04-2024,P112,Home,634.0,430.86,0,2,1268.0,331,623.72,Normal,Tuesday,406.28,0.320410094637224,10.279999999999973
09-04-2024,P113,Electronics,1113.5,868.95,15,0,0.0,242,1148.04,Normal,Tuesday,0.0,,-34.539999999999964
09-04-2024,P114,Sports,943.0,733.41,0,0,0.0,245,981.52,Normal,Tuesday,0.0,,-38.51999999999998
09-04-2024,P115,Home,1174.7,1006.34,15,0,0.0,128,1129.17,Normal,Tuesday,0.0,,45.52999999999997
09-04-2024,P116,Home,769.0,463.26,0,5,3845.0,177,795.89,Festival,Tuesday,1528.6999999999998,0.39758127438231466,-26.889999999999986
09-04-2024,P117,Fashion,723.0,518.32,0,5,3615.0,153,708.7,Normal,Tuesday,1023.3999999999996,0.28309820193637614,14.299999999999955
09-04-2024,P118,Electronics,1077.0,785.66,0,1,1077.0,365,1040.53,Normal,Tuesday,291.34000000000003,0.27051067780872795,36.47000000000003
09-04-2024,P119,Fashion,929.0,678.09,0,1,929.0,148,943.25,Normal,Tuesday,250.90999999999997,0.27008611410118405,-14.25
10-04-2024,P100,Sports,1106.1,911.71,10,0,0.0,36,1159.95,Normal,Wednesday,0.0,,-53.850000000000136
10-04-2024,P101,Fashion,291.65,192.85,5,5,1458.25,283,286.17,Normal,Wednesday,494.0,0.33876221498371334,5.479999999999961
10-04-2024,P102,Fashion,754.0,457.57,0,1,754.0,499,790.94,Holiday,Wednesday,296.43,0.39314323607427054,-36.940000000000055
10-04-2024,P103,Electronics,1026.9,859.09,10,1,1026.9,162,1054.64,Normal,Wednesday,167.81000000000006,0.16341415911968063,-27.74000000000001
10-04-2024,P104,Home,289.0,208.68,0,0,0.0,60,281.22,Holiday,Wednesday,0.0,,7.779999999999973
10-04-2024,P105,Sports,1169.0,852.33,0,1,1169.0,497,1194.33,Holiday,Wednesday,316.66999999999996,0.2708896492728828,-25.329999999999927
10-04-2024,P106,Sports,1432.0,910.62,0,0,0.0,481,1409.45,Normal,Wednesday,0.0,,22.549999999999955
10-04-2024,P107,Fashion,400.0,284.41,0,5,2000.0,173,417.29,Sale,Wednesday,577.9499999999998,0.2889749999999999,-17.29000000000002
10-04-2024,P108,Fashion,637.2,518.9,10,1,637.2,425,667.91,Normal,Wednesday,118.30000000000007,0.18565599497802898,-30.709999999999923
10-04-2024,P109,Sports,1410.0,962.12,0,1,1410.0,420,1372.76,Festival,Wednesday,447.88,0.31764539007092196,37.24000000000001
10-04-2024,P110,Electronics,675.9,498.52,10,0,0.0,42,663.37,Sale,Wednesday,0.0,,12.529999999999973
10-04-2024,P111,Fashion,708.7,590.21,5,2,1417.4,493,721.6,Sale,Wednesday,236.98000000000002,0.16719345280090306,-12.899999999999977
10-04-2024,P112,Sports,224.0,176.16,0,5,1120.0,397,229.43,Normal,Wednesday,239.20000000000005,0.2135714285714286,-5.430000000000007
10-04-2024,P113,Sports,1200.6,1011.58,10,0,0.0,277,1196.25,Festival,Wednesday,0.0,,4.349999999999909
10-04-2024,P114,Fashion,530.0,321.79,0,3,1590.0,333,520.48,Festival,Wednesday,624.6299999999999,0.3928490566037735,9.519999999999982
10-04-2024,P115,Sports,220.4,181.35,5,6,1322.4,198,223.84,Festival,Wednesday,234.30000000000018,0.17717785843920159,-3.4399999999999977
10-04-2024,P116,Home,775.8,545.23,10,4,3103.2,333,754.29,Normal,Wednesday,922.2799999999997,0.29720288734209843,21.50999999999999
10-04-2024,P117,Sports,775.0,470.61,0,0,0.0,488,751.26,Normal,Wednesday,0.0,,23.74000000000001
10-04-2024,P118,Electronics,211.65,150.04,15,6,1269.9,398,217.93,Holiday,Wednesday,369.6600000000001,0.2910937869123553,-6.280000000000001
10-04-2024,P119,Home,1075.5,923.52,10,2,2151.0,206,1024.19,Festival,Wednesday,303.96000000000004,0.14131101813110183,51.309999999999945
11-04-2024,P100,Sports,499.8,428.87,15,0,0.0,163,492.04,Sale,Thursday,0.0,,7.759999999999991
11-04-2024,P101,Home,409.0,288.12,0,5,2045.0,400,389.21,Normal,Thursday,604.4000000000001,0.2955501222493888,19.79000000000002
11-04-2024,P102,Electronics,890.1,693.61,10,0,0.0,369,884.22,Holiday,Thursday,0.0,,5.8799999999999955
11-04-2024,P103,Fashion,557.0,374.44,0,5,2785.0,498,576.92,Festival,Thursday,912.8,0.3277558348294434,-19.91999999999996
11-04-2024,P104,Electronics,1426.0,928.14,0,0,0.0,488,1362.79,Normal,Thursday,0.0,,63.210000000000036
11-04-2024,P105,Home,1148.0,898.92,0,0,0.0,493,1139.85,Normal,Thursday,0.0,,8.150000000000091
11-04-2024,P106,Home,895.0,693.3,0,0,0.0,87,853.9,Normal,Thursday,0.0,,41.10000000000002
11-04-2024,P107,Fashion,973.0,617.39,0,1,973.0,263,971.29,Normal,Thursday,355.61,0.3654779033915725,1.7100000000000364
11-04-2024,P108,Home,1397.0,1060.53,0,0,0.0,158,1390.55,Sale,Thursday,0.0,,6.4500000000000455
11-04-2024,P109,Electronics,807.3,665.24,10,0,0.0,376,812.46,Festival,Thursday,0.0,,-5.160000000000082
11-04-2024,P110,Sports,341.05,240.17,5,2,682.1,455,332.79,Festival,Thursday,201.76000000000005,0.2957924058056004,8.259999999999991
11-04-2024,P111,Home,915.8,663.99,5,3,2747.4,354,896.65,Sale,Thursday,755.4300000000001,0.2749617820484822,19.149999999999977
11-04-2024,P112,Electronics,189.55,157.61,15,4,758.2,79,193.82,Festival,Thursday,127.75999999999999,0.16850435241361117,-4.269999999999982
11-04-2024,P113,Fashion,288.0,191.63,0,3,864.0,207,275.57,Sale,Thursday,289.11,0.33461805555555557,12.430000000000007
11-04-2024,P114,Sports,786.0,604.7,0,2,1572.0,119,748.4,Festival,Thursday,362.5999999999999,0.23066157760814243,37.60000000000002
11-04-2024,P115,Fashion,315.0,196.76,0,4,1260.0,379,323.9,Normal,Thursday,472.96000000000004,0.3753650793650794,-8.899999999999977
11-04-2024,P116,Fashion,1454.0,892.31,0,0,0.0,358,1405.91,Sale,Thursday,0.0,,48.08999999999992
11-04-2024,P117,Fashion,1311.0,830.83,0,0,0.0,452,1356.01,Normal,Thursday,0.0,,-45.00999999999999
11-04-2024,P118,Fashion,375.3,279.72,10,2,750.6,295,367.83,Normal,Thursday,191.15999999999997,0.2546762589928057,7.470000000000027
11-04-2024,P119,Sports,1083.0,715.27,0,2,2166.0,412,1046.79,Normal,Thursday,735.46,0.33954755309325946,36.210000000000036
12-04-2024,P100,Fashion,216.6,166.46,5,7,1516.2,269,209.65,Sale,Friday,350.98,0.2314866112650046,6.949999999999989
12-04-2024,P101,Fashion,1084.0,702.22,0,3,3252.0,133,1093.98,Normal,Friday,1145.3400000000001,0.3521955719557196,-9.980000000000018
12-04-2024,P102,Sports,301.15,218.12,5,1,301.15,246,300.86,Festival,Friday,83.02999999999997,0.27570977917981065,0.2899999999999636
12-04-2024,P103,Electronics,449.0,280.42,0,3,1347.0,407,440.94,Normal,Friday,505.74,0.375456570155902,8.060000000000002
12-04-2024,P104,Electronics,605.15,438.14,5,4,2420.6,398,581.46,Sale,Friday,668.04,0.2759811616954474,23.68999999999994
12-04-2024,P105,Fashion,1048.0,749.93,0,2,2096.0,37,1097.65,Festival,Friday,596.1400000000001,0.28441793893129774,-49.65000000000009
12-04-2024,P106,Fashion,1251.2,979.57,15,0,0.0,371,1234.71,Holiday,Friday,0.0,,16.49000000000001
12-04-2024,P107,Sports,878.0,594.06,0,1,878.0,152,918.71,Festival,Friday,283.94000000000005,0.3233940774487472,-40.710000000000036
12-04-2024,P108,Sports,685.9,550.97,5,0,0.0,414,651.62,Normal,Friday,0.0,,34.27999999999997
12-04-2024,P109,Fashion,1055.0,827.11,0,0,0.0,80,1043.98,Normal,Friday,0.0,,11.019999999999982
12-04-2024,P110,Fashion,1393.0,1043.21,0,0,0.0,129,1460.11,Festival,Friday,0.0,,-67.1099999999999
12-04-2024,P111,Sports,1286.0,773.3,0,1,1286.0,245,1299.53,Sale,Friday,512.7,0.3986780715396579,-13.529999999999973
12-04-2024,P112,Electronics,894.0,544.15,0,6,5364.0,208,883.26,Holiday,Friday,2099.1000000000004,0.39133109619686807,10.740000000000009
12-04-2024,P113,Sports,1387.0,1059.07,5,1,1387.0,42,1425.02,Normal,Friday,327.93000000000006,0.23643114635904836,-38.01999999999998
12-04-2024,P114,Fashion,906.0,618.81,0,0,0.0,58,917.86,Holiday,Friday,0.0,,-11.860000000000014
12-04-2024,P115,Electronics,1003.0,653.4,0,1,1003.0,495,974.3,Normal,Friday,349.6,0.34855433698903293,28.700000000000045
12-04-2024,P116,Sports,1254.0,947.94,0,4,5016.0,262,1210.15,Normal,Friday,1224.2399999999998,0.24406698564593296,43.84999999999991
12-04-2024,P117,Sports,619.0,405.02,0,1,619.0,285,625.57,Normal,Friday,213.98000000000002,0.34568659127625206,-6.57000000000005
12-04-2024,P118,Sports,1277.0,977.39,0,1,1277.0,386,1257.65,Festival,Friday,299.61,0.23462020360219266,19.34999999999991
12-04-2024,P119,Electronics,654.5,612.39,15,0,0.0,120,645.24,Normal,Friday,0.0,,9.259999999999991
13-04-2024,P100,Electronics,1008.9,758.19,5,0,0.0,155,1019.53,Normal,Saturday,0.0,,-10.629999999999995
13-04-2024,P101,Sports,198.05,169.05,15,9,1782.45,137,202.37,Festival,Saturday,261.0,0.14642766978035848,-4.319999999999993
13-04-2024,P102,Fashion,1175.15,936.46,5,1,1175.15,42,1211.94,Festival,Saturday,238.69000000000005,0.2031144960217845,-36.789999999999964
13-04-2024,P103,Electronics,523.0,379.31,0,1,523.0,388,543.14,Normal,Saturday,143.69,0.27474187380497134,-20.139999999999986
13-04-2024,P104,Home,1106.0,784.09,0,2,2212.0,479,1130.06,Sale,Saturday,643.8199999999999,0.29105786618444845,-24.059999999999945
13-04-2024,P105,Electronics,1306.25,957.43,5,3,3918.75,289,1251.36,Normal,Saturday,1046.46,0.2670392344497608,54.8900000000001
13-04-2024,P106,Home,573.3,459.73,10,0,0.0,413,566.07,Festival,Saturday,0.0,,7.2299999999999045
13-04-2024,P107,Sports,521.05,484.96,15,4,2084.2,345,508.67,Normal,Saturday,144.3599999999999,0.06926398618174835,12.379999999999939
13-04-2024,P108,Home,223.25,158.59,5,7,1562.75,242,229.11,Normal,Saturday,452.6199999999999,0.2896304591265397,-5.860000000000014
13-04-2024,P109,Sports,817.95,581.58,5,1,817.95,128,850.72,Festival,Saturday,236.37,0.28897854392077754,-32.76999999999998
13-04-2024,P110,Electronics,1211.25,892.61,5,0,0.0,37,1251.59,Normal,Saturday,0.0,,-40.33999999999992
13-04-2024,P111,Home,706.0,528.78,0,3,2118.0,251,681.56,Normal,Saturday,531.6600000000001,0.25101983002832867,24.440000000000055
13-04-2024,P112,Electronics,1310.4,1012.8,10,1,1310.4,216,1331.51,Normal,Saturday,297.60000000000014,0.2271062271062272,-21.1099999999999
13-04-2024,P113,Fashion,654.55,518.09,5,0,0.0,215,677.85,Festival,Saturday,0.0,,-23.300000000000068
13-04-2024,P114,Sports,233.0,185.41,0,1,233.0,459,223.77,Normal,Saturday,47.59,0.20424892703862663,9.22999999999999
13-04-2024,P115,Home,1377.0,963.47,0,0,0.0,50,1389.18,Normal,Saturday,0.0,,-12.180000000000064
13-04-2024,P116,Electronics,1286.0,947.4,0,0,0.0,333,1279.44,Normal,Saturday,0.0,,6.559999999999945
13-04-2024,P117,Sports,1079.2,796.72,5,0,0.0,375,1032.43,Sale,Saturday,0.0,,46.76999999999998
13-04-2024,P118,Electronics,546.55,442.26,15,3,1639.65,389,558.75,Holiday,Saturday,312.8700000000001,0.19081511298142903,-12.200000000000045
13-04-2024,P119,Sports,848.0,618.63,0,2,1696.0,191,850.6,Normal,Saturday,458.74,0.27048349056603777,-2.6000000000000227
14-04-2024,P100,Fashion,269.8,215.2,5,2,539.6,424,281.94,Normal,Sunday,109.20000000000005,0.2023721275018533,-12.139999999999986
14-04-2024,P101,Sports,695.7,583.38,10,2,1391.4,118,675.81,Normal,Sunday,224.6400000000001,0.1614489003880984,19.8900000000001
14-04-2024,P102,Sports,285.6,259.08,15,3,856.8,88,295.61,Normal,Sunday,79.55999999999995,0.0928571428571428,-10.009999999999991
14-04-2024,P103,Fashion,602.65,500.59,15,2,1205.3,77,590.02,Festival,Sunday,204.12,0.1693520285406123,12.629999999999995
14-04-2024,P104,Fashion,1237.0,962.99,0,0,0.0,434,1262.81,Normal,Sunday,0.0,,-25.809999999999945
14-04-2024,P105,Fashion,206.15,146.64,5,3,618.45,174,212.61,Normal,Sunday,178.5300000000001,0.2886732961435849,-6.460000000000008
14-04-2024,P106,Home,332.5,228.8,5,2,665.0,469,342.71,Normal,Sunday,207.39999999999998,0.31187969924812026,-10.20999999999998
14-04-2024,P107,Sports,1254.0,859.12,5,0,0.0,359,1293.18,Normal,Sunday,0.0,,-39.180000000000064
14-04-2024,P108,Sports,286.0,203.64,0,2,572.0,472,278.28,Sale,Sunday,164.72000000000003,0.28797202797202803,7.720000000000027
14-04-2024,P109,Sports,1385.1,1045.23,5,3,4155.3,72,1401.62,Sale,Sunday,1019.6100000000001,0.24537578514186703,-16.519999999999982
14-04-2024,P110,Sports,839.8,593.31,5,1,839.8,464,878.97,Sale,Sunday,246.49,0.29351035960943084,-39.17000000000007
14-04-2024,P111,Sports,351.0,273.98,0,5,1755.0,493,351.53,Normal,Sunday,385.0999999999999,0.21943019943019937,-0.5299999999999727
14-04-2024,P112,Home,1220.4,1073.32,10,1,1220.4,189,1240.12,Sale,Sunday,147.08000000000015,0.12051786299573922,-19.7199999999998
14-04-2024,P113,Sports,993.0,648.89,0,2,1986.0,405,1022.34,Normal,Sunday,688.22,0.34653575025176236,-29.340000000000032
14-04-2024,P114,Fashion,1214.0,768.89,0,0,0.0,149,1183.31,Sale,Sunday,0.0,,30.690000000000055
14-04-2024,P115,Electronics,1044.0,723.88,10,0,0.0,252,1089.88,Holiday,Sunday,0.0,,-45.88000000000011
14-04-2024,P116,Fashion,798.15,684.28,15,0,0.0,420,836.32,Sale,Sunday,0.0,,-38.17000000000007
14-04-2024,P117,Electronics,217.55,169.38,5,6,1305.3,93,216.43,Sale,Sunday,289.02,0.2214203631349115,1.1200000000000045
14-04-2024,P118,Sports,1182.75,901.81,5,0,0.0,22,1238.39,Sale,Sunday,0.0,,-55.6400000000001
14-04-2024,P119,Home,1418.35,925.51,5,2,2836.7,355,1459.64,Normal,Sunday,985.6799999999998,0.3474741777417421,-41.29000000000019
15-04-2024,P100,Sports,917.0,698.92,0,1,917.0,448,887.06,Sale,Monday,218.08000000000004,0.2378189749182116,29.940000000000055
15-04-2024,P101,Fashion,1464.0,988.93,0,0,0.0,170,1469.28,Normal,Monday,0.0,,-5.279999999999973
15-04-2024,P102,Sports,461.0,358.57,0,2,922.0,391,479.16,Festival,Monday,204.86,0.22219088937093276,-18.160000000000025
15-04-2024,P103,Home,1408.0,964.62,0,2,2816.0,442,1475.29,Normal,Monday,886.76,0.31490056818181816,-67.28999999999996
15-04-2024,P104,Sports,1250.1,859.31,10,0,0.0,489,1279.35,Festival,Monday,0.0,,-29.25
15-04-2024,P105,Electronics,877.5,702.43,10,0,0.0,66,887.23,Normal,Monday,0.0,,-9.730000000000018
15-04-2024,P106,Sports,709.2,549.0,10,0,0.0,347,681.2,Festival,Monday,0.0,,28.0
15-04-2024,P107,Fashion,898.0,675.3,0,4,3592.0,128,915.55,Normal,Monday,890.8000000000002,0.24799554565701565,-17.549999999999955
15-04-2024,P108,Electronics,424.65,280.45,5,6,2547.9,321,407.3,Normal,Monday,865.2000000000003,0.33957376663134353,17.349999999999966
15-04-2024,P109,Electronics,1246.4,1047.0,5,0,0.0,447,1188.47,Festival,Monday,0.0,,57.930000000000064
15-04-2024,P110,Sports,1353.75,1086.55,5,1,1353.75,208,1359.99,Normal,Monday,267.20000000000005,0.19737765466297325,-6.240000000000009
15-04-2024,P111,Sports,1288.2,1036.32,5,2,2576.4,212,1262.99,Normal,Monday,503.7600000000002,0.19552864462040065,25.210000000000036
15-04-2024,P112,Electronics,624.15,513.05,5,1,624.15,460,641.65,Normal,Monday,111.10000000000002,0.17800208283265245,-17.5
15-04-2024,P113,Home,565.25,513.57,15,2,1130.5,304,579.22,Normal,Monday,103.3599999999999,0.09142857142857135,-13.970000000000027
15-04-2024,P114,Sports,308.0,223.77,0,0,0.0,79,294.97,Normal,Monday,0.0,,13.029999999999973
15-04-2024,P115,Home,272.0,202.41,0,3,816.0,173,262.67,Normal,Monday,208.76999999999998,0.2558455882352941,9.329999999999984
15-04-2024,P116,Sports,1007.0,710.42,0,0,0.0,299,1037.25,Sale,Monday,0.0,,-30.25
15-04-2024,P117,Sports,518.0,399.11,0,0,0.0,378,495.27,Normal,Monday,0.0,,22.730000000000018
15-04-2024,P118,Electronics,755.25,566.56,5,1,755.25,56,778.02,Sale,Monday,188.69000000000005,0.24983780205230063,-22.769999999999982
15-04-2024,P119,Sports,610.0,455.42,0,0,0.0,121,602.15,Holiday,Monday,0.0,,7.850000000000023
16-04-2024,P100,Sports,772.2,619.68,10,0,0.0,457,759.38,Normal,Tuesday,0.0,,12.82000000000005
16-04-2024,P101,Fashion,869.0,630.42,0,1,869.0,377,840.54,Holiday,Tuesday,238.58000000000004,0.2745454545454546,28.460000000000036
16-04-2024,P102,Home,526.0,360.57,0,2,1052.0,153,499.92,Normal,Tuesday,330.86,0.31450570342205325,26.079999999999984
16-04-2024,P103,Home,1209.0,815.57,0,3,3627.0,89,1172.37,Normal,Tuesday,1180.29,0.3254177005789909,36.63000000000011
16-04-2024,P104,Fashion,419.0,269.24,0,0,0.0,196,439.61,Normal,Tuesday,0.0,,-20.610000000000014
16-04-2024,P105,Home,932.0,634.65,0,0,0.0,236,887.83,Sale,Tuesday,0.0,,44.16999999999996
16-04-2024,P106,Sports,1117.2,834.32,5,2,2234.4,148,1168.32,Normal,Tuesday,565.76,0.2532044396706051,-51.11999999999989
16-04-2024,P107,Electronics,840.75,556.46,5,1,840.75,70,805.47,Normal,Tuesday,284.28999999999996,0.33813856675587267,35.27999999999997
16-04-2024,P108,Home,1162.0,779.64,0,1,1162.0,49,1166.34,Normal,Tuesday,382.36,0.32905335628227195,-4.339999999999918
16-04-2024,P109,Home,373.35,242.96,5,1,373.35,126,377.52,Festival,Tuesday,130.39000000000001,0.34924333735101115,-4.169999999999959
16-04-2024,P110,Sports,724.0,465.65,0,0,0.0,133,743.99,Normal,Tuesday,0.0,,-19.99000000000001
16-04-2024,P111,Home,1102.95,755.7,5,0,0.0,108,1102.01,Holiday,Tuesday,0.0,,0.9400000000000546
16-04-2024,P112,Fashion,688.75,483.6,5,2,1377.5,200,704.78,Normal,Tuesday,410.29999999999995,0.2978584392014519,-16.029999999999973
16-04-2024,P113,Electronics,1044.05,769.1,5,2,2088.1,336,1060.42,Normal,Tuesday,549.8999999999999,0.26334945644365687,-16.37000000000012
16-04-2024,P114,Electronics,315.0,251.33,0,1,315.0,327,317.73,Normal,Tuesday,63.66999999999999,0.2021269841269841,-2.730000000000018
16-04-2024,P115,Home,707.0,529.7,0,0,0.0,380,687.32,Normal,Tuesday,0.0,,19.67999999999995
16-04-2024,P116,Fashion,325.0,226.64,0,7,2275.0,282,322.84,Festival,Tuesday,688.52,0.30264615384615384,2.160000000000025
16-04-2024,P117,Fashion,692.55,566.17,5,1,692.55,359,700.11,Normal,Tuesday,126.38,0.18248501913219262,-7.560000000000059
16-04-2024,P118,Fashion,404.0,272.14,0,4,1616.0,365,401.27,Normal,Tuesday,527.44,0.3263861386138614,2.730000000000018
16-04-2024,P119,Home,682.1,490.18,5,0,0.0,37,685.06,Festival,Tuesday,0.0,,-2.9599999999999227
17-04-2024,P100,Home,390.6,270.55,10,0,0.0,330,404.89,Normal,Wednesday,0.0,,-14.289999999999964
17-04-2024,P101,Fashion,1331.0,961.05,0,2,2662.0,127,1384.92,Normal,Wednesday,739.9000000000001,0.2779489105935387,-53.92000000000007
17-04-2024,P102,Electronics,965.7,647.57,10,5,4828.5,185,977.09,Sale,Wednesday,1590.6499999999996,0.3294294294294294,-11.389999999999986
17-04-2024,P103,Sports,724.85,564.21,5,0,0.0,321,696.92,Normal,Wednesday,0.0,,27.930000000000064
17-04-2024,P104,Sports,298.0,194.77,0,1,298.0,147,291.44,Festival,Wednesday,103.22999999999999,0.34640939597315434,6.560000000000002
17-04-2024,P105,Electronics,642.6,566.44,10,1,642.6,309,674.27,Festival,Wednesday,76.15999999999997,0.11851851851851847,-31.66999999999996
17-04-2024,P106,Fashion,1480.0,1131.52,0,1,1480.0,165,1529.67,Sale,Wednesday,348.48,0.23545945945945948,-49.67000000000007
17-04-2024,P107,Sports,1010.7,835.79,10,1,1010.7,61,982.5,Normal,Wednesday,174.91000000000008,0.17305827644206992,28.200000000000045
17-04-2024,P108,Home,475.0,360.81,0,3,1425.0,479,485.51,Sale,Wednesday,342.56999999999994,0.24039999999999995,-10.509999999999991
17-04-2024,P109,Electronics,1079.0,859.27,0,1,1079.0,107,1093.96,Normal,Wednesday,219.73000000000002,0.20364226135310473,-14.960000000000036
17-04-2024,P110,Fashion,636.5,462.19,5,0,0.0,189,639.01,Festival,Wednesday,0.0,,-2.509999999999991
17-04-2024,P111,Fashion,1399.0,907.62,0,0,0.0,494,1351.8,Normal,Wednesday,0.0,,47.200000000000045
17-04-2024,P112,Home,638.0,508.5,0,1,638.0,421,647.22,Normal,Wednesday,129.5,0.2029780564263323,-9.220000000000027
17-04-2024,P113,Home,497.25,354.08,15,2,994.5,90,486.25,Normal,Wednesday,286.34000000000003,0.2879235796882856,11.0
17-04-2024,P114,Fashion,1442.0,888.73,0,5,7210.0,422,1428.47,Festival,Wednesday,2766.3500000000004,0.38368238557558954,13.529999999999973
17-04-2024,P115,Sports,1054.0,680.83,0,0,0.0,426,1016.02,Normal,Wednesday,0.0,,37.98000000000002
17-04-2024,P116,Electronics,283.0,200.41,0,4,1132.0,93,277.86,Holiday,Wednesday,330.36,0.2918374558303887,5.139999999999986
17-04-2024,P117,Electronics,1296.0,795.08,0,5,6480.0,350,1310.19,Holiday,Wednesday,2504.6,0.3865123456790123,-14.190000000000055
17-04-2024,P118,Fashion,1366.0,875.72,0,0,0.0,355,1340.4,Normal,Wednesday,0.0,,25.59999999999991
17-04-2024,P119,Electronics,917.0,676.82,0,1,917.0,468,925.36,Sale,Wednesday,240.17999999999995,0.2619193020719738,-8.360000000000014
18-04-2024,P100,Fashion,1482.0,994.61,0,0,0.0,332,1527.81,Holiday,Thursday,0.0,,-45.809999999999945
18-04-2024,P101,Fashion,623.9,510.78,15,6,3743.4,389,607.71,Sale,Thursday,678.7200000000003,0.1813111075492868,16.18999999999994
18-04-2024,P102,Electronics,1111.5,783.67,10,2,2223.0,267,1071.49,Festival,Thursday,655.6600000000001,0.2949437696806118,40.00999999999999
18-04-2024,P103,Fashion,972.0,668.99,0,0,0.0,289,936.89,Normal,Thursday,0.0,,35.110000000000014
18-04-2024,P104,Fashion,1307.0,1003.38,0,1,1307.0,356,1314.17,Festival,Thursday,303.62,0.23230298393267024,-7.170000000000073
18-04-2024,P105,Electronics,1096.3,746.67,5,1,1096.3,359,1112.01,Sale,Thursday,349.63,0.3189181793304752,-15.710000000000036
18-04-2024,P106,Electronics,1498.0,1182.93,0,0,0.0,384,1500.79,Normal,Thursday,0.0,,-2.7899999999999636
18-04-2024,P107,Sports,408.0,250.52,0,1,408.0,90,401.28,Festival,Thursday,157.48,0.3859803921568627,6.720000000000027
18-04-2024,P108,Fashion,838.0,578.33,0,1,838.0,168,860.67,Normal,Thursday,259.66999999999996,0.3098687350835322,-22.66999999999996
18-04-2024,P109,Electronics,1166.6,968.31,5,2,2333.2,235,1125.85,Festival,Thursday,396.5799999999999,0.1699725698611349,40.75
18-04-2024,P110,Home,1156.0,1028.41,15,0,0.0,20,1212.64,Normal,Thursday,0.0,,-56.6400000000001
18-04-2024,P111,Home,1111.0,829.3,0,4,4444.0,71,1084.93,Normal,Thursday,1126.8000000000002,0.2535553555355536,26.069999999999936
18-04-2024,P112,Electronics,1201.5,873.42,10,0,0.0,92,1168.98,Normal,Thursday,0.0,,32.51999999999998
18-04-2024,P113,Electronics,774.9,656.76,10,0,0.0,91,749.27,Normal,Thursday,0.0,,25.629999999999995
18-04-2024,P114,Fashion,1216.0,824.84,0,3,3648.0,31,1212.98,Normal,Thursday,1173.48,0.32167763157894735,3.019999999999982
18-04-2024,P115,Electronics,1204.6,765.38,5,0,0.0,121,1244.41,Normal,Thursday,0.0,,-39.81000000000017
18-04-2024,P116,Sports,495.55,378.91,15,3,1486.65,281,516.73,Normal,Thursday,349.9200000000001,0.2353748360407628,-21.180000000000007
18-04-2024,P117,Sports,231.3,199.12,10,8,1850.4,499,231.23,Normal,Thursday,257.44000000000005,0.13912667531344577,0.0700000000000216
18-04-2024,P118,Sports,602.0,363.16,0,0,0.0,229,601.31,Normal,Thursday,0.0,,0.6900000000000546
18-04-2024,P119,Electronics,1385.0,870.8,0,0,0.0,46,1437.24,Normal,Thursday,0.0,,-52.24000000000001
19-04-2024,P100,Electronics,864.5,589.45,5,1,864.5,180,893.47,Normal,Friday,275.04999999999995,0.31816078658183916,-28.970000000000027
19-04-2024,P101,Fashion,456.45,343.6,15,1,456.45,236,438.03,Holiday,Friday,112.84999999999997,0.24723408916639275,18.420000000000016
19-04-2024,P102,Sports,1435.0,1113.05,0,0,0.0,403,1472.6,Normal,Friday,0.0,,-37.59999999999991
19-04-2024,P103,Sports,660.25,496.0,5,2,1320.5,345,632.88,Normal,Friday,328.5,0.248769405528209,27.370000000000005
19-04-2024,P104,Electronics,274.0,178.26,0,5,1370.0,258,284.55,Holiday,Friday,478.70000000000005,0.3494160583941606,-10.550000000000011
19-04-2024,P105,Sports,596.0,391.21,0,3,1788.0,466,620.2,Sale,Friday,614.3700000000001,0.3436073825503356,-24.200000000000045
19-04-2024,P106,Sports,1381.3,1149.55,5,3,4143.9,251,1376.41,Sale,Friday,695.25,0.1677767320639977,4.889999999999873
19-04-2024,P107,Home,622.25,413.02,5,0,0.0,448,628.62,Normal,Friday,0.0,,-6.3700000000000045
19-04-2024,P108,Home,932.9,759.08,5,0,0.0,215,913.22,Normal,Friday,0.0,,19.67999999999995
19-04-2024,P109,Fashion,439.0,290.36,0,3,1317.0,338,453.86,Normal,Friday,445.91999999999996,0.3385876993166287,-14.860000000000014
19-04-2024,P110,Fashion,463.6,345.64,5,0,0.0,194,462.68,Normal,Friday,0.0,,0.9200000000000159
19-04-2024,P111,Sports,848.35,662.42,5,0,0.0,455,874.0,Normal,Friday,0.0,,-25.649999999999977
19-04-2024,P112,Fashion,690.0,462.94,0,2,1380.0,175,723.59,Festival,Friday,454.12,0.32907246376811594,-33.59000000000003
19-04-2024,P113,Electronics,661.0,451.54,0,1,661.0,284,649.78,Normal,Friday,209.45999999999998,0.31688350983358543,11.220000000000027
19-04-2024,P114,Home,614.7,497.32,10,3,1844.1,285,605.45,Normal,Friday,352.1399999999999,0.19095493736782165,9.25
19-04-2024,P115,Home,1318.0,1032.16,0,0,0.0,80,1265.64,Normal,Friday,0.0,,52.3599999999999
19-04-2024,P116,Electronics,540.0,446.08,10,0,0.0,325,513.71,Normal,Friday,0.0,,26.289999999999964
19-04-2024,P117,Home,1095.3,867.42,10,3,3285.9,251,1119.96,Festival,Friday,683.6400000000003,0.20805258833196394,-24.660000000000082
19-04-2024,P118,Electronics,855.0,666.6,0,1,855.0,233,845.78,Normal,Friday,188.39999999999998,0.22035087719298244,9.220000000000027
19-04-2024,P119,Home,646.95,443.35,5,0,0.0,21,625.97,Normal,Friday,0.0,,20.980000000000018
20-04-2024,P100,Fashion,692.1,493.44,10,0,0.0,81,677.18,Sale,Saturday,0.0,,14.920000000000073
20-04-2024,P101,Electronics,693.9,563.04,10,0,0.0,470,677.76,Normal,Saturday,0.0,,16.139999999999986
20-04-2024,P102,Fashion,372.6,257.9,10,6,2235.6,356,362.08,Holiday,Saturday,688.2,0.307836822329576,10.520000000000039
20-04-2024,P103,Sports,638.35,454.9,15,0,0.0,355,633.93,Normal,Saturday,0.0,,4.420000000000073
20-04-2024,P104,Home,999.9,825.54,10,4,3999.6,405,950.86,Holiday,Saturday,697.44,0.1743774377437744,49.039999999999964
20-04-2024,P105,Electronics,1407.0,1021.22,0,3,4221.0,218,1402.57,Normal,Saturday,1157.3400000000001,0.2741862117981521,4.430000000000064
20-04-2024,P106,Sports,459.9,362.97,10,4,1839.6,199,455.61,Holiday,Saturday,387.7199999999998,0.21076320939334628,4.289999999999964
20-04-2024,P107,Fashion,1284.0,934.67,0,0,0.0,26,1306.44,Holiday,Saturday,0.0,,-22.440000000000055
20-04-2024,P108,Fashion,960.45,754.51,5,2,1920.9,220,935.24,Normal,Saturday,411.8800000000001,0.21442032380654907,25.210000000000036
20-04-2024,P109,Fashion,1094.0,799.68,0,2,2188.0,217,1097.67,Holiday,Saturday,588.6400000000001,0.2690310786106033,-3.6700000000000728
20-04-2024,P110,Home,1413.6,998.22,5,0,0.0,378,1475.98,Holiday,Saturday,0.0,,-62.38000000000011
20-04-2024,P111,Fashion,1332.85,1092.63,5,2,2665.7,448,1348.16,Holiday,Saturday,480.4399999999996,0.18023033349589213,-15.310000000000173
20-04-2024,P112,Fashion,860.0,676.16,0,0,0.0,296,853.82,Normal,Saturday,0.0,,6.17999999999995
20-04-2024,P113,Sports,990.0,601.05,0,1,990.0,197,1009.16,Sale,Saturday,388.95000000000005,0.39287878787878794,-19.159999999999968
20-04-2024,P114,Home,229.5,156.63,10,6,1377.0,374,235.81,Normal,Saturday,437.22,0.3175163398692811,-6.310000000000002
20-04-2024,P115,Fashion,804.65,595.81,5,0,0.0,347,774.87,Normal,Saturday,0.0,,29.779999999999973
20-04-2024,P116,Sports,1027.8,847.37,10,0,0.0,164,987.16,Normal,Saturday,0.0,,40.639999999999986
20-04-2024,P117,Home,1387.95,995.53,5,3,4163.85,21,1377.98,Holiday,Saturday,1177.2600000000002,0.28273352786483663,9.970000000000027
20-04-2024,P118,Sports,373.35,286.9,5,0,0.0,232,380.95,Normal,Saturday,0.0,,-7.599999999999966
20-04-2024,P119,Sports,182.7,154.15,10,3,548.1,274,180.9,Normal,Saturday,85.64999999999998,0.15626710454296655,1.799999999999983
21-04-2024,P100,Home,784.7,520.2,5,0,0.0,99,774.24,Normal,Sunday,0.0,,10.460000000000036
21-04-2024,P101,Fashion,479.0,331.65,0,0,0.0,44,489.72,Normal,Sunday,0.0,,-10.720000000000027
21-04-2024,P102,Electronics,1122.0,674.18,0,1,1122.0,382,1075.98,Normal,Sunday,447.82000000000005,0.39912655971479505,46.01999999999998
21-04-2024,P103,Sports,1047.6,843.17,10,0,0.0,130,1071.24,Festival,Sunday,0.0,,-23.6400000000001
21-04-2024,P104,Sports,754.2,581.89,10,1,754.2,411,782.58,Holiday,Sunday,172.31000000000006,0.22846725006629548,-28.379999999999995
21-04-2024,P105,Sports,1342.35,1025.69,5,0,0.0,455,1347.28,Normal,Sunday,0.0,,-4.930000000000064
21-04-2024,P106,Home,828.0,606.38,10,1,828.0,491,811.83,Normal,Sunday,221.62,0.26765700483091787,16.16999999999996
21-04-2024,P107,Home,590.9,477.07,5,2,1181.8,161,601.26,Normal,Sunday,227.65999999999997,0.19263834828228124,-10.360000000000014
21-04-2024,P108,Electronics,987.3,713.73,10,0,0.0,145,1031.76,Sale,Sunday,0.0,,-44.460000000000036
21-04-2024,P109,Sports,869.0,599.42,0,1,869.0,379,898.94,Normal,Sunday,269.58000000000004,0.3102186421173763,-29.940000000000055
21-04-2024,P110,Sports,1185.75,1061.46,15,1,1185.75,49,1194.35,Sale,Sunday,124.28999999999996,0.10481973434535101,-8.599999999999909
21-04-2024,P111,Fashion,650.0,445.32,0,0,0.0,350,646.29,Normal,Sunday,0.0,,3.7100000000000364
21-04-2024,P112,Fashion,1136.7,990.37,10,2,2273.4,232,1163.65,Festival,Sunday,292.6600000000001,0.1287322952406088,-26.950000000000045
21-04-2024,P113,Electronics,616.55,396.74,5,4,2466.2,399,605.96,Normal,Sunday,879.2399999999998,0.356516097640094,10.589999999999918
21-04-2024,P114,Sports,687.0,465.48,0,4,2748.0,339,678.24,Sale,Sunday,886.0799999999999,0.32244541484716155,8.759999999999991
21-04-2024,P115,Sports,678.0,540.21,0,0,0.0,427,677.03,Normal,Sunday,0.0,,0.9700000000000273
21-04-2024,P116,Home,509.4,400.31,10,0,0.0,408,525.22,Normal,Sunday,0.0,,-15.82000000000005
21-04-2024,P117,Electronics,514.0,317.16,0,1,514.0,293,515.02,Normal,Sunday,196.83999999999997,0.3829571984435797,-1.0199999999999818
21-04-2024,P118,Home,587.7,503.89,10,0,0.0,331,562.93,Holiday,Sunday,0.0,,24.770000000000095
21-04-2024,P119,Sports,743.75,645.17,15,4,2975.0,293,741.32,Normal,Sunday,394.32000000000016,0.1325445378151261,2.42999999999995
22-04-2024,P100,Home,694.0,449.39,0,2,1388.0,316,669.61,Sale,Monday,489.22,0.35246397694524495,24.389999999999986
22-04-2024,P101,Fashion,1257.3,924.62,10,0,0.0,220,1232.74,Festival,Monday,0.0,,24.559999999999945
22-04-2024,P102,Sports,1239.0,822.48,0,0,0.0,491,1179.23,Sale,Monday,0.0,,59.76999999999998
22-04-2024,P103,Sports,338.4,291.73,10,3,1015.2,360,335.76,Festival,Monday,140.01,0.13791371158392435,2.6399999999999864
22-04-2024,P104,Electronics,917.0,675.31,0,1,917.0,256,961.35,Normal,Monday,241.69000000000005,0.26356597600872417,-44.35000000000002
22-04-2024,P105,Sports,990.9,678.73,10,1,990.9,348,1032.05,Normal,Monday,312.16999999999996,0.3150368352003229,-41.14999999999998
22-04-2024,P106,Fashion,473.0,370.78,0,4,1892.0,418,468.35,Normal,Monday,408.8800000000001,0.21610993657505292,4.649999999999977
22-04-2024,P107,Electronics,967.0,768.5,0,0,0.0,394,979.8,Sale,Monday,0.0,,-12.799999999999955
22-04-2024,P108,Home,487.35,399.18,5,0,0.0,120,511.24,Normal,Monday,0.0,,-23.889999999999986
22-04-2024,P109,Home,795.0,535.05,0,3,2385.0,375,796.55,Normal,Monday,779.8500000000001,0.32698113207547175,-1.5499999999999545
22-04-2024,P110,Electronics,1300.0,785.1,0,3,3900.0,360,1238.11,Festival,Monday,1544.6999999999998,0.39607692307692305,61.8900000000001
22-04-2024,P111,Electronics,709.2,588.47,10,2,1418.4,184,729.39,Normal,Monday,241.46000000000004,0.17023406655386353,-20.18999999999994
22-04-2024,P112,Sports,1311.95,835.64,5,0,0.0,80,1280.98,Normal,Monday,0.0,,30.970000000000027
22-04-2024,P113,Sports,548.0,368.08,0,0,0.0,436,525.91,Sale,Monday,0.0,,22.090000000000032
22-04-2024,P114,Sports,403.0,251.46,0,6,2418.0,343,389.79,Festival,Monday,909.24,0.376029776674938,13.20999999999998
22-04-2024,P115,Fashion,996.3,759.38,10,0,0.0,496,1002.27,Normal,Monday,0.0,,-5.970000000000027
22-04-2024,P116,Electronics,1162.8,916.94,10,0,0.0,295,1181.21,Holiday,Monday,0.0,,-18.410000000000082
22-04-2024,P117,Fashion,445.0,286.5,0,1,445.0,54,447.03,Normal,Monday,158.5,0.3561797752808989,-2.0299999999999727
22-04-2024,P118,Home,1233.0,974.71,0,0,0.0,85,1182.16,Sale,Monday,0.0,,50.83999999999992
22-04-2024,P119,Electronics,460.0,317.46,0,2,920.0,305,458.21,Normal,Monday,285.08000000000004,0.30986956521739134,1.7900000000000205
23-04-2024,P100,Home,772.2,609.44,10,1,772.2,238,774.64,Sale,Tuesday,162.76,0.21077441077441075,-2.439999999999941
23-04-2024,P101,Fashion,1100.0,765.43,0,5,5500.0,36,1084.97,Normal,Tuesday,1672.8500000000004,0.3041545454545455,15.029999999999973
23-04-2024,P102,Sports,1347.0,1014.1,0,2,2694.0,488,1367.23,Festival,Tuesday,665.8,0.24714179658500368,-20.230000000000018
23-04-2024,P103,Sports,1076.0,697.04,0,0,0.0,345,1055.25,Normal,Tuesday,0.0,,20.75
23-04-2024,P104,Sports,576.0,421.38,0,0,0.0,313,578.83,Normal,Tuesday,0.0,,-2.830000000000041
23-04-2024,P105,Fashion,1141.2,938.91,10,0,0.0,284,1123.35,Normal,Tuesday,0.0,,17.850000000000136
23-04-2024,P106,Fashion,425.0,377.86,15,0,0.0,302,415.07,Normal,Tuesday,0.0,,9.930000000000007
23-04-2024,P107,Home,174.25,149.48,15,0,0.0,268,167.29,Normal,Tuesday,0.0,,6.960000000000008
23-04-2024,P108,Electronics,1254.0,842.44,0,0,0.0,416,1231.78,Normal,Tuesday,0.0,,22.220000000000027
23-04-2024,P109,Home,759.05,571.88,5,2,1518.1,447,731.37,Normal,Tuesday,374.3399999999999,0.24658454647256436,27.67999999999995
23-04-2024,P110,Fashion,780.9,590.03,5,2,1561.8,31,792.52,Normal,Tuesday,381.74,0.24442310154949418,-11.620000000000005
23-04-2024,P111,Fashion,1091.7,777.46,10,5,5458.5,394,1067.22,Festival,Tuesday,1571.1999999999998,0.2878446459650087,24.480000000000018
23-04-2024,P112,Electronics,1372.0,884.64,0,1,1372.0,486,1319.14,Normal,Tuesday,487.36,0.3552186588921283,52.8599999999999
23-04-2024,P113,Sports,1226.0,775.71,0,4,4904.0,43,1269.46,Normal,Tuesday,1801.1599999999999,0.3672838499184339,-43.460000000000036
23-04-2024,P114,Sports,351.5,247.6,5,6,2109.0,87,351.13,Normal,Tuesday,623.4000000000001,0.2955903271692746,0.37000000000000455
23-04-2024,P115,Electronics,1105.2,940.9,10,0,0.0,292,1156.35,Festival,Tuesday,0.0,,-51.149999999999864
23-04-2024,P116,Sports,1168.75,892.97,15,2,2337.5,488,1216.61,Normal,Tuesday,551.56,0.2359614973262032,-47.8599999999999
23-04-2024,P117,Home,508.25,360.55,5,3,1524.75,334,505.85,Normal,Tuesday,443.0999999999999,0.29060501721593696,2.3999999999999773
23-04-2024,P118,Electronics,1188.9,856.55,10,0,0.0,438,1146.47,Normal,Tuesday,0.0,,42.430000000000064
23-04-2024,P119,Home,581.0,435.93,0,1,581.0,219,607.16,Festival,Tuesday,145.07,0.24969018932874354,-26.159999999999968
24-04-2024,P100,Fashion,1187.0,916.35,0,0,0.0,358,1242.18,Normal,Wednesday,0.0,,-55.180000000000064
24-04-2024,P101,Electronics,231.2,204.49,15,5,1156.0,412,233.53,Normal,Wednesday,133.54999999999995,0.11552768166089962,-2.3300000000000125
24-04-2024,P102,Home,704.0,502.12,0,0,0.0,100,711.58,Normal,Wednesday,0.0,,-7.580000000000041
24-04-2024,P103,Electronics,1063.05,696.76,5,2,2126.1,293,1115.95,Normal,Wednesday,732.5799999999999,0.3445651662668736,-52.90000000000009
24-04-2024,P104,Fashion,780.0,622.37,0,2,1560.0,475,751.14,Normal,Wednesday,315.26,0.20208974358974358,28.860000000000014
24-04-2024,P105,Sports,618.8,495.74,15,3,1856.4,396,597.64,Normal,Wednesday,369.18000000000006,0.198868778280543,21.159999999999968
24-04-2024,P106,Electronics,861.9,791.08,15,0,0.0,222,889.65,Holiday,Wednesday,0.0,,-27.75
24-04-2024,P107,Fashion,1448.0,1114.36,0,0,0.0,308,1461.68,Normal,Wednesday,0.0,,-13.680000000000064
24-04-2024,P108,Home,950.0,703.8,5,1,950.0,489,906.71,Normal,Wednesday,246.20000000000005,0.25915789473684214,43.289999999999964
24-04-2024,P109,Home,1323.9,1097.7,10,1,1323.9,373,1385.22,Normal,Wednesday,226.20000000000005,0.170858826195332,-61.319999999999936
24-04-2024,P110,Sports,296.4,245.76,5,2,592.8,418,282.98,Normal,Wednesday,101.27999999999997,0.17085020242914978,13.419999999999959
24-04-2024,P111,Fashion,252.7,208.09,5,7,1768.9,76,246.77,Festival,Wednesday,312.27,0.17653343886030864,5.929999999999978
24-04-2024,P112,Electronics,855.0,623.1,0,0,0.0,60,844.2,Sale,Wednesday,0.0,,10.799999999999955
24-04-2024,P113,Fashion,847.8,664.06,10,0,0.0,145,858.55,Festival,Wednesday,0.0,,-10.75
24-04-2024,P114,Electronics,608.0,448.98,0,4,2432.0,380,585.82,Festival,Wednesday,636.0799999999999,0.26154605263157893,22.17999999999995
24-04-2024,P115,Sports,1269.0,898.54,10,0,0.0,111,1290.38,Normal,Wednesday,0.0,,-21.38000000000011
24-04-2024,P116,Home,826.2,617.97,10,0,0.0,351,845.86,Normal,Wednesday,0.0,,-19.659999999999968
24-04-2024,P117,Home,634.6,445.06,5,3,1903.8,420,647.51,Normal,Wednesday,568.6199999999999,0.2986763315474314,-12.909999999999968
24-04-2024,P118,Electronics,868.7,648.18,15,0,0.0,134,871.37,Festival,Wednesday,0.0,,-2.669999999999959
24-04-2024,P119,Fashion,508.0,379.27,0,0,0.0,361,530.77,Normal,Wednesday,0.0,,-22.769999999999982
25-04-2024,P100,Electronics,549.0,382.59,0,1,549.0,100,530.44,Normal,Thursday,166.41000000000003,0.3031147540983607,18.559999999999945
25-04-2024,P101,Home,357.0,265.18,0,5,1785.0,214,358.81,Festival,Thursday,459.0999999999999,0.2571988795518207,-1.8100000000000023
25-04-2024,P102,Home,1095.3,937.24,10,1,1095.3,189,1093.99,Festival,Thursday,158.05999999999995,0.14430749566328854,1.3099999999999454
25-04-2024,P103,Fashion,1337.4,1133.88,10,0,0.0,96,1298.14,Holiday,Thursday,0.0,,39.25999999999999
25-04-2024,P104,Home,658.8,530.51,10,1,658.8,482,675.87,Normal,Thursday,128.28999999999996,0.1947328476017,-17.07000000000005
25-04-2024,P105,Fashion,210.0,151.43,0,10,2100.0,305,211.53,Holiday,Thursday,585.6999999999998,0.2789047619047618,-1.5300000000000011
25-04-2024,P106,Electronics,704.0,561.97,0,0,0.0,228,728.77,Sale,Thursday,0.0,,-24.769999999999982
25-04-2024,P107,Home,795.6,561.59,10,5,3978.0,322,804.99,Holiday,Thursday,1170.0499999999997,0.2941302161890397,-9.389999999999986
25-04-2024,P108,Electronics,1435.0,876.47,0,1,1435.0,147,1469.62,Normal,Thursday,558.53,0.3892195121951219,-34.61999999999989
25-04-2024,P109,Fashion,1350.0,1042.72,0,5,6750.0,149,1317.51,Festival,Thursday,1536.3999999999996,0.22761481481481477,32.49000000000001
25-04-2024,P110,Fashion,1121.95,909.92,5,0,0.0,94,1103.55,Normal,Thursday,0.0,,18.40000000000009
25-04-2024,P111,Electronics,647.7,563.83,15,2,1295.4,83,667.85,Holiday,Thursday,167.74,0.12948896093870618,-20.149999999999977
25-04-2024,P112,Home,1052.1,780.21,10,1,1052.1,347,1046.21,Holiday,Thursday,271.8899999999999,0.25842600513259184,5.889999999999873
25-04-2024,P113,Home,369.55,300.46,5,0,0.0,465,385.37,Normal,Thursday,0.0,,-15.819999999999993
25-04-2024,P114,Fashion,574.0,433.63,0,4,2296.0,423,588.64,Festival,Thursday,561.48,0.24454703832752614,-14.639999999999986
25-04-2024,P115,Fashion,652.0,480.09,0,1,652.0,319,627.31,Normal,Thursday,171.91000000000003,0.2636656441717792,24.690000000000055
25-04-2024,P116,Sports,385.7,313.22,5,0,0.0,48,396.19,Normal,Thursday,0.0,,-10.490000000000009
25-04-2024,P117,Electronics,270.75,215.9,5,1,270.75,370,266.36,Normal,Thursday,54.849999999999994,0.20258541089566018,4.389999999999986
25-04-2024,P118,Fashion,267.0,209.16,0,5,1335.0,174,275.81,Sale,Thursday,289.20000000000005,0.2166292134831461,-8.810000000000002
25-04-2024,P119,Home,1328.0,804.46,0,3,3984.0,302,1320.79,Normal,Thursday,1570.62,0.39423192771084337,7.210000000000036
26-04-2024,P100,Home,265.0,205.81,0,5,1325.0,113,266.14,Normal,Friday,295.95000000000005,0.22335849056603777,-1.1399999999999864
26-04-2024,P101,Fashion,645.05,444.92,5,2,1290.1,301,616.34,Normal,Friday,400.2599999999999,0.31025501899077584,28.709999999999923
26-04-2024,P102,Fashion,331.0,263.86,0,4,1324.0,440,316.31,Normal,Friday,268.55999999999995,0.2028398791540785,14.689999999999998
26-04-2024,P103,Fashion,754.0,516.44,0,1,754.0,368,728.45,Normal,Friday,237.55999999999995,0.3150663129973474,25.549999999999955
26-04-2024,P104,Sports,584.0,382.94,0,0,0.0,161,607.28,Festival,Friday,0.0,,-23.279999999999973
26-04-2024,P105,Fashion,344.0,242.13,0,2,688.0,240,351.15,Sale,Friday,203.74,0.29613372093023255,-7.149999999999977
26-04-2024,P106,Electronics,839.0,510.14,0,2,1678.0,418,876.57,Normal,Friday,657.72,0.3919666269368296,-37.57000000000005
26-04-2024,P107,Electronics,796.0,482.54,0,4,3184.0,442,814.41,Normal,Friday,1253.84,0.3937939698492462,-18.409999999999968
26-04-2024,P108,Electronics,1127.0,852.63,0,1,1127.0,53,1180.66,Holiday,Friday,274.37,0.24345164152617568,-53.66000000000008
26-04-2024,P109,Fashion,1181.0,881.11,0,0,0.0,215,1189.89,Sale,Friday,0.0,,-8.8900000000001
26-04-2024,P110,Home,431.0,260.59,0,2,862.0,79,439.58,Normal,Friday,340.82000000000005,0.3953828306264502,-8.579999999999984
26-04-2024,P111,Fashion,493.0,304.09,0,0,0.0,65,488.49,Normal,Friday,0.0,,4.509999999999991
26-04-2024,P112,Sports,799.0,507.67,0,0,0.0,361,767.09,Normal,Friday,0.0,,31.909999999999968
26-04-2024,P113,Home,798.0,566.38,5,0,0.0,463,792.56,Normal,Friday,0.0,,5.440000000000055
26-04-2024,P114,Sports,1001.3,822.49,15,2,2002.6,236,999.35,Normal,Friday,357.6199999999999,0.1785778487965644,1.9499999999999318
26-04-2024,P115,Fashion,1326.2,957.87,5,0,0.0,414,1280.96,Festival,Friday,0.0,,45.24000000000001
26-04-2024,P116,Fashion,1186.0,736.69,0,0,0.0,262,1136.97,Normal,Friday,0.0,,49.02999999999997
26-04-2024,P117,Home,190.8,142.2,10,7,1335.6,266,190.69,Sale,Friday,340.20000000000005,0.2547169811320755,0.11000000000001364
26-04-2024,P118,Home,383.0,269.62,0,7,2681.0,260,375.2,Sale,Friday,793.6599999999999,0.29603133159268924,7.800000000000011
26-04-2024,P119,Electronics,483.55,305.43,5,1,483.55,60,504.06,Normal,Friday,178.12,0.36835901147761346,-20.50999999999999
27-04-2024,P100,Fashion,777.0,617.07,0,1,777.0,466,807.77,Normal,Saturday,159.92999999999995,0.20583011583011576,-30.769999999999982
27-04-2024,P101,Fashion,761.0,590.77,0,0,0.0,123,788.12,Festival,Saturday,0.0,,-27.120000000000005
27-04-2024,P102,Fashion,425.0,302.42,15,4,1700.0,436,420.2,Normal,Saturday,490.31999999999994,0.2884235294117647,4.800000000000011
27-04-2024,P103,Electronics,280.25,228.99,5,6,1681.5,465,286.22,Festival,Saturday,307.55999999999995,0.1829081177520071,-5.970000000000027
27-04-2024,P104,Home,647.0,404.14,0,0,0.0,188,657.44,Festival,Saturday,0.0,,-10.440000000000055
27-04-2024,P105,Home,451.8,393.84,10,1,451.8,313,460.57,Normal,Saturday,57.960000000000036,0.1282868525896415,-8.769999999999982
27-04-2024,P106,Sports,533.0,361.01,0,1,533.0,68,509.81,Sale,Saturday,171.99,0.3226829268292683,23.189999999999998
27-04-2024,P107,Electronics,491.4,410.08,10,4,1965.6,42,485.41,Normal,Saturday,325.28,0.16548636548636547,5.989999999999952
27-04-2024,P108,Sports,1241.0,895.47,0,2,2482.0,142,1209.41,Normal,Saturday,691.06,0.27842868654311037,31.589999999999918
27-04-2024,P109,Fashion,1383.0,1017.1,0,1,1383.0,470,1399.37,Normal,Saturday,365.9,0.2645697758496023,-16.36999999999989
27-04-2024,P110,Home,279.0,219.12,0,1,279.0,426,274.2,Normal,Saturday,59.879999999999995,0.21462365591397847,4.800000000000011
27-04-2024,P111,Sports,1075.25,954.7,15,0,0.0,319,1049.04,Normal,Saturday,0.0,,26.210000000000036
27-04-2024,P112,Fashion,1171.0,798.19,0,1,1171.0,42,1149.64,Festival,Saturday,372.80999999999995,0.3183689154568744,21.3599999999999
27-04-2024,P113,Electronics,656.45,427.58,5,0,0.0,91,656.79,Normal,Saturday,0.0,,-0.33999999999991815
27-04-2024,P114,Home,464.55,320.07,5,0,0.0,99,458.24,Normal,Saturday,0.0,,6.310000000000002
27-04-2024,P115,Fashion,718.0,565.38,0,0,0.0,98,689.23,Festival,Saturday,0.0,,28.769999999999982
27-04-2024,P116,Home,1185.0,820.87,0,0,0.0,336,1234.72,Festival,Saturday,0.0,,-49.72000000000003
27-04-2024,P117,Home,697.0,446.13,0,1,697.0,127,682.07,Festival,Saturday,250.87,0.35992826398852223,14.92999999999995
27-04-2024,P118,Home,711.9,539.09,10,0,0.0,428,707.08,Normal,Saturday,0.0,,4.819999999999936
27-04-2024,P119,Fashion,505.75,378.15,15,0,0.0,446,518.54,Normal,Saturday,0.0,,-12.789999999999964
28-04-2024,P100,Fashion,572.0,396.28,0,2,1144.0,377,553.7,Normal,Sunday,351.44000000000005,0.30720279720279725,18.299999999999955
28-04-2024,P101,Electronics,367.2,313.27,10,4,1468.8,87,381.78,Normal,Sunday,215.72000000000003,0.1468681917211329,-14.579999999999984
28-04-2024,P102,Fashion,632.7,431.61,5,2,1265.4,263,624.99,Normal,Sunday,402.18000000000006,0.31782835467045994,7.710000000000036
28-04-2024,P103,Fashion,382.0,243.66,0,7,2674.0,286,396.9,Festival,Sunday,968.3800000000001,0.36214659685863876,-14.899999999999977
28-04-2024,P104,Sports,764.75,595.54,5,0,0.0,325,777.94,Normal,Sunday,0.0,,-13.190000000000055
28-04-2024,P105,Fashion,461.7,298.5,5,2,923.4,222,448.77,Sale,Sunday,326.4,0.3534762833008447,12.930000000000007
28-04-2024,P106,Sports,946.9,810.74,15,0,0.0,311,904.17,Holiday,Sunday,0.0,,42.73000000000002
28-04-2024,P107,Sports,1170.0,863.14,0,0,0.0,410,1150.76,Sale,Sunday,0.0,,19.24000000000001
28-04-2024,P108,Fashion,969.85,912.5,15,3,2909.55,245,996.8,Normal,Sunday,172.05000000000018,0.05913285559622628,-26.949999999999932
28-04-2024,P109,Home,945.0,783.66,10,0,0.0,312,958.82,Holiday,Sunday,0.0,,-13.82000000000005
28-04-2024,P110,Home,404.0,286.18,0,4,1616.0,202,384.7,Normal,Sunday,471.28,0.2916336633663366,19.30000000000001
28-04-2024,P111,Home,307.0,244.71,0,4,1228.0,497,320.83,Normal,Sunday,249.15999999999997,0.2028990228013029,-13.829999999999984
28-04-2024,P112,Home,681.15,546.58,5,0,0.0,75,669.99,Normal,Sunday,0.0,,11.159999999999968
28-04-2024,P113,Fashion,302.6,267.22,15,1,302.6,248,296.42,Normal,Sunday,35.379999999999995,0.11692002643754129,6.180000000000007
28-04-2024,P114,Sports,958.5,766.4,10,0,0.0,335,978.99,Normal,Sunday,0.0,,-20.49000000000001
28-04-2024,P115,Home,907.8,836.18,15,4,3631.2,363,924.45,Normal,Sunday,286.48,0.07889402952192114,-16.65000000000009
28-04-2024,P116,Electronics,1211.0,934.31,0,0,0.0,42,1265.89,Festival,Sunday,0.0,,-54.8900000000001
28-04-2024,P117,Home,720.0,476.92,0,5,3600.0,348,730.79,Normal,Sunday,1215.4,0.33761111111111114,-10.789999999999964
28-04-2024,P118,Home,1005.55,744.22,15,0,0.0,457,1043.97,Normal,Sunday,0.0,,-38.42000000000007
28-04-2024,P119,Electronics,925.0,563.11,0,0,0.0,459,915.43,Normal,Sunday,0.0,,9.57000000000005
29-04-2024,P100,Electronics,1463.0,973.35,0,2,2926.0,302,1518.88,Normal,Monday,979.3,0.334688995215311,-55.88000000000011
29-04-2024,P101,Sports,1287.0,1116.44,10,2,2574.0,451,1252.89,Normal,Monday,341.1199999999999,0.1325252525252525,34.1099999999999
29-04-2024,P102,Home,1250.0,787.78,0,0,0.0,29,1260.07,Normal,Monday,0.0,,-10.069999999999936
29-04-2024,P103,Fashion,526.0,381.29,0,0,0.0,103,543.41,Normal,Monday,0.0,,-17.409999999999968
29-04-2024,P104,Fashion,591.85,476.59,5,2,1183.7,366,575.28,Sale,Monday,230.5200000000001,0.19474529019177164,16.57000000000005
29-04-2024,P105,Fashion,1467.0,993.61,0,2,2934.0,352,1487.25,Normal,Monday,946.78,0.32269256987048395,-20.25
29-04-2024,P106,Electronics,1014.0,666.48,0,4,4056.0,259,1050.46,Festival,Monday,1390.08,0.34272189349112425,-36.460000000000036
29-04-2024,P107,Electronics,559.0,350.36,0,3,1677.0,182,564.63,Festival,Monday,625.9200000000001,0.3732379248658319,-5.6299999999999955
29-04-2024,P108,Fashion,309.7,208.06,5,4,1238.8,463,300.4,Normal,Monday,406.55999999999995,0.3281885695834678,9.300000000000011
29-04-2024,P109,Home,482.4,364.3,10,3,1447.2,481,499.0,Holiday,Monday,354.29999999999995,0.2448175787728026,-16.600000000000023
29-04-2024,P110,Electronics,324.9,220.8,10,1,324.9,151,332.39,Normal,Monday,104.09999999999997,0.32040627885503226,-7.490000000000009
29-04-2024,P111,Sports,1027.0,645.89,0,3,3081.0,27,1000.97,Normal,Monday,1143.33,0.37109055501460564,26.029999999999973
29-04-2024,P112,Electronics,860.4,628.4,10,1,860.4,97,868.07,Sale,Monday,232.0,0.2696420269642027,-7.670000000000073
29-04-2024,P113,Sports,454.5,335.3,10,2,909.0,411,472.81,Normal,Monday,238.39999999999998,0.26226622662266225,-18.310000000000002
29-04-2024,P114,Sports,828.0,661.58,10,2,1656.0,213,850.28,Normal,Monday,332.8399999999999,0.20099033816425116,-22.279999999999973
29-04-2024,P115,Electronics,1160.0,876.4,0,0,0.0,470,1119.03,Normal,Monday,0.0,,40.97000000000003
29-04-2024,P116,Sports,423.0,268.38,0,3,1269.0,78,405.82,Normal,Monday,463.86,0.365531914893617,17.180000000000007
29-04-2024,P117,Sports,295.8,256.22,15,3,887.4,152,296.94,Normal,Monday,118.7399999999999,0.13380662609871524,-1.1399999999999864
29-04-2024,P118,Sports,1066.5,896.98,10,1,1066.5,87,1042.67,Festival,Monday,169.51999999999998,0.1589498359118612,23.829999999999927
29-04-2024,P119,Home,611.0,461.28,0,0,0.0,493,582.11,Normal,Monday,0.0,,28.889999999999986
30-04-2024,P100,Sports,1295.0,819.2,0,0,0.0,331,1260.7,Normal,Tuesday,0.0,,34.299999999999955
30-04-2024,P101,Fashion,333.0,241.31,0,6,1998.0,440,329.42,Festival,Tuesday,550.1399999999999,0.27534534534534527,3.579999999999984
30-04-2024,P102,Electronics,1276.0,986.63,0,3,3828.0,59,1304.81,Sale,Tuesday,868.1100000000001,0.2267789968652038,-28.809999999999945
30-04-2024,P103,Electronics,904.0,702.42,0,2,1808.0,412,895.04,Festival,Tuesday,403.1600000000001,0.22298672566371686,8.960000000000036
30-04-2024,P104,Home,527.25,382.49,5,0,0.0,437,543.12,Normal,Tuesday,0.0,,-15.870000000000005
30-04-2024,P105,Home,569.0,454.97,0,3,1707.0,216,551.44,Normal,Tuesday,342.0899999999999,0.20040421792618623,17.559999999999945
30-04-2024,P106,Home,781.15,722.77,15,1,781.15,27,805.73,Normal,Tuesday,58.379999999999995,0.07473596620367406,-24.58000000000004
30-04-2024,P107,Fashion,955.4,812.09,15,0,0.0,78,969.97,Festival,Tuesday,0.0,,-14.57000000000005
30-04-2024,P108,Fashion,264.0,183.34,0,0,0.0,380,269.56,Normal,Tuesday,0.0,,-5.560000000000002
30-04-2024,P109,Fashion,1411.7,893.42,5,0,0.0,36,1427.86,Normal,Tuesday,0.0,,-16.159999999999854
30-04-2024,P110,Home,688.0,507.1,0,4,2752.0,336,678.48,Normal,Tuesday,723.5999999999999,0.2629360465116279,9.519999999999982
30-04-2024,P111,Electronics,447.0,354.02,0,2,894.0,37,426.39,Sale,Tuesday,185.96000000000004,0.20800894854586133,20.610000000000014
30-04-2024,P112,Home,1041.3,805.67,10,0,0.0,390,1018.59,Normal,Tuesday,0.0,,22.709999999999923
30-04-2024,P113,Fashion,1207.8,917.96,10,0,0.0,157,1238.62,Normal,Tuesday,0.0,,-30.819999999999936
30-04-2024,P114,Sports,772.0,563.79,0,5,3860.0,457,767.42,Holiday,Tuesday,1041.0500000000002,0.26970207253886014,4.580000000000041
30-04-2024,P115,Home,823.0,524.38,0,0,0.0,407,855.26,Normal,Tuesday,0.0,,-32.25999999999999
30-04-2024,P116,Fashion,255.0,196.95,0,4,1020.0,69,260.6,Normal,Tuesday,232.20000000000005,0.22764705882352945,-5.600000000000023
30-04-2024,P117,Fashion,793.0,531.01,0,0,0.0,392,810.36,Normal,Tuesday,0.0,,-17.360000000000014
30-04-2024,P118,Sports,254.0,169.31,0,3,762.0,57,259.48,Normal,Tuesday,254.07,0.3334251968503937,-5.480000000000018
30-04-2024,P119,Fashion,1420.0,872.13,0,1,1420.0,498,1416.24,Normal,Tuesday,547.87,0.3858239436619718,3.759999999999991
01-05-2024,P100,Home,1001.3,644.73,5,4,4005.2,168,1021.36,Normal,Wednesday,1426.2799999999997,0.35610706082093274,-20.06000000000006
01-05-2024,P101,Home,1336.65,919.97,5,0,0.0,329,1396.37,Festival,Wednesday,0.0,,-59.7199999999998
01-05-2024,P102,Fashion,414.0,349.32,10,7,2898.0,331,425.4,Sale,Wednesday,452.7600000000002,0.1562318840579711,-11.399999999999977
01-05-2024,P103,Home,706.35,530.46,15,1,706.35,303,710.97,Normal,Wednesday,175.89,0.24901252919940536,-4.6200000000000045
01-05-2024,P104,Home,226.0,154.81,0,2,452.0,141,222.87,Normal,Wednesday,142.38,0.315,3.1299999999999955
01-05-2024,P105,Electronics,1247.0,880.57,0,0,0.0,68,1270.63,Holiday,Wednesday,0.0,,-23.63000000000011
01-05-2024,P106,Sports,937.0,589.59,0,0,0.0,54,935.35,Holiday,Wednesday,0.0,,1.6499999999999773
01-05-2024,P107,Home,1466.0,1086.77,0,0,0.0,496,1513.1,Normal,Wednesday,0.0,,-47.09999999999991
01-05-2024,P108,Electronics,960.0,689.31,0,3,2880.0,273,966.55,Sale,Wednesday,812.0700000000002,0.28196875000000005,-6.5499999999999545
01-05-2024,P109,Fashion,1110.0,711.05,0,3,3330.0,393,1131.74,Normal,Wednesday,1196.8500000000004,0.3594144144144145,-21.74000000000001
01-05-2024,P110,Fashion,1025.05,703.63,5,3,3075.15,387,1068.43,Holiday,Wednesday,964.2600000000002,0.31356519194185656,-43.38000000000011
01-05-2024,P111,Sports,958.0,587.41,0,0,0.0,353,949.3,Normal,Wednesday,0.0,,8.700000000000045
01-05-2024,P112,Home,880.65,603.51,5,0,0.0,422,896.93,Normal,Wednesday,0.0,,-16.279999999999973
01-05-2024,P113,Electronics,249.3,199.51,10,5,1246.5,216,251.79,Normal,Wednesday,248.95000000000005,0.19971921379863622,-2.4899999999999807
01-05-2024,P114,Fashion,299.0,179.6,0,5,1495.0,144,287.21,Sale,Wednesday,597.0,0.39933110367892977,11.79000000000002
01-05-2024,P115,Electronics,682.0,527.06,0,0,0.0,222,713.67,Normal,Wednesday,0.0,,-31.66999999999996
01-05-2024,P116,Sports,814.0,569.56,0,0,0.0,361,813.79,Normal,Wednesday,0.0,,0.21000000000003638
01-05-2024,P117,Electronics,1276.0,829.67,0,0,0.0,467,1263.06,Normal,Wednesday,0.0,,12.940000000000055
01-05-2024,P118,Sports,243.9,200.34,10,2,487.8,300,249.0,Normal,Wednesday,87.12,0.17859778597785977,-5.099999999999994
01-05-2024,P119,Fashion,1253.05,945.89,5,0,0.0,71,1252.27,Normal,Wednesday,0.0,,0.7799999999999727
02-05-2024,P100,Electronics,1275.3,1126.55,10,0,0.0,485,1248.72,Normal,Thursday,0.0,,26.579999999999927
02-05-2024,P101,Fashion,392.7,358.5,15,2,785.4,432,374.02,Normal,Thursday,68.39999999999998,0.08708938120702824,18.680000000000007
02-05-2024,P102,Fashion,1366.1,1032.21,5,2,2732.2,68,1421.43,Normal,Thursday,667.7799999999997,0.24441109728423974,-55.330000000000155
02-05-2024,P103,Fashion,252.0,204.27,10,1,252.0,306,250.74,Normal,Thursday,47.72999999999999,0.18940476190476185,1.259999999999991
02-05-2024,P104,Electronics,589.95,380.1,5,2,1179.9,344,608.14,Normal,Thursday,419.70000000000005,0.3557081108568523,-18.18999999999994
02-05-2024,P105,Electronics,1285.0,901.3,0,0,0.0,85,1292.23,Festival,Thursday,0.0,,-7.230000000000018
02-05-2024,P106,Electronics,1452.0,1013.93,0,2,2904.0,448,1523.98,Normal,Thursday,876.1400000000001,0.3017011019283747,-71.98000000000002
02-05-2024,P107,Fashion,972.9,726.18,10,0,0.0,82,972.75,Normal,Thursday,0.0,,0.14999999999997726
02-05-2024,P108,Electronics,237.0,174.07,0,4,948.0,113,232.85,Normal,Thursday,251.72000000000003,0.2655274261603376,4.150000000000006
02-05-2024,P109,Home,1479.0,1166.34,0,2,2958.0,154,1412.26,Normal,Thursday,625.3200000000002,0.21139959432048688,66.74000000000001
02-05-2024,P110,Sports,1482.0,992.88,0,0,0.0,183,1524.31,Festival,Thursday,0.0,,-42.309999999999945
02-05-2024,P111,Home,866.0,611.37,0,0,0.0,158,891.64,Normal,Thursday,0.0,,-25.639999999999986
02-05-2024,P112,Sports,350.55,230.08,5,2,701.1,417,347.39,Holiday,Thursday,240.94,0.3436599629154186,3.160000000000025
02-05-2024,P113,Electronics,1415.5,1088.87,5,3,4246.5,66,1444.52,Sale,Thursday,979.8900000000003,0.23075238431649603,-29.019999999999982
02-05-2024,P114,Home,728.0,467.52,0,0,0.0,441,743.34,Normal,Thursday,0.0,,-15.340000000000032
02-05-2024,P115,Fashion,375.7,312.03,15,4,1502.8,382,385.01,Holiday,Thursday,254.68000000000006,0.16947032206547782,-9.310000000000002
02-05-2024,P116,Home,882.9,597.07,10,2,1765.8,63,911.98,Festival,Thursday,571.6599999999999,0.3237399478989692,-29.08000000000004
02-05-2024,P117,Sports,829.0,582.58,0,1,829.0,55,848.84,Normal,Thursday,246.41999999999996,0.29724969843184557,-19.840000000000032
02-05-2024,P118,Home,1086.3,894.76,10,0,0.0,470,1117.23,Holiday,Thursday,0.0,,-30.930000000000064
02-05-2024,P119,Sports,418.0,272.13,5,2,836.0,215,415.42,Normal,Thursday,291.74,0.3489712918660287,2.579999999999984
03-05-2024,P100,Electronics,408.85,294.01,15,4,1635.4,138,404.96,Holiday,Friday,459.3600000000001,0.28088541029717506,3.890000000000043
03-05-2024,P101,Electronics,645.3,465.65,10,0,0.0,321,665.44,Normal,Friday,0.0,,-20.1400000000001
03-05-2024,P102,Home,1082.0,721.83,0,0,0.0,396,1039.82,Normal,Friday,0.0,,42.180000000000064
03-05-2024,P103,Sports,560.5,466.43,5,0,0.0,292,566.43,Sale,Friday,0.0,,-5.92999999999995
03-05-2024,P104,Electronics,1326.2,953.27,5,0,0.0,45,1329.13,Normal,Friday,0.0,,-2.9300000000000637
03-05-2024,P105,Sports,1356.0,1063.15,0,1,1356.0,470,1329.79,Normal,Friday,292.8499999999999,0.21596607669616513,26.210000000000036
03-05-2024,P106,Home,375.7,347.26,15,5,1878.5,407,359.55,Normal,Friday,142.20000000000005,0.07569869576789995,16.149999999999977
03-05-2024,P107,Sports,294.3,239.93,10,3,882.9,249,307.49,Normal,Friday,163.11,0.1847434590553857,-13.189999999999998
03-05-2024,P108,Electronics,340.0,255.63,0,2,680.0,424,339.75,Normal,Friday,168.74,0.24814705882352942,0.25
03-05-2024,P109,Home,1077.3,956.92,10,2,2154.6,330,1113.71,Festival,Friday,240.76,0.11174231875986262,-36.41000000000008
03-05-2024,P110,Home,326.8,250.28,5,1,326.8,372,335.2,Normal,Friday,76.52000000000001,0.23414932680538558,-8.399999999999977
03-05-2024,P111,Sports,1157.4,1002.97,10,0,0.0,53,1212.05,Normal,Friday,0.0,,-54.649999999999864
03-05-2024,P112,Electronics,1179.0,1036.74,10,1,1179.0,499,1160.19,Normal,Friday,142.26,0.12066157760814249,18.809999999999945
03-05-2024,P113,Sports,580.0,392.74,0,1,580.0,371,598.14,Normal,Friday,187.26,0.3228620689655172,-18.139999999999986
03-05-2024,P114,Fashion,1365.0,835.6,0,0,0.0,361,1433.18,Normal,Friday,0.0,,-68.18000000000006
03-05-2024,P115,Home,911.2,753.84,15,3,2733.6,151,869.61,Sale,Friday,472.0799999999999,0.17269534679543458,41.59000000000003
03-05-2024,P116,Electronics,934.0,740.82,0,0,0.0,71,900.72,Sale,Friday,0.0,,33.27999999999997
03-05-2024,P117,Home,869.55,637.49,15,2,1739.1,251,855.53,Festival,Friday,464.1199999999999,0.26687367028923004,14.019999999999982
03-05-2024,P118,Electronics,1490.0,1019.16,0,2,2980.0,422,1485.44,Normal,Friday,941.6800000000001,0.316,4.559999999999945
03-05-2024,P119,Electronics,693.0,486.1,0,0,0.0,354,713.52,Normal,Friday,0.0,,-20.519999999999982
04-05-2024,P100,Electronics,676.0,473.6,0,0,0.0,317,689.99,Holiday,Saturday,0.0,,-13.990000000000009
04-05-2024,P101,Home,317.9,233.2,15,3,953.7,411,329.48,Holiday,Saturday,254.10000000000014,0.2664359861591697,-11.580000000000041
04-05-2024,P102,Fashion,1150.45,796.39,5,0,0.0,145,1108.02,Sale,Saturday,0.0,,42.430000000000064
04-05-2024,P103,Fashion,415.0,330.22,0,1,415.0,459,412.17,Normal,Saturday,84.77999999999997,0.20428915662650596,2.829999999999984
04-05-2024,P104,Home,1184.05,1029.66,15,3,3552.15,169,1238.88,Sale,Saturday,463.1699999999996,0.1303914530636374,-54.830000000000155
04-05-2024,P105,Electronics,433.5,402.1,15,7,3034.5,92,447.86,Sale,Saturday,219.79999999999973,0.07243367935409449,-14.360000000000014
04-05-2024,P106,Electronics,672.0,413.25,0,3,2016.0,106,650.36,Normal,Saturday,776.25,0.38504464285714285,21.639999999999986
04-05-2024,P107,Fashion,1169.0,752.02,0,1,1169.0,384,1214.93,Normal,Saturday,416.98,0.35669803250641574,-45.930000000000064
04-05-2024,P108,Electronics,329.8,234.01,15,3,989.4,238,325.46,Normal,Saturday,287.37,0.2904487568223166,4.340000000000032
04-05-2024,P109,Home,436.0,293.59,0,2,872.0,469,434.01,Normal,Saturday,284.82000000000005,0.32662844036697253,1.990000000000009
04-05-2024,P110,Fashion,478.0,359.36,0,0,0.0,477,500.83,Normal,Saturday,0.0,,-22.829999999999984
04-05-2024,P111,Fashion,1058.25,913.7,15,0,0.0,149,1108.23,Sale,Saturday,0.0,,-49.98000000000002
04-05-2024,P112,Fashion,528.2,339.31,5,2,1056.4,497,535.7,Normal,Saturday,377.7800000000001,0.35761075350246124,-7.5
04-05-2024,P113,Fashion,850.0,796.99,15,2,1700.0,134,852.44,Normal,Saturday,106.01999999999998,0.06236470588235293,-2.4400000000000546
04-05-2024,P114,Sports,517.5,377.68,10,3,1552.5,102,526.35,Normal,Saturday,419.46000000000004,0.27018357487922706,-8.850000000000023
04-05-2024,P115,Home,1344.25,900.54,5,0,0.0,392,1359.71,Normal,Saturday,0.0,,-15.460000000000036
04-05-2024,P116,Fashion,781.0,608.85,0,3,2343.0,484,792.95,Normal,Saturday,516.4499999999998,0.22042253521126753,-11.950000000000045
04-05-2024,P117,Home,485.0,318.32,0,2,970.0,393,466.48,Festival,Saturday,333.36,0.3436701030927835,18.519999999999982
04-05-2024,P118,Sports,544.0,342.93,0,0,0.0,213,553.24,Festival,Saturday,0.0,,-9.240000000000009
04-05-2024,P119,Fashion,1004.4,755.97,10,2,2008.8,178,992.51,Festival,Saturday,496.8599999999999,0.24734169653524488,11.889999999999986
05-05-2024,P100,Sports,200.6,144.92,15,9,1805.4,50,202.08,Festival,Sunday,501.1200000000001,0.277567298105683,-1.4800000000000182
05-05-2024,P101,Home,789.45,517.42,5,1,789.45,344,777.93,Normal,Sunday,272.0300000000001,0.3445816707834569,11.520000000000095
05-05-2024,P102,Sports,248.4,220.65,10,3,745.2,328,242.78,Normal,Sunday,83.25,0.11171497584541062,5.6200000000000045
05-05-2024,P103,Electronics,1047.6,792.44,10,6,6285.6,46,1075.0,Sale,Sunday,1530.96,0.24356624665903015,-27.40000000000009
05-05-2024,P104,Electronics,774.0,588.33,10,3,2322.0,106,794.98,Festival,Sunday,557.0099999999998,0.23988372093023247,-20.980000000000018
05-05-2024,P105,Fashion,1094.0,752.01,0,0,0.0,467,1068.92,Normal,Sunday,0.0,,25.079999999999927
05-05-2024,P106,Sports,500.65,410.79,5,1,500.65,338,499.72,Normal,Sunday,89.85999999999996,0.1794866673324677,0.92999999999995
05-05-2024,P107,Electronics,1027.0,644.18,0,3,3081.0,388,1066.95,Festival,Sunday,1148.46,0.3727555988315482,-39.950000000000045
05-05-2024,P108,Home,1410.75,1071.59,5,0,0.0,249,1394.13,Normal,Sunday,0.0,,16.61999999999989
05-05-2024,P109,Fashion,949.0,631.68,0,1,949.0,166,985.69,Sale,Sunday,317.32000000000005,0.334373024236038,-36.690000000000055
05-05-2024,P110,Home,1436.0,1079.34,0,0,0.0,156,1443.35,Normal,Sunday,0.0,,-7.349999999999909
05-05-2024,P111,Fashion,200.0,125.83,0,4,800.0,83,208.82,Normal,Sunday,296.68,0.37085,-8.819999999999993
05-05-2024,P112,Fashion,1085.0,836.9,0,2,2170.0,25,1120.43,Normal,Sunday,496.20000000000005,0.2286635944700461,-35.430000000000064
05-05-2024,P113,Electronics,880.2,612.64,10,0,0.0,429,918.7,Normal,Sunday,0.0,,-38.5
05-05-2024,P114,Home,461.0,338.66,0,4,1844.0,205,438.26,Normal,Sunday,489.3599999999999,0.2653796095444685,22.74000000000001
05-05-2024,P115,Electronics,631.75,508.28,5,1,631.75,375,619.15,Normal,Sunday,123.47000000000003,0.19544123466561145,12.600000000000023
05-05-2024,P116,Home,745.75,499.08,5,0,0.0,254,771.63,Normal,Sunday,0.0,,-25.879999999999995
05-05-2024,P117,Sports,1177.05,951.27,5,0,0.0,317,1204.92,Normal,Sunday,0.0,,-27.87000000000012
05-05-2024,P118,Sports,652.65,439.33,5,0,0.0,163,627.4,Festival,Sunday,0.0,,25.25
05-05-2024,P119,Sports,585.9,437.42,10,4,2343.6,59,564.61,Holiday,Sunday,593.9199999999998,0.2534220856801501,21.289999999999964
06-05-2024,P100,Electronics,195.3,147.82,10,10,1953.0,253,197.16,Sale,Monday,474.8000000000002,0.2431131592421916,-1.8599999999999852
06-05-2024,P101,Fashion,1190.85,842.68,15,0,0.0,397,1179.94,Normal,Monday,0.0,,10.909999999999854
06-05-2024,P102,Sports,1217.0,847.01,0,0,0.0,390,1193.67,Normal,Monday,0.0,,23.329999999999927
06-05-2024,P103,Home,747.0,480.14,0,0,0.0,439,727.51,Normal,Monday,0.0,,19.49000000000001
06-05-2024,P104,Sports,282.15,235.74,5,1,282.15,498,287.11,Sale,Monday,46.40999999999997,0.1644869750132907,-4.960000000000036
06-05-2024,P105,Fashion,685.0,482.73,0,1,685.0,264,675.37,Holiday,Monday,202.26999999999998,0.2952846715328467,9.629999999999995
06-05-2024,P106,Home,1272.0,989.94,0,2,2544.0,180,1225.65,Sale,Monday,564.1199999999999,0.2217452830188679,46.34999999999991
06-05-2024,P107,Electronics,1199.7,954.61,10,0,0.0,254,1173.98,Normal,Monday,0.0,,25.720000000000027
06-05-2024,P108,Fashion,970.2,751.08,10,1,970.2,387,952.54,Normal,Monday,219.12,0.22585034013605443,17.660000000000082
06-05-2024,P109,Sports,643.45,563.62,15,2,1286.9,400,637.33,Normal,Monday,159.66000000000008,0.12406558396145782,6.1200000000000045
06-05-2024,P110,Sports,1040.0,725.6,0,2,2080.0,339,1038.54,Normal,Monday,628.8,0.3023076923076923,1.4600000000000364
06-05-2024,P111,Sports,410.4,261.71,5,4,1641.6,335,409.21,Festival,Monday,594.76,0.36230506822612085,1.1899999999999977
06-05-2024,P112,Sports,1033.6,805.62,15,1,1033.6,318,1082.08,Festival,Monday,227.9799999999999,0.22056888544891634,-48.48000000000002
06-05-2024,P113,Home,628.9,416.98,5,2,1257.8,475,654.85,Holiday,Monday,423.8399999999999,0.33696931149626325,-25.950000000000045
06-05-2024,P114,Electronics,455.0,311.21,0,5,2275.0,313,451.53,Normal,Monday,718.95,0.31602197802197807,3.4700000000000273
06-05-2024,P115,Electronics,1141.55,822.63,15,2,2283.1,330,1087.05,Normal,Monday,637.8399999999999,0.27937453462397616,54.5
06-05-2024,P116,Home,455.4,303.95,10,0,0.0,116,463.77,Normal,Monday,0.0,,-8.370000000000005
06-05-2024,P117,Home,664.05,475.86,5,4,2656.2,252,637.58,Festival,Monday,752.7599999999998,0.2833973345380618,26.469999999999914
06-05-2024,P118,Home,242.25,193.49,5,4,969.0,206,244.07,Normal,Monday,195.03999999999996,0.20127966976264186,-1.8199999999999932
06-05-2024,P119,Sports,858.8,652.13,5,0,0.0,464,860.58,Festival,Monday,0.0,,-1.7800000000000864
07-05-2024,P100,Fashion,1235.7,960.4,10,4,4942.8,368,1275.75,Festival,Tuesday,1101.2000000000003,0.22278870275956952,-40.049999999999955
07-05-2024,P101,Home,662.4,496.72,10,1,662.4,410,663.42,Normal,Tuesday,165.67999999999995,0.25012077294685986,-1.0199999999999818
07-05-2024,P102,Fashion,544.0,335.72,0,2,1088.0,34,538.8,Holiday,Tuesday,416.55999999999995,0.3828676470588235,5.2000000000000455
07-05-2024,P103,Sports,1185.0,874.37,0,2,2370.0,387,1208.9,Normal,Tuesday,621.26,0.2621350210970464,-23.90000000000009
07-05-2024,P104,Fashion,277.0,210.4,0,4,1108.0,326,289.08,Festival,Tuesday,266.4,0.24043321299638987,-12.079999999999984
07-05-2024,P105,Electronics,385.0,264.68,0,0,0.0,78,384.95,Normal,Tuesday,0.0,,0.05000000000001137
07-05-2024,P106,Fashion,993.0,781.17,0,2,1986.0,438,981.01,Holiday,Tuesday,423.6600000000001,0.2133232628398792,11.990000000000009
07-05-2024,P107,Home,656.0,472.39,0,3,1968.0,159,648.86,Normal,Tuesday,550.8299999999999,0.2798932926829268,7.139999999999986
07-05-2024,P108,Sports,1467.0,1124.0,0,2,2934.0,169,1522.59,Normal,Tuesday,686.0,0.2338104976141786,-55.58999999999992
07-05-2024,P109,Fashion,900.0,607.39,0,3,2700.0,473,919.83,Normal,Tuesday,877.8299999999999,0.3251222222222222,-19.83000000000004
07-05-2024,P110,Fashion,1190.0,1050.89,15,0,0.0,355,1153.13,Normal,Tuesday,0.0,,36.86999999999989
07-05-2024,P111,Sports,956.0,645.64,0,3,2868.0,372,946.54,Normal,Tuesday,931.0799999999999,0.3246443514644351,9.460000000000036
07-05-2024,P112,Sports,203.0,124.43,0,3,609.0,472,200.79,Normal,Tuesday,235.70999999999998,0.38704433497536944,2.210000000000008
07-05-2024,P113,Fashion,279.3,192.57,5,0,0.0,384,279.55,Festival,Tuesday,0.0,,-0.25
07-05-2024,P114,Sports,359.1,297.92,10,5,1795.5,271,376.59,Festival,Tuesday,305.89999999999986,0.17037037037037028,-17.489999999999952
07-05-2024,P115,Electronics,1187.1,883.86,10,0,0.0,361,1137.8,Sale,Tuesday,0.0,,49.299999999999955
07-05-2024,P116,Sports,1366.1,991.79,5,1,1366.1,145,1420.81,Normal,Tuesday,374.30999999999995,0.27399897518483274,-54.710000000000036
07-05-2024,P117,Sports,975.0,645.34,0,1,975.0,119,976.49,Normal,Tuesday,329.65999999999997,0.3381128205128205,-1.490000000000009
07-05-2024,P118,Sports,741.0,586.52,0,0,0.0,175,706.79,Normal,Tuesday,0.0,,34.210000000000036
07-05-2024,P119,Home,654.0,458.46,0,2,1308.0,231,650.67,Festival,Tuesday,391.08000000000004,0.29899082568807345,3.330000000000041
08-05-2024,P100,Sports,742.0,483.85,0,5,3710.0,265,769.26,Festival,Wednesday,1290.75,0.347911051212938,-27.25999999999999
08-05-2024,P101,Home,418.5,357.71,10,4,1674.0,444,398.42,Holiday,Wednesday,243.16000000000008,0.14525686977299884,20.079999999999984
08-05-2024,P102,Fashion,875.0,582.93,0,0,0.0,460,834.92,Normal,Wednesday,0.0,,40.08000000000004
08-05-2024,P103,Home,1150.05,875.51,15,0,0.0,31,1187.03,Normal,Wednesday,0.0,,-36.98000000000002
08-05-2024,P104,Sports,1116.05,1009.07,15,2,2232.1,282,1101.13,Normal,Wednesday,213.9599999999998,0.09585592043367225,14.919999999999845
08-05-2024,P105,Home,734.35,495.96,5,0,0.0,140,756.01,Normal,Wednesday,0.0,,-21.659999999999968
08-05-2024,P106,Fashion,510.0,394.87,0,1,510.0,204,524.39,Normal,Wednesday,115.13,0.22574509803921566,-14.389999999999986
08-05-2024,P107,Home,942.4,776.24,5,5,4712.0,362,946.73,Sale,Wednesday,830.8000000000002,0.17631578947368426,-4.330000000000041
08-05-2024,P108,Fashion,596.0,372.6,0,6,3576.0,101,595.1,Normal,Wednesday,1340.3999999999996,0.3748322147651006,0.8999999999999773
08-05-2024,P109,Fashion,309.0,208.0,0,0,0.0,221,314.86,Normal,Wednesday,0.0,,-5.860000000000014
08-05-2024,P110,Home,1479.0,1161.04,0,2,2958.0,238,1533.05,Sale,Wednesday,635.9200000000001,0.21498309668695068,-54.049999999999955
08-05-2024,P111,Sports,538.0,388.28,0,0,0.0,68,528.82,Normal,Wednesday,0.0,,9.17999999999995
08-05-2024,P112,Electronics,938.6,743.07,5,3,2815.8,194,895.25,Holiday,Wednesday,586.5900000000001,0.20832090347325807,43.35000000000002
08-05-2024,P113,Home,592.8,401.93,5,2,1185.6,322,576.46,Festival,Wednesday,381.7399999999999,0.32198043184885283,16.339999999999918
08-05-2024,P114,Home,756.0,604.49,0,4,3024.0,52,788.64,Holiday,Wednesday,606.04,0.2004100529100529,-32.639999999999986
08-05-2024,P115,Sports,550.8,425.24,10,4,2203.2,156,536.53,Normal,Wednesday,502.2399999999998,0.22795933188090042,14.269999999999982
08-05-2024,P116,Sports,479.75,310.01,5,4,1919.0,56,456.42,Holiday,Wednesday,678.96,0.35380927566440856,23.329999999999984
08-05-2024,P117,Fashion,581.4,452.38,10,0,0.0,40,554.67,Normal,Wednesday,0.0,,26.730000000000018
08-05-2024,P118,Home,245.0,156.29,0,6,1470.0,335,234.48,Holiday,Wednesday,532.26,0.3620816326530612,10.52000000000001
08-05-2024,P119,Fashion,275.5,225.47,5,2,551.0,272,287.8,Normal,Wednesday,100.06,0.18159709618874773,-12.300000000000011
09-05-2024,P100,Sports,504.0,440.78,10,3,1512.0,474,511.7,Festival,Thursday,189.66000000000008,0.12543650793650798,-7.699999999999989
09-05-2024,P101,Electronics,411.35,302.78,5,0,0.0,480,419.15,Normal,Thursday,0.0,,-7.7999999999999545
09-05-2024,P102,Electronics,205.0,127.24,0,6,1230.0,90,208.03,Holiday,Thursday,466.56000000000006,0.37931707317073177,-3.030000000000001
09-05-2024,P103,Sports,878.75,607.52,5,1,878.75,453,886.15,Normal,Thursday,271.23,0.3086543385490754,-7.399999999999977
09-05-2024,P104,Sports,1141.0,873.91,0,2,2282.0,74,1086.85,Festival,Thursday,534.1800000000001,0.23408413672217357,54.15000000000009
09-05-2024,P105,Home,915.45,704.74,15,2,1830.9,24,886.45,Normal,Thursday,421.4200000000001,0.23017095417554212,29.0
09-05-2024,P106,Fashion,1008.0,619.2,0,1,1008.0,261,1024.11,Holiday,Thursday,388.79999999999995,0.3857142857142857,-16.1099999999999
09-05-2024,P107,Sports,302.0,232.83,0,6,1812.0,242,315.47,Holiday,Thursday,415.02,0.22903973509933773,-13.470000000000027
09-05-2024,P108,Fashion,1290.1,945.95,5,0,0.0,427,1290.66,Sale,Thursday,0.0,,-0.5600000000001728
09-05-2024,P109,Sports,1261.8,999.1,10,0,0.0,444,1251.44,Sale,Thursday,0.0,,10.3599999999999
09-05-2024,P110,Home,1232.0,964.17,0,4,4928.0,123,1272.07,Festival,Thursday,1071.3200000000002,0.21739448051948054,-40.069999999999936
09-05-2024,P111,Fashion,1315.0,797.77,0,3,3945.0,420,1269.1,Normal,Thursday,1551.69,0.3933307984790875,45.90000000000009
09-05-2024,P112,Home,1046.7,785.11,10,2,2093.4,263,1079.34,Normal,Thursday,523.1800000000001,0.24991879239514667,-32.63999999999987
09-05-2024,P113,Sports,420.75,356.92,15,2,841.5,124,410.47,Sale,Thursday,127.65999999999997,0.15170528817587636,10.279999999999973
09-05-2024,P114,Electronics,891.1,680.37,5,1,891.1,396,857.61,Festival,Thursday,210.73000000000002,0.23648299854112895,33.49000000000001
09-05-2024,P115,Home,880.0,649.41,0,0,0.0,216,910.28,Sale,Thursday,0.0,,-30.279999999999973
09-05-2024,P116,Home,419.0,306.82,0,3,1257.0,260,439.63,Normal,Thursday,336.53999999999996,0.26773269689737467,-20.629999999999995
09-05-2024,P117,Sports,947.0,632.52,0,1,947.0,250,980.92,Holiday,Thursday,314.48,0.3320802534318902,-33.91999999999996
09-05-2024,P118,Home,288.8,195.65,5,5,1444.0,469,287.83,Sale,Thursday,465.75,0.3225415512465374,0.9700000000000273
09-05-2024,P119,Electronics,1463.0,1005.99,0,0,0.0,359,1430.63,Normal,Thursday,0.0,,32.36999999999989
10-05-2024,P100,Fashion,1042.0,752.66,0,2,2084.0,59,1016.27,Normal,Friday,578.6800000000001,0.27767754318618043,25.730000000000018
10-05-2024,P101,Electronics,452.2,365.67,15,5,2261.0,254,465.37,Festival,Friday,432.64999999999986,0.19135338345864655,-13.170000000000016
10-05-2024,P102,Home,234.0,148.04,0,5,1170.0,226,243.55,Festival,Friday,429.80000000000007,0.3673504273504274,-9.550000000000011
10-05-2024,P103,Sports,1490.0,1165.65,0,0,0.0,342,1532.09,Normal,Friday,0.0,,-42.08999999999992
10-05-2024,P104,Fashion,1233.9,962.65,10,1,1233.9,102,1228.7,Normal,Friday,271.2500000000001,0.21983142880298248,5.2000000000000455
10-05-2024,P105,Sports,635.4,527.65,10,5,3177.0,365,617.2,Normal,Friday,538.75,0.16957821844507398,18.199999999999932
10-05-2024,P106,Electronics,1135.25,784.77,5,3,3405.75,346,1094.11,Normal,Friday,1051.44,0.30872495045144244,41.1400000000001
10-05-2024,P107,Home,227.0,174.63,0,4,908.0,487,233.66,Normal,Friday,209.48000000000002,0.230704845814978,-6.659999999999997
10-05-2024,P108,Home,769.5,557.34,5,1,769.5,112,785.03,Sale,Friday,212.15999999999997,0.27571150097465885,-15.529999999999973
10-05-2024,P109,Fashion,378.0,240.81,0,4,1512.0,116,365.09,Festival,Friday,548.76,0.36293650793650795,12.910000000000025
10-05-2024,P110,Electronics,964.75,856.67,15,1,964.75,266,942.67,Festival,Friday,108.08000000000004,0.11202902306296972,22.08000000000004
10-05-2024,P111,Home,939.0,689.43,0,0,0.0,220,908.81,Normal,Friday,0.0,,30.190000000000055
10-05-2024,P112,Home,552.9,393.72,5,2,1105.8,85,546.46,Normal,Friday,318.3599999999999,0.2879001627780791,6.439999999999941
10-05-2024,P113,Electronics,1129.0,705.38,0,3,3387.0,35,1184.22,Normal,Friday,1270.8600000000001,0.37521700620017717,-55.22000000000003
10-05-2024,P114,Sports,1155.6,997.83,10,0,0.0,429,1179.68,Normal,Friday,0.0,,-24.080000000000155
10-05-2024,P115,Sports,723.0,435.49,0,0,0.0,450,754.35,Normal,Friday,0.0,,-31.350000000000023
10-05-2024,P116,Home,840.65,713.11,15,3,2521.95,92,812.25,Sale,Friday,382.6199999999999,0.15171593409861414,28.399999999999977
10-05-2024,P117,Fashion,596.0,383.02,0,3,1788.0,490,607.9,Sale,Friday,638.94,0.35734899328859066,-11.899999999999977
10-05-2024,P118,Sports,1406.0,991.14,0,3,4218.0,338,1388.37,Festival,Friday,1244.58,0.2950640113798008,17.63000000000011
10-05-2024,P119,Fashion,1087.0,799.67,0,0,0.0,188,1136.33,Normal,Friday,0.0,,-49.32999999999993
11-05-2024,P100,Electronics,1217.0,836.74,0,5,6085.0,250,1246.25,Sale,Saturday,1901.3000000000002,0.31245686113393595,-29.25
11-05-2024,P101,Fashion,1170.9,825.58,10,0,0.0,476,1205.83,Normal,Saturday,0.0,,-34.929999999999836
11-05-2024,P102,Electronics,925.65,860.09,15,2,1851.3,431,896.11,Normal,Saturday,131.1199999999999,0.07082590612002371,29.539999999999964
11-05-2024,P103,Electronics,431.0,302.99,0,0,0.0,460,452.16,Normal,Saturday,0.0,,-21.160000000000025
11-05-2024,P104,Sports,963.0,601.74,0,2,1926.0,141,1004.6,Festival,Saturday,722.52,0.37514018691588785,-41.60000000000002
11-05-2024,P105,Home,1170.0,810.86,10,0,0.0,411,1193.72,Festival,Saturday,0.0,,-23.720000000000027
11-05-2024,P106,Electronics,1370.85,873.33,5,2,2741.7,94,1383.86,Normal,Saturday,995.0399999999997,0.36292811029653127,-13.009999999999991
11-05-2024,P107,Electronics,927.0,700.73,0,4,3708.0,450,962.48,Normal,Saturday,905.0799999999999,0.24408845738942825,-35.48000000000002
11-05-2024,P108,Electronics,1096.3,770.0,5,0,0.0,475,1098.52,Normal,Saturday,0.0,,-2.2200000000000273
11-05-2024,P109,Fashion,1201.5,1018.47,10,0,0.0,350,1237.34,Normal,Saturday,0.0,,-35.83999999999992
11-05-2024,P110,Sports,1181.7,1036.71,10,2,2363.4,51,1187.89,Holiday,Saturday,289.98,0.1226961157654227,-6.190000000000055
11-05-2024,P111,Fashion,450.9,317.35,10,4,1803.6,151,443.91,Normal,Saturday,534.1999999999998,0.29618540696385,6.989999999999952
11-05-2024,P112,Sports,406.6,296.31,5,3,1219.8,360,419.44,Holiday,Saturday,330.8699999999999,0.27124938514510566,-12.839999999999975
11-05-2024,P113,Sports,1053.15,804.91,15,2,2106.3,370,1001.92,Festival,Saturday,496.48000000000025,0.23571191188339752,51.23000000000013
11-05-2024,P114,Fashion,566.0,399.9,0,2,1132.0,378,573.5,Normal,Saturday,332.20000000000005,0.2934628975265018,-7.5
11-05-2024,P115,Fashion,454.1,290.55,5,5,2270.5,471,471.68,Festival,Saturday,817.75,0.3601629597005065,-17.579999999999984
11-05-2024,P116,Electronics,431.0,280.67,0,2,862.0,80,441.2,Normal,Saturday,300.65999999999997,0.3487935034802784,-10.199999999999989
11-05-2024,P117,Fashion,472.15,386.43,5,7,3305.05,397,495.68,Festival,Saturday,600.04,0.18155247273112357,-23.53000000000003
11-05-2024,P118,Electronics,368.0,282.63,0,1,368.0,349,352.48,Holiday,Saturday,85.37,0.23198369565217392,15.519999999999982
11-05-2024,P119,Fashion,864.9,609.07,10,3,2594.7,233,828.89,Sale,Saturday,767.4899999999998,0.2957914209735229,36.00999999999999
12-05-2024,P100,Fashion,358.0,255.93,0,4,1432.0,358,357.11,Festival,Sunday,408.28,0.2851117318435754,0.8899999999999864
12-05-2024,P101,Electronics,952.85,606.29,5,2,1905.7,106,934.46,Festival,Sunday,693.1200000000001,0.36370887337986046,18.389999999999986
12-05-2024,P102,Sports,380.95,248.16,5,0,0.0,232,373.0,Normal,Sunday,0.0,,7.949999999999989
12-05-2024,P103,Electronics,352.8,298.14,10,0,0.0,60,360.8,Normal,Sunday,0.0,,-8.0
12-05-2024,P104,Electronics,1438.0,926.92,0,0,0.0,205,1376.47,Normal,Sunday,0.0,,61.52999999999997
12-05-2024,P105,Electronics,623.9,500.63,15,0,0.0,137,647.61,Sale,Sunday,0.0,,-23.710000000000036
12-05-2024,P106,Home,1259.1,1003.21,10,1,1259.1,323,1248.53,Normal,Sunday,255.88999999999987,0.20323246763561265,10.569999999999936
12-05-2024,P107,Fashion,1036.0,821.04,0,0,0.0,485,1022.27,Sale,Sunday,0.0,,13.730000000000018
12-05-2024,P108,Electronics,1033.0,770.36,0,1,1033.0,51,1067.25,Festival,Sunday,262.64,0.2542497579864472,-34.25
12-05-2024,P109,Electronics,1305.0,1024.01,0,0,0.0,369,1355.43,Normal,Sunday,0.0,,-50.430000000000064
12-05-2024,P110,Sports,400.0,241.46,0,0,0.0,325,409.15,Normal,Sunday,0.0,,-9.149999999999977
12-05-2024,P111,Electronics,930.0,718.24,0,0,0.0,199,936.83,Normal,Sunday,0.0,,-6.830000000000041
12-05-2024,P112,Electronics,916.3,790.22,15,1,916.3,269,948.12,Normal,Sunday,126.07999999999993,0.13759685692458795,-31.82000000000005
12-05-2024,P113,Fashion,688.5,603.59,15,0,0.0,55,704.9,Normal,Sunday,0.0,,-16.399999999999977
12-05-2024,P114,Fashion,556.0,434.22,0,0,0.0,464,535.44,Festival,Sunday,0.0,,20.559999999999945
12-05-2024,P115,Sports,322.0,216.73,0,2,644.0,434,332.63,Normal,Sunday,210.54000000000002,0.32692546583850934,-10.629999999999995
12-05-2024,P116,Electronics,1142.4,832.13,15,0,0.0,360,1159.07,Normal,Sunday,0.0,,-16.669999999999845
12-05-2024,P117,Home,361.95,234.69,5,4,1447.8,390,374.64,Festival,Sunday,509.03999999999996,0.35159552424368007,-12.689999999999998
12-05-2024,P118,Sports,407.0,285.72,0,3,1221.0,312,411.95,Sale,Sunday,363.8399999999999,0.29798525798525793,-4.949999999999989
12-05-2024,P119,Electronics,684.9,530.99,10,1,684.9,407,658.9,Sale,Sunday,153.90999999999997,0.22471893707110524,26.0
13-05-2024,P100,Sports,226.1,174.94,5,4,904.4,136,222.83,Sale,Monday,204.64,0.22627156125608136,3.269999999999982
13-05-2024,P101,Fashion,1275.0,1006.31,0,2,2550.0,137,1297.08,Festival,Monday,537.3800000000001,0.21073725490196082,-22.079999999999927
13-05-2024,P102,Home,367.2,283.51,10,2,734.4,370,355.24,Normal,Monday,167.38,0.22791394335511983,11.95999999999998
13-05-2024,P103,Electronics,1419.3,1024.88,5,2,2838.6,180,1361.2,Normal,Monday,788.8399999999997,0.27789755513281184,58.09999999999991
13-05-2024,P104,Fashion,449.1,344.72,10,0,0.0,258,436.56,Normal,Monday,0.0,,12.54000000000002
13-05-2024,P105,Fashion,574.75,430.04,5,2,1149.5,419,597.48,Sale,Monday,289.41999999999996,0.2517790343627664,-22.730000000000018
13-05-2024,P106,Fashion,232.2,204.15,10,7,1625.4,376,237.48,Normal,Monday,196.35000000000014,0.12080103359173135,-5.280000000000001
13-05-2024,P107,Sports,545.4,427.06,10,2,1090.8,56,518.6,Sale,Monday,236.67999999999995,0.21697836450311694,26.799999999999955
13-05-2024,P108,Sports,650.0,436.18,0,2,1300.0,214,618.52,Normal,Monday,427.64,0.32895384615384615,31.480000000000018
13-05-2024,P109,Sports,1162.8,805.42,10,3,3488.4,464,1183.06,Normal,Monday,1072.1400000000003,0.3073443412452701,-20.25999999999999
13-05-2024,P110,Fashion,949.5,787.31,10,2,1899.0,193,912.03,Festival,Monday,324.3800000000001,0.17081621906266461,37.47000000000003
13-05-2024,P111,Fashion,918.65,620.81,5,0,0.0,452,956.86,Normal,Monday,0.0,,-38.210000000000036
13-05-2024,P112,Fashion,252.0,193.9,0,6,1512.0,286,263.28,Normal,Monday,348.5999999999999,0.23055555555555549,-11.279999999999973
13-05-2024,P113,Sports,202.35,165.46,5,11,2225.85,422,196.39,Holiday,Monday,405.78999999999974,0.18230788238201126,5.960000000000008
13-05-2024,P114,Sports,1314.0,878.19,0,1,1314.0,93,1349.03,Holiday,Monday,435.80999999999995,0.3316666666666666,-35.02999999999997
13-05-2024,P115,Sports,281.7,201.42,10,6,1690.2,244,293.37,Sale,Monday,481.68000000000006,0.28498402555910546,-11.670000000000016
13-05-2024,P116,Electronics,517.0,390.39,0,3,1551.0,257,527.62,Festival,Monday,379.8299999999999,0.24489361702127654,-10.620000000000005
13-05-2024,P117,Electronics,1262.0,918.63,0,0,0.0,452,1291.15,Holiday,Monday,0.0,,-29.15000000000009
13-05-2024,P118,Sports,707.0,484.47,0,4,2828.0,171,725.88,Sale,Monday,890.1199999999999,0.3147524752475247,-18.879999999999995
13-05-2024,P119,Sports,1415.0,1104.06,0,0,0.0,360,1410.12,Festival,Monday,0.0,,4.880000000000109
14-05-2024,P100,Electronics,949.0,621.36,0,3,2847.0,347,994.03,Normal,Tuesday,982.9200000000001,0.3452476290832455,-45.02999999999997
14-05-2024,P101,Home,486.0,342.92,10,0,0.0,400,481.14,Normal,Tuesday,0.0,,4.860000000000014
14-05-2024,P102,Sports,463.5,313.68,10,4,1854.0,343,486.18,Festival,Tuesday,599.28,0.3232362459546925,-22.680000000000007
14-05-2024,P103,Home,1203.65,879.22,5,0,0.0,353,1191.43,Normal,Tuesday,0.0,,12.220000000000027
14-05-2024,P104,Electronics,399.5,309.52,15,3,1198.5,345,391.18,Festival,Tuesday,269.94000000000005,0.2252315394242804,8.319999999999993
14-05-2024,P105,Electronics,1100.0,703.06,0,1,1100.0,228,1046.83,Holiday,Tuesday,396.94000000000005,0.3608545454545455,53.17000000000007
14-05-2024,P106,Electronics,1278.0,1010.97,0,5,6390.0,56,1281.35,Festival,Tuesday,1335.1499999999996,0.20894366197183092,-3.349999999999909
14-05-2024,P107,Sports,1185.0,863.94,0,0,0.0,136,1196.87,Normal,Tuesday,0.0,,-11.86999999999989
14-05-2024,P108,Electronics,809.4,678.86,5,0,0.0,409,783.7,Normal,Tuesday,0.0,,25.699999999999932
14-05-2024,P109,Electronics,1212.1,927.57,15,0,0.0,298,1215.55,Festival,Tuesday,0.0,,-3.4500000000000455
14-05-2024,P110,Fashion,386.0,290.8,0,2,772.0,146,384.84,Normal,Tuesday,190.39999999999998,0.2466321243523316,1.160000000000025
14-05-2024,P111,Electronics,1114.0,801.72,0,1,1114.0,181,1110.14,Normal,Tuesday,312.28,0.2803231597845601,3.8599999999999
14-05-2024,P112,Electronics,1385.0,1077.21,0,4,5540.0,223,1428.41,Festival,Tuesday,1231.1599999999999,0.2222310469314079,-43.41000000000008
14-05-2024,P113,Sports,1095.65,926.79,15,3,3286.95,492,1144.35,Festival,Tuesday,506.5799999999999,0.15411855975904712,-48.69999999999982
14-05-2024,P114,Sports,1425.0,943.46,0,0,0.0,458,1387.12,Festival,Tuesday,0.0,,37.88000000000011
14-05-2024,P115,Home,759.05,600.58,15,0,0.0,438,780.15,Normal,Tuesday,0.0,,-21.100000000000023
14-05-2024,P116,Home,1050.0,732.6,0,1,1050.0,335,1084.47,Festival,Tuesday,317.4,0.30228571428571427,-34.47000000000003
14-05-2024,P117,Sports,311.1,238.64,15,3,933.3,408,310.71,Normal,Tuesday,217.38,0.2329154612664738,0.3900000000000432
14-05-2024,P118,Sports,792.0,617.81,0,2,1584.0,309,803.19,Normal,Tuesday,348.3800000000001,0.21993686868686876,-11.190000000000055
14-05-2024,P119,Electronics,474.3,392.95,15,0,0.0,199,474.74,Normal,Tuesday,0.0,,-0.4399999999999977
15-05-2024,P100,Home,607.0,448.35,0,1,607.0,174,582.58,Normal,Wednesday,158.64999999999998,0.26136738056013176,24.41999999999996
15-05-2024,P101,Sports,1192.25,877.85,5,0,0.0,255,1137.48,Festival,Wednesday,0.0,,54.76999999999998
15-05-2024,P102,Home,955.4,714.98,15,0,0.0,490,913.28,Normal,Wednesday,0.0,,42.120000000000005
15-05-2024,P103,Sports,1369.0,1083.0,0,1,1369.0,375,1415.92,Normal,Wednesday,286.0,0.2089116143170197,-46.92000000000007
15-05-2024,P104,Home,1354.7,1053.96,5,1,1354.7,268,1330.3,Normal,Wednesday,300.74,0.22199749021923673,24.40000000000009
15-05-2024,P105,Home,820.0,564.23,0,3,2460.0,148,782.82,Festival,Wednesday,767.31,0.31191463414634146,37.17999999999995
15-05-2024,P106,Sports,1071.0,968.84,15,0,0.0,194,1118.47,Normal,Wednesday,0.0,,-47.47000000000003
15-05-2024,P107,Fashion,1470.0,1024.03,0,0,0.0,418,1501.81,Normal,Wednesday,0.0,,-31.809999999999945
15-05-2024,P108,Home,406.0,318.35,0,2,812.0,491,394.9,Festival,Wednesday,175.29999999999995,0.21588669950738912,11.100000000000023
15-05-2024,P109,Electronics,237.15,167.4,15,8,1897.2,297,238.34,Holiday,Wednesday,558.0,0.29411764705882354,-1.1899999999999977
15-05-2024,P110,Electronics,383.8,276.17,5,5,1919.0,419,387.39,Normal,Wednesday,538.1499999999999,0.28043251693590404,-3.589999999999975
15-05-2024,P111,Electronics,405.0,249.09,0,4,1620.0,250,394.43,Sale,Wednesday,623.64,0.38496296296296295,10.569999999999993
15-05-2024,P112,Fashion,458.85,350.96,5,3,1376.55,235,442.44,Normal,Wednesday,323.6700000000001,0.23513130652718758,16.410000000000025
15-05-2024,P113,Fashion,557.6,425.89,15,2,1115.2,385,537.26,Normal,Wednesday,263.4200000000001,0.23620875179340034,20.340000000000032
15-05-2024,P114,Sports,768.4,595.19,15,0,0.0,128,800.3,Normal,Wednesday,0.0,,-31.899999999999977
15-05-2024,P115,Sports,458.0,351.61,0,4,1832.0,136,462.84,Sale,Wednesday,425.55999999999995,0.23229257641921394,-4.839999999999975
15-05-2024,P116,Fashion,742.0,446.17,0,2,1484.0,85,763.81,Holiday,Wednesday,591.66,0.3986927223719676,-21.809999999999945
15-05-2024,P117,Electronics,622.0,435.84,0,1,622.0,487,592.87,Normal,Wednesday,186.16000000000003,0.2992926045016078,29.129999999999995
15-05-2024,P118,Fashion,1465.0,1112.58,0,1,1465.0,132,1532.4,Holiday,Wednesday,352.4200000000001,0.2405597269624574,-67.40000000000009
15-05-2024,P119,Home,1070.0,731.41,0,4,4280.0,167,1074.94,Sale,Wednesday,1354.3600000000001,0.31643925233644865,-4.940000000000055
16-05-2024,P100,Sports,527.25,398.68,5,4,2109.0,433,552.86,Holiday,Thursday,514.28,0.2438501659554291,-25.610000000000014
16-05-2024,P101,Electronics,1085.85,702.09,5,0,0.0,339,1137.65,Normal,Thursday,0.0,,-51.80000000000018
16-05-2024,P102,Sports,591.85,419.75,5,3,1775.55,461,591.15,Sale,Thursday,516.3,0.2907831376193292,0.7000000000000455
16-05-2024,P103,Sports,733.0,470.6,0,1,733.0,216,763.82,Normal,Thursday,262.4,0.35798090040927694,-30.82000000000005
16-05-2024,P104,Electronics,1236.9,839.34,5,1,1236.9,174,1263.89,Normal,Thursday,397.56000000000006,0.3214164443366481,-26.99000000000001
16-05-2024,P105,Home,501.6,348.48,5,1,501.6,478,523.68,Sale,Thursday,153.12,0.30526315789473685,-22.079999999999927
16-05-2024,P106,Home,1119.6,857.45,10,0,0.0,135,1101.45,Normal,Thursday,0.0,,18.149999999999864
16-05-2024,P107,Electronics,952.2,704.37,10,0,0.0,488,919.89,Holiday,Thursday,0.0,,32.31000000000006
16-05-2024,P108,Sports,936.0,736.74,0,0,0.0,29,927.91,Normal,Thursday,0.0,,8.090000000000032
16-05-2024,P109,Sports,797.0,607.41,0,3,2391.0,426,814.68,Normal,Thursday,568.77,0.23787954830614805,-17.67999999999995
16-05-2024,P110,Home,1151.0,831.06,0,1,1151.0,120,1175.5,Holiday,Thursday,319.94000000000005,0.2779669852302346,-24.5
16-05-2024,P111,Fashion,888.0,681.48,0,1,888.0,472,928.34,Normal,Thursday,206.51999999999998,0.23256756756756755,-40.34000000000003
16-05-2024,P112,Electronics,1387.0,884.11,0,0,0.0,392,1378.97,Sale,Thursday,0.0,,8.029999999999973
16-05-2024,P113,Home,1273.0,842.14,0,0,0.0,490,1231.36,Normal,Thursday,0.0,,41.6400000000001
16-05-2024,P114,Sports,473.0,295.75,0,1,473.0,242,477.25,Normal,Thursday,177.25,0.3747357293868922,-4.25
16-05-2024,P115,Sports,778.6,680.87,15,4,3114.4,408,752.52,Normal,Thursday,390.9200000000001,0.1255201643976368,26.08000000000004
16-05-2024,P116,Electronics,292.6,214.78,5,0,0.0,122,289.55,Normal,Thursday,0.0,,3.0500000000000114
16-05-2024,P117,Home,180.2,147.05,15,3,540.6,406,181.43,Normal,Thursday,99.44999999999999,0.18396226415094336,-1.2300000000000182
16-05-2024,P118,Electronics,1303.2,1012.5,10,0,0.0,147,1301.25,Normal,Thursday,0.0,,1.9500000000000455
16-05-2024,P119,Home,1121.0,869.19,0,0,0.0,291,1110.61,Normal,Thursday,0.0,,10.3900000000001
17-05-2024,P100,Electronics,1331.0,845.95,0,0,0.0,413,1316.3,Normal,Friday,0.0,,14.700000000000045
17-05-2024,P101,Electronics,672.0,442.29,0,0,0.0,480,643.9,Normal,Friday,0.0,,28.100000000000023
17-05-2024,P102,Electronics,837.0,572.94,0,0,0.0,147,875.0,Normal,Friday,0.0,,-38.0
17-05-2024,P103,Home,827.05,677.11,15,1,827.05,202,790.12,Festival,Friday,149.93999999999994,0.18129496402877693,36.92999999999995
17-05-2024,P104,Electronics,1339.0,1002.16,0,0,0.0,450,1356.57,Sale,Friday,0.0,,-17.569999999999936
17-05-2024,P105,Fashion,515.85,381.01,5,3,1547.55,314,492.37,Sale,Friday,404.52,0.2613938160317922,23.480000000000018
17-05-2024,P106,Home,960.3,683.69,10,1,960.3,384,938.41,Sale,Friday,276.6099999999999,0.28804540247839205,21.889999999999986
17-05-2024,P107,Fashion,238.45,174.9,5,5,1192.25,292,241.21,Holiday,Friday,317.75,0.2665128957852799,-2.7600000000000193
17-05-2024,P108,Electronics,1127.0,832.49,0,3,3381.0,223,1076.06,Normal,Friday,883.5299999999997,0.2613220940550132,50.940000000000055
17-05-2024,P109,Sports,438.0,348.84,0,0,0.0,228,439.67,Normal,Friday,0.0,,-1.670000000000016
17-05-2024,P110,Sports,1197.0,1033.02,10,3,3591.0,96,1180.68,Normal,Friday,491.94000000000005,0.13699248120300753,16.319999999999936
17-05-2024,P111,Home,1069.0,831.32,0,0,0.0,310,1103.59,Sale,Friday,0.0,,-34.58999999999992
17-05-2024,P112,Sports,1249.0,966.16,0,2,2498.0,38,1188.24,Normal,Friday,565.6800000000001,0.22645316253002404,60.75999999999999
17-05-2024,P113,Fashion,460.0,365.12,0,5,2300.0,274,452.15,Festival,Friday,474.4000000000001,0.20626086956521744,7.850000000000023
17-05-2024,P114,Home,838.0,643.81,0,0,0.0,132,877.78,Festival,Friday,0.0,,-39.77999999999997
17-05-2024,P115,Fashion,1198.0,767.89,0,0,0.0,191,1255.52,Festival,Friday,0.0,,-57.51999999999998
17-05-2024,P116,Sports,333.0,207.44,0,4,1332.0,478,341.12,Holiday,Friday,502.24,0.37705705705705705,-8.120000000000005
17-05-2024,P117,Electronics,1090.8,957.76,10,0,0.0,133,1053.54,Normal,Friday,0.0,,37.25999999999999
17-05-2024,P118,Electronics,261.0,194.72,10,2,522.0,126,249.53,Normal,Friday,132.56,0.2539463601532567,11.469999999999999
17-05-2024,P119,Electronics,449.65,412.13,15,2,899.3,443,460.42,Normal,Friday,75.03999999999996,0.08344267763816297,-10.770000000000039
18-05-2024,P100,Electronics,845.5,640.77,5,1,845.5,288,842.24,Holiday,Saturday,204.73000000000002,0.24214074512123007,3.259999999999991
18-05-2024,P101,Home,708.0,501.8,0,5,3540.0,272,737.73,Normal,Saturday,1031.0,0.29124293785310734,-29.730000000000018
18-05-2024,P102,Home,315.9,258.4,10,1,315.9,116,325.8,Sale,Saturday,57.5,0.1820196264640709,-9.900000000000034
18-05-2024,P103,Fashion,984.2,661.16,5,0,0.0,22,958.89,Festival,Saturday,0.0,,25.31000000000006
18-05-2024,P104,Electronics,1014.0,650.7,0,0,0.0,214,1050.15,Normal,Saturday,0.0,,-36.15000000000009
18-05-2024,P105,Sports,911.0,713.45,0,2,1822.0,376,877.13,Festival,Saturday,395.0999999999999,0.21684961580680565,33.870000000000005
18-05-2024,P106,Sports,518.4,347.27,10,4,2073.6,281,518.7,Normal,Saturday,684.52,0.3301118827160494,-0.3000000000000682
18-05-2024,P107,Electronics,524.45,423.21,15,5,2622.25,240,528.34,Normal,Saturday,506.2000000000003,0.19304032796262763,-3.8899999999999864
18-05-2024,P108,Fashion,574.0,401.76,0,4,2296.0,339,575.82,Normal,Saturday,688.96,0.30006968641114984,-1.82000000000005
18-05-2024,P109,Sports,530.4,399.61,15,0,0.0,473,526.57,Festival,Saturday,0.0,,3.8299999999999272
18-05-2024,P110,Home,1416.0,1075.51,0,0,0.0,28,1425.77,Festival,Saturday,0.0,,-9.769999999999982
18-05-2024,P111,Home,1201.0,927.55,0,2,2402.0,285,1187.29,Normal,Saturday,546.9000000000001,0.22768526228143218,13.710000000000036
18-05-2024,P112,Home,1274.9,1065.68,5,0,0.0,162,1315.85,Festival,Saturday,0.0,,-40.94999999999982
18-05-2024,P113,Fashion,1046.0,750.2,0,3,3138.0,109,1094.13,Festival,Saturday,887.3999999999996,0.2827915869980878,-48.13000000000011
18-05-2024,P114,Electronics,1365.15,1095.6,5,0,0.0,385,1305.29,Normal,Saturday,0.0,,59.86000000000013
18-05-2024,P115,Electronics,611.0,399.38,0,1,611.0,458,636.48,Normal,Saturday,211.62,0.3463502454991817,-25.480000000000018
18-05-2024,P116,Fashion,362.7,276.01,10,1,362.7,176,376.04,Normal,Saturday,86.69,0.23901295836779707,-13.340000000000032
18-05-2024,P117,Electronics,1157.0,898.39,0,2,2314.0,284,1170.95,Normal,Saturday,517.22,0.22351771823681937,-13.950000000000045
18-05-2024,P118,Fashion,1186.0,804.7,0,0,0.0,228,1164.71,Sale,Saturday,0.0,,21.289999999999964
18-05-2024,P119,Sports,318.6,228.24,10,6,1911.6,348,317.21,Festival,Saturday,542.1599999999999,0.2836158192090395,1.3900000000000432
19-05-2024,P100,Electronics,474.0,304.32,0,4,1896.0,372,459.33,Festival,Sunday,678.72,0.3579746835443038,14.670000000000016
19-05-2024,P101,Fashion,1064.95,894.85,5,0,0.0,407,1072.79,Festival,Sunday,0.0,,-7.839999999999918
19-05-2024,P102,Home,229.0,177.25,0,2,458.0,316,227.99,Normal,Sunday,103.5,0.2259825327510917,1.009999999999991
19-05-2024,P103,Sports,572.0,383.32,0,4,2288.0,441,585.9,Sale,Sunday,754.72,0.32986013986013984,-13.899999999999977
19-05-2024,P104,Home,1042.15,773.4,5,1,1042.15,483,1019.32,Sale,Sunday,268.7500000000001,0.2578803435206065,22.83000000000004
19-05-2024,P105,Electronics,1116.0,678.16,0,2,2232.0,224,1069.5,Normal,Sunday,875.6800000000001,0.3923297491039427,46.5
19-05-2024,P106,Home,1254.0,860.35,0,6,7524.0,432,1310.19,Festival,Sunday,2361.8999999999996,0.3139154704944178,-56.190000000000055
19-05-2024,P107,Electronics,209.7,144.01,10,6,1258.2,225,211.03,Normal,Sunday,394.1400000000001,0.3132570338578923,-1.3300000000000125
19-05-2024,P108,Home,611.0,488.32,0,0,0.0,130,593.88,Sale,Sunday,0.0,,17.120000000000005
19-05-2024,P109,Fashion,1152.6,902.35,15,0,0.0,130,1103.79,Holiday,Sunday,0.0,,48.809999999999945
19-05-2024,P110,Electronics,201.6,156.97,10,4,806.4,56,207.13,Normal,Sunday,178.51999999999998,0.22137896825396824,-5.530000000000001
19-05-2024,P111,Sports,294.5,225.02,5,6,1767.0,59,291.51,Normal,Sunday,416.8799999999999,0.23592529711375204,2.990000000000009
19-05-2024,P112,Home,1386.0,995.71,0,0,0.0,244,1348.43,Normal,Sunday,0.0,,37.569999999999936
19-05-2024,P113,Home,578.0,362.3,0,3,1734.0,68,555.95,Festival,Sunday,647.0999999999999,0.37318339100346015,22.049999999999955
19-05-2024,P114,Electronics,606.0,450.79,0,1,606.0,242,634.69,Normal,Sunday,155.20999999999998,0.2561221122112211,-28.690000000000055
19-05-2024,P115,Sports,715.7,544.11,15,2,1431.4,259,690.84,Normal,Sunday,343.18000000000006,0.2397512924409669,24.860000000000014
19-05-2024,P116,Electronics,710.0,516.83,0,1,710.0,83,715.15,Normal,Sunday,193.16999999999996,0.2720704225352112,-5.149999999999977
19-05-2024,P117,Home,874.0,604.0,5,1,874.0,422,865.64,Sale,Sunday,270.0,0.30892448512585813,8.360000000000014
19-05-2024,P118,Fashion,223.2,187.42,10,4,892.8,232,215.51,Sale,Sunday,143.12,0.1603046594982079,7.689999999999998
19-05-2024,P119,Sports,533.9,428.37,5,0,0.0,333,536.09,Holiday,Sunday,0.0,,-2.1900000000000546
20-05-2024,P100,Fashion,1157.4,963.94,10,0,0.0,355,1108.36,Normal,Monday,0.0,,49.04000000000019
20-05-2024,P101,Electronics,442.7,313.31,5,0,0.0,67,446.81,Normal,Monday,0.0,,-4.110000000000014
20-05-2024,P102,Sports,779.0,506.12,0,0,0.0,201,782.8,Normal,Monday,0.0,,-3.7999999999999545
20-05-2024,P103,Electronics,221.0,175.91,0,5,1105.0,179,216.49,Sale,Monday,225.45000000000005,0.204027149321267,4.509999999999991
20-05-2024,P104,Fashion,1256.4,848.55,10,0,0.0,62,1260.09,Normal,Monday,0.0,,-3.689999999999827
20-05-2024,P105,Electronics,1031.7,840.39,5,1,1031.7,405,990.32,Normal,Monday,191.31000000000006,0.18543181157313177,41.379999999999995
20-05-2024,P106,Fashion,460.0,290.36,0,4,1840.0,466,478.03,Sale,Monday,678.56,0.36878260869565216,-18.029999999999973
20-05-2024,P107,Sports,1308.6,1075.13,10,2,2617.2,476,1371.78,Festival,Monday,466.9399999999996,0.1784120434051657,-63.180000000000064
20-05-2024,P108,Sports,1054.8,910.37,10,3,3164.4,209,1101.82,Festival,Monday,433.28999999999996,0.13692643155100492,-47.01999999999998
20-05-2024,P109,Sports,1147.0,879.51,0,0,0.0,83,1092.31,Sale,Monday,0.0,,54.690000000000055
20-05-2024,P110,Home,666.0,510.15,10,0,0.0,168,679.85,Holiday,Monday,0.0,,-13.850000000000023
20-05-2024,P111,Fashion,1455.0,1069.03,0,0,0.0,464,1429.42,Holiday,Monday,0.0,,25.579999999999927
20-05-2024,P112,Electronics,568.0,387.84,0,0,0.0,475,587.67,Festival,Monday,0.0,,-19.66999999999996
20-05-2024,P113,Sports,914.0,690.5,0,1,914.0,156,946.72,Holiday,Monday,223.5,0.24452954048140044,-32.72000000000003
20-05-2024,P114,Sports,1327.0,873.34,0,0,0.0,200,1366.35,Normal,Monday,0.0,,-39.34999999999991
20-05-2024,P115,Home,832.2,603.3,5,2,1664.4,94,793.26,Holiday,Monday,457.8000000000002,0.2750540735400145,38.940000000000055
20-05-2024,P116,Electronics,511.0,336.79,0,3,1533.0,492,512.82,Sale,Monday,522.6299999999999,0.3409197651663404,-1.82000000000005
20-05-2024,P117,Fashion,872.1,621.29,5,2,1744.2,348,836.64,Normal,Monday,501.6200000000001,0.2875931659213394,35.460000000000036
20-05-2024,P118,Sports,1041.0,658.39,0,0,0.0,452,1040.25,Festival,Monday,0.0,,0.75
20-05-2024,P119,Sports,317.0,202.55,0,3,951.0,248,318.85,Normal,Monday,343.3499999999999,0.3610410094637223,-1.8500000000000227
21-05-2024,P100,Sports,281.0,213.92,0,1,281.0,80,270.03,Normal,Tuesday,67.08000000000001,0.23871886120996447,10.970000000000027
21-05-2024,P101,Fashion,252.0,167.65,0,10,2520.0,183,242.12,Holiday,Tuesday,843.5,0.3347222222222222,9.879999999999995
21-05-2024,P102,Fashion,1334.75,1030.68,5,2,2669.5,475,1381.03,Festival,Tuesday,608.1399999999999,0.22781045139539235,-46.27999999999997
21-05-2024,P103,Home,820.8,674.02,10,4,3283.2,364,861.3,Holiday,Tuesday,587.1199999999999,0.17882553606237814,-40.5
21-05-2024,P104,Sports,620.5,564.94,15,3,1861.5,323,619.75,Normal,Tuesday,166.67999999999984,0.0895406929895245,0.75
21-05-2024,P105,Fashion,988.95,809.21,5,2,1977.9,78,1033.78,Festival,Tuesday,359.48,0.18174831892411142,-44.82999999999993
21-05-2024,P106,Fashion,713.0,518.12,0,2,1426.0,436,724.36,Normal,Tuesday,389.76,0.27332398316970546,-11.360000000000014
21-05-2024,P107,Sports,830.7,639.78,10,4,3322.8,328,860.44,Normal,Tuesday,763.6800000000003,0.22983026363308062,-29.74000000000001
21-05-2024,P108,Home,283.05,239.92,15,5,1415.25,313,295.44,Normal,Tuesday,215.6500000000001,0.15237590531708184,-12.389999999999986
21-05-2024,P109,Fashion,496.85,325.88,5,0,0.0,208,497.42,Normal,Tuesday,0.0,,-0.5699999999999932
21-05-2024,P110,Fashion,593.0,434.76,0,4,2372.0,182,615.3,Normal,Tuesday,632.96,0.26684654300168636,-22.299999999999955
21-05-2024,P111,Home,479.0,326.49,0,0,0.0,123,483.1,Sale,Tuesday,0.0,,-4.100000000000023
21-05-2024,P112,Fashion,676.8,485.21,10,6,4060.8,190,663.86,Sale,Tuesday,1149.5400000000004,0.2830821513002365,12.93999999999994
21-05-2024,P113,Electronics,910.0,599.5,0,1,910.0,144,884.05,Normal,Tuesday,310.5,0.3412087912087912,25.950000000000045
21-05-2024,P114,Electronics,676.0,509.91,0,2,1352.0,483,648.29,Normal,Tuesday,332.17999999999995,0.24569526627218932,27.710000000000036
21-05-2024,P115,Fashion,1021.25,732.03,5,3,3063.75,281,1056.34,Normal,Tuesday,867.6599999999999,0.2832019583843329,-35.08999999999992
21-05-2024,P116,Electronics,956.0,734.34,0,2,1912.0,362,930.99,Festival,Tuesday,443.31999999999994,0.23186192468619243,25.00999999999999
21-05-2024,P117,Fashion,1450.0,886.98,0,0,0.0,181,1496.38,Holiday,Tuesday,0.0,,-46.38000000000011
21-05-2024,P118,Sports,401.0,308.08,0,3,1203.0,457,389.56,Sale,Tuesday,278.76,0.2317206982543641,11.439999999999998
21-05-2024,P119,Fashion,301.15,208.03,5,1,301.15,259,308.23,Sale,Tuesday,93.11999999999998,0.3092146770712269,-7.080000000000041
22-05-2024,P100,Sports,901.0,835.04,15,2,1802.0,156,903.4,Normal,Wednesday,131.92000000000007,0.07320754716981136,-2.3999999999999773
22-05-2024,P101,Home,333.0,248.6,0,1,333.0,279,325.57,Normal,Wednesday,84.4,0.2534534534534535,7.430000000000007
22-05-2024,P102,Electronics,835.05,702.74,5,0,0.0,165,841.09,Normal,Wednesday,0.0,,-6.040000000000077
22-05-2024,P103,Electronics,671.0,452.15,0,1,671.0,251,690.26,Holiday,Wednesday,218.85000000000002,0.3261549925484352,-19.25999999999999
22-05-2024,P104,Home,1079.2,872.89,5,0,0.0,272,1060.13,Normal,Wednesday,0.0,,19.069999999999936
22-05-2024,P105,Home,612.85,547.81,15,0,0.0,99,636.73,Normal,Wednesday,0.0,,-23.879999999999995
22-05-2024,P106,Home,440.8,309.43,5,0,0.0,418,421.79,Normal,Wednesday,0.0,,19.00999999999999
22-05-2024,P107,Electronics,223.0,167.91,0,10,2230.0,104,228.03,Holiday,Wednesday,550.9000000000001,0.24704035874439467,-5.030000000000001
22-05-2024,P108,Electronics,1132.0,748.17,0,0,0.0,150,1086.04,Normal,Wednesday,0.0,,45.960000000000036
22-05-2024,P109,Fashion,1226.7,957.75,10,0,0.0,497,1167.7,Sale,Wednesday,0.0,,59.0
22-05-2024,P110,Sports,1283.4,979.21,10,1,1283.4,405,1277.56,Normal,Wednesday,304.19000000000005,0.23701885616331622,5.8400000000001455
22-05-2024,P111,Home,513.9,353.58,10,4,2055.6,96,493.14,Festival,Wednesday,641.28,0.31196730881494456,20.75999999999999
22-05-2024,P112,Sports,824.6,529.72,5,3,2473.8,424,836.34,Normal,Wednesday,884.6400000000001,0.3576036866359447,-11.740000000000009
22-05-2024,P113,Home,1196.0,901.79,0,2,2392.0,396,1157.66,Normal,Wednesday,588.4200000000001,0.245994983277592,38.33999999999992
22-05-2024,P114,Home,570.35,411.54,15,1,570.35,74,556.89,Sale,Wednesday,158.81,0.27844306127816254,13.460000000000036
22-05-2024,P115,Home,1449.0,1028.64,0,0,0.0,231,1498.37,Holiday,Wednesday,0.0,,-49.36999999999989
22-05-2024,P116,Home,1236.6,963.16,10,0,0.0,288,1282.2,Festival,Wednesday,0.0,,-45.600000000000136
22-05-2024,P117,Fashion,445.0,337.54,0,0,0.0,487,437.14,Normal,Wednesday,0.0,,7.860000000000014
22-05-2024,P118,Electronics,1073.0,845.36,0,0,0.0,390,1105.26,Holiday,Wednesday,0.0,,-32.25999999999999
22-05-2024,P119,Home,589.5,475.1,10,1,589.5,158,576.04,Normal,Wednesday,114.39999999999998,0.19406276505513143,13.460000000000036
23-05-2024,P100,Home,209.1,180.01,15,2,418.2,357,207.76,Normal,Thursday,58.18000000000001,0.13912003825920613,1.3400000000000034
23-05-2024,P101,Fashion,865.8,696.12,10,0,0.0,140,824.31,Normal,Thursday,0.0,,41.49000000000001
23-05-2024,P102,Electronics,399.0,312.66,0,1,399.0,29,415.98,Normal,Thursday,86.33999999999997,0.21639097744360897,-16.980000000000018
23-05-2024,P103,Fashion,537.2,439.5,15,1,537.2,262,525.88,Normal,Thursday,97.70000000000005,0.18186895011169033,11.32000000000005
23-05-2024,P104,Electronics,657.0,501.89,0,1,657.0,350,629.46,Normal,Thursday,155.11,0.2360882800608828,27.539999999999964
23-05-2024,P105,Fashion,726.75,459.71,5,0,0.0,231,721.09,Holiday,Thursday,0.0,,5.659999999999968
23-05-2024,P106,Home,1244.0,887.06,0,0,0.0,45,1281.44,Normal,Thursday,0.0,,-37.440000000000055
23-05-2024,P107,Electronics,1125.0,842.52,10,1,1125.0,245,1104.81,Sale,Thursday,282.48,0.25109333333333334,20.190000000000055
23-05-2024,P108,Electronics,1127.95,811.59,15,3,3383.85,56,1178.91,Holiday,Thursday,949.0799999999999,0.2804734252404805,-50.960000000000036
23-05-2024,P109,Electronics,908.65,662.16,15,1,908.65,496,903.67,Normal,Thursday,246.49,0.271270566224619,4.980000000000018
23-05-2024,P110,Electronics,500.0,315.58,0,0,0.0,93,499.22,Normal,Thursday,0.0,,0.7799999999999727
23-05-2024,P111,Sports,1030.75,693.62,5,2,2061.5,199,1069.22,Festival,Thursday,674.26,0.32707252000970166,-38.47000000000003
23-05-2024,P112,Fashion,1271.6,1060.16,15,0,0.0,186,1234.03,Normal,Thursday,0.0,,37.569999999999936
23-05-2024,P113,Sports,506.35,415.92,5,0,0.0,193,487.28,Festival,Thursday,0.0,,19.07000000000005
23-05-2024,P114,Fashion,261.25,179.1,5,3,783.75,237,270.23,Sale,Thursday,246.45000000000005,0.3144497607655503,-8.980000000000018
23-05-2024,P115,Sports,1247.0,771.52,0,4,4988.0,278,1224.69,Sale,Thursday,1901.92,0.38129911788291904,22.309999999999945
23-05-2024,P116,Fashion,887.4,760.17,10,3,2662.2,246,901.69,Normal,Thursday,381.69000000000005,0.14337390128465183,-14.290000000000077
23-05-2024,P117,Fashion,1260.65,873.91,5,3,3781.95,56,1249.32,Normal,Thursday,1160.2199999999998,0.3067782493158291,11.330000000000155
23-05-2024,P118,Sports,1284.4,1032.31,5,1,1284.4,127,1301.22,Normal,Thursday,252.09000000000015,0.19627063220180638,-16.819999999999936
23-05-2024,P119,Home,856.9,560.99,5,2,1713.8,101,847.89,Normal,Thursday,591.8199999999999,0.34532617574979574,9.009999999999991
24-05-2024,P100,Home,1183.5,994.18,10,1,1183.5,483,1143.25,Normal,Friday,189.32000000000005,0.1599662019433883,40.25
24-05-2024,P101,Fashion,1346.0,849.22,0,0,0.0,323,1287.39,Sale,Friday,0.0,,58.6099999999999
24-05-2024,P102,Sports,1228.35,813.71,5,1,1228.35,160,1235.49,Normal,Friday,414.6399999999999,0.33755851345300597,-7.1400000000001
24-05-2024,P103,Electronics,1260.0,759.62,0,3,3780.0,25,1274.11,Sale,Friday,1501.1399999999999,0.3971269841269841,-14.1099999999999
24-05-2024,P104,Sports,918.65,654.27,5,3,2755.95,189,954.25,Sale,Friday,793.1399999999999,0.28779186850269417,-35.60000000000002
24-05-2024,P105,Fashion,650.0,400.11,0,1,650.0,99,681.7,Normal,Friday,249.89,0.3844461538461538,-31.700000000000045
24-05-2024,P106,Sports,751.0,591.05,0,0,0.0,122,772.76,Normal,Friday,0.0,,-21.75999999999999
24-05-2024,P107,Sports,1161.0,732.51,0,0,0.0,468,1158.48,Normal,Friday,0.0,,2.519999999999982
24-05-2024,P108,Sports,794.0,603.01,0,0,0.0,125,805.54,Holiday,Friday,0.0,,-11.539999999999964
24-05-2024,P109,Home,842.0,672.54,0,3,2526.0,431,862.03,Normal,Friday,508.3800000000001,0.20125890736342048,-20.029999999999973
24-05-2024,P110,Home,814.0,633.68,0,1,814.0,472,816.21,Festival,Friday,180.32000000000005,0.22152334152334158,-2.2100000000000364
24-05-2024,P111,Home,823.5,658.22,10,4,3294.0,68,821.47,Festival,Friday,661.1199999999999,0.20070431086824525,2.0299999999999727
24-05-2024,P112,Fashion,262.8,232.12,10,3,788.4,133,272.13,Sale,Friday,92.03999999999996,0.11674277016742766,-9.329999999999984
24-05-2024,P113,Electronics,593.0,410.23,0,2,1186.0,141,589.08,Festival,Friday,365.53999999999996,0.30821247892074194,3.919999999999959
24-05-2024,P114,Fashion,1199.85,855.06,5,0,0.0,34,1156.03,Normal,Friday,0.0,,43.819999999999936
24-05-2024,P115,Sports,1195.2,897.72,10,0,0.0,37,1165.58,Festival,Friday,0.0,,29.62000000000012
24-05-2024,P116,Home,586.8,439.91,10,0,0.0,169,575.67,Normal,Friday,0.0,,11.129999999999995
24-05-2024,P117,Fashion,1041.3,918.89,10,2,2082.6,398,1083.9,Normal,Friday,244.81999999999994,0.11755497935273214,-42.600000000000136
24-05-2024,P118,Home,482.4,390.4,10,0,0.0,499,497.84,Festival,Friday,0.0,,-15.439999999999998
24-05-2024,P119,Sports,1082.0,825.98,0,0,0.0,394,1112.72,Normal,Friday,0.0,,-30.720000000000027
25-05-2024,P100,Fashion,348.3,291.17,10,2,696.6,65,345.94,Normal,Saturday,114.25999999999999,0.16402526557565317,2.3600000000000136
25-05-2024,P101,Electronics,523.0,393.09,0,1,523.0,466,514.19,Normal,Saturday,129.91000000000003,0.2483938814531549,8.809999999999945
25-05-2024,P102,Home,1165.65,876.45,5,0,0.0,247,1182.52,Normal,Saturday,0.0,,-16.86999999999989
25-05-2024,P103,Electronics,630.7,445.51,15,0,0.0,57,613.8,Normal,Saturday,0.0,,16.90000000000009
25-05-2024,P104,Home,279.0,219.63,10,8,2232.0,258,270.48,Festival,Saturday,474.96000000000004,0.21279569892473119,8.519999999999982
25-05-2024,P105,Fashion,1067.0,725.69,0,0,0.0,237,1077.47,Normal,Saturday,0.0,,-10.470000000000027
25-05-2024,P106,Home,656.45,505.38,5,0,0.0,460,638.8,Normal,Saturday,0.0,,17.65000000000009
25-05-2024,P107,Sports,837.9,589.64,5,0,0.0,234,877.0,Normal,Saturday,0.0,,-39.10000000000002
25-05-2024,P108,Electronics,1028.0,809.65,0,0,0.0,54,1023.77,Holiday,Saturday,0.0,,4.230000000000018
25-05-2024,P109,Sports,1160.0,816.19,0,0,0.0,236,1217.27,Normal,Saturday,0.0,,-57.26999999999998
25-05-2024,P110,Fashion,1174.2,882.02,5,0,0.0,322,1232.88,Normal,Saturday,0.0,,-58.680000000000064
25-05-2024,P111,Fashion,1187.0,855.03,0,3,3561.0,381,1138.99,Normal,Saturday,995.9099999999999,0.2796714406065711,48.00999999999999
25-05-2024,P112,Sports,1012.5,693.0,10,0,0.0,334,1007.77,Holiday,Saturday,0.0,,4.730000000000018
25-05-2024,P113,Home,1434.0,870.17,0,4,5736.0,251,1430.35,Holiday,Saturday,2255.32,0.393186889818689,3.650000000000091
25-05-2024,P114,Electronics,1158.0,901.2,0,3,3474.0,137,1201.92,Normal,Saturday,770.3999999999996,0.22176165803108797,-43.92000000000007
25-05-2024,P115,Sports,336.0,266.45,0,3,1008.0,464,340.45,Festival,Saturday,208.6500000000001,0.20699404761904772,-4.449999999999989
25-05-2024,P116,Home,466.0,335.23,0,1,466.0,311,447.64,Normal,Saturday,130.76999999999998,0.2806223175965665,18.360000000000014
25-05-2024,P117,Electronics,764.0,461.75,0,1,764.0,137,801.31,Festival,Saturday,302.25,0.3956151832460733,-37.309999999999945
25-05-2024,P118,Home,1049.0,785.5,0,3,3147.0,142,1082.26,Normal,Saturday,790.5,0.25119161105815063,-33.25999999999999
25-05-2024,P119,Electronics,662.4,497.15,10,2,1324.8,55,664.26,Sale,Saturday,330.5,0.24947161835748793,-1.8600000000000136
26-05-2024,P100,Electronics,1400.0,1037.96,0,0,0.0,240,1411.09,Normal,Sunday,0.0,,-11.089999999999918
26-05-2024,P101,Fashion,1448.0,1085.92,0,5,7240.0,447,1450.23,Normal,Sunday,1810.3999999999996,0.2500552486187845,-2.230000000000018
26-05-2024,P102,Sports,859.35,615.18,15,2,1718.7,144,901.74,Normal,Sunday,488.34000000000015,0.2841333566067377,-42.389999999999986
26-05-2024,P103,Electronics,1497.0,1117.9,0,2,2994.0,56,1472.81,Sale,Sunday,758.1999999999998,0.2532398129592518,24.190000000000055
26-05-2024,P104,Home,949.05,618.71,5,1,949.05,236,954.76,Sale,Sunday,330.3399999999999,0.34807439017965325,-5.710000000000036
26-05-2024,P105,Home,1464.0,1160.33,0,1,1464.0,118,1430.01,Normal,Sunday,303.6700000000001,0.2074248633879782,33.99000000000001
26-05-2024,P106,Home,597.55,446.64,5,1,597.55,458,625.53,Normal,Sunday,150.90999999999997,0.2525479039410928,-27.980000000000018
26-05-2024,P107,Electronics,628.2,454.73,10,0,0.0,135,617.32,Normal,Sunday,0.0,,10.879999999999995
26-05-2024,P108,Sports,1444.0,1103.83,0,2,2888.0,135,1496.8,Normal,Sunday,680.3400000000001,0.23557479224376737,-52.799999999999955
26-05-2024,P109,Electronics,976.0,740.89,0,2,1952.0,67,1007.38,Normal,Sunday,470.22,0.24089139344262298,-31.379999999999995
26-05-2024,P110,Home,1254.0,958.83,0,1,1254.0,24,1306.26,Normal,Sunday,295.16999999999996,0.2353827751196172,-52.25999999999999
26-05-2024,P111,Home,334.0,215.03,0,3,1002.0,280,340.97,Normal,Sunday,356.90999999999997,0.3561976047904191,-6.970000000000027
26-05-2024,P112,Sports,378.0,231.33,0,2,756.0,301,369.14,Sale,Sunday,293.34,0.388015873015873,8.860000000000014
26-05-2024,P113,Sports,1156.5,828.08,10,0,0.0,443,1105.83,Normal,Sunday,0.0,,50.67000000000007
26-05-2024,P114,Sports,285.0,210.96,0,6,1710.0,190,283.74,Normal,Sunday,444.24,0.2597894736842105,1.259999999999991
26-05-2024,P115,Home,763.8,639.18,5,0,0.0,419,760.17,Normal,Sunday,0.0,,3.6299999999999955
26-05-2024,P116,Home,444.6,336.78,10,3,1333.8,321,430.92,Holiday,Sunday,323.46000000000004,0.2425101214574899,13.680000000000007
26-05-2024,P117,Sports,580.5,403.01,10,0,0.0,461,560.11,Normal,Sunday,0.0,,20.389999999999986
26-05-2024,P118,Sports,323.0,241.29,0,6,1938.0,138,325.92,Holiday,Sunday,490.26,0.2529721362229102,-2.920000000000016
26-05-2024,P119,Home,495.0,371.63,10,0,0.0,184,513.99,Sale,Sunday,0.0,,-18.99000000000001
27-05-2024,P100,Fashion,801.0,580.41,0,0,0.0,130,786.51,Normal,Monday,0.0,,14.490000000000009
27-05-2024,P101,Sports,484.0,315.96,0,2,968.0,67,493.1,Normal,Monday,336.08000000000004,0.34719008264462814,-9.100000000000023
27-05-2024,P102,Fashion,1269.9,1083.68,10,4,5079.6,326,1247.3,Festival,Monday,744.8800000000001,0.14664146783211277,22.600000000000136
27-05-2024,P103,Fashion,281.0,172.46,0,7,1967.0,260,272.2,Normal,Monday,759.78,0.3862633451957295,8.800000000000011
27-05-2024,P104,Electronics,752.0,483.31,0,3,2256.0,491,768.9,Normal,Monday,806.0699999999999,0.3573005319148936,-16.899999999999977
27-05-2024,P105,Home,263.7,197.56,10,3,791.1,114,271.41,Normal,Monday,198.41999999999996,0.25081532043989374,-7.710000000000036
27-05-2024,P106,Home,583.0,395.96,0,4,2332.0,436,588.97,Festival,Monday,748.1600000000001,0.3208233276157805,-5.970000000000027
27-05-2024,P107,Sports,388.0,301.39,0,3,1164.0,364,373.45,Festival,Monday,259.83000000000004,0.22322164948453613,14.550000000000011
27-05-2024,P108,Home,1432.0,1100.16,0,2,2864.0,412,1502.05,Normal,Monday,663.6799999999998,0.23173184357541893,-70.04999999999995
27-05-2024,P109,Home,1105.0,959.68,15,4,4420.0,264,1062.78,Normal,Monday,581.2800000000002,0.13151131221719461,42.22000000000003
27-05-2024,P110,Fashion,613.8,420.86,10,1,613.8,481,593.73,Holiday,Monday,192.93999999999994,0.3143369175627239,20.069999999999936
27-05-2024,P111,Fashion,513.0,343.1,5,0,0.0,404,515.73,Normal,Monday,0.0,,-2.730000000000018
27-05-2024,P112,Fashion,626.4,451.02,10,0,0.0,149,624.05,Normal,Monday,0.0,,2.3500000000000227
27-05-2024,P113,Home,677.0,445.78,0,1,677.0,218,696.05,Normal,Monday,231.22000000000003,0.34153618906942396,-19.049999999999955
27-05-2024,P114,Electronics,1075.0,699.86,0,1,1075.0,355,1028.95,Holiday,Monday,375.14,0.3489674418604651,46.049999999999955
27-05-2024,P115,Home,433.5,377.14,15,6,2601.0,253,450.23,Holiday,Monday,338.15999999999985,0.1300115340253748,-16.730000000000018
27-05-2024,P116,Fashion,696.0,479.68,0,0,0.0,384,704.76,Festival,Monday,0.0,,-8.759999999999991
27-05-2024,P117,Electronics,880.2,627.92,10,2,1760.4,488,879.14,Normal,Monday,504.5600000000002,0.28661667802772106,1.0600000000000591
27-05-2024,P118,Sports,1336.65,1080.27,5,0,0.0,388,1343.67,Festival,Monday,0.0,,-7.019999999999982
27-05-2024,P119,Fashion,488.7,391.52,10,3,1466.1,158,467.82,Normal,Monday,291.53999999999996,0.19885410272150603,20.879999999999995
28-05-2024,P100,Sports,917.0,630.61,0,0,0.0,286,927.05,Normal,Tuesday,0.0,,-10.049999999999955
28-05-2024,P101,Sports,569.7,473.95,10,0,0.0,405,547.99,Festival,Tuesday,0.0,,21.710000000000036
28-05-2024,P102,Sports,860.2,722.64,15,0,0.0,490,891.09,Normal,Tuesday,0.0,,-30.889999999999986
28-05-2024,P103,Sports,521.55,331.27,5,0,0.0,495,541.41,Normal,Tuesday,0.0,,-19.860000000000014
28-05-2024,P104,Sports,232.0,149.8,0,7,1624.0,475,230.14,Sale,Tuesday,575.3999999999999,0.3543103448275861,1.8600000000000136
28-05-2024,P105,Electronics,355.0,221.04,0,0,0.0,488,371.42,Normal,Tuesday,0.0,,-16.420000000000016
28-05-2024,P106,Electronics,1291.0,781.19,0,0,0.0,284,1247.43,Normal,Tuesday,0.0,,43.569999999999936
28-05-2024,P107,Fashion,756.2,636.47,5,3,2268.6,52,746.77,Festival,Tuesday,359.1899999999998,0.15833112933086477,9.430000000000064
28-05-2024,P108,Sports,1015.0,641.59,0,0,0.0,359,1015.88,Normal,Tuesday,0.0,,-0.8799999999999955
28-05-2024,P109,Sports,783.0,532.75,10,1,783.0,154,802.57,Sale,Tuesday,250.25,0.31960408684546615,-19.57000000000005
28-05-2024,P110,Home,706.5,548.2,10,1,706.5,286,707.67,Normal,Tuesday,158.29999999999995,0.22406227883934884,-1.169999999999959
28-05-2024,P111,Sports,336.0,243.95,0,1,336.0,44,325.09,Normal,Tuesday,92.05000000000001,0.27395833333333336,10.910000000000025
28-05-2024,P112,Fashion,357.0,306.18,15,3,1071.0,224,370.52,Holiday,Tuesday,152.46000000000004,0.14235294117647063,-13.519999999999982
28-05-2024,P113,Fashion,1264.5,843.06,10,0,0.0,434,1299.62,Normal,Tuesday,0.0,,-35.11999999999989
28-05-2024,P114,Electronics,549.95,454.94,15,0,0.0,399,536.96,Normal,Tuesday,0.0,,12.990000000000009
28-05-2024,P115,Home,1248.3,872.61,5,0,0.0,287,1220.74,Normal,Tuesday,0.0,,27.559999999999945
28-05-2024,P116,Home,465.0,302.16,0,1,465.0,297,486.66,Normal,Tuesday,162.83999999999997,0.3501935483870967,-21.660000000000025
28-05-2024,P117,Fashion,304.0,211.41,5,4,1216.0,216,307.8,Normal,Tuesday,370.36,0.3045723684210526,-3.8000000000000114
28-05-2024,P118,Home,948.0,733.23,0,0,0.0,291,988.69,Holiday,Tuesday,0.0,,-40.690000000000055
28-05-2024,P119,Home,807.5,607.04,5,2,1615.0,146,829.72,Normal,Tuesday,400.9200000000001,0.2482476780185759,-22.220000000000027
29-05-2024,P100,Fashion,681.0,439.28,0,2,1362.0,272,674.19,Normal,Wednesday,483.44000000000005,0.3549486049926579,6.809999999999945
29-05-2024,P101,Sports,331.2,265.39,10,0,0.0,404,322.22,Normal,Wednesday,0.0,,8.979999999999961
29-05-2024,P102,Fashion,1109.7,879.08,10,1,1109.7,193,1080.71,Normal,Wednesday,230.62,0.20782193385599712,28.99000000000001
29-05-2024,P103,Electronics,1368.0,998.98,5,5,6840.0,115,1427.23,Normal,Wednesday,1845.1000000000004,0.26975146198830413,-59.23000000000002
29-05-2024,P104,Home,417.05,293.91,5,3,1251.15,284,414.79,Normal,Wednesday,369.4200000000001,0.2952643567917516,2.259999999999991
29-05-2024,P105,Fashion,1227.4,886.91,5,0,0.0,462,1231.24,Holiday,Wednesday,0.0,,-3.839999999999918
29-05-2024,P106,Home,1315.0,982.81,0,2,2630.0,95,1329.65,Holiday,Wednesday,664.3800000000001,0.2526159695817491,-14.650000000000091
29-05-2024,P107,Sports,320.0,193.24,0,5,1600.0,50,307.2,Normal,Wednesday,633.8,0.39612499999999995,12.800000000000011
29-05-2024,P108,Fashion,1399.35,939.59,5,0,0.0,307,1356.87,Normal,Wednesday,0.0,,42.48000000000002
29-05-2024,P109,Fashion,992.0,730.93,0,0,0.0,210,945.13,Normal,Wednesday,0.0,,46.870000000000005
29-05-2024,P110,Sports,701.1,594.64,10,0,0.0,461,679.6,Normal,Wednesday,0.0,,21.5
29-05-2024,P111,Electronics,1429.0,974.79,0,4,5716.0,459,1412.8,Normal,Wednesday,1816.8400000000001,0.31785164450664805,16.200000000000045
29-05-2024,P112,Fashion,418.0,327.08,5,2,836.0,125,437.31,Normal,Wednesday,181.84000000000003,0.21751196172248807,-19.310000000000002
29-05-2024,P113,Electronics,234.0,184.87,0,4,936.0,307,235.48,Holiday,Wednesday,196.51999999999998,0.20995726495726494,-1.4799999999999898
29-05-2024,P114,Home,1097.1,738.48,10,0,0.0,116,1129.1,Normal,Wednesday,0.0,,-32.0
29-05-2024,P115,Home,408.0,256.89,0,3,1224.0,414,418.2,Sale,Wednesday,453.33000000000004,0.3703676470588236,-10.199999999999989
29-05-2024,P116,Home,999.0,707.08,0,0,0.0,110,1038.93,Normal,Wednesday,0.0,,-39.930000000000064
29-05-2024,P117,Sports,405.0,288.69,0,4,1620.0,161,416.14,Normal,Wednesday,465.24,0.2871851851851852,-11.139999999999986
29-05-2024,P118,Fashion,809.4,592.54,5,0,0.0,146,833.87,Normal,Wednesday,0.0,,-24.470000000000027
29-05-2024,P119,Fashion,519.0,340.81,0,3,1557.0,273,524.63,Normal,Wednesday,534.5699999999999,0.34333333333333327,-5.6299999999999955
30-05-2024,P100,Sports,542.0,337.78,0,1,542.0,191,550.67,Festival,Thursday,204.22000000000003,0.376789667896679,-8.669999999999959
30-05-2024,P101,Electronics,510.0,377.66,0,2,1020.0,365,518.69,Normal,Thursday,264.67999999999995,0.2594901960784313,-8.690000000000055
30-05-2024,P102,Electronics,1408.85,1082.18,5,1,1408.85,360,1432.51,Holiday,Thursday,326.66999999999985,0.2318699648649607,-23.660000000000082
30-05-2024,P103,Fashion,1143.9,995.34,10,3,3431.7,460,1135.46,Normal,Thursday,445.67999999999984,0.12987149226330968,8.440000000000055
30-05-2024,P104,Sports,1484.0,1103.28,0,2,2968.0,465,1497.5,Normal,Thursday,761.44,0.25654986522911055,-13.5
30-05-2024,P105,Electronics,1279.0,777.69,0,2,2558.0,360,1306.31,Festival,Thursday,1002.6199999999999,0.39195465207193114,-27.309999999999945
30-05-2024,P106,Fashion,410.4,277.69,10,2,820.8,363,428.03,Sale,Thursday,265.41999999999996,0.32336744639376214,-17.629999999999995
30-05-2024,P107,Fashion,195.3,148.88,10,8,1562.4,49,194.33,Sale,Thursday,371.3600000000001,0.23768561187916035,0.9699999999999989
30-05-2024,P108,Home,1233.35,1142.93,15,0,0.0,58,1288.47,Festival,Thursday,0.0,,-55.12000000000012
30-05-2024,P109,Home,338.2,244.82,5,4,1352.8,142,338.07,Holiday,Thursday,373.52,0.27610881135422827,0.12999999999999545
30-05-2024,P110,Sports,1237.5,1050.24,10,1,1237.5,98,1292.62,Normal,Thursday,187.26,0.1513212121212121,-55.11999999999989
30-05-2024,P111,Sports,412.2,292.68,10,2,824.4,261,394.86,Normal,Thursday,239.03999999999996,0.28995633187772923,17.339999999999975
30-05-2024,P112,Home,279.0,244.07,10,1,279.0,141,285.44,Sale,Thursday,34.93000000000001,0.1251971326164875,-6.439999999999998
30-05-2024,P113,Fashion,1346.0,834.44,0,0,0.0,452,1288.87,Normal,Thursday,0.0,,57.13000000000011
30-05-2024,P114,Electronics,1122.85,971.67,15,0,0.0,180,1081.91,Normal,Thursday,0.0,,40.93999999999983
30-05-2024,P115,Electronics,745.0,512.48,0,0,0.0,397,715.22,Normal,Thursday,0.0,,29.779999999999973
30-05-2024,P116,Sports,302.4,229.28,10,6,1814.4,471,303.95,Festival,Thursday,438.72,0.2417989417989418,-1.5500000000000114
30-05-2024,P117,Home,1137.0,802.63,0,4,4548.0,213,1159.81,Festival,Thursday,1337.48,0.29408091468777486,-22.809999999999945
30-05-2024,P118,Electronics,1052.0,750.44,0,4,4208.0,193,1076.73,Normal,Thursday,1206.2399999999998,0.2866539923954372,-24.730000000000018
30-05-2024,P119,Electronics,1255.0,879.78,0,0,0.0,418,1307.14,Normal,Thursday,0.0,,-52.1400000000001
31-05-2024,P100,Fashion,1056.4,818.55,5,1,1056.4,233,1065.14,Normal,Friday,237.85000000000014,0.22515145778114362,-8.740000000000009
31-05-2024,P101,Electronics,778.0,521.78,0,0,0.0,444,792.96,Sale,Friday,0.0,,-14.960000000000036
31-05-2024,P102,Fashion,594.0,470.03,0,2,1188.0,183,570.04,Normal,Friday,247.94000000000005,0.20870370370370375,23.960000000000036
31-05-2024,P103,Fashion,220.15,173.77,15,5,1100.75,278,230.21,Normal,Friday,231.89999999999998,0.21067454008630476,-10.060000000000002
31-05-2024,P104,Home,539.0,391.3,0,0,0.0,456,545.93,Holiday,Friday,0.0,,-6.92999999999995
31-05-2024,P105,Sports,963.05,713.16,15,2,1926.1,298,959.4,Normal,Friday,499.78,0.2594777010539432,3.6499999999999773
31-05-2024,P106,Fashion,223.0,144.94,0,5,1115.0,22,225.91,Normal,Friday,390.29999999999995,0.3500448430493273,-2.9099999999999966
31-05-2024,P107,Electronics,384.75,278.72,5,5,1923.75,346,403.47,Holiday,Friday,530.1499999999999,0.2755815464587394,-18.720000000000027
31-05-2024,P108,Sports,708.7,562.53,5,0,0.0,94,694.03,Normal,Friday,0.0,,14.670000000000073
31-05-2024,P109,Fashion,1063.35,948.96,15,5,5316.75,383,1104.76,Normal,Friday,571.9499999999998,0.10757511637748621,-41.41000000000008
31-05-2024,P110,Fashion,292.0,232.62,0,4,1168.0,134,279.34,Normal,Friday,237.51999999999998,0.20335616438356163,12.660000000000025
31-05-2024,P111,Home,339.0,261.03,0,4,1356.0,261,323.47,Normal,Friday,311.8800000000001,0.2300000000000001,15.529999999999973
31-05-2024,P112,Sports,257.0,173.03,0,3,771.0,429,258.55,Normal,Friday,251.90999999999997,0.32673151750972756,-1.5500000000000114
31-05-2024,P113,Sports,783.0,536.2,0,3,2349.0,449,809.57,Normal,Friday,740.3999999999999,0.31519795657726685,-26.57000000000005
31-05-2024,P114,Sports,1359.45,895.22,5,0,0.0,238,1358.38,Normal,Friday,0.0,,1.0699999999999363
31-05-2024,P115,Home,937.0,583.77,0,0,0.0,215,910.03,Normal,Friday,0.0,,26.970000000000027
31-05-2024,P116,Electronics,1247.35,1006.58,5,2,2494.7,129,1291.85,Normal,Friday,481.53999999999974,0.19302521345251925,-44.5
31-05-2024,P117,Sports,1191.0,728.16,0,0,0.0,48,1153.98,Holiday,Friday,0.0,,37.01999999999998
31-05-2024,P118,Electronics,1420.0,961.17,0,2,2840.0,132,1392.01,Normal,Friday,917.6600000000001,0.3231197183098592,27.99000000000001
31-05-2024,P119,Fashion,1228.5,1049.42,10,0,0.0,30,1179.42,Holiday,Friday,0.0,,49.07999999999993
01-06-2024,P100,Home,1117.2,746.3,5,2,2234.4,109,1124.31,Festival,Saturday,741.8000000000002,0.33199069101324746,-7.1099999999999
01-06-2024,P101,Fashion,907.0,703.19,0,3,2721.0,224,931.42,Normal,Saturday,611.4299999999998,0.22470782800441008,-24.41999999999996
01-06-2024,P102,Fashion,1124.1,841.23,10,1,1124.1,251,1071.19,Normal,Saturday,282.8699999999999,0.2516413130504403,52.909999999999854
01-06-2024,P103,Fashion,786.6,656.43,5,2,1573.2,178,824.58,Normal,Saturday,260.34000000000015,0.16548436308161718,-37.98000000000002
01-06-2024,P104,Home,1115.2,884.4,15,0,0.0,365,1148.32,Sale,Saturday,0.0,,-33.11999999999989
01-06-2024,P105,Electronics,317.0,208.16,0,4,1268.0,213,322.84,Normal,Saturday,435.36,0.34334384858044165,-5.839999999999975
01-06-2024,P106,Electronics,425.0,332.61,15,1,425.0,193,423.55,Sale,Saturday,92.38999999999999,0.2173882352941176,1.4499999999999886
01-06-2024,P107,Electronics,303.05,237.6,5,6,1818.3,202,312.03,Normal,Saturday,392.70000000000005,0.21597096188747733,-8.979999999999961
01-06-2024,P108,Electronics,1166.2,890.36,15,1,1166.2,91,1205.89,Sale,Saturday,275.84000000000003,0.236528897273195,-39.690000000000055
01-06-2024,P109,Fashion,988.0,687.16,0,0,0.0,133,1030.68,Normal,Saturday,0.0,,-42.680000000000064
01-06-2024,P110,Home,398.7,304.94,10,7,2790.9,159,394.53,Normal,Saturday,656.3200000000002,0.235164283922749,4.170000000000016
01-06-2024,P111,Electronics,331.0,240.82,0,7,2317.0,154,323.85,Sale,Saturday,631.26,0.27244712990936554,7.149999999999977
01-06-2024,P112,Fashion,1464.0,1014.04,0,0,0.0,127,1425.39,Normal,Saturday,0.0,,38.6099999999999
01-06-2024,P113,Sports,1245.6,885.92,10,0,0.0,404,1205.64,Normal,Saturday,0.0,,39.95999999999981
01-06-2024,P114,Home,529.2,401.44,10,3,1587.6,211,548.81,Normal,Saturday,383.28,0.24142101284958428,-19.6099999999999
01-06-2024,P115,Fashion,521.0,366.33,0,3,1563.0,459,497.27,Sale,Saturday,464.01,0.29687140115163146,23.730000000000018
01-06-2024,P116,Fashion,902.5,689.66,5,2,1805.0,161,917.47,Normal,Saturday,425.68000000000006,0.23583379501385046,-14.970000000000027
01-06-2024,P117,Home,815.4,584.08,10,0,0.0,113,793.27,Festival,Saturday,0.0,,22.129999999999995
01-06-2024,P118,Fashion,1064.7,808.28,10,2,2129.4,144,1116.18,Festival,Saturday,512.8400000000001,0.2408377946839486,-51.48000000000002
01-06-2024,P119,Electronics,1045.0,748.54,0,0,0.0,129,1026.3,Normal,Saturday,0.0,,18.700000000000045
02-06-2024,P100,Electronics,1340.45,862.39,5,2,2680.9,62,1323.36,Sale,Sunday,956.1200000000001,0.35664142638666124,17.090000000000146
02-06-2024,P101,Sports,1100.1,718.61,5,5,5500.5,405,1078.3,Festival,Sunday,1907.4499999999998,0.3467775656758476,21.799999999999955
02-06-2024,P102,Fashion,376.2,316.21,5,3,1128.6,441,358.3,Normal,Sunday,179.97000000000003,0.15946305156831475,17.899999999999977
02-06-2024,P103,Sports,1487.0,1000.17,0,0,0.0,93,1446.75,Normal,Sunday,0.0,,40.25
02-06-2024,P104,Electronics,1019.0,738.86,0,2,2038.0,312,1004.03,Normal,Sunday,560.28,0.27491658488714427,14.970000000000027
02-06-2024,P105,Home,1113.3,947.01,10,1,1113.3,427,1156.74,Normal,Sunday,166.28999999999996,0.14936674750741039,-43.440000000000055
02-06-2024,P106,Home,211.85,155.54,5,4,847.4,120,203.45,Sale,Sunday,225.24,0.26580127448666513,8.400000000000006
02-06-2024,P107,Fashion,659.7,564.94,10,0,0.0,113,679.51,Normal,Sunday,0.0,,-19.809999999999945
02-06-2024,P108,Sports,1197.95,886.37,5,0,0.0,408,1165.48,Normal,Sunday,0.0,,32.47000000000003
02-06-2024,P109,Electronics,391.0,301.6,0,3,1173.0,319,403.59,Holiday,Sunday,268.19999999999993,0.2286445012787723,-12.589999999999975
02-06-2024,P110,Sports,202.0,147.52,0,2,404.0,480,203.92,Festival,Sunday,108.95999999999998,0.26970297029702966,-1.9199999999999875
02-06-2024,P111,Electronics,1133.0,817.44,0,0,0.0,85,1098.76,Normal,Sunday,0.0,,34.24000000000001
02-06-2024,P112,Sports,1328.0,977.94,0,0,0.0,349,1378.14,Festival,Sunday,0.0,,-50.1400000000001
02-06-2024,P113,Fashion,717.0,536.36,0,5,3585.0,333,751.73,Normal,Sunday,903.1999999999998,0.2519386331938633,-34.73000000000002
02-06-2024,P114,Home,1300.0,918.81,0,3,3900.0,100,1264.68,Normal,Sunday,1143.5700000000002,0.293223076923077,35.319999999999936
02-06-2024,P115,Electronics,544.0,368.12,0,2,1088.0,49,561.44,Sale,Sunday,351.76,0.32330882352941176,-17.440000000000055
02-06-2024,P116,Home,1385.0,864.07,0,0,0.0,418,1389.58,Normal,Sunday,0.0,,-4.579999999999927
02-06-2024,P117,Home,1028.7,896.43,10,0,0.0,114,1061.95,Normal,Sunday,0.0,,-33.25
02-06-2024,P118,Home,288.9,241.2,10,4,1155.6,108,287.16,Festival,Sunday,190.79999999999995,0.16510903426791274,1.7399999999999523
02-06-2024,P119,Electronics,324.0,197.1,0,4,1296.0,124,311.95,Normal,Sunday,507.6,0.39166666666666666,12.050000000000011
03-06-2024,P100,Home,687.6,468.23,10,2,1375.2,106,661.85,Normal,Monday,438.74,0.3190372309482257,25.75
03-06-2024,P101,Electronics,902.0,627.92,0,2,1804.0,292,899.41,Sale,Monday,548.1600000000001,0.30385809312638584,2.590000000000032
03-06-2024,P102,Electronics,838.85,590.87,5,1,838.85,484,847.9,Holiday,Monday,247.98000000000002,0.29561900220540027,-9.049999999999955
03-06-2024,P103,Electronics,376.2,252.78,5,2,752.4,45,364.79,Normal,Monday,246.83999999999997,0.32807017543859646,11.409999999999968
03-06-2024,P104,Sports,1118.0,682.32,0,0,0.0,21,1089.47,Normal,Monday,0.0,,28.529999999999973
03-06-2024,P105,Sports,869.25,558.9,5,0,0.0,201,902.92,Normal,Monday,0.0,,-33.66999999999996
03-06-2024,P106,Sports,981.35,661.52,5,0,0.0,429,975.81,Normal,Monday,0.0,,5.540000000000077
03-06-2024,P107,Fashion,770.1,657.87,15,2,1540.2,168,792.86,Normal,Monday,224.46000000000004,0.1457343202181535,-22.75999999999999
03-06-2024,P108,Fashion,308.75,211.67,5,0,0.0,496,314.38,Normal,Monday,0.0,,-5.6299999999999955
03-06-2024,P109,Sports,513.0,385.33,0,0,0.0,103,530.75,Holiday,Monday,0.0,,-17.75
03-06-2024,P110,Fashion,1199.0,843.46,0,1,1199.0,116,1172.64,Normal,Monday,355.53999999999996,0.29653044203502915,26.3599999999999
03-06-2024,P111,Sports,958.5,832.07,10,0,0.0,411,960.04,Normal,Monday,0.0,,-1.5399999999999636
03-06-2024,P112,Electronics,1220.75,773.97,5,1,1220.75,288,1187.0,Normal,Monday,446.78,0.36598812205611303,33.75
03-06-2024,P113,Fashion,1089.65,861.31,5,1,1089.65,244,1117.52,Sale,Monday,228.34000000000015,0.20955352636167587,-27.86999999999989
03-06-2024,P114,Electronics,952.0,726.3,0,2,1904.0,167,998.53,Normal,Monday,451.4000000000001,0.23707983193277316,-46.52999999999997
03-06-2024,P115,Electronics,1323.0,1071.64,10,1,1323.0,351,1382.04,Festival,Monday,251.3599999999999,0.18999244142101276,-59.039999999999964
03-06-2024,P116,Home,269.45,227.13,15,2,538.9,141,256.24,Normal,Monday,84.63999999999999,0.15706067916125438,13.20999999999998
03-06-2024,P117,Sports,674.0,472.33,0,0,0.0,200,661.02,Normal,Monday,0.0,,12.980000000000018
03-06-2024,P118,Home,362.1,330.93,15,3,1086.3,133,358.81,Normal,Monday,93.50999999999999,0.08608119304059651,3.2900000000000205
03-06-2024,P119,Fashion,554.8,420.56,5,0,0.0,60,540.62,Holiday,Monday,0.0,,14.17999999999995
04-06-2024,P100,Home,366.7,240.89,5,3,1100.1,121,370.39,Normal,Tuesday,377.42999999999995,0.343086992091628,-3.6899999999999977
04-06-2024,P101,Sports,1111.5,924.03,5,5,5557.5,455,1159.29,Festival,Tuesday,937.3500000000004,0.1686639676113361,-47.789999999999964
04-06-2024,P102,Electronics,1145.7,823.48,5,2,2291.4,444,1134.39,Holiday,Tuesday,644.44,0.2812429082656891,11.309999999999945
04-06-2024,P103,Home,214.7,177.53,5,8,1717.6,397,206.75,Holiday,Tuesday,297.3599999999999,0.17312529110386582,7.949999999999989
04-06-2024,P104,Home,1161.9,961.46,10,0,0.0,479,1157.87,Normal,Tuesday,0.0,,4.0300000000002
04-06-2024,P105,Electronics,1048.0,654.84,0,0,0.0,330,1023.89,Normal,Tuesday,0.0,,24.110000000000014
04-06-2024,P106,Sports,619.0,374.4,0,0,0.0,494,637.99,Sale,Tuesday,0.0,,-18.99000000000001
04-06-2024,P107,Electronics,1096.0,693.06,0,3,3288.0,279,1147.7,Festival,Tuesday,1208.8200000000002,0.36764598540145993,-51.700000000000045
04-06-2024,P108,Sports,949.0,570.78,0,1,949.0,327,961.65,Festival,Tuesday,378.22,0.39854583772391994,-12.649999999999977
04-06-2024,P109,Fashion,1113.4,879.44,5,2,2226.8,465,1140.36,Normal,Tuesday,467.9200000000001,0.21013112987246274,-26.95999999999981
04-06-2024,P110,Fashion,301.0,222.2,0,4,1204.0,107,295.77,Normal,Tuesday,315.20000000000005,0.26179401993355483,5.230000000000018
04-06-2024,P111,Home,874.95,669.61,5,1,874.95,288,842.8,Sale,Tuesday,205.34000000000003,0.2346876964397966,32.15000000000009
04-06-2024,P112,Sports,1348.0,919.46,0,0,0.0,261,1313.27,Normal,Tuesday,0.0,,34.73000000000002
04-06-2024,P113,Sports,1300.55,910.01,5,0,0.0,374,1269.09,Normal,Tuesday,0.0,,31.460000000000036
04-06-2024,P114,Fashion,1119.0,789.48,0,2,2238.0,385,1092.42,Normal,Tuesday,659.04,0.29447721179624664,26.579999999999927
04-06-2024,P115,Electronics,482.0,331.7,0,3,1446.0,232,489.15,Sale,Tuesday,450.9000000000001,0.3118257261410789,-7.149999999999977
04-06-2024,P116,Fashion,1466.0,1129.49,0,2,2932.0,115,1489.72,Normal,Tuesday,673.02,0.22954297407912688,-23.720000000000027
04-06-2024,P117,Sports,1313.0,894.95,0,2,2626.0,52,1278.48,Sale,Tuesday,836.0999999999999,0.3183929931454684,34.51999999999998
04-06-2024,P118,Electronics,1073.0,819.09,0,0,0.0,349,1055.21,Normal,Tuesday,0.0,,17.789999999999964
04-06-2024,P119,Home,1067.8,715.47,5,0,0.0,335,1045.81,Sale,Tuesday,0.0,,21.99000000000001
05-06-2024,P100,Sports,1316.7,1086.58,5,1,1316.7,94,1275.37,Normal,Wednesday,230.12000000000012,0.17477025898078538,41.330000000000155
05-06-2024,P101,Electronics,1130.0,710.4,0,1,1130.0,75,1080.81,Festival,Wednesday,419.6,0.3713274336283186,49.190000000000055
05-06-2024,P102,Electronics,1286.0,787.25,0,2,2572.0,166,1227.08,Normal,Wednesday,997.5,0.38783048211508553,58.92000000000007
05-06-2024,P103,Fashion,940.0,689.94,0,1,940.0,68,952.84,Normal,Wednesday,250.05999999999995,0.26602127659574465,-12.840000000000032
05-06-2024,P104,Sports,452.2,313.14,5,0,0.0,342,439.21,Normal,Wednesday,0.0,,12.990000000000009
05-06-2024,P105,Home,1126.7,753.2,5,0,0.0,143,1155.75,Normal,Wednesday,0.0,,-29.049999999999955
05-06-2024,P106,Sports,961.2,723.03,10,0,0.0,446,984.13,Sale,Wednesday,0.0,,-22.92999999999995
05-06-2024,P107,Sports,584.0,442.61,0,4,2336.0,307,589.28,Sale,Wednesday,565.56,0.2421061643835616,-5.279999999999973
05-06-2024,P108,Home,1174.0,748.08,0,0,0.0,270,1216.81,Sale,Wednesday,0.0,,-42.809999999999945
05-06-2024,P109,Home,556.2,456.98,10,0,0.0,165,539.27,Sale,Wednesday,0.0,,16.930000000000064
05-06-2024,P110,Sports,377.4,317.23,15,8,3019.2,496,371.44,Holiday,Wednesday,481.3599999999997,0.15943296237413876,5.9599999999999795
05-06-2024,P111,Electronics,875.7,719.19,10,1,875.7,316,863.37,Normal,Wednesday,156.51,0.17872559095580676,12.330000000000041
05-06-2024,P112,Home,356.0,225.43,0,2,712.0,128,350.21,Normal,Wednesday,261.14,0.36676966292134827,5.7900000000000205
05-06-2024,P113,Fashion,1063.0,822.02,0,0,0.0,367,1115.05,Normal,Wednesday,0.0,,-52.049999999999955
05-06-2024,P114,Sports,791.1,633.97,10,1,791.1,254,772.77,Festival,Wednesday,157.13,0.1986221716597143,18.33000000000004
05-06-2024,P115,Electronics,828.0,622.13,0,0,0.0,314,804.61,Normal,Wednesday,0.0,,23.389999999999986
05-06-2024,P116,Fashion,1477.0,990.03,0,1,1477.0,222,1533.58,Holiday,Wednesday,486.97,0.3297020988490183,-56.57999999999993
05-06-2024,P117,Sports,1158.05,853.41,5,2,2316.1,446,1210.69,Normal,Wednesday,609.28,0.26306290747377054,-52.6400000000001
05-06-2024,P118,Home,1038.7,868.94,15,0,0.0,99,1060.83,Festival,Wednesday,0.0,,-22.12999999999988
05-06-2024,P119,Electronics,699.0,504.35,0,0,0.0,466,708.98,Sale,Wednesday,0.0,,-9.980000000000018
06-06-2024,P100,Fashion,425.0,282.07,0,0,0.0,252,437.94,Normal,Thursday,0.0,,-12.939999999999998
06-06-2024,P101,Electronics,1110.0,815.97,0,1,1110.0,108,1067.14,Holiday,Thursday,294.03,0.2648918918918919,42.8599999999999
06-06-2024,P102,Sports,372.4,269.25,5,3,1117.2,456,370.62,Sale,Thursday,309.45000000000005,0.2769871106337272,1.7799999999999727
06-06-2024,P103,Electronics,1000.8,728.49,10,0,0.0,100,1017.79,Normal,Thursday,0.0,,-16.99000000000001
06-06-2024,P104,Home,859.5,604.39,10,0,0.0,203,821.91,Normal,Thursday,0.0,,37.59000000000003
06-06-2024,P105,Home,1064.7,853.54,10,3,3194.1,212,1032.89,Holiday,Thursday,633.48,0.1983281675589368,31.809999999999945
06-06-2024,P106,Home,753.35,602.91,5,3,2260.05,244,733.89,Normal,Thursday,451.32000000000016,0.1996946970199775,19.460000000000036
06-06-2024,P107,Electronics,424.0,329.49,0,5,2120.0,214,419.58,Festival,Thursday,472.54999999999995,0.2229009433962264,4.420000000000016
06-06-2024,P108,Home,633.65,477.9,5,4,2534.6,408,645.07,Normal,Thursday,623.0,0.24579815355480156,-11.420000000000073
06-06-2024,P109,Fashion,1205.0,864.45,0,2,2410.0,156,1170.13,Sale,Thursday,681.0999999999999,0.2826141078838174,34.86999999999989
06-06-2024,P110,Fashion,740.0,481.3,0,0,0.0,157,769.51,Normal,Thursday,0.0,,-29.50999999999999
06-06-2024,P111,Fashion,1342.0,967.43,0,4,5368.0,208,1383.97,Normal,Thursday,1498.2800000000002,0.27911326378539497,-41.97000000000003
06-06-2024,P112,Fashion,1462.0,1024.13,0,0,0.0,44,1453.87,Holiday,Thursday,0.0,,8.13000000000011
06-06-2024,P113,Fashion,1263.0,780.35,0,3,3789.0,309,1324.33,Normal,Thursday,1447.9499999999998,0.3821456848772763,-61.32999999999993
06-06-2024,P114,Fashion,393.3,271.01,10,2,786.6,53,378.31,Normal,Thursday,244.58000000000004,0.310933129926265,14.990000000000009
06-06-2024,P115,Home,378.25,303.26,15,2,756.5,326,388.9,Normal,Thursday,149.98000000000002,0.19825512227362857,-10.649999999999977
06-06-2024,P116,Sports,694.8,486.31,10,0,0.0,404,679.49,Normal,Thursday,0.0,,15.309999999999945
06-06-2024,P117,Home,446.4,374.92,10,0,0.0,382,435.59,Normal,Thursday,0.0,,10.810000000000002
06-06-2024,P118,Electronics,857.85,618.64,5,1,857.85,271,838.91,Normal,Thursday,239.21000000000004,0.27884828349944635,18.940000000000055
06-06-2024,P119,Fashion,740.0,472.56,0,4,2960.0,211,761.6,Festival,Thursday,1069.76,0.3614054054054054,-21.600000000000023
07-06-2024,P100,Sports,594.7,387.75,5,1,594.7,477,584.56,Normal,Friday,206.95000000000005,0.34799058348747275,10.1400000000001
07-06-2024,P101,Electronics,682.1,453.11,5,0,0.0,176,649.75,Normal,Friday,0.0,,32.35000000000002
07-06-2024,P102,Fashion,411.35,343.92,5,1,411.35,343,412.91,Sale,Friday,67.43,0.16392366597787772,-1.5600000000000023
07-06-2024,P103,Home,740.0,535.91,0,1,740.0,416,738.66,Festival,Friday,204.09000000000003,0.27579729729729735,1.3400000000000318
07-06-2024,P104,Electronics,520.2,400.75,10,4,2080.8,376,537.54,Festival,Friday,477.8000000000002,0.22962322183775477,-17.339999999999918
07-06-2024,P105,Sports,748.0,576.33,0,2,1496.0,307,784.69,Normal,Friday,343.3399999999999,0.22950534759358282,-36.690000000000055
07-06-2024,P106,Home,1318.0,877.24,0,1,1318.0,432,1338.48,Sale,Friday,440.76,0.33441578148710166,-20.480000000000018
07-06-2024,P107,Home,1385.1,1077.32,5,0,0.0,342,1399.5,Normal,Friday,0.0,,-14.400000000000091
07-06-2024,P108,Electronics,716.3,555.75,5,0,0.0,125,683.65,Festival,Friday,0.0,,32.64999999999998
07-06-2024,P109,Fashion,634.5,552.73,10,0,0.0,302,629.99,Sale,Friday,0.0,,4.509999999999991
07-06-2024,P110,Sports,450.9,331.82,10,0,0.0,279,430.62,Normal,Friday,0.0,,20.279999999999973
07-06-2024,P111,Electronics,1132.0,859.68,0,1,1132.0,436,1146.85,Sale,Friday,272.32000000000005,0.24056537102473502,-14.849999999999909
07-06-2024,P112,Home,479.0,349.88,0,3,1437.0,429,484.61,Sale,Friday,387.3600000000001,0.269561586638831,-5.610000000000014
07-06-2024,P113,Fashion,386.0,274.79,0,2,772.0,303,397.54,Normal,Friday,222.41999999999996,0.2881088082901554,-11.54000000000002
07-06-2024,P114,Fashion,293.0,190.4,0,1,293.0,254,286.3,Normal,Friday,102.6,0.3501706484641638,6.699999999999989
07-06-2024,P115,Home,228.95,183.96,5,7,1602.65,418,225.75,Normal,Friday,314.93000000000006,0.19650578728980128,3.1999999999999886
07-06-2024,P116,Sports,825.3,625.48,10,2,1650.6,317,841.14,Normal,Friday,399.6399999999999,0.2421180176905367,-15.840000000000032
07-06-2024,P117,Home,1020.6,688.32,10,0,0.0,424,1011.48,Normal,Friday,0.0,,9.120000000000005
07-06-2024,P118,Fashion,364.8,282.15,5,5,1824.0,196,377.99,Sale,Friday,413.25,0.2265625,-13.189999999999998
07-06-2024,P119,Sports,970.2,846.42,10,0,0.0,344,1005.64,Normal,Friday,0.0,,-35.43999999999994
08-06-2024,P100,Home,1109.0,734.12,0,0,0.0,487,1143.12,Normal,Saturday,0.0,,-34.11999999999989
08-06-2024,P101,Sports,560.0,423.14,0,1,560.0,343,576.09,Festival,Saturday,136.86,0.24439285714285716,-16.090000000000032
08-06-2024,P102,Home,272.0,163.94,0,5,1360.0,176,276.87,Festival,Saturday,540.3,0.3972794117647058,-4.8700000000000045
08-06-2024,P103,Electronics,420.85,309.61,5,5,2104.25,169,400.31,Normal,Saturday,556.1999999999998,0.2643222050611856,20.54000000000002
08-06-2024,P104,Home,312.0,204.48,0,4,1248.0,420,317.5,Normal,Saturday,430.08000000000004,0.34461538461538466,-5.5
08-06-2024,P105,Electronics,1319.4,974.07,10,0,0.0,55,1324.0,Holiday,Saturday,0.0,,-4.599999999999909
08-06-2024,P106,Sports,467.1,387.33,10,7,3269.7,280,482.56,Normal,Saturday,558.3899999999999,0.17077713551701987,-15.45999999999998
08-06-2024,P107,Fashion,385.0,261.28,0,0,0.0,431,386.35,Normal,Saturday,0.0,,-1.3500000000000227
08-06-2024,P108,Home,508.0,396.33,0,6,3048.0,58,495.02,Normal,Saturday,670.02,0.2198228346456693,12.980000000000018
08-06-2024,P109,Home,1252.0,933.65,0,4,5008.0,321,1285.73,Normal,Saturday,1273.4,0.25427316293929714,-33.73000000000002
08-06-2024,P110,Home,772.2,666.91,10,0,0.0,223,771.22,Normal,Saturday,0.0,,0.9800000000000182
08-06-2024,P111,Sports,653.4,482.69,10,0,0.0,251,648.6,Festival,Saturday,0.0,,4.7999999999999545
08-06-2024,P112,Electronics,1195.2,899.47,10,0,0.0,226,1140.1,Holiday,Saturday,0.0,,55.100000000000136
08-06-2024,P113,Home,845.1,588.06,10,0,0.0,305,868.64,Normal,Saturday,0.0,,-23.539999999999964
08-06-2024,P114,Electronics,996.3,747.69,10,1,996.3,104,1029.9,Sale,Saturday,248.6099999999999,0.2495332731105088,-33.600000000000136
08-06-2024,P115,Sports,589.95,381.62,5,1,589.95,393,567.82,Sale,Saturday,208.33000000000004,0.35313162132384107,22.129999999999995
08-06-2024,P116,Fashion,535.0,355.77,0,4,2140.0,455,517.87,Normal,Saturday,716.9200000000001,0.33500934579439257,17.129999999999995
08-06-2024,P117,Sports,310.65,212.28,5,6,1863.9,473,311.87,Sale,Saturday,590.22,0.3166586190246258,-1.2200000000000273
08-06-2024,P118,Home,541.8,463.45,10,2,1083.6,195,562.86,Holiday,Saturday,156.69999999999993,0.14461055740125503,-21.06000000000006
08-06-2024,P119,Home,428.0,271.79,0,1,428.0,418,420.2,Holiday,Saturday,156.20999999999998,0.36497663551401865,7.800000000000011
09-06-2024,P100,Home,786.0,509.95,0,1,786.0,365,792.74,Normal,Sunday,276.05,0.3512086513994911,-6.740000000000009
09-06-2024,P101,Sports,1028.5,949.45,15,0,0.0,40,1037.21,Normal,Sunday,0.0,,-8.710000000000036
09-06-2024,P102,Electronics,759.05,628.24,15,0,0.0,426,780.78,Normal,Sunday,0.0,,-21.730000000000018
09-06-2024,P103,Electronics,559.3,515.86,15,2,1118.6,420,572.37,Festival,Sunday,86.87999999999988,0.07766851421419622,-13.07000000000005
09-06-2024,P104,Home,1133.0,730.6,0,3,3399.0,243,1162.67,Normal,Sunday,1207.1999999999998,0.35516328331862307,-29.670000000000073
09-06-2024,P105,Electronics,639.0,391.14,0,3,1917.0,180,638.44,Normal,Sunday,743.5799999999999,0.38788732394366193,0.5599999999999454
09-06-2024,P106,Sports,286.0,209.38,0,3,858.0,117,273.5,Normal,Sunday,229.86,0.2679020979020979,12.5
09-06-2024,P107,Electronics,835.2,596.68,10,0,0.0,72,862.38,Normal,Sunday,0.0,,-27.17999999999995
09-06-2024,P108,Home,659.0,476.97,0,3,1977.0,337,644.49,Normal,Sunday,546.0899999999999,0.2762215477996965,14.509999999999991
09-06-2024,P109,Home,486.4,396.92,5,2,972.8,428,466.45,Sale,Sunday,178.95999999999992,0.1839638157894736,19.94999999999999
09-06-2024,P110,Sports,632.0,411.47,0,0,0.0,159,616.37,Normal,Sunday,0.0,,15.629999999999995
09-06-2024,P111,Sports,979.45,729.19,5,4,3917.8,44,954.82,Holiday,Sunday,1001.04,0.2555107458267395,24.629999999999995
09-06-2024,P112,Electronics,366.3,271.02,10,6,2197.8,88,377.58,Normal,Sunday,571.6800000000003,0.2601146601146602,-11.279999999999973
09-06-2024,P113,Sports,594.9,522.18,10,0,0.0,406,612.39,Normal,Sunday,0.0,,-17.49000000000001
09-06-2024,P114,Sports,1104.85,771.86,5,3,3314.55,340,1094.07,Normal,Sunday,998.9700000000003,0.3013893288681722,10.779999999999973
09-06-2024,P115,Sports,467.5,406.43,15,1,467.5,499,462.02,Normal,Sunday,61.06999999999999,0.13063101604278074,5.480000000000018
09-06-2024,P116,Fashion,503.0,312.53,0,0,0.0,212,518.33,Normal,Sunday,0.0,,-15.330000000000041
09-06-2024,P117,Fashion,1196.0,785.54,0,1,1196.0,408,1150.79,Normal,Sunday,410.46000000000004,0.3431939799331104,45.210000000000036
09-06-2024,P118,Fashion,690.0,531.68,0,2,1380.0,171,679.94,Normal,Sunday,316.6400000000001,0.2294492753623189,10.059999999999945
09-06-2024,P119,Home,798.3,631.96,10,0,0.0,261,788.91,Normal,Sunday,0.0,,9.389999999999986
10-06-2024,P100,Sports,700.2,566.99,10,2,1400.4,302,728.56,Normal,Monday,266.4200000000001,0.19024564410168526,-28.3599999999999
10-06-2024,P101,Home,782.8,621.3,5,1,782.8,22,745.37,Sale,Monday,161.5,0.2063106796116505,37.42999999999995
10-06-2024,P102,Electronics,898.7,689.86,5,3,2696.1,236,917.92,Festival,Monday,626.52,0.23238010459552688,-19.219999999999914
10-06-2024,P103,Home,406.0,264.18,0,4,1624.0,479,398.79,Normal,Monday,567.28,0.3493103448275862,7.2099999999999795
10-06-2024,P104,Fashion,522.5,401.4,5,2,1045.0,114,510.21,Sale,Monday,242.20000000000005,0.2317703349282297,12.29000000000002
10-06-2024,P105,Home,1225.5,866.25,5,0,0.0,102,1222.0,Normal,Monday,0.0,,3.5
10-06-2024,P106,Electronics,617.4,491.47,10,0,0.0,151,587.54,Normal,Monday,0.0,,29.860000000000014
10-06-2024,P107,Fashion,346.0,256.66,0,6,2076.0,80,348.18,Normal,Monday,536.04,0.2582080924855491,-2.180000000000007
10-06-2024,P108,Electronics,995.4,865.11,10,0,0.0,126,1043.6,Normal,Monday,0.0,,-48.19999999999993
10-06-2024,P109,Home,534.6,450.74,10,4,2138.4,149,547.01,Normal,Monday,335.44000000000005,0.15686494575383467,-12.409999999999968
10-06-2024,P110,Electronics,1122.0,879.95,0,0,0.0,298,1092.78,Holiday,Monday,0.0,,29.220000000000027
10-06-2024,P111,Home,1256.0,960.15,0,2,2512.0,455,1280.54,Festival,Monday,591.7,0.23554936305732485,-24.539999999999964
10-06-2024,P112,Home,1230.0,832.57,0,2,2460.0,139,1259.42,Normal,Monday,794.8599999999999,0.32311382113821135,-29.420000000000073
10-06-2024,P113,Home,1041.3,847.64,10,2,2082.6,345,1020.15,Normal,Monday,387.31999999999994,0.18597906463075,21.149999999999977
10-06-2024,P114,Home,252.0,200.06,10,7,1764.0,246,253.78,Sale,Monday,363.5799999999999,0.20611111111111108,-1.7800000000000011
10-06-2024,P115,Home,719.0,542.3,0,0,0.0,54,712.58,Normal,Monday,0.0,,6.419999999999959
10-06-2024,P116,Home,335.0,217.94,0,4,1340.0,401,322.52,Festival,Monday,468.24,0.3494328358208955,12.480000000000018
10-06-2024,P117,Home,303.0,215.83,0,3,909.0,309,311.13,Normal,Monday,261.51,0.2876897689768977,-8.129999999999995
10-06-2024,P118,Sports,1046.7,819.79,10,0,0.0,136,1068.06,Normal,Monday,0.0,,-21.3599999999999
10-06-2024,P119,Electronics,810.0,611.94,10,0,0.0,312,846.69,Normal,Monday,0.0,,-36.690000000000055
11-06-2024,P100,Fashion,1009.85,720.74,5,0,0.0,158,1035.97,Sale,Tuesday,0.0,,-26.120000000000005
11-06-2024,P101,Electronics,507.0,382.7,0,2,1014.0,91,516.2,Normal,Tuesday,248.60000000000002,0.24516765285996056,-9.200000000000045
11-06-2024,P102,Sports,319.2,207.1,5,0,0.0,152,318.24,Normal,Tuesday,0.0,,0.9599999999999795
11-06-2024,P103,Home,1291.0,958.61,0,3,3873.0,349,1293.12,Festival,Tuesday,997.1700000000001,0.2574670797831139,-2.119999999999891
11-06-2024,P104,Home,1374.0,1094.94,0,0,0.0,165,1421.83,Normal,Tuesday,0.0,,-47.82999999999993
11-06-2024,P105,Sports,1107.0,812.44,10,4,4428.0,62,1080.25,Sale,Tuesday,1178.2399999999998,0.2660885275519421,26.75
11-06-2024,P106,Electronics,847.4,659.05,5,1,847.4,124,888.59,Normal,Tuesday,188.35000000000002,0.2222681142317678,-41.190000000000055
11-06-2024,P107,Fashion,1052.0,665.81,0,0,0.0,381,1000.35,Normal,Tuesday,0.0,,51.64999999999998
11-06-2024,P108,Sports,854.0,547.95,0,4,3416.0,75,826.71,Festival,Tuesday,1224.1999999999998,0.3583723653395784,27.289999999999964
11-06-2024,P109,Electronics,819.0,624.74,10,2,1638.0,221,834.71,Normal,Tuesday,388.52,0.2371916971916972,-15.710000000000036
11-06-2024,P110,Electronics,1135.0,763.59,0,0,0.0,279,1127.15,Sale,Tuesday,0.0,,7.849999999999909
11-06-2024,P111,Fashion,1430.0,1110.59,0,0,0.0,441,1449.9,Normal,Tuesday,0.0,,-19.90000000000009
11-06-2024,P112,Fashion,1330.0,845.86,0,1,1330.0,82,1363.85,Normal,Tuesday,484.14,0.36401503759398496,-33.84999999999991
11-06-2024,P113,Home,599.0,398.66,0,0,0.0,402,585.85,Normal,Tuesday,0.0,,13.149999999999977
11-06-2024,P114,Electronics,852.0,612.29,0,0,0.0,316,814.98,Festival,Tuesday,0.0,,37.01999999999998
11-06-2024,P115,Home,934.8,715.93,5,0,0.0,398,932.27,Normal,Tuesday,0.0,,2.5299999999999727
11-06-2024,P116,Fashion,1142.0,709.47,0,0,0.0,464,1154.56,Normal,Tuesday,0.0,,-12.559999999999945
11-06-2024,P117,Sports,243.0,147.43,0,4,972.0,405,233.4,Normal,Tuesday,382.28,0.39329218106995883,9.599999999999994
11-06-2024,P118,Sports,446.0,290.48,0,4,1784.0,232,451.18,Normal,Tuesday,622.0799999999999,0.34869955156950666,-5.180000000000007
11-06-2024,P119,Home,597.0,406.97,0,1,597.0,97,583.16,Holiday,Tuesday,190.02999999999997,0.3183082077051926,13.840000000000032
12-06-2024,P100,Sports,1119.6,895.56,10,0,0.0,316,1165.28,Holiday,Wednesday,0.0,,-45.680000000000064
12-06-2024,P101,Home,203.4,140.86,10,3,610.2,304,198.26,Normal,Wednesday,187.62,0.30747295968534905,5.140000000000015
12-06-2024,P102,Fashion,610.2,420.97,10,5,3051.0,372,617.84,Normal,Wednesday,946.1499999999996,0.3101114388725007,-7.639999999999986
12-06-2024,P103,Sports,1407.0,990.2,0,0,0.0,425,1400.23,Normal,Wednesday,0.0,,6.769999999999982
12-06-2024,P104,Sports,1034.0,680.45,0,0,0.0,31,1018.36,Normal,Wednesday,0.0,,15.639999999999986
12-06-2024,P105,Home,537.0,340.51,0,3,1611.0,364,520.87,Normal,Wednesday,589.47,0.36590316573556797,16.129999999999995
12-06-2024,P106,Fashion,963.9,740.54,10,1,963.9,385,966.24,Normal,Wednesday,223.36,0.23172528270567488,-2.340000000000032
12-06-2024,P107,Sports,254.0,177.39,0,6,1524.0,122,259.74,Normal,Wednesday,459.6600000000001,0.3016141732283465,-5.740000000000009
12-06-2024,P108,Sports,928.8,722.87,10,3,2786.4,183,890.11,Normal,Wednesday,617.79,0.22171619293712316,38.68999999999994
12-06-2024,P109,Sports,1145.0,879.17,0,4,4580.0,65,1167.93,Holiday,Wednesday,1063.3200000000002,0.23216593886462886,-22.930000000000064
12-06-2024,P110,Fashion,939.55,598.8,5,3,2818.65,135,949.22,Normal,Wednesday,1022.2500000000002,0.3626736203501677,-9.670000000000073
12-06-2024,P111,Fashion,556.0,428.79,0,0,0.0,29,544.68,Sale,Wednesday,0.0,,11.32000000000005
12-06-2024,P112,Home,294.0,182.04,0,7,2058.0,372,306.7,Festival,Wednesday,783.72,0.38081632653061226,-12.699999999999989
12-06-2024,P113,Fashion,920.55,751.04,15,2,1841.1,88,945.34,Festival,Wednesday,339.02,0.18413991635435337,-24.790000000000077
12-06-2024,P114,Fashion,679.15,519.75,15,0,0.0,367,657.72,Normal,Wednesday,0.0,,21.42999999999995
12-06-2024,P115,Home,432.9,332.48,10,3,1298.7,75,445.15,Normal,Wednesday,301.26,0.23197043197043196,-12.25
12-06-2024,P116,Fashion,229.0,143.31,0,4,916.0,450,238.1,Holiday,Wednesday,342.76,0.37419213973799126,-9.099999999999994
12-06-2024,P117,Fashion,380.0,262.82,0,4,1520.0,278,389.7,Normal,Wednesday,468.72,0.30836842105263157,-9.699999999999989
12-06-2024,P118,Fashion,1132.2,929.53,10,3,3396.6,457,1177.65,Normal,Wednesday,608.0099999999998,0.17900547606429953,-45.450000000000045
12-06-2024,P119,Home,899.1,672.39,10,3,2697.3,163,874.12,Holiday,Wednesday,680.1300000000001,0.2521521521521522,24.980000000000018
13-06-2024,P100,Fashion,947.75,771.45,15,0,0.0,427,970.25,Festival,Thursday,0.0,,-22.5
13-06-2024,P101,Sports,1099.0,675.92,0,0,0.0,367,1065.59,Normal,Thursday,0.0,,33.41000000000008
13-06-2024,P102,Electronics,351.0,260.71,0,0,0.0,51,360.14,Sale,Thursday,0.0,,-9.139999999999986
13-06-2024,P103,Home,807.0,597.97,0,0,0.0,450,767.42,Normal,Thursday,0.0,,39.58000000000004
13-06-2024,P104,Home,328.0,217.73,0,8,2624.0,179,332.52,Sale,Thursday,882.1600000000001,0.33618902439024395,-4.519999999999982
13-06-2024,P105,Fashion,1165.5,845.89,10,1,1165.5,37,1203.3,Holiday,Thursday,319.61,0.27422565422565426,-37.799999999999955
13-06-2024,P106,Electronics,941.4,669.74,10,2,1882.8,220,958.14,Normal,Thursday,543.3199999999999,0.28857021457403864,-16.74000000000001
13-06-2024,P107,Electronics,470.25,312.19,5,3,1410.75,312,477.64,Festival,Thursday,474.18000000000006,0.3361190855927699,-7.389999999999986
13-06-2024,P108,Fashion,504.0,306.7,0,2,1008.0,240,512.04,Normal,Thursday,394.6,0.39146825396825397,-8.039999999999964
13-06-2024,P109,Sports,754.3,542.98,5,1,754.3,295,720.7,Normal,Thursday,211.31999999999994,0.28015378496619375,33.59999999999991
13-06-2024,P110,Home,863.0,689.1,0,1,863.0,94,860.01,Normal,Thursday,173.89999999999998,0.20150637311703357,2.990000000000009
13-06-2024,P111,Fashion,359.0,222.73,0,2,718.0,473,341.97,Festival,Thursday,272.54,0.3795821727019499,17.029999999999973
13-06-2024,P112,Sports,373.0,223.85,0,1,373.0,229,388.63,Normal,Thursday,149.15,0.39986595174262735,-15.629999999999995
13-06-2024,P113,Home,941.4,805.62,10,0,0.0,27,960.12,Normal,Thursday,0.0,,-18.720000000000027
13-06-2024,P114,Fashion,881.0,615.14,0,0,0.0,422,894.95,Sale,Thursday,0.0,,-13.950000000000045
13-06-2024,P115,Home,1101.0,701.19,0,0,0.0,224,1120.54,Holiday,Thursday,0.0,,-19.539999999999964
13-06-2024,P116,Home,891.0,701.48,10,1,891.0,413,901.04,Festival,Thursday,189.51999999999998,0.21270482603815935,-10.039999999999964
13-06-2024,P117,Home,1233.0,943.23,10,1,1233.0,376,1249.42,Normal,Thursday,289.77,0.23501216545012163,-16.420000000000073
13-06-2024,P118,Electronics,1460.0,902.9,0,0,0.0,245,1466.09,Normal,Thursday,0.0,,-6.089999999999918
13-06-2024,P119,Home,675.45,537.6,5,2,1350.9,471,707.25,Normal,Thursday,275.70000000000005,0.2040861647790362,-31.799999999999955
14-06-2024,P100,Fashion,764.0,510.92,0,2,1528.0,410,738.6,Normal,Friday,506.15999999999997,0.33125654450261777,25.399999999999977
14-06-2024,P101,Electronics,718.2,488.93,10,1,718.2,70,742.32,Normal,Friday,229.27000000000004,0.319228627123364,-24.120000000000005
14-06-2024,P102,Electronics,1373.7,989.92,5,0,0.0,192,1377.06,Normal,Friday,0.0,,-3.3599999999999
14-06-2024,P103,Sports,684.9,528.56,10,1,684.9,251,652.19,Normal,Friday,156.34000000000003,0.2282669002774128,32.70999999999992
14-06-2024,P104,Fashion,838.95,613.79,15,2,1677.9,186,810.88,Sale,Friday,450.32000000000016,0.26838309792001913,28.07000000000005
14-06-2024,P105,Electronics,832.5,665.03,10,1,832.5,126,841.57,Normal,Friday,167.47000000000003,0.2011651651651652,-9.07000000000005
14-06-2024,P106,Electronics,794.0,604.43,0,0,0.0,313,806.45,Normal,Friday,0.0,,-12.450000000000045
14-06-2024,P107,Fashion,941.4,637.98,10,1,941.4,134,900.47,Holiday,Friday,303.41999999999996,0.3223072020395156,40.92999999999995
14-06-2024,P108,Home,376.2,269.07,5,2,752.4,95,376.68,Festival,Friday,214.26,0.28476874003189795,-0.4800000000000182
14-06-2024,P109,Electronics,976.5,818.5,10,1,976.5,115,950.19,Festival,Friday,158.0,0.16180235535074244,26.309999999999945
14-06-2024,P110,Fashion,668.7,578.26,10,0,0.0,39,643.13,Normal,Friday,0.0,,25.57000000000005
14-06-2024,P111,Sports,841.0,616.45,0,1,841.0,132,828.97,Festival,Friday,224.54999999999995,0.26700356718192625,12.029999999999973
14-06-2024,P112,Electronics,1195.1,935.85,5,0,0.0,237,1221.57,Sale,Friday,0.0,,-26.470000000000027
14-06-2024,P113,Fashion,475.0,363.0,0,3,1425.0,32,460.66,Festival,Friday,336.0,0.23578947368421052,14.339999999999975
14-06-2024,P114,Home,1056.4,688.14,5,2,2112.8,344,1050.42,Festival,Friday,736.5200000000002,0.34859901552442263,5.980000000000018
14-06-2024,P115,Fashion,1055.45,807.64,5,0,0.0,455,1027.92,Normal,Friday,0.0,,27.529999999999973
14-06-2024,P116,Home,1328.0,1038.4,0,3,3984.0,113,1345.24,Sale,Friday,868.7999999999997,0.21807228915662644,-17.24000000000001
14-06-2024,P117,Electronics,351.5,255.08,5,4,1406.0,170,342.34,Normal,Friday,385.67999999999995,0.2743100995732574,9.160000000000025
14-06-2024,P118,Sports,994.0,612.48,0,3,2982.0,324,991.13,Normal,Friday,1144.56,0.38382293762575453,2.8700000000000045
14-06-2024,P119,Electronics,773.0,589.82,0,1,773.0,482,777.55,Normal,Friday,183.17999999999995,0.2369728331177231,-4.5499999999999545
15-06-2024,P100,Sports,410.0,287.66,0,0,0.0,220,405.3,Normal,Saturday,0.0,,4.699999999999989
15-06-2024,P101,Fashion,1021.5,700.35,10,0,0.0,411,1045.57,Normal,Saturday,0.0,,-24.069999999999936
15-06-2024,P102,Electronics,703.0,510.24,5,0,0.0,219,714.41,Normal,Saturday,0.0,,-11.409999999999968
15-06-2024,P103,Home,367.0,228.03,0,2,734.0,399,374.23,Normal,Saturday,277.94,0.3786648501362398,-7.230000000000018
15-06-2024,P104,Home,932.4,780.31,10,0,0.0,350,888.68,Normal,Saturday,0.0,,43.72000000000003
15-06-2024,P105,Fashion,1183.0,787.72,0,1,1183.0,295,1234.28,Normal,Saturday,395.28,0.33413355874894335,-51.27999999999997
15-06-2024,P106,Electronics,708.0,550.75,0,3,2124.0,393,730.89,Festival,Saturday,471.75,0.2221045197740113,-22.889999999999986
15-06-2024,P107,Home,1279.0,841.12,0,0,0.0,493,1298.34,Normal,Saturday,0.0,,-19.339999999999918
15-06-2024,P108,Sports,764.0,559.37,0,0,0.0,434,731.72,Normal,Saturday,0.0,,32.27999999999997
15-06-2024,P109,Electronics,516.8,430.38,5,5,2584.0,267,509.31,Normal,Saturday,432.0999999999999,0.16722136222910214,7.489999999999952
15-06-2024,P110,Fashion,650.7,482.76,10,1,650.7,177,622.49,Holiday,Saturday,167.94000000000005,0.258091286307054,28.210000000000036
15-06-2024,P111,Fashion,601.8,510.79,15,0,0.0,323,594.82,Normal,Saturday,0.0,,6.9799999999999045
15-06-2024,P112,Sports,389.3,359.97,15,4,1557.2,146,397.2,Normal,Saturday,117.31999999999994,0.07534035448240427,-7.899999999999977
15-06-2024,P113,Electronics,842.0,563.15,0,1,842.0,428,876.22,Normal,Saturday,278.85,0.33117577197149645,-34.22000000000003
15-06-2024,P114,Home,1314.0,1042.56,0,1,1314.0,280,1276.34,Festival,Saturday,271.44000000000005,0.20657534246575346,37.66000000000008
15-06-2024,P115,Electronics,1039.0,688.92,0,2,2078.0,267,1016.1,Normal,Saturday,700.1600000000001,0.336939364773821,22.899999999999977
15-06-2024,P116,Sports,1102.0,826.18,0,0,0.0,422,1067.37,Normal,Saturday,0.0,,34.63000000000011
15-06-2024,P117,Home,1081.0,767.02,0,1,1081.0,462,1065.18,Festival,Saturday,313.98,0.2904532839962997,15.819999999999936
15-06-2024,P118,Fashion,1473.0,1103.17,0,3,4419.0,172,1535.56,Festival,Saturday,1109.4899999999998,0.25107264086897485,-62.559999999999945
15-06-2024,P119,Home,1147.5,770.93,10,0,0.0,262,1092.98,Normal,Saturday,0.0,,54.51999999999998
16-06-2024,P100,Fashion,1049.4,755.74,10,0,0.0,412,1009.87,Sale,Sunday,0.0,,39.530000000000086
16-06-2024,P101,Home,303.45,224.84,15,5,1517.25,274,306.89,Normal,Sunday,393.04999999999995,0.2590542099192618,-3.4399999999999977
16-06-2024,P102,Home,601.8,433.02,15,6,3610.8,39,630.79,Festival,Sunday,1012.6800000000003,0.28045862412761724,-28.99000000000001
16-06-2024,P103,Home,423.3,392.25,15,3,1269.9,330,444.27,Holiday,Sunday,93.15000000000009,0.07335223245924882,-20.96999999999997
16-06-2024,P104,Sports,688.0,506.67,0,5,3440.0,145,681.1,Normal,Sunday,906.6500000000001,0.2635610465116279,6.899999999999977
16-06-2024,P105,Sports,483.3,393.24,10,4,1933.2,289,487.26,Normal,Sunday,360.24,0.18634388578522657,-3.9599999999999795
16-06-2024,P106,Electronics,681.15,529.65,5,3,2043.45,353,678.92,Normal,Sunday,454.5000000000002,0.22241796961021812,2.230000000000018
16-06-2024,P107,Sports,1210.0,887.37,0,1,1210.0,282,1156.18,Sale,Sunday,322.63,0.2666363636363636,53.819999999999936
16-06-2024,P108,Fashion,1371.0,841.75,0,2,2742.0,113,1381.92,Normal,Sunday,1058.5,0.3860320933625091,-10.920000000000073
16-06-2024,P109,Fashion,980.1,679.51,10,0,0.0,492,967.41,Normal,Sunday,0.0,,12.690000000000055
16-06-2024,P110,Home,702.05,557.77,5,0,0.0,89,698.01,Holiday,Sunday,0.0,,4.039999999999964
16-06-2024,P111,Sports,1412.0,1016.9,0,0,0.0,387,1394.3,Normal,Sunday,0.0,,17.700000000000045
16-06-2024,P112,Electronics,1288.8,876.04,10,0,0.0,366,1233.86,Normal,Sunday,0.0,,54.940000000000055
16-06-2024,P113,Fashion,1017.45,897.9,15,1,1017.45,150,1026.78,Normal,Sunday,119.55000000000007,0.11749963143152004,-9.329999999999927
16-06-2024,P114,Home,485.0,303.54,0,0,0.0,368,494.65,Normal,Sunday,0.0,,-9.649999999999977
16-06-2024,P115,Home,1177.2,864.16,10,2,2354.4,72,1179.32,Festival,Sunday,626.0800000000002,0.2659191301393137,-2.119999999999891
16-06-2024,P116,Electronics,507.6,390.76,10,2,1015.2,83,490.38,Sale,Sunday,233.68000000000006,0.23018124507486215,17.220000000000027
16-06-2024,P117,Sports,598.5,495.73,10,1,598.5,391,619.62,Normal,Sunday,102.76999999999998,0.17171261487050957,-21.120000000000005
16-06-2024,P118,Home,853.0,681.94,0,5,4265.0,372,847.26,Normal,Sunday,855.2999999999997,0.20053927315357556,5.740000000000009
16-06-2024,P119,Home,535.0,347.28,0,0,0.0,81,556.36,Normal,Sunday,0.0,,-21.360000000000014
17-06-2024,P100,Home,442.0,300.77,0,1,442.0,435,441.69,Sale,Monday,141.23000000000002,0.3195248868778281,0.3100000000000023
17-06-2024,P101,Home,963.05,716.07,15,1,963.05,425,932.28,Normal,Monday,246.9799999999999,0.25645605108769004,30.769999999999982
17-06-2024,P102,Fashion,1466.0,929.43,0,3,4398.0,234,1458.88,Normal,Monday,1609.71,0.36600954979536154,7.119999999999891
17-06-2024,P103,Fashion,464.55,383.74,5,2,929.1,141,480.53,Normal,Monday,161.62,0.1739532881282962,-15.979999999999961
17-06-2024,P104,Sports,1317.0,873.53,0,3,3951.0,499,1372.43,Holiday,Monday,1330.4099999999999,0.33672741078208046,-55.430000000000064
17-06-2024,P105,Electronics,1367.0,838.42,0,0,0.0,377,1404.34,Normal,Monday,0.0,,-37.33999999999992
17-06-2024,P106,Home,1418.35,978.91,5,0,0.0,266,1447.53,Sale,Monday,0.0,,-29.180000000000064
17-06-2024,P107,Electronics,959.65,782.59,15,0,0.0,466,1001.69,Festival,Monday,0.0,,-42.04000000000008
17-06-2024,P108,Fashion,1047.0,773.73,0,2,2094.0,62,1008.5,Normal,Monday,546.54,0.2610028653295129,38.5
17-06-2024,P109,Sports,1333.0,929.29,0,0,0.0,398,1394.8,Sale,Monday,0.0,,-61.799999999999955
17-06-2024,P110,Sports,426.0,340.15,0,4,1704.0,262,422.4,Holiday,Monday,343.4000000000001,0.2015258215962442,3.6000000000000227
17-06-2024,P111,Fashion,1087.2,759.59,10,1,1087.2,274,1037.4,Holiday,Monday,327.61,0.3013337012509198,49.799999999999955
17-06-2024,P112,Sports,1008.0,678.6,0,0,0.0,419,988.41,Festival,Monday,0.0,,19.590000000000032
17-06-2024,P113,Home,742.0,498.24,0,0,0.0,391,733.78,Normal,Monday,0.0,,8.220000000000027
17-06-2024,P114,Electronics,1329.05,1042.28,5,1,1329.05,199,1377.01,Normal,Monday,286.77,0.21577066325570896,-47.960000000000036
17-06-2024,P115,Home,1260.0,938.86,0,4,5040.0,191,1271.21,Festival,Monday,1284.56,0.25487301587301586,-11.210000000000036
17-06-2024,P116,Home,254.0,189.81,0,4,1016.0,210,244.37,Normal,Monday,256.76,0.2527165354330709,9.629999999999995
17-06-2024,P117,Sports,1217.0,886.68,0,5,6085.0,122,1159.21,Normal,Monday,1651.6000000000004,0.2714215283483978,57.789999999999964
17-06-2024,P118,Home,344.0,225.95,0,2,688.0,211,345.85,Normal,Monday,236.10000000000002,0.34316860465116283,-1.8500000000000227
17-06-2024,P119,Sports,216.6,178.2,5,4,866.4,117,218.03,Normal,Monday,153.60000000000002,0.17728531855955681,-1.4300000000000068
18-06-2024,P100,Electronics,458.0,277.66,0,5,2290.0,109,461.32,Festival,Tuesday,901.6999999999998,0.39375545851528376,-3.319999999999993
18-06-2024,P101,Fashion,1302.45,969.68,5,2,2604.9,143,1263.77,Normal,Tuesday,665.5400000000002,0.2554954124918424,38.680000000000064
18-06-2024,P102,Home,431.0,285.57,0,3,1293.0,301,438.64,Festival,Tuesday,436.28999999999996,0.3374245939675174,-7.639999999999986
18-06-2024,P103,Fashion,866.0,658.5,0,0,0.0,205,824.23,Sale,Tuesday,0.0,,41.76999999999998
18-06-2024,P104,Fashion,1080.0,928.91,10,2,2160.0,33,1082.09,Holiday,Tuesday,302.18000000000006,0.1398981481481482,-2.089999999999918
18-06-2024,P105,Fashion,1276.0,767.95,0,0,0.0,386,1226.17,Festival,Tuesday,0.0,,49.82999999999993
18-06-2024,P106,Sports,501.6,400.1,5,4,2006.4,84,502.24,Normal,Tuesday,406.0,0.20235247208931417,-0.6399999999999864
18-06-2024,P107,Fashion,389.7,320.14,10,3,1169.1,149,377.03,Festival,Tuesday,208.67999999999995,0.1784962791891198,12.670000000000016
18-06-2024,P108,Home,1125.4,1017.57,15,0,0.0,122,1092.27,Holiday,Tuesday,0.0,,33.13000000000011
18-06-2024,P109,Sports,300.0,193.05,0,4,1200.0,465,297.44,Sale,Tuesday,427.79999999999995,0.3565,2.5600000000000023
18-06-2024,P110,Electronics,875.9,700.69,5,0,0.0,495,885.64,Normal,Tuesday,0.0,,-9.740000000000009
18-06-2024,P111,Sports,885.0,629.61,0,1,885.0,421,869.96,Holiday,Tuesday,255.39,0.28857627118644064,15.039999999999964
18-06-2024,P112,Home,1222.65,884.59,5,0,0.0,312,1276.65,Festival,Tuesday,0.0,,-54.0
18-06-2024,P113,Home,1059.95,832.7,15,0,0.0,179,1012.12,Normal,Tuesday,0.0,,47.83000000000004
18-06-2024,P114,Fashion,601.0,431.21,0,5,3005.0,37,609.37,Normal,Tuesday,848.9500000000003,0.2825124792013312,-8.370000000000005
18-06-2024,P115,Sports,1110.0,741.99,0,3,3330.0,148,1121.54,Festival,Tuesday,1104.0299999999997,0.33154054054054044,-11.539999999999964
18-06-2024,P116,Sports,1240.7,963.98,5,0,0.0,157,1267.99,Normal,Tuesday,0.0,,-27.289999999999964
18-06-2024,P117,Electronics,798.0,483.59,0,4,3192.0,47,785.71,Normal,Tuesday,1257.64,0.39399749373433585,12.289999999999964
18-06-2024,P118,Fashion,672.0,485.5,0,2,1344.0,59,675.77,Festival,Tuesday,373.0,0.2775297619047619,-3.769999999999982
18-06-2024,P119,Fashion,954.75,731.59,5,4,3819.0,295,944.02,Sale,Tuesday,892.6399999999999,0.23373658025661165,10.730000000000018
19-06-2024,P100,Electronics,1234.05,914.17,5,0,0.0,131,1224.19,Holiday,Wednesday,0.0,,9.8599999999999
19-06-2024,P101,Sports,1021.5,892.13,10,0,0.0,454,1021.7,Normal,Wednesday,0.0,,-0.20000000000004547
19-06-2024,P102,Electronics,775.0,587.27,0,2,1550.0,175,808.58,Festival,Wednesday,375.46000000000004,0.24223225806451615,-33.58000000000004
19-06-2024,P103,Sports,1074.4,926.26,15,1,1074.4,257,1078.89,Sale,Wednesday,148.1400000000001,0.13788160833953844,-4.490000000000009
19-06-2024,P104,Electronics,385.9,293.9,15,3,1157.7,497,383.74,Normal,Wednesday,276.0000000000001,0.2384037315366676,2.159999999999968
19-06-2024,P105,Fashion,807.5,604.05,5,2,1615.0,451,789.44,Sale,Wednesday,406.9000000000001,0.2519504643962849,18.059999999999945
19-06-2024,P106,Sports,1147.0,859.76,0,0,0.0,318,1114.09,Normal,Wednesday,0.0,,32.91000000000008
19-06-2024,P107,Fashion,1240.0,940.67,0,0,0.0,148,1267.04,Normal,Wednesday,0.0,,-27.039999999999964
19-06-2024,P108,Home,1355.0,887.9,0,0,0.0,235,1304.54,Holiday,Wednesday,0.0,,50.460000000000036
19-06-2024,P109,Fashion,407.0,321.02,0,0,0.0,26,413.43,Normal,Wednesday,0.0,,-6.430000000000007
19-06-2024,P110,Sports,380.0,268.5,0,1,380.0,222,392.65,Normal,Wednesday,111.5,0.29342105263157897,-12.649999999999977
19-06-2024,P111,Fashion,1270.0,942.06,0,0,0.0,495,1214.1,Normal,Wednesday,0.0,,55.90000000000009
19-06-2024,P112,Sports,239.4,174.89,10,4,957.6,198,236.41,Festival,Wednesday,258.0400000000001,0.26946532999164585,2.990000000000009
19-06-2024,P113,Home,1346.0,995.83,0,0,0.0,421,1370.96,Holiday,Wednesday,0.0,,-24.960000000000036
19-06-2024,P114,Home,553.0,377.63,0,0,0.0,150,548.47,Normal,Wednesday,0.0,,4.529999999999973
19-06-2024,P115,Electronics,761.0,593.67,0,2,1522.0,181,725.2,Normal,Wednesday,334.6600000000001,0.2198817345597898,35.799999999999955
19-06-2024,P116,Electronics,1166.0,836.73,0,0,0.0,42,1143.9,Normal,Wednesday,0.0,,22.09999999999991
19-06-2024,P117,Sports,564.0,366.61,0,1,564.0,337,582.54,Festival,Wednesday,197.39,0.34998226950354605,-18.539999999999964
19-06-2024,P118,Fashion,407.55,312.88,5,2,815.1,142,393.04,Sale,Wednesday,189.34000000000003,0.23229051650104285,14.509999999999991
19-06-2024,P119,Fashion,713.45,468.04,5,3,2140.35,161,722.02,Normal,Wednesday,736.2299999999998,0.3439764524493657,-8.569999999999936
20-06-2024,P100,Fashion,338.4,269.97,10,4,1353.6,342,325.42,Normal,Thursday,273.7199999999998,0.20221631205673746,12.979999999999961
20-06-2024,P101,Fashion,313.5,249.5,5,2,627.0,169,308.06,Normal,Thursday,128.0,0.20414673046251994,5.439999999999998
20-06-2024,P102,Fashion,1248.0,938.02,0,1,1248.0,244,1190.75,Normal,Thursday,309.98,0.24838141025641028,57.25
20-06-2024,P103,Sports,1246.0,871.01,0,0,0.0,358,1236.02,Holiday,Thursday,0.0,,9.980000000000018
20-06-2024,P104,Home,337.0,224.51,0,5,1685.0,345,348.05,Normal,Thursday,562.45,0.33379821958456973,-11.050000000000011
20-06-2024,P105,Sports,1049.75,919.53,15,2,2099.5,435,1033.84,Festival,Thursday,260.44000000000005,0.12404858299595144,15.910000000000082
20-06-2024,P106,Fashion,847.4,682.83,5,1,847.4,176,837.61,Normal,Thursday,164.56999999999994,0.19420580599480758,9.789999999999964
20-06-2024,P107,Sports,824.5,739.41,15,3,2473.5,112,832.78,Normal,Thursday,255.26999999999998,0.10320194057004244,-8.279999999999973
20-06-2024,P108,Sports,1127.65,830.13,5,3,3382.95,352,1172.64,Normal,Thursday,892.56,0.26384073072318537,-44.99000000000001
20-06-2024,P109,Fashion,230.35,194.21,15,8,1842.8,301,236.87,Sale,Thursday,289.1199999999999,0.1568916865639244,-6.52000000000001
20-06-2024,P110,Home,781.15,645.05,15,4,3124.6,52,782.89,Normal,Thursday,544.4000000000001,0.17423030147858928,-1.740000000000009
20-06-2024,P111,Electronics,566.0,432.47,0,2,1132.0,440,579.04,Festival,Thursday,267.05999999999995,0.2359187279151943,-13.039999999999964
20-06-2024,P112,Sports,557.0,352.7,0,3,1671.0,275,544.21,Sale,Thursday,612.9000000000001,0.36678635547576305,12.789999999999964
20-06-2024,P113,Fashion,728.0,447.65,0,3,2184.0,267,698.36,Festival,Thursday,841.0500000000002,0.3850961538461539,29.639999999999986
20-06-2024,P114,Fashion,293.0,206.47,0,0,0.0,449,306.62,Normal,Thursday,0.0,,-13.620000000000005
20-06-2024,P115,Home,1405.0,1114.73,0,0,0.0,365,1431.76,Festival,Thursday,0.0,,-26.75999999999999
20-06-2024,P116,Fashion,1023.15,749.02,5,0,0.0,428,1051.16,Normal,Thursday,0.0,,-28.010000000000105
20-06-2024,P117,Electronics,290.0,188.33,0,4,1160.0,349,303.28,Festival,Thursday,406.67999999999995,0.3505862068965517,-13.279999999999973
20-06-2024,P118,Fashion,368.0,244.88,0,3,1104.0,409,367.48,Normal,Thursday,369.36,0.33456521739130435,0.5199999999999818
20-06-2024,P119,Home,576.3,466.3,15,1,576.3,350,577.11,Holiday,Thursday,109.99999999999994,0.19087280930071135,-0.8100000000000591
21-06-2024,P100,Sports,985.5,862.3,10,0,0.0,341,963.15,Normal,Friday,0.0,,22.350000000000023
21-06-2024,P101,Electronics,1079.1,874.24,10,0,0.0,175,1057.73,Normal,Friday,0.0,,21.36999999999989
21-06-2024,P102,Fashion,700.15,486.32,5,4,2800.6,469,726.99,Normal,Friday,855.3199999999999,0.3054059844319074,-26.840000000000032
21-06-2024,P103,Fashion,856.9,617.07,5,1,856.9,249,857.36,Normal,Friday,239.82999999999993,0.2798809662737775,-0.4600000000000364
21-06-2024,P104,Home,674.05,540.71,15,0,0.0,475,654.91,Sale,Friday,0.0,,19.139999999999986
21-06-2024,P105,Home,1265.4,990.18,10,1,1265.4,440,1240.6,Sale,Friday,275.22000000000014,0.21749644381223338,24.800000000000182
21-06-2024,P106,Fashion,594.9,484.94,10,0,0.0,273,596.16,Festival,Friday,0.0,,-1.259999999999991
21-06-2024,P107,Sports,1040.0,629.78,0,2,2080.0,101,1042.34,Normal,Friday,820.44,0.3944423076923077,-2.339999999999918
21-06-2024,P108,Fashion,911.05,748.52,5,0,0.0,115,884.92,Normal,Friday,0.0,,26.129999999999995
21-06-2024,P109,Sports,232.0,161.06,0,4,928.0,467,233.97,Normal,Friday,283.76,0.3057758620689655,-1.9699999999999989
21-06-2024,P110,Fashion,291.0,216.72,0,3,873.0,271,294.39,Normal,Friday,222.84000000000003,0.25525773195876295,-3.3899999999999864
21-06-2024,P111,Home,685.9,570.67,5,3,2057.7,189,677.72,Festival,Friday,345.69000000000005,0.16799825047383005,8.17999999999995
21-06-2024,P112,Electronics,209.0,151.22,0,2,418.0,21,214.31,Sale,Friday,115.56,0.2764593301435407,-5.310000000000002
21-06-2024,P113,Sports,360.05,296.6,5,3,1080.15,166,372.52,Normal,Friday,190.35000000000002,0.17622552423274546,-12.46999999999997
21-06-2024,P114,Fashion,1240.7,852.05,5,2,2481.4,307,1265.41,Normal,Friday,777.3000000000002,0.3132505843475458,-24.710000000000036
21-06-2024,P115,Home,718.2,513.51,10,2,1436.4,217,691.96,Holiday,Friday,409.3800000000001,0.2850041771094403,26.24000000000001
21-06-2024,P116,Sports,1141.2,797.71,10,0,0.0,351,1133.18,Normal,Friday,0.0,,8.019999999999982
21-06-2024,P117,Sports,755.0,489.76,0,0,0.0,149,743.9,Normal,Friday,0.0,,11.100000000000023
21-06-2024,P118,Sports,264.0,197.79,0,4,1056.0,177,273.78,Festival,Friday,264.84000000000003,0.2507954545454546,-9.779999999999973
21-06-2024,P119,Fashion,678.0,541.55,0,4,2712.0,328,680.26,Normal,Friday,545.8000000000002,0.20125368731563428,-2.259999999999991
22-06-2024,P100,Home,1199.0,833.24,0,1,1199.0,474,1208.62,Normal,Saturday,365.76,0.30505421184320264,-9.61999999999989
22-06-2024,P101,Electronics,771.0,487.23,0,0,0.0,104,771.31,Normal,Saturday,0.0,,-0.30999999999994543
22-06-2024,P102,Home,336.3,219.38,5,0,0.0,75,339.29,Sale,Saturday,0.0,,-2.990000000000009
22-06-2024,P103,Home,685.0,482.9,0,2,1370.0,285,673.09,Festival,Saturday,404.20000000000005,0.295036496350365,11.909999999999968
22-06-2024,P104,Fashion,951.0,694.85,0,0,0.0,68,978.13,Normal,Saturday,0.0,,-27.129999999999995
22-06-2024,P105,Fashion,720.0,555.75,0,0,0.0,347,695.23,Normal,Saturday,0.0,,24.769999999999982
22-06-2024,P106,Home,800.0,571.93,0,1,800.0,185,839.39,Normal,Saturday,228.07000000000005,0.28508750000000005,-39.389999999999986
22-06-2024,P107,Electronics,1066.5,781.38,10,0,0.0,252,1053.43,Normal,Saturday,0.0,,13.069999999999936
22-06-2024,P108,Sports,1101.6,816.64,15,3,3304.8,69,1107.97,Festival,Saturday,854.8800000000001,0.2586782861292665,-6.370000000000118
22-06-2024,P109,Fashion,855.95,591.63,5,0,0.0,169,849.97,Festival,Saturday,0.0,,5.980000000000018
22-06-2024,P110,Electronics,394.2,278.48,10,4,1576.8,312,409.32,Holiday,Saturday,462.8799999999999,0.293556570268899,-15.120000000000005
22-06-2024,P111,Sports,1331.0,826.7,0,0,0.0,116,1267.5,Normal,Saturday,0.0,,63.5
22-06-2024,P112,Fashion,396.95,290.09,15,2,793.9,109,416.61,Normal,Saturday,213.72000000000003,0.2692026703615065,-19.660000000000025
22-06-2024,P113,Electronics,600.0,447.41,0,0,0.0,66,577.94,Festival,Saturday,0.0,,22.059999999999945
22-06-2024,P114,Home,1397.0,941.45,0,0,0.0,40,1432.86,Normal,Saturday,0.0,,-35.8599999999999
22-06-2024,P115,Sports,870.0,688.88,0,0,0.0,495,847.44,Normal,Saturday,0.0,,22.559999999999945
22-06-2024,P116,Home,1263.1,1158.91,15,1,1263.1,441,1216.08,Festival,Saturday,104.18999999999983,0.0824875306784893,47.01999999999998
22-06-2024,P117,Electronics,657.0,556.5,10,0,0.0,381,682.79,Normal,Saturday,0.0,,-25.789999999999964
22-06-2024,P118,Fashion,837.0,665.41,10,1,837.0,340,827.77,Normal,Saturday,171.59000000000003,0.20500597371565119,9.230000000000018
22-06-2024,P119,Electronics,1287.0,774.98,0,3,3861.0,167,1349.51,Festival,Saturday,1536.06,0.3978399378399378,-62.50999999999999
23-06-2024,P100,Fashion,966.0,751.39,0,0,0.0,436,923.27,Normal,Sunday,0.0,,42.73000000000002
23-06-2024,P101,Fashion,1094.0,857.5,0,1,1094.0,23,1040.44,Festival,Sunday,236.5,0.21617915904936014,53.559999999999945
23-06-2024,P102,Fashion,693.9,492.26,10,0,0.0,217,677.56,Sale,Sunday,0.0,,16.340000000000032
23-06-2024,P103,Home,827.0,508.47,0,3,2481.0,57,813.39,Normal,Sunday,955.5899999999999,0.38516324062877866,13.610000000000014
23-06-2024,P104,Fashion,1144.8,973.19,10,0,0.0,466,1117.07,Holiday,Sunday,0.0,,27.730000000000018
23-06-2024,P105,Electronics,356.0,249.98,0,2,712.0,274,354.4,Normal,Sunday,212.04000000000002,0.297808988764045,1.6000000000000227
23-06-2024,P106,Sports,487.35,402.19,5,1,487.35,476,503.48,Normal,Sunday,85.16000000000003,0.1747409459320817,-16.129999999999995
23-06-2024,P107,Sports,1414.55,951.52,5,2,2829.1,281,1357.18,Festival,Sunday,926.06,0.3273337810611148,57.36999999999989
23-06-2024,P108,Sports,980.0,675.53,0,0,0.0,341,965.63,Normal,Sunday,0.0,,14.370000000000005
23-06-2024,P109,Electronics,288.15,260.19,15,3,864.45,377,299.36,Festival,Sunday,83.88000000000011,0.0970327954190527,-11.210000000000036
23-06-2024,P110,Fashion,1332.85,1020.99,5,0,0.0,400,1360.59,Normal,Sunday,0.0,,-27.74000000000001
23-06-2024,P111,Fashion,594.0,505.91,10,3,1782.0,226,588.66,Normal,Sunday,264.27,0.1482996632996633,5.340000000000032
23-06-2024,P112,Home,1431.0,946.93,0,1,1431.0,258,1496.5,Festival,Sunday,484.07000000000005,0.3382739343116702,-65.5
23-06-2024,P113,Sports,828.9,664.32,10,5,4144.5,175,868.18,Normal,Sunday,822.8999999999996,0.19855229822656523,-39.27999999999997
23-06-2024,P114,Home,1111.5,739.18,5,0,0.0,494,1154.46,Sale,Sunday,0.0,,-42.960000000000036
23-06-2024,P115,Fashion,1325.25,1001.1,5,0,0.0,73,1351.06,Normal,Sunday,0.0,,-25.809999999999945
23-06-2024,P116,Fashion,625.6,503.89,15,1,625.6,425,634.47,Sale,Sunday,121.71000000000004,0.19454923273657293,-8.870000000000005
23-06-2024,P117,Electronics,1451.0,1106.05,0,0,0.0,55,1437.93,Sale,Sunday,0.0,,13.069999999999936
23-06-2024,P118,Sports,218.0,153.06,0,8,1744.0,230,213.3,Festival,Sunday,519.52,0.2978899082568807,4.699999999999989
23-06-2024,P119,Fashion,636.0,427.6,0,6,3816.0,182,635.44,Normal,Sunday,1250.3999999999996,0.3276729559748427,0.5599999999999454
24-06-2024,P100,Sports,816.0,635.28,15,1,816.0,36,851.31,Normal,Monday,180.72000000000003,0.22147058823529414,-35.309999999999945
24-06-2024,P101,Fashion,317.0,192.18,0,3,951.0,346,311.76,Normal,Monday,374.46000000000004,0.39375394321766566,5.240000000000009
24-06-2024,P102,Fashion,255.85,227.89,15,4,1023.4,230,267.49,Holiday,Monday,111.84000000000003,0.10928278288059413,-11.640000000000015
24-06-2024,P103,Sports,1351.0,890.14,0,0,0.0,235,1340.8,Festival,Monday,0.0,,10.200000000000045
24-06-2024,P104,Electronics,774.0,605.95,0,1,774.0,389,792.55,Holiday,Monday,168.04999999999995,0.21711886304909556,-18.549999999999955
24-06-2024,P105,Fashion,324.0,204.12,0,0,0.0,426,326.59,Normal,Monday,0.0,,-2.589999999999975
24-06-2024,P106,Electronics,348.0,222.5,0,2,696.0,399,332.19,Normal,Monday,251.0,0.36063218390804597,15.810000000000002
24-06-2024,P107,Fashion,849.3,695.43,5,0,0.0,30,888.83,Normal,Monday,0.0,,-39.530000000000086
24-06-2024,P108,Electronics,1181.5,925.4,15,3,3544.5,378,1148.87,Festival,Monday,768.3000000000002,0.21675835801946683,32.63000000000011
24-06-2024,P109,Sports,561.6,435.74,10,0,0.0,426,554.69,Normal,Monday,0.0,,6.909999999999968
24-06-2024,P110,Sports,1191.0,922.52,0,0,0.0,489,1135.07,Sale,Monday,0.0,,55.930000000000064
24-06-2024,P111,Fashion,911.0,636.12,0,0,0.0,259,866.01,Holiday,Monday,0.0,,44.99000000000001
24-06-2024,P112,Sports,733.5,571.89,10,1,733.5,47,748.05,Sale,Monday,161.61,0.2203271983640082,-14.549999999999955
24-06-2024,P113,Electronics,400.5,279.72,10,3,1201.5,224,385.7,Normal,Monday,362.3399999999999,0.3015730337078651,14.800000000000011
24-06-2024,P114,Sports,577.0,393.48,0,4,2308.0,171,575.11,Normal,Monday,734.0799999999999,0.3180589254766031,1.8899999999999864
24-06-2024,P115,Sports,377.1,282.74,10,0,0.0,71,384.31,Sale,Monday,0.0,,-7.2099999999999795
24-06-2024,P116,Sports,1423.0,1074.63,0,0,0.0,356,1360.39,Normal,Monday,0.0,,62.6099999999999
24-06-2024,P117,Fashion,501.0,340.81,0,0,0.0,193,504.58,Normal,Monday,0.0,,-3.579999999999984
24-06-2024,P118,Home,1285.0,832.41,0,1,1285.0,481,1258.21,Normal,Monday,452.59000000000003,0.35221011673151753,26.789999999999964
24-06-2024,P119,Electronics,382.0,232.93,0,3,1146.0,255,393.8,Sale,Monday,447.21000000000004,0.39023560209424085,-11.800000000000011
25-06-2024,P100,Sports,1259.7,944.81,5,1,1259.7,462,1259.42,Normal,Tuesday,314.8900000000001,0.2499722156068906,0.2799999999999727
25-06-2024,P101,Sports,494.95,322.18,5,1,494.95,199,487.87,Sale,Tuesday,172.76999999999998,0.3490655621779977,7.079999999999984
25-06-2024,P102,Electronics,649.0,460.87,0,2,1298.0,173,626.17,Sale,Tuesday,376.26,0.28987673343605547,22.83000000000004
25-06-2024,P103,Sports,797.05,603.19,5,1,797.05,46,786.45,Festival,Tuesday,193.8599999999999,0.24322188068502593,10.599999999999909
25-06-2024,P104,Electronics,613.0,470.22,0,0,0.0,179,620.14,Normal,Tuesday,0.0,,-7.139999999999986
25-06-2024,P105,Sports,964.0,630.81,0,0,0.0,399,916.73,Festival,Tuesday,0.0,,47.26999999999998
25-06-2024,P106,Sports,335.7,290.12,10,5,1678.5,199,338.21,Festival,Tuesday,227.9000000000001,0.13577599046767952,-2.509999999999991
25-06-2024,P107,Fashion,380.8,315.61,15,1,380.8,491,367.2,Normal,Tuesday,65.19,0.1711922268907563,13.600000000000023
25-06-2024,P108,Sports,979.2,805.03,10,1,979.2,246,1009.3,Festival,Tuesday,174.17000000000007,0.17786968954248372,-30.09999999999991
25-06-2024,P109,Electronics,490.2,323.61,5,2,980.4,288,486.48,Normal,Tuesday,333.17999999999995,0.33984088127294976,3.7199999999999704
25-06-2024,P110,Sports,1056.6,769.23,10,0,0.0,89,1028.73,Normal,Tuesday,0.0,,27.86999999999989
25-06-2024,P111,Home,1067.4,826.53,10,0,0.0,230,1108.67,Sale,Tuesday,0.0,,-41.26999999999998
25-06-2024,P112,Sports,765.0,596.56,0,2,1530.0,260,772.97,Festival,Tuesday,336.8800000000001,0.22018300653594777,-7.970000000000027
25-06-2024,P113,Electronics,1083.0,872.93,5,1,1083.0,336,1118.33,Normal,Tuesday,210.07000000000005,0.19397045244690678,-35.32999999999993
25-06-2024,P114,Sports,998.1,760.21,10,5,4990.5,119,1001.17,Normal,Tuesday,1189.4499999999998,0.23834285141769357,-3.0699999999999363
25-06-2024,P115,Sports,240.3,209.23,10,8,1922.4,39,233.56,Sale,Tuesday,248.56000000000017,0.12929671244277993,6.740000000000009
25-06-2024,P116,Sports,854.0,575.15,0,0,0.0,207,852.47,Normal,Tuesday,0.0,,1.5299999999999727
25-06-2024,P117,Home,1158.05,817.35,5,1,1158.05,499,1138.41,Normal,Tuesday,340.69999999999993,0.29420145934976893,19.639999999999873
25-06-2024,P118,Sports,1082.05,723.09,5,0,0.0,97,1070.76,Normal,Tuesday,0.0,,11.289999999999964
25-06-2024,P119,Sports,903.45,619.87,5,1,903.45,306,891.4,Normal,Tuesday,283.58000000000004,0.31388566052354866,12.050000000000068
26-06-2024,P100,Home,1146.0,811.58,0,2,2292.0,422,1157.9,Normal,Wednesday,668.8399999999999,0.29181500872600347,-11.900000000000091
26-06-2024,P101,Home,840.75,691.72,5,5,4203.75,26,810.4,Festival,Wednesday,745.1499999999996,0.17725840023788275,30.350000000000023
26-06-2024,P102,Electronics,229.9,183.18,5,1,229.9,55,220.2,Normal,Wednesday,46.72,0.2032187907785994,9.700000000000017
26-06-2024,P103,Fashion,1029.6,747.45,10,0,0.0,334,1023.67,Sale,Wednesday,0.0,,5.92999999999995
26-06-2024,P104,Home,1077.0,677.17,0,0,0.0,394,1061.02,Normal,Wednesday,0.0,,15.980000000000018
26-06-2024,P105,Home,1406.0,995.89,0,2,2812.0,42,1358.53,Normal,Wednesday,820.22,0.2916856330014225,47.47000000000003
26-06-2024,P106,Fashion,1123.0,762.32,0,4,4492.0,81,1080.0,Sale,Wednesday,1442.7199999999998,0.3211754229741763,43.0
26-06-2024,P107,Home,282.0,174.31,0,4,1128.0,177,272.38,Normal,Wednesday,430.76,0.38187943262411345,9.620000000000005
26-06-2024,P108,Fashion,946.8,821.47,10,2,1893.6,354,931.0,Normal,Wednesday,250.65999999999985,0.13237220109843678,15.799999999999955
26-06-2024,P109,Home,330.0,263.0,0,0,0.0,143,328.25,Normal,Wednesday,0.0,,1.75
26-06-2024,P110,Home,269.1,192.99,10,1,269.1,222,277.19,Normal,Wednesday,76.11000000000001,0.28283166109253066,-8.089999999999975
26-06-2024,P111,Sports,536.0,367.4,0,1,536.0,267,547.53,Festival,Wednesday,168.60000000000002,0.3145522388059702,-11.529999999999973
26-06-2024,P112,Fashion,373.0,294.37,0,3,1119.0,415,367.31,Normal,Wednesday,235.89,0.2108042895442359,5.689999999999998
26-06-2024,P113,Electronics,1188.0,857.39,0,0,0.0,164,1159.66,Normal,Wednesday,0.0,,28.339999999999918
26-06-2024,P114,Fashion,1117.0,887.71,0,1,1117.0,407,1112.58,Normal,Wednesday,229.28999999999996,0.20527305282005368,4.420000000000073
26-06-2024,P115,Sports,488.0,355.25,0,3,1464.0,51,485.59,Normal,Wednesday,398.25,0.27202868852459017,2.410000000000025
26-06-2024,P116,Sports,773.3,547.17,5,1,773.3,318,778.29,Normal,Wednesday,226.13,0.29242208715892926,-4.990000000000009
26-06-2024,P117,Sports,1096.3,808.57,5,0,0.0,385,1046.4,Normal,Wednesday,0.0,,49.899999999999864
26-06-2024,P118,Fashion,1392.0,1079.91,0,2,2784.0,73,1422.34,Sale,Wednesday,624.1799999999998,0.22420258620689648,-30.339999999999918
26-06-2024,P119,Home,627.0,427.03,5,1,627.0,145,631.6,Normal,Wednesday,199.97000000000003,0.3189314194577353,-4.600000000000023
27-06-2024,P100,Sports,660.25,515.72,5,2,1320.5,477,656.34,Festival,Thursday,289.05999999999995,0.21890193108670955,3.909999999999968
27-06-2024,P101,Sports,261.8,200.33,15,4,1047.2,418,265.49,Holiday,Thursday,245.88,0.23479755538579067,-3.6899999999999977
27-06-2024,P102,Electronics,541.5,441.89,5,0,0.0,496,546.83,Normal,Thursday,0.0,,-5.330000000000041
27-06-2024,P103,Sports,843.0,594.12,0,2,1686.0,413,861.32,Sale,Thursday,497.76,0.29523131672597863,-18.32000000000005
27-06-2024,P104,Electronics,300.6,218.76,10,5,1503.0,454,291.49,Sale,Thursday,409.20000000000005,0.2722554890219561,9.110000000000014
27-06-2024,P105,Home,1300.55,828.29,5,0,0.0,184,1328.4,Festival,Thursday,0.0,,-27.850000000000136
27-06-2024,P106,Sports,814.0,553.69,0,3,2442.0,196,815.28,Normal,Thursday,780.9299999999998,0.3197911547911547,-1.2799999999999727
27-06-2024,P107,Sports,836.0,643.45,0,2,1672.0,234,832.79,Sale,Thursday,385.0999999999999,0.23032296650717698,3.2100000000000364
27-06-2024,P108,Fashion,480.0,320.08,0,2,960.0,409,496.25,Sale,Thursday,319.84000000000003,0.3331666666666667,-16.25
27-06-2024,P109,Sports,372.0,292.65,0,6,2232.0,148,359.08,Sale,Thursday,476.10000000000014,0.2133064516129033,12.920000000000016
27-06-2024,P110,Fashion,797.0,558.94,0,0,0.0,201,759.14,Normal,Thursday,0.0,,37.860000000000014
27-06-2024,P111,Home,449.0,322.23,0,1,449.0,129,452.21,Sale,Thursday,126.76999999999998,0.2823385300668151,-3.2099999999999795
27-06-2024,P112,Electronics,419.9,318.23,5,6,2519.4,50,418.39,Festival,Thursday,610.02,0.24212907835198855,1.509999999999991
27-06-2024,P113,Sports,968.0,585.62,0,0,0.0,145,994.75,Holiday,Thursday,0.0,,-26.75
27-06-2024,P114,Sports,390.15,332.27,15,5,1950.75,277,382.83,Sale,Thursday,289.4000000000001,0.14835319748814563,7.319999999999993
27-06-2024,P115,Home,230.0,161.93,0,11,2530.0,219,222.75,Festival,Thursday,748.77,0.29595652173913045,7.25
27-06-2024,P116,Sports,608.0,373.07,0,0,0.0,368,578.09,Sale,Thursday,0.0,,29.909999999999968
27-06-2024,P117,Sports,698.0,472.87,0,0,0.0,187,698.24,Normal,Thursday,0.0,,-0.2400000000000091
27-06-2024,P118,Electronics,261.0,188.53,10,3,783.0,268,251.31,Normal,Thursday,217.40999999999997,0.2776628352490421,9.689999999999998
27-06-2024,P119,Home,1248.3,1034.9,10,1,1248.3,483,1207.83,Normal,Thursday,213.39999999999986,0.1709524953937354,40.47000000000003
28-06-2024,P100,Home,673.0,413.68,0,1,673.0,312,682.09,Holiday,Friday,259.32,0.3853194650817236,-9.090000000000032
28-06-2024,P101,Electronics,709.2,496.49,10,0,0.0,301,744.11,Festival,Friday,0.0,,-34.90999999999997
28-06-2024,P102,Electronics,1217.0,897.72,0,3,3651.0,364,1208.18,Holiday,Friday,957.8400000000001,0.2623500410846344,8.819999999999936
28-06-2024,P103,Sports,210.9,153.86,5,5,1054.5,470,218.51,Normal,Friday,285.19999999999993,0.2704599336178283,-7.609999999999985
28-06-2024,P104,Fashion,670.65,540.72,15,0,0.0,21,644.35,Normal,Friday,0.0,,26.299999999999955
28-06-2024,P105,Fashion,1093.45,758.13,5,1,1093.45,260,1134.55,Normal,Friday,335.32000000000005,0.3066623988293932,-41.09999999999991
28-06-2024,P106,Home,308.0,200.0,0,2,616.0,233,315.6,Normal,Friday,216.0,0.35064935064935066,-7.600000000000023
28-06-2024,P107,Sports,1087.2,885.51,10,0,0.0,174,1083.85,Sale,Friday,0.0,,3.3500000000001364
28-06-2024,P108,Home,893.95,565.01,5,2,1787.9,350,881.07,Normal,Friday,657.8800000000001,0.3679624140052576,12.879999999999995
28-06-2024,P109,Fashion,717.0,442.37,0,3,2151.0,230,702.59,Normal,Friday,823.8899999999999,0.38302649930264987,14.409999999999968
28-06-2024,P110,Sports,1286.1,1091.21,10,0,0.0,190,1249.54,Normal,Friday,0.0,,36.559999999999945
28-06-2024,P111,Fashion,331.0,210.91,0,4,1324.0,435,340.37,Festival,Friday,480.36,0.36280966767371603,-9.370000000000005
28-06-2024,P112,Sports,1238.4,921.13,10,3,3715.2,295,1282.84,Normal,Friday,951.81,0.2561934754521964,-44.43999999999983
28-06-2024,P113,Electronics,269.0,169.38,0,0,0.0,157,256.41,Normal,Friday,0.0,,12.589999999999975
28-06-2024,P114,Home,1161.0,892.33,0,2,2322.0,267,1130.07,Normal,Friday,537.3399999999999,0.23141257536606372,30.930000000000064
28-06-2024,P115,Sports,526.5,360.97,10,0,0.0,118,551.76,Normal,Friday,0.0,,-25.25999999999999
28-06-2024,P116,Fashion,1442.0,925.29,0,0,0.0,427,1462.31,Sale,Friday,0.0,,-20.309999999999945
28-06-2024,P117,Electronics,1405.0,943.83,0,1,1405.0,103,1432.15,Normal,Friday,461.16999999999996,0.3282348754448398,-27.15000000000009
28-06-2024,P118,Fashion,211.0,147.56,0,4,844.0,45,220.03,Normal,Friday,253.76,0.30066350710900475,-9.030000000000001
28-06-2024,P119,Sports,952.0,797.73,15,0,0.0,305,976.84,Normal,Friday,0.0,,-24.840000000000032
29-06-2024,P100,Home,1127.7,973.69,10,1,1127.7,45,1121.56,Normal,Saturday,154.01,0.13657000975436728,6.1400000000001
29-06-2024,P101,Home,819.0,623.95,0,0,0.0,485,815.83,Normal,Saturday,0.0,,3.169999999999959
29-06-2024,P102,Electronics,650.75,520.01,5,0,0.0,49,651.35,Normal,Saturday,0.0,,-0.6000000000000227
29-06-2024,P103,Electronics,596.0,382.89,0,0,0.0,361,608.31,Normal,Saturday,0.0,,-12.309999999999945
29-06-2024,P104,Electronics,1187.0,926.03,0,0,0.0,22,1138.57,Festival,Saturday,0.0,,48.430000000000064
29-06-2024,P105,Fashion,1441.0,1151.07,0,0,0.0,104,1375.66,Normal,Saturday,0.0,,65.33999999999992
29-06-2024,P106,Electronics,609.45,472.7,15,2,1218.9,256,625.76,Normal,Saturday,273.5000000000001,0.2243826400853229,-16.309999999999945
29-06-2024,P107,Fashion,1329.0,1007.68,0,0,0.0,215,1321.44,Normal,Saturday,0.0,,7.559999999999945
29-06-2024,P108,Fashion,608.0,369.99,0,2,1216.0,288,587.99,Normal,Saturday,476.02,0.39146381578947365,20.00999999999999
29-06-2024,P109,Home,1169.45,824.9,5,0,0.0,367,1124.67,Normal,Saturday,0.0,,44.77999999999997
29-06-2024,P110,Sports,1080.0,844.05,0,1,1080.0,316,1030.22,Normal,Saturday,235.95000000000005,0.21847222222222226,49.77999999999997
29-06-2024,P111,Electronics,692.0,488.07,0,1,692.0,148,657.66,Normal,Saturday,203.93,0.2946965317919075,34.34000000000003
29-06-2024,P112,Sports,1244.0,945.61,0,0,0.0,400,1243.16,Normal,Saturday,0.0,,0.8399999999999181
29-06-2024,P113,Home,567.15,421.64,5,0,0.0,398,579.08,Festival,Saturday,0.0,,-11.930000000000064
29-06-2024,P114,Electronics,487.8,354.15,10,4,1951.2,129,464.03,Normal,Saturday,534.6000000000001,0.2739852398523986,23.77000000000004
29-06-2024,P115,Electronics,916.3,822.28,15,0,0.0,148,873.2,Normal,Saturday,0.0,,43.09999999999991
29-06-2024,P116,Fashion,709.2,478.55,10,2,1418.4,368,711.22,Normal,Saturday,461.30000000000007,0.3252256063169769,-2.019999999999982
29-06-2024,P117,Sports,556.7,455.01,5,0,0.0,390,582.12,Festival,Saturday,0.0,,-25.41999999999996
29-06-2024,P118,Fashion,371.0,270.25,0,0,0.0,82,366.17,Normal,Saturday,0.0,,4.829999999999984
29-06-2024,P119,Home,1093.45,918.63,5,1,1093.45,172,1078.49,Holiday,Saturday,174.82000000000005,0.15987928117426498,14.960000000000036
30-06-2024,P100,Sports,348.0,254.84,0,1,348.0,421,344.11,Normal,Sunday,93.16,0.26770114942528733,3.8899999999999864
30-06-2024,P101,Home,921.4,854.17,15,0,0.0,319,952.72,Normal,Sunday,0.0,,-31.32000000000005
30-06-2024,P102,Sports,847.0,634.6,0,0,0.0,190,873.42,Festival,Sunday,0.0,,-26.41999999999996
30-06-2024,P103,Sports,592.8,397.56,5,4,2371.2,158,563.63,Festival,Sunday,780.9599999999998,0.32935222672064773,29.16999999999996
30-06-2024,P104,Sports,519.0,370.65,0,3,1557.0,303,542.88,Normal,Sunday,445.0500000000002,0.28583815028901743,-23.879999999999995
30-06-2024,P105,Electronics,1276.8,822.6,5,0,0.0,129,1325.22,Normal,Sunday,0.0,,-48.42000000000007
30-06-2024,P106,Sports,602.3,409.39,5,3,1806.9,97,580.03,Holiday,Sunday,578.73,0.3202888925784493,22.269999999999982
30-06-2024,P107,Electronics,554.4,427.41,10,4,2217.6,411,582.11,Normal,Sunday,507.9599999999998,0.2290584415584415,-27.710000000000036
30-06-2024,P108,Electronics,1298.0,988.04,0,1,1298.0,140,1292.24,Normal,Sunday,309.96000000000004,0.23879815100154086,5.759999999999991
30-06-2024,P109,Fashion,985.0,684.2,0,3,2955.0,222,971.35,Normal,Sunday,902.3999999999996,0.30538071065989836,13.649999999999977
30-06-2024,P110,Home,1367.0,895.17,0,0,0.0,419,1299.05,Festival,Sunday,0.0,,67.95000000000005
30-06-2024,P111,Home,243.0,185.4,0,6,1458.0,475,238.96,Sale,Sunday,345.5999999999999,0.23703703703703696,4.039999999999992
30-06-2024,P112,Fashion,310.0,220.94,0,3,930.0,403,315.86,Normal,Sunday,267.18000000000006,0.28729032258064524,-5.860000000000014
30-06-2024,P113,Fashion,1118.0,800.92,0,2,2236.0,321,1104.94,Sale,Sunday,634.1600000000001,0.283613595706619,13.059999999999945
30-06-2024,P114,Sports,1420.25,1026.77,5,4,5681.0,426,1460.38,Normal,Sunday,1573.92,0.277049815173385,-40.13000000000011
30-06-2024,P115,Fashion,328.0,215.34,0,1,328.0,481,312.07,Sale,Sunday,112.66,0.34347560975609753,15.930000000000007
30-06-2024,P116,Home,1008.0,627.51,0,1,1008.0,261,974.63,Festival,Sunday,380.49,0.3774702380952381,33.370000000000005
30-06-2024,P117,Fashion,679.25,474.34,5,0,0.0,263,676.51,Sale,Sunday,0.0,,2.740000000000009
30-06-2024,P118,Fashion,829.0,616.81,0,0,0.0,490,805.34,Holiday,Sunday,0.0,,23.659999999999968
30-06-2024,P119,Fashion,919.6,628.59,5,1,919.6,162,888.85,Festival,Sunday,291.01,0.3164528055676381,30.75
01-07-2024,P100,Sports,1415.0,905.03,0,0,0.0,153,1384.84,Sale,Monday,0.0,,30.160000000000082
01-07-2024,P101,Electronics,771.0,577.63,0,3,2313.0,47,760.28,Normal,Monday,580.1100000000001,0.25080415045395593,10.720000000000027
01-07-2024,P102,Sports,991.8,695.49,5,1,991.8,55,995.57,Holiday,Monday,296.30999999999995,0.29875983061101025,-3.7700000000000955
01-07-2024,P103,Home,1288.0,899.58,0,4,5152.0,459,1242.68,Sale,Monday,1553.6799999999998,0.30156832298136643,45.319999999999936
01-07-2024,P104,Electronics,551.0,461.71,5,0,0.0,416,575.15,Normal,Monday,0.0,,-24.149999999999977
01-07-2024,P105,Fashion,980.0,737.05,0,4,3920.0,369,999.87,Sale,Monday,971.8000000000002,0.24790816326530618,-19.870000000000005
01-07-2024,P106,Home,700.0,533.75,0,0,0.0,361,725.04,Normal,Monday,0.0,,-25.039999999999964
01-07-2024,P107,Fashion,1068.45,785.63,15,2,2136.9,67,1063.6,Normal,Monday,565.6400000000001,0.2647012026767748,4.850000000000136
01-07-2024,P108,Electronics,1059.25,691.4,5,0,0.0,195,1034.45,Normal,Monday,0.0,,24.799999999999955
01-07-2024,P109,Home,602.0,449.06,0,2,1204.0,342,628.36,Holiday,Monday,305.88,0.2540531561461794,-26.360000000000014
01-07-2024,P110,Home,581.4,540.05,15,0,0.0,114,607.06,Normal,Monday,0.0,,-25.659999999999968
01-07-2024,P111,Electronics,955.0,630.37,0,2,1910.0,375,944.23,Festival,Monday,649.26,0.3399267015706806,10.769999999999982
01-07-2024,P112,Sports,1373.0,949.13,0,0,0.0,130,1390.34,Normal,Monday,0.0,,-17.339999999999918
01-07-2024,P113,Fashion,1354.0,908.72,0,0,0.0,146,1402.3,Festival,Monday,0.0,,-48.299999999999955
01-07-2024,P114,Fashion,212.5,166.64,15,5,1062.5,268,213.4,Festival,Monday,229.30000000000007,0.21581176470588243,-0.9000000000000057
01-07-2024,P115,Sports,921.0,653.7,0,0,0.0,24,924.71,Sale,Monday,0.0,,-3.7100000000000364
01-07-2024,P116,Electronics,1186.6,1064.07,15,3,3559.8,138,1200.22,Sale,Monday,367.59000000000015,0.1032614191808529,-13.620000000000118
01-07-2024,P117,Sports,552.6,473.81,10,3,1657.8,186,530.86,Normal,Monday,236.3699999999999,0.14258052841114724,21.74000000000001
01-07-2024,P118,Fashion,613.0,374.71,0,1,613.0,200,607.4,Normal,Monday,238.29000000000002,0.38872756933115826,5.600000000000023
01-07-2024,P119,Fashion,1147.6,818.76,5,0,0.0,257,1139.3,Sale,Monday,0.0,,8.299999999999955
02-07-2024,P100,Fashion,338.0,210.46,0,4,1352.0,112,327.03,Normal,Tuesday,510.15999999999997,0.37733727810650886,10.970000000000027
02-07-2024,P101,Electronics,573.3,389.18,10,3,1719.9,399,580.53,Sale,Tuesday,552.3600000000001,0.32115820687249264,-7.230000000000018
02-07-2024,P102,Home,569.0,416.28,0,0,0.0,172,597.43,Normal,Tuesday,0.0,,-28.42999999999995
02-07-2024,P103,Home,974.7,731.1,5,1,974.7,73,982.2,Sale,Tuesday,243.60000000000002,0.24992305324715297,-7.5
02-07-2024,P104,Home,503.2,440.31,15,2,1006.4,105,510.38,Festival,Tuesday,125.77999999999997,0.12498012718600951,-7.180000000000007
02-07-2024,P105,Fashion,741.0,559.29,0,0,0.0,204,762.47,Festival,Tuesday,0.0,,-21.470000000000027
02-07-2024,P106,Electronics,1098.2,899.83,15,1,1098.2,290,1099.28,Holiday,Tuesday,198.37,0.18063194317974868,-1.0799999999999272
02-07-2024,P107,Sports,729.6,569.63,5,0,0.0,297,746.09,Normal,Tuesday,0.0,,-16.49000000000001
02-07-2024,P108,Fashion,1381.0,971.76,0,1,1381.0,338,1329.81,Normal,Tuesday,409.24,0.2963359884141926,51.190000000000055
02-07-2024,P109,Sports,1115.0,831.85,0,0,0.0,495,1126.86,Normal,Tuesday,0.0,,-11.8599999999999
02-07-2024,P110,Fashion,204.25,158.0,5,7,1429.75,263,196.11,Normal,Tuesday,323.75,0.22643818849449204,8.139999999999986
02-07-2024,P111,Sports,548.25,420.66,15,2,1096.5,360,571.83,Normal,Tuesday,255.17999999999995,0.2327222982216142,-23.58000000000004
02-07-2024,P112,Fashion,991.0,778.72,0,2,1982.0,88,1032.75,Festival,Tuesday,424.55999999999995,0.2142078708375378,-41.75
02-07-2024,P113,Electronics,1417.0,860.01,0,5,7085.0,44,1465.03,Sale,Tuesday,2784.95,0.39307692307692305,-48.02999999999997
02-07-2024,P114,Sports,1042.2,859.31,10,2,2084.4,410,1009.47,Sale,Tuesday,365.7800000000002,0.17548455190942247,32.73000000000002
02-07-2024,P115,Sports,209.0,157.45,5,3,627.0,226,210.34,Normal,Tuesday,154.65000000000003,0.24665071770334934,-1.3400000000000034
02-07-2024,P116,Home,1361.35,895.43,5,0,0.0,323,1300.31,Sale,Tuesday,0.0,,61.039999999999964
02-07-2024,P117,Electronics,827.45,645.31,5,0,0.0,323,808.43,Sale,Tuesday,0.0,,19.020000000000095
02-07-2024,P118,Fashion,1308.15,885.2,5,3,3924.45,125,1339.34,Holiday,Tuesday,1268.8499999999995,0.32331919122424785,-31.189999999999827
02-07-2024,P119,Home,721.8,632.68,10,1,721.8,297,738.46,Normal,Tuesday,89.12,0.1234691050152397,-16.660000000000082
03-07-2024,P100,Home,738.0,633.09,10,2,1476.0,255,727.19,Holiday,Wednesday,209.81999999999994,0.14215447154471542,10.809999999999945
03-07-2024,P101,Home,1358.0,900.09,0,0,0.0,234,1322.93,Normal,Wednesday,0.0,,35.069999999999936
03-07-2024,P102,Sports,1248.3,909.24,10,1,1248.3,196,1237.28,Normal,Wednesday,339.05999999999995,0.27161739966354237,11.019999999999982
03-07-2024,P103,Sports,1178.1,1095.87,15,1,1178.1,457,1133.07,Sale,Wednesday,82.23000000000002,0.06979882862235806,45.02999999999997
03-07-2024,P104,Home,243.0,170.48,0,3,729.0,266,232.66,Normal,Wednesday,217.56000000000006,0.2984362139917696,10.340000000000003
03-07-2024,P105,Electronics,791.1,656.97,10,2,1582.2,485,829.08,Normal,Wednesday,268.26,0.169548729616989,-37.98000000000002
03-07-2024,P106,Fashion,1453.0,990.32,0,0,0.0,481,1398.77,Normal,Wednesday,0.0,,54.23000000000002
03-07-2024,P107,Fashion,792.0,586.97,0,2,1584.0,432,787.54,Normal,Wednesday,410.05999999999995,0.25887626262626257,4.460000000000036
03-07-2024,P108,Home,296.0,223.43,0,5,1480.0,215,281.45,Normal,Wednesday,362.8499999999999,0.24516891891891887,14.550000000000011
03-07-2024,P109,Home,1055.7,741.48,10,2,2111.4,274,1054.27,Normal,Wednesday,628.44,0.29764137539073604,1.4300000000000637
03-07-2024,P110,Fashion,867.6,668.13,10,1,867.6,113,833.02,Festival,Wednesday,199.47000000000003,0.22991009681881053,34.58000000000004
03-07-2024,P111,Fashion,785.0,574.25,0,0,0.0,461,776.67,Sale,Wednesday,0.0,,8.330000000000041
03-07-2024,P112,Home,437.0,292.8,0,2,874.0,474,425.14,Normal,Wednesday,288.4,0.32997711670480545,11.860000000000014
03-07-2024,P113,Sports,637.45,501.88,5,6,3824.7,449,612.32,Normal,Wednesday,813.4200000000001,0.21267550396109502,25.129999999999995
03-07-2024,P114,Fashion,670.0,501.51,0,5,3350.0,233,654.92,Sale,Wednesday,842.4499999999998,0.25147761194029844,15.080000000000041
03-07-2024,P115,Fashion,787.1,629.74,15,2,1574.2,408,817.41,Sale,Wednesday,314.72,0.19992377080421803,-30.309999999999945
03-07-2024,P116,Fashion,786.0,479.35,0,0,0.0,130,760.38,Normal,Wednesday,0.0,,25.620000000000005
03-07-2024,P117,Home,1137.0,755.32,0,2,2274.0,185,1172.2,Normal,Wednesday,763.3599999999999,0.3356904133685136,-35.200000000000045
03-07-2024,P118,Electronics,1234.0,912.05,0,4,4936.0,27,1235.28,Normal,Wednesday,1287.8000000000002,0.26089951377633713,-1.2799999999999727
03-07-2024,P119,Fashion,414.0,302.72,10,4,1656.0,179,397.49,Normal,Wednesday,445.1199999999999,0.2687922705314009,16.50999999999999
04-07-2024,P100,Fashion,573.3,391.71,10,3,1719.9,176,567.83,Normal,Thursday,544.7700000000002,0.31674515960230254,5.469999999999914
04-07-2024,P101,Home,358.2,275.52,10,1,358.2,386,363.35,Festival,Thursday,82.68,0.230820770519263,-5.150000000000034
04-07-2024,P102,Home,203.0,140.71,0,5,1015.0,472,202.33,Holiday,Thursday,311.44999999999993,0.306847290640394,0.6699999999999875
04-07-2024,P103,Home,250.2,198.42,10,5,1251.0,230,259.59,Festival,Thursday,258.9000000000001,0.2069544364508394,-9.389999999999986
04-07-2024,P104,Fashion,383.8,256.3,5,1,383.8,356,377.46,Normal,Thursday,127.5,0.33220427305888484,6.340000000000032
04-07-2024,P105,Home,986.4,865.82,10,0,0.0,186,974.01,Normal,Thursday,0.0,,12.389999999999986
04-07-2024,P106,Fashion,719.0,468.09,0,1,719.0,307,732.25,Normal,Thursday,250.91000000000003,0.348970792767733,-13.25
04-07-2024,P107,Sports,924.0,613.6,0,4,3696.0,199,936.16,Festival,Thursday,1241.6,0.3359307359307359,-12.159999999999968
04-07-2024,P108,Fashion,674.05,529.55,15,2,1348.1,254,650.16,Sale,Thursday,289.0,0.21437578814627997,23.889999999999986
04-07-2024,P109,Electronics,355.5,249.88,10,6,2133.0,448,358.42,Normal,Thursday,633.72,0.2971026722925457,-2.920000000000016
04-07-2024,P110,Electronics,341.7,278.31,15,5,1708.5,387,341.85,Sale,Thursday,316.95000000000005,0.18551360842844603,-0.1500000000000341
04-07-2024,P111,Home,1229.3,792.91,5,1,1229.3,54,1175.28,Sale,Thursday,436.39,0.35499064508256734,54.01999999999998
04-07-2024,P112,Home,1085.0,814.96,0,0,0.0,226,1037.76,Normal,Thursday,0.0,,47.24000000000001
04-07-2024,P113,Fashion,1241.0,883.89,0,3,3723.0,121,1228.73,Normal,Thursday,1071.33,0.28775987107171636,12.269999999999982
04-07-2024,P114,Electronics,742.05,678.02,15,3,2226.15,311,766.58,Festival,Thursday,192.09000000000015,0.08628798598477198,-24.530000000000086
04-07-2024,P115,Fashion,953.7,833.62,15,3,2861.1,104,961.15,Normal,Thursday,360.2399999999998,0.1259096151829715,-7.449999999999932
04-07-2024,P116,Sports,383.0,244.14,0,7,2681.0,283,365.77,Festival,Thursday,972.02,0.3625587467362924,17.230000000000018
04-07-2024,P117,Electronics,1208.0,846.33,0,2,2416.0,158,1192.17,Normal,Thursday,723.3399999999999,0.2993956953642384,15.829999999999927
04-07-2024,P118,Electronics,1057.0,707.97,0,6,6342.0,274,1083.35,Normal,Thursday,2094.1800000000003,0.33020813623462636,-26.34999999999991
04-07-2024,P119,Sports,507.6,413.74,10,0,0.0,467,530.55,Holiday,Thursday,0.0,,-22.949999999999932
05-07-2024,P100,Fashion,1218.9,938.59,15,0,0.0,171,1268.13,Normal,Friday,0.0,,-49.23000000000002
05-07-2024,P101,Electronics,749.7,507.81,10,0,0.0,327,776.25,Normal,Friday,0.0,,-26.549999999999955
05-07-2024,P102,Home,979.0,644.83,0,0,0.0,229,1012.18,Normal,Friday,0.0,,-33.17999999999995
05-07-2024,P103,Sports,396.0,285.16,10,4,1584.0,134,414.15,Holiday,Friday,443.3599999999999,0.2798989898989898,-18.149999999999977
05-07-2024,P104,Sports,336.6,296.34,10,0,0.0,472,348.39,Normal,Friday,0.0,,-11.789999999999964
05-07-2024,P105,Home,972.0,656.63,0,2,1944.0,39,953.1,Festival,Friday,630.74,0.32445473251028806,18.899999999999977
05-07-2024,P106,Fashion,679.5,467.47,10,5,3397.5,78,657.41,Normal,Friday,1060.1499999999996,0.3120382634289918,22.090000000000032
05-07-2024,P107,Home,355.5,274.77,10,2,711.0,66,350.26,Sale,Friday,161.46000000000004,0.22708860759493676,5.240000000000009
05-07-2024,P108,Electronics,860.4,673.32,10,0,0.0,208,894.49,Sale,Friday,0.0,,-34.09000000000003
05-07-2024,P109,Sports,1252.0,909.63,0,2,2504.0,495,1196.89,Normal,Friday,684.74,0.2734584664536741,55.1099999999999
05-07-2024,P110,Sports,667.0,438.61,0,5,3335.0,147,671.64,Festival,Friday,1141.9499999999998,0.3424137931034482,-4.639999999999986
05-07-2024,P111,Fashion,286.0,183.95,0,1,286.0,42,272.32,Normal,Friday,102.05000000000001,0.35681818181818187,13.680000000000007
05-07-2024,P112,Electronics,424.8,377.52,10,1,424.8,459,406.05,Sale,Friday,47.28000000000003,0.11129943502824866,18.75
05-07-2024,P113,Sports,505.0,352.52,0,3,1515.0,314,504.12,Sale,Friday,457.44000000000005,0.301940594059406,0.8799999999999955
05-07-2024,P114,Fashion,879.3,758.49,10,0,0.0,302,860.75,Normal,Friday,0.0,,18.549999999999955
05-07-2024,P115,Fashion,700.15,569.42,5,2,1400.3,227,705.33,Holiday,Friday,261.46000000000004,0.18671713204313364,-5.180000000000064
05-07-2024,P116,Sports,859.0,658.4,0,0,0.0,237,841.66,Normal,Friday,0.0,,17.340000000000032
05-07-2024,P117,Fashion,471.0,307.11,0,0,0.0,435,469.23,Normal,Friday,0.0,,1.7699999999999818
05-07-2024,P118,Fashion,1366.0,1048.09,0,3,4098.0,392,1308.1,Festival,Friday,953.7300000000005,0.23273060029282588,57.90000000000009
05-07-2024,P119,Electronics,940.0,669.35,0,0,0.0,343,907.55,Normal,Friday,0.0,,32.450000000000045
06-07-2024,P100,Electronics,1256.85,841.3,5,0,0.0,82,1309.36,Normal,Saturday,0.0,,-52.50999999999999
06-07-2024,P101,Fashion,383.0,230.65,0,0,0.0,159,377.77,Normal,Saturday,0.0,,5.230000000000018
06-07-2024,P102,Sports,1002.15,813.42,15,3,3006.45,180,980.12,Normal,Saturday,566.19,0.18832510103277955,22.029999999999973
06-07-2024,P103,Fashion,584.8,418.81,15,0,0.0,72,570.42,Festival,Saturday,0.0,,14.379999999999995
06-07-2024,P104,Electronics,1230.25,1011.6,5,0,0.0,21,1289.5,Normal,Saturday,0.0,,-59.25
06-07-2024,P105,Electronics,185.4,157.17,10,8,1483.2,405,176.39,Festival,Saturday,225.84000000000015,0.1522653721682849,9.01000000000002
06-07-2024,P106,Home,1026.0,725.23,0,1,1026.0,201,979.94,Normal,Saturday,300.77,0.29314814814814816,46.059999999999945
06-07-2024,P107,Electronics,1215.0,896.02,0,0,0.0,321,1234.3,Normal,Saturday,0.0,,-19.299999999999955
06-07-2024,P108,Fashion,327.0,254.7,0,2,654.0,275,314.41,Normal,Saturday,144.60000000000002,0.2211009174311927,12.589999999999975
06-07-2024,P109,Sports,326.7,258.4,10,1,326.7,320,332.81,Sale,Saturday,68.30000000000001,0.20906029996939093,-6.110000000000014
06-07-2024,P110,Electronics,1146.0,808.14,0,0,0.0,455,1171.04,Normal,Saturday,0.0,,-25.039999999999964
06-07-2024,P111,Electronics,1251.0,873.44,0,0,0.0,391,1200.07,Normal,Saturday,0.0,,50.930000000000064
06-07-2024,P112,Electronics,351.05,265.08,15,8,2808.4,199,356.92,Holiday,Saturday,687.7600000000002,0.24489388975929363,-5.8700000000000045
06-07-2024,P113,Home,825.3,700.79,10,0,0.0,264,833.44,Sale,Saturday,0.0,,-8.1400000000001
06-07-2024,P114,Electronics,510.15,346.96,5,0,0.0,92,514.06,Normal,Saturday,0.0,,-3.909999999999968
06-07-2024,P115,Home,207.9,171.85,10,4,831.6,385,202.02,Normal,Saturday,144.20000000000005,0.17340067340067344,5.8799999999999955
06-07-2024,P116,Home,601.2,529.46,10,4,2404.8,404,613.27,Festival,Saturday,286.96000000000004,0.11932801064537592,-12.069999999999936
06-07-2024,P117,Sports,333.0,268.15,10,2,666.0,92,316.7,Holiday,Saturday,129.70000000000005,0.19474474474474482,16.30000000000001
06-07-2024,P118,Sports,213.0,145.08,0,2,426.0,76,215.1,Normal,Saturday,135.83999999999997,0.31887323943661966,-2.0999999999999943
06-07-2024,P119,Home,242.25,191.87,15,6,1453.5,410,242.97,Festival,Saturday,302.28,0.20796697626418986,-0.7199999999999989
07-07-2024,P100,Fashion,1103.9,731.91,5,0,0.0,379,1129.15,Normal,Sunday,0.0,,-25.25
07-07-2024,P101,Home,250.0,178.94,0,1,250.0,316,250.99,Normal,Sunday,71.06,0.28424,-0.9900000000000091
07-07-2024,P102,Home,1421.2,947.63,5,0,0.0,65,1457.7,Normal,Sunday,0.0,,-36.5
07-07-2024,P103,Sports,465.3,356.54,10,2,930.6,315,461.73,Normal,Sunday,217.51999999999998,0.23374167203954435,3.569999999999993
07-07-2024,P104,Fashion,565.2,445.32,10,1,565.2,292,556.21,Sale,Sunday,119.88000000000005,0.21210191082802554,8.990000000000009
07-07-2024,P105,Electronics,702.0,530.07,0,3,2106.0,248,672.26,Normal,Sunday,515.79,0.2449145299145299,29.74000000000001
07-07-2024,P106,Sports,1027.0,707.74,0,0,0.0,312,980.84,Normal,Sunday,0.0,,46.15999999999997
07-07-2024,P107,Sports,305.0,187.69,0,6,1830.0,138,311.31,Normal,Sunday,703.8600000000001,0.3846229508196722,-6.310000000000002
07-07-2024,P108,Home,479.75,341.0,5,1,479.75,112,463.81,Normal,Sunday,138.75,0.28921313183949976,15.939999999999998
07-07-2024,P109,Sports,698.0,446.65,0,2,1396.0,391,707.66,Festival,Sunday,502.70000000000005,0.36010028653295134,-9.659999999999968
07-07-2024,P110,Home,547.0,400.79,0,2,1094.0,444,556.81,Normal,Sunday,292.41999999999996,0.26729433272394876,-9.809999999999945
07-07-2024,P111,Electronics,843.3,655.28,10,1,843.3,338,867.15,Festival,Sunday,188.01999999999998,0.2229574291473971,-23.850000000000023
07-07-2024,P112,Sports,1281.0,985.04,0,1,1281.0,389,1242.69,Normal,Sunday,295.96000000000004,0.23103825136612025,38.309999999999945
07-07-2024,P113,Fashion,701.1,585.95,10,1,701.1,70,716.98,Holiday,Sunday,115.14999999999998,0.16424190557695048,-15.879999999999995
07-07-2024,P114,Home,309.6,207.23,10,9,2786.4,45,316.17,Festival,Sunday,921.3300000000002,0.3306524547803618,-6.569999999999993
07-07-2024,P115,Sports,565.25,446.81,5,5,2826.25,143,582.85,Festival,Sunday,592.1999999999998,0.20953560371517022,-17.600000000000023
07-07-2024,P116,Electronics,1047.2,873.89,15,0,0.0,432,1046.8,Normal,Sunday,0.0,,0.40000000000009095
07-07-2024,P117,Sports,413.1,359.28,10,3,1239.3,299,407.59,Sale,Sunday,161.46000000000004,0.1302832244008715,5.510000000000048
07-07-2024,P118,Electronics,567.9,482.89,10,3,1703.7,122,579.34,Normal,Sunday,255.02999999999997,0.14969184715618944,-11.440000000000055
07-07-2024,P119,Home,606.0,366.07,0,5,3030.0,269,611.12,Festival,Sunday,1199.65,0.395924092409241,-5.1200000000000045
08-07-2024,P100,Electronics,972.8,709.01,5,3,2918.4,255,954.47,Sale,Monday,791.3700000000003,0.2711657072368422,18.329999999999927
08-07-2024,P101,Sports,512.05,390.52,5,5,2560.25,420,532.46,Sale,Monday,607.6500000000001,0.23734010350551707,-20.410000000000082
08-07-2024,P102,Sports,472.0,286.95,0,2,944.0,325,475.98,Festival,Monday,370.1,0.3920550847457627,-3.980000000000018
08-07-2024,P103,Fashion,437.0,268.72,0,0,0.0,277,440.19,Normal,Monday,0.0,,-3.1899999999999977
08-07-2024,P104,Home,1425.0,958.57,0,1,1425.0,480,1453.51,Normal,Monday,466.42999999999995,0.327319298245614,-28.50999999999999
08-07-2024,P105,Sports,1074.0,674.3,0,3,3222.0,470,1047.38,Holiday,Monday,1199.1000000000001,0.37216014897579147,26.61999999999989
08-07-2024,P106,Sports,698.0,541.82,0,0,0.0,472,668.6,Holiday,Monday,0.0,,29.399999999999977
08-07-2024,P107,Electronics,1181.5,854.01,15,0,0.0,222,1171.8,Festival,Monday,0.0,,9.700000000000045
08-07-2024,P108,Fashion,1028.7,860.68,10,4,4114.8,225,1063.16,Normal,Monday,672.0800000000004,0.1633323612326238,-34.460000000000036
08-07-2024,P109,Electronics,1475.0,1161.93,0,1,1475.0,485,1411.02,Normal,Monday,313.06999999999994,0.21225084745762707,63.98000000000002
08-07-2024,P110,Fashion,900.15,834.39,15,1,900.15,379,884.15,Normal,Monday,65.75999999999999,0.0730544909181803,16.0
08-07-2024,P111,Sports,954.0,778.6,10,0,0.0,117,925.62,Normal,Monday,0.0,,28.379999999999995
08-07-2024,P112,Fashion,1376.55,1090.08,5,0,0.0,309,1338.28,Normal,Monday,0.0,,38.26999999999998
08-07-2024,P113,Fashion,1424.05,906.36,5,1,1424.05,63,1384.8,Normal,Monday,517.6899999999999,0.3635335837927039,39.25
08-07-2024,P114,Home,730.0,482.87,0,0,0.0,358,737.36,Normal,Monday,0.0,,-7.360000000000014
08-07-2024,P115,Electronics,1261.0,830.57,0,2,2522.0,156,1251.58,Normal,Monday,860.8599999999999,0.341340206185567,9.420000000000073
08-07-2024,P116,Sports,1322.1,1149.69,10,0,0.0,414,1386.06,Normal,Monday,0.0,,-63.960000000000036
08-07-2024,P117,Home,1141.2,889.92,10,1,1141.2,154,1182.12,Normal,Monday,251.2800000000001,0.22018927444794958,-40.919999999999845
08-07-2024,P118,Fashion,1343.0,904.74,0,3,4029.0,458,1337.8,Sale,Monday,1314.7799999999997,0.32632911392405056,5.2000000000000455
08-07-2024,P119,Electronics,475.0,379.57,0,4,1900.0,263,458.71,Festival,Monday,381.72,0.20090526315789475,16.29000000000002
09-07-2024,P100,Electronics,419.05,373.84,15,3,1257.15,65,431.18,Sale,Tuesday,135.6300000000001,0.1078868870063239,-12.129999999999995
09-07-2024,P101,Electronics,1232.1,866.03,10,0,0.0,376,1225.33,Normal,Tuesday,0.0,,6.769999999999982
09-07-2024,P102,Home,578.0,392.27,0,3,1734.0,238,585.4,Festival,Tuesday,557.19,0.3213321799307959,-7.399999999999977
09-07-2024,P103,Electronics,940.0,734.08,0,4,3760.0,279,917.59,Holiday,Tuesday,823.6799999999998,0.219063829787234,22.409999999999968
09-07-2024,P104,Fashion,910.8,675.27,10,1,910.8,174,879.18,Festival,Tuesday,235.52999999999997,0.25859683794466404,31.620000000000005
09-07-2024,P105,Electronics,417.05,308.01,5,6,2502.3,279,435.79,Normal,Tuesday,654.2400000000002,0.2614554609759022,-18.74000000000001
09-07-2024,P106,Home,1130.0,748.34,0,1,1130.0,314,1151.81,Normal,Tuesday,381.65999999999997,0.3377522123893805,-21.809999999999945
09-07-2024,P107,Fashion,441.0,345.25,0,3,1323.0,404,444.33,Festival,Tuesday,287.25,0.2171201814058957,-3.329999999999984
09-07-2024,P108,Electronics,1269.0,927.22,0,0,0.0,394,1256.41,Sale,Tuesday,0.0,,12.589999999999918
09-07-2024,P109,Home,1487.0,1051.97,0,0,0.0,188,1448.06,Normal,Tuesday,0.0,,38.940000000000055
09-07-2024,P110,Sports,496.8,336.57,10,4,1987.2,85,519.41,Normal,Tuesday,640.9200000000001,0.322524154589372,-22.609999999999957
09-07-2024,P111,Sports,413.0,296.1,0,0,0.0,416,413.36,Normal,Tuesday,0.0,,-0.36000000000001364
09-07-2024,P112,Home,871.0,626.19,0,0,0.0,55,899.9,Normal,Tuesday,0.0,,-28.899999999999977
09-07-2024,P113,Electronics,550.0,418.66,0,5,2750.0,440,552.34,Sale,Tuesday,656.6999999999998,0.23879999999999993,-2.340000000000032
09-07-2024,P114,Electronics,1260.9,1079.55,10,1,1260.9,271,1246.88,Normal,Tuesday,181.35000000000014,0.1438258386866525,14.019999999999982
09-07-2024,P115,Sports,269.1,191.39,10,3,807.3,328,282.55,Festival,Tuesday,233.13,0.2887774061687105,-13.449999999999989
09-07-2024,P116,Home,897.0,637.15,0,0,0.0,215,915.46,Normal,Tuesday,0.0,,-18.460000000000036
09-07-2024,P117,Sports,513.0,429.78,10,3,1539.0,213,521.06,Sale,Tuesday,249.66000000000008,0.16222222222222227,-8.059999999999945
09-07-2024,P118,Fashion,1206.5,888.13,5,0,0.0,139,1261.22,Normal,Tuesday,0.0,,-54.72000000000003
09-07-2024,P119,Sports,924.0,706.0,0,2,1848.0,446,938.56,Normal,Tuesday,436.0,0.23593073593073594,-14.559999999999945
10-07-2024,P100,Sports,1099.15,750.37,5,0,0.0,90,1067.84,Normal,Wednesday,0.0,,31.310000000000173
10-07-2024,P101,Electronics,980.0,653.61,0,2,1960.0,406,994.64,Festival,Wednesday,652.78,0.33305102040816326,-14.639999999999986
10-07-2024,P102,Home,1024.0,755.2,0,4,4096.0,42,984.04,Sale,Wednesday,1075.1999999999998,0.26249999999999996,39.960000000000036
10-07-2024,P103,Fashion,357.0,232.9,0,3,1071.0,140,344.56,Sale,Wednesday,372.29999999999995,0.34761904761904755,12.439999999999998
10-07-2024,P104,Home,1408.85,960.96,5,2,2817.7,45,1441.25,Normal,Wednesday,895.7799999999997,0.3179117720126344,-32.40000000000009
10-07-2024,P105,Electronics,1218.05,978.45,15,2,2436.1,59,1180.97,Holiday,Wednesday,479.1999999999998,0.1967078527154057,37.07999999999993
10-07-2024,P106,Fashion,866.0,624.59,0,0,0.0,242,899.94,Normal,Wednesday,0.0,,-33.940000000000055
10-07-2024,P107,Sports,1035.9,822.54,10,0,0.0,359,991.93,Normal,Wednesday,0.0,,43.97000000000014
10-07-2024,P108,Electronics,1184.0,910.04,0,0,0.0,237,1127.77,Festival,Wednesday,0.0,,56.23000000000002
10-07-2024,P109,Electronics,447.0,344.66,0,1,447.0,368,440.56,Normal,Wednesday,102.33999999999997,0.22894854586129748,6.439999999999998
10-07-2024,P110,Fashion,541.8,368.77,10,3,1625.4,201,556.97,Festival,Wednesday,519.0900000000001,0.3193613879660392,-15.170000000000073
10-07-2024,P111,Sports,1034.55,746.54,5,0,0.0,497,1019.64,Normal,Wednesday,0.0,,14.909999999999968
10-07-2024,P112,Fashion,388.0,308.44,0,3,1164.0,398,404.41,Sale,Wednesday,238.68000000000006,0.20505154639175263,-16.410000000000025
10-07-2024,P113,Home,1307.0,813.13,0,0,0.0,350,1251.86,Normal,Wednesday,0.0,,55.1400000000001
10-07-2024,P114,Fashion,734.0,540.26,0,3,2202.0,104,737.68,Festival,Wednesday,581.22,0.26395095367847415,-3.67999999999995
10-07-2024,P115,Fashion,225.9,155.7,10,2,451.8,444,223.24,Normal,Wednesday,140.40000000000003,0.31075697211155384,2.6599999999999966
10-07-2024,P116,Sports,905.4,715.39,10,0,0.0,27,871.54,Normal,Wednesday,0.0,,33.860000000000014
10-07-2024,P117,Fashion,1303.0,931.73,0,4,5212.0,301,1309.19,Normal,Wednesday,1485.08,0.28493476592478895,-6.190000000000055
10-07-2024,P118,Electronics,936.0,756.62,10,4,3744.0,228,902.22,Sale,Wednesday,717.52,0.19164529914529915,33.77999999999997
10-07-2024,P119,Fashion,439.2,326.44,10,0,0.0,47,438.2,Normal,Wednesday,0.0,,1.0
11-07-2024,P100,Electronics,829.35,563.87,5,4,3317.4,230,799.13,Normal,Thursday,1061.92,0.3201061071923796,30.220000000000027
11-07-2024,P101,Fashion,1117.0,841.37,0,2,2234.0,42,1151.09,Sale,Thursday,551.26,0.2467591763652641,-34.08999999999992
11-07-2024,P102,Sports,470.0,357.11,0,3,1410.0,277,478.9,Festival,Thursday,338.6700000000001,0.24019148936170218,-8.899999999999977
11-07-2024,P103,Electronics,917.15,693.47,15,2,1834.3,63,935.27,Normal,Thursday,447.3599999999999,0.24388595104399494,-18.120000000000005
11-07-2024,P104,Fashion,1464.0,958.91,0,0,0.0,114,1504.17,Sale,Thursday,0.0,,-40.17000000000007
11-07-2024,P105,Fashion,1250.0,926.21,0,0,0.0,114,1238.09,Normal,Thursday,0.0,,11.910000000000082
11-07-2024,P106,Sports,1348.2,1177.46,10,1,1348.2,339,1392.5,Sale,Thursday,170.74,0.12664293131582852,-44.299999999999955
11-07-2024,P107,Electronics,1183.7,841.09,5,2,2367.4,386,1211.13,Normal,Thursday,685.22,0.2894398918644927,-27.430000000000064
11-07-2024,P108,Fashion,1036.0,641.7,0,0,0.0,235,1034.72,Normal,Thursday,0.0,,1.2799999999999727
11-07-2024,P109,Electronics,634.5,522.75,10,2,1269.0,106,616.47,Normal,Thursday,223.5,0.17612293144208038,18.029999999999973
11-07-2024,P110,Sports,1102.0,886.6,5,1,1102.0,266,1133.53,Festival,Thursday,215.39999999999998,0.1954627949183303,-31.529999999999973
11-07-2024,P111,Electronics,1197.95,996.1,5,0,0.0,226,1146.71,Sale,Thursday,0.0,,51.24000000000001
11-07-2024,P112,Electronics,1277.75,856.49,5,0,0.0,398,1277.24,Festival,Thursday,0.0,,0.5099999999999909
11-07-2024,P113,Fashion,1431.0,950.11,0,2,2862.0,366,1407.93,Normal,Thursday,961.78,0.33605171208944795,23.069999999999936
11-07-2024,P114,Sports,792.0,490.72,0,5,3960.0,262,819.81,Normal,Thursday,1506.3999999999996,0.3804040404040403,-27.809999999999945
11-07-2024,P115,Sports,765.85,566.01,15,0,0.0,170,754.05,Sale,Thursday,0.0,,11.800000000000068
11-07-2024,P116,Fashion,294.3,204.27,10,5,1471.5,48,303.7,Normal,Thursday,450.15,0.3059123343527013,-9.399999999999977
11-07-2024,P117,Fashion,1483.0,1095.49,0,0,0.0,245,1487.22,Festival,Thursday,0.0,,-4.220000000000027
11-07-2024,P118,Sports,917.1,621.05,10,0,0.0,402,886.89,Festival,Thursday,0.0,,30.210000000000036
11-07-2024,P119,Fashion,1284.0,842.52,0,1,1284.0,457,1298.7,Normal,Thursday,441.48,0.3438317757009346,-14.700000000000045
12-07-2024,P100,Sports,424.0,300.88,0,3,1272.0,98,425.02,Normal,Friday,369.36,0.29037735849056606,-1.0199999999999818
12-07-2024,P101,Home,1323.9,1118.57,10,0,0.0,207,1278.71,Normal,Friday,0.0,,45.190000000000055
12-07-2024,P102,Electronics,1152.0,821.04,10,0,0.0,65,1142.9,Normal,Friday,0.0,,9.099999999999909
12-07-2024,P103,Home,325.0,196.31,0,2,650.0,104,314.12,Normal,Friday,257.38,0.39596923076923074,10.879999999999995
12-07-2024,P104,Home,1492.0,1030.96,0,4,5968.0,332,1531.31,Normal,Friday,1844.1599999999999,0.3090080428954423,-39.309999999999945
12-07-2024,P105,Home,865.0,661.41,0,0,0.0,382,880.34,Holiday,Friday,0.0,,-15.340000000000032
12-07-2024,P106,Electronics,935.0,598.91,0,1,935.0,202,897.53,Normal,Friday,336.09000000000003,0.35945454545454547,37.47000000000003
12-07-2024,P107,Fashion,294.5,190.32,5,6,1767.0,202,283.21,Normal,Friday,625.0799999999999,0.35375212224108654,11.29000000000002
12-07-2024,P108,Fashion,1095.0,829.32,0,2,2190.0,116,1064.63,Normal,Friday,531.3599999999999,0.24263013698630131,30.36999999999989
12-07-2024,P109,Electronics,781.0,577.72,0,2,1562.0,271,766.68,Festival,Friday,406.55999999999995,0.260281690140845,14.32000000000005
12-07-2024,P110,Sports,1242.7,1082.47,15,0,0.0,419,1270.59,Normal,Friday,0.0,,-27.889999999999873
12-07-2024,P111,Electronics,234.9,182.74,10,6,1409.4,466,243.06,Normal,Friday,312.96000000000004,0.22205193699446574,-8.159999999999997
12-07-2024,P112,Fashion,862.75,804.55,15,0,0.0,109,877.14,Normal,Friday,0.0,,-14.389999999999986
12-07-2024,P113,Fashion,1279.65,828.26,5,2,2559.3,76,1328.88,Normal,Friday,902.7800000000002,0.3527448911811824,-49.23000000000002
12-07-2024,P114,Sports,517.0,403.6,0,2,1034.0,395,541.76,Normal,Friday,226.79999999999995,0.21934235976789163,-24.75999999999999
12-07-2024,P115,Home,953.0,753.11,0,0,0.0,469,918.39,Normal,Friday,0.0,,34.610000000000014
12-07-2024,P116,Electronics,1046.35,867.49,15,3,3139.05,299,1034.32,Holiday,Friday,536.5799999999999,0.17093706694700622,12.029999999999973
12-07-2024,P117,Fashion,707.75,462.15,5,1,707.75,355,742.95,Normal,Friday,245.60000000000002,0.34701518897915934,-35.200000000000045
12-07-2024,P118,Sports,794.7,626.64,10,3,2384.1,60,782.59,Normal,Friday,504.17999999999984,0.21147602869007168,12.110000000000014
12-07-2024,P119,Electronics,961.0,592.37,0,1,961.0,201,914.04,Normal,Friday,368.63,0.38359001040582724,46.960000000000036
13-07-2024,P100,Sports,809.0,491.29,0,3,2427.0,328,785.95,Sale,Saturday,953.1299999999999,0.39271940667490723,23.049999999999955
13-07-2024,P101,Home,662.0,446.24,0,3,1986.0,134,663.36,Normal,Saturday,647.28,0.3259214501510574,-1.3600000000000136
13-07-2024,P102,Fashion,251.6,227.72,15,6,1509.6,413,262.27,Festival,Saturday,143.27999999999997,0.09491255961844196,-10.669999999999987
13-07-2024,P103,Fashion,1134.9,860.75,10,0,0.0,499,1128.31,Normal,Saturday,0.0,,6.5900000000001455
13-07-2024,P104,Sports,243.2,195.35,5,8,1945.6,242,253.99,Normal,Saturday,382.79999999999995,0.1967516447368421,-10.79000000000002
13-07-2024,P105,Sports,874.8,627.1,10,3,2624.4,273,889.81,Festival,Saturday,743.0999999999999,0.28315043438500226,-15.009999999999991
13-07-2024,P106,Home,756.2,631.03,5,1,756.2,403,790.16,Sale,Saturday,125.17000000000007,0.16552499338799267,-33.95999999999992
13-07-2024,P107,Fashion,1067.0,720.0,0,0,0.0,48,1020.36,Festival,Saturday,0.0,,46.639999999999986
13-07-2024,P108,Fashion,243.0,168.99,10,4,972.0,237,242.6,Normal,Saturday,296.03999999999996,0.30456790123456784,0.4000000000000057
13-07-2024,P109,Fashion,1151.0,799.97,0,1,1151.0,260,1141.7,Normal,Saturday,351.03,0.30497827975673325,9.299999999999955
13-07-2024,P110,Fashion,702.05,496.23,5,0,0.0,358,704.5,Normal,Saturday,0.0,,-2.4500000000000455
13-07-2024,P111,Fashion,571.9,417.08,5,1,571.9,83,583.65,Festival,Saturday,154.82,0.27071166287812554,-11.75
13-07-2024,P112,Fashion,1486.0,1147.38,0,1,1486.0,92,1444.03,Normal,Saturday,338.6199999999999,0.22787348586810222,41.97000000000003
13-07-2024,P113,Sports,1105.0,917.35,15,4,4420.0,172,1139.93,Sale,Saturday,750.5999999999999,0.16981900452488685,-34.930000000000064
13-07-2024,P114,Home,258.0,175.75,0,0,0.0,98,260.96,Normal,Saturday,0.0,,-2.9599999999999795
13-07-2024,P115,Home,679.15,491.15,15,0,0.0,39,659.89,Normal,Saturday,0.0,,19.25999999999999
13-07-2024,P116,Fashion,628.9,467.47,5,3,1886.7,194,600.78,Normal,Saturday,484.28999999999996,0.2566862776276037,28.120000000000005
13-07-2024,P117,Sports,494.0,333.25,0,2,988.0,311,517.62,Normal,Saturday,321.5,0.32540485829959515,-23.620000000000005
13-07-2024,P118,Fashion,375.7,309.93,15,4,1502.8,54,362.03,Normal,Saturday,263.0799999999999,0.1750598882086771,13.670000000000016
13-07-2024,P119,Electronics,1197.0,847.6,5,2,2394.0,153,1248.19,Sale,Saturday,698.8,0.2918964076858814,-51.190000000000055
14-07-2024,P100,Fashion,411.3,327.93,10,3,1233.9,378,417.6,Normal,Sunday,250.11000000000013,0.20269876002917586,-6.300000000000011
14-07-2024,P101,Sports,210.0,146.61,0,2,420.0,480,214.92,Normal,Sunday,126.77999999999997,0.30185714285714277,-4.9199999999999875
14-07-2024,P102,Sports,710.0,468.83,0,0,0.0,237,734.08,Holiday,Sunday,0.0,,-24.08000000000004
14-07-2024,P103,Fashion,241.0,176.71,0,0,0.0,164,229.44,Normal,Sunday,0.0,,11.560000000000002
14-07-2024,P104,Sports,709.0,453.72,0,6,4254.0,344,727.32,Festival,Sunday,1531.6799999999998,0.3600564174894217,-18.32000000000005
14-07-2024,P105,Home,312.0,210.54,0,5,1560.0,461,305.22,Sale,Sunday,507.29999999999995,0.32519230769230767,6.779999999999973
14-07-2024,P106,Fashion,870.0,556.69,0,2,1740.0,497,896.04,Holiday,Sunday,626.6199999999999,0.3601264367816091,-26.039999999999964
14-07-2024,P107,Sports,242.0,188.62,0,2,484.0,420,237.81,Normal,Sunday,106.75999999999999,0.2205785123966942,4.189999999999998
14-07-2024,P108,Sports,369.9,262.06,10,6,2219.4,247,371.24,Sale,Sunday,647.04,0.29153825358204916,-1.3400000000000318
14-07-2024,P109,Sports,1404.0,847.21,0,0,0.0,61,1350.5,Normal,Sunday,0.0,,53.5
14-07-2024,P110,Electronics,956.7,659.44,10,1,956.7,425,994.51,Normal,Sunday,297.26,0.3107139124072332,-37.809999999999945
14-07-2024,P111,Home,1185.0,915.35,0,0,0.0,98,1128.44,Normal,Sunday,0.0,,56.559999999999945
14-07-2024,P112,Fashion,504.45,333.58,5,3,1513.35,125,488.91,Sale,Sunday,512.6099999999999,0.3387253444345326,15.539999999999964
14-07-2024,P113,Sports,1231.0,835.36,0,0,0.0,158,1248.72,Festival,Sunday,0.0,,-17.720000000000027
14-07-2024,P114,Sports,588.6,402.0,10,0,0.0,157,569.04,Normal,Sunday,0.0,,19.56000000000006
14-07-2024,P115,Home,525.0,359.21,0,4,2100.0,275,540.66,Sale,Sunday,663.1600000000001,0.31579047619047623,-15.659999999999968
14-07-2024,P116,Home,635.55,497.99,5,2,1271.1,462,659.05,Normal,Sunday,275.1199999999999,0.21644245142002982,-23.5
14-07-2024,P117,Sports,714.0,554.56,0,0,0.0,352,690.56,Normal,Sunday,0.0,,23.440000000000055
14-07-2024,P118,Electronics,773.0,567.57,0,0,0.0,434,742.84,Sale,Sunday,0.0,,30.159999999999968
14-07-2024,P119,Fashion,961.0,649.79,0,1,961.0,153,959.39,Holiday,Sunday,311.21000000000004,0.3238397502601457,1.6100000000000136
15-07-2024,P100,Home,888.0,550.91,0,3,2664.0,425,871.73,Normal,Monday,1011.27,0.3796058558558558,16.269999999999982
15-07-2024,P101,Home,278.1,199.24,10,2,556.2,295,275.48,Normal,Monday,157.72000000000003,0.28356706220783895,2.6200000000000045
15-07-2024,P102,Fashion,607.0,426.33,0,3,1821.0,165,590.23,Normal,Monday,542.01,0.2976441515650741,16.769999999999982
15-07-2024,P103,Home,302.0,219.15,0,4,1208.0,56,315.49,Normal,Monday,331.4,0.27433774834437086,-13.490000000000009
15-07-2024,P104,Fashion,788.4,609.11,10,3,2365.2,203,771.12,Normal,Monday,537.8699999999999,0.22740994419076607,17.279999999999973
15-07-2024,P105,Electronics,1226.45,868.89,5,2,2452.9,232,1279.79,Normal,Monday,715.1200000000001,0.2915406253822007,-53.33999999999992
15-07-2024,P106,Electronics,1248.0,966.68,0,0,0.0,275,1198.53,Normal,Monday,0.0,,49.47000000000003
15-07-2024,P107,Fashion,663.0,497.34,15,2,1326.0,320,671.59,Normal,Monday,331.32000000000005,0.2498642533936652,-8.590000000000032
15-07-2024,P108,Electronics,1056.55,890.53,15,1,1056.55,472,1069.84,Normal,Monday,166.01999999999998,0.1571340684302683,-13.289999999999964
15-07-2024,P109,Electronics,335.0,256.17,0,4,1340.0,53,342.49,Normal,Monday,315.31999999999994,0.23531343283582085,-7.490000000000009
15-07-2024,P110,Sports,1297.7,960.61,5,0,0.0,234,1254.63,Sale,Monday,0.0,,43.069999999999936
15-07-2024,P111,Sports,1000.0,743.67,0,0,0.0,204,1001.9,Normal,Monday,0.0,,-1.8999999999999773
15-07-2024,P112,Electronics,1133.35,758.44,5,0,0.0,404,1090.14,Normal,Monday,0.0,,43.20999999999981
15-07-2024,P113,Electronics,881.0,583.42,0,2,1762.0,73,837.88,Holiday,Monday,595.1600000000001,0.3377752553916005,43.120000000000005
15-07-2024,P114,Electronics,458.0,316.01,0,0,0.0,180,448.02,Normal,Monday,0.0,,9.980000000000018
15-07-2024,P115,Fashion,750.6,552.1,10,1,750.6,252,714.74,Sale,Monday,198.5,0.264455102584599,35.860000000000014
15-07-2024,P116,Electronics,953.8,607.97,5,0,0.0,63,915.27,Normal,Monday,0.0,,38.52999999999997
15-07-2024,P117,Electronics,1491.0,961.49,0,0,0.0,390,1416.72,Normal,Monday,0.0,,74.27999999999997
15-07-2024,P118,Electronics,759.0,553.21,0,3,2277.0,265,738.0,Normal,Monday,617.3699999999999,0.27113306982872193,21.0
15-07-2024,P119,Electronics,708.7,543.13,5,3,2126.1,321,700.57,Normal,Monday,496.71000000000004,0.23362494708621423,8.129999999999995
16-07-2024,P100,Home,1002.0,681.96,0,0,0.0,38,996.65,Normal,Tuesday,0.0,,5.350000000000023
16-07-2024,P101,Home,428.0,297.69,0,1,428.0,207,432.12,Normal,Tuesday,130.31,0.3044626168224299,-4.1200000000000045
16-07-2024,P102,Sports,1129.55,819.73,5,1,1129.55,83,1080.3,Normal,Tuesday,309.81999999999994,0.2742862201761763,49.25
16-07-2024,P103,Sports,1203.3,967.87,10,1,1203.3,22,1186.33,Normal,Tuesday,235.42999999999995,0.1956536192138286,16.970000000000027
16-07-2024,P104,Home,567.9,456.86,10,0,0.0,427,568.66,Normal,Tuesday,0.0,,-0.7599999999999909
16-07-2024,P105,Home,812.0,619.07,0,1,812.0,351,807.44,Normal,Tuesday,192.92999999999995,0.2375985221674876,4.559999999999945
16-07-2024,P106,Sports,321.3,217.5,10,5,1606.5,193,312.7,Sale,Tuesday,519.0,0.323062558356676,8.600000000000023
16-07-2024,P107,Sports,978.3,751.03,10,2,1956.6,87,939.31,Sale,Tuesday,454.53999999999996,0.2323111519983645,38.99000000000001
16-07-2024,P108,Sports,576.0,385.28,10,4,2304.0,79,598.02,Sale,Tuesday,762.8800000000001,0.33111111111111113,-22.019999999999982
16-07-2024,P109,Sports,1341.0,1188.85,10,1,1341.0,444,1343.6,Normal,Tuesday,152.1500000000001,0.11346010439970178,-2.599999999999909
16-07-2024,P110,Sports,1139.05,822.21,5,0,0.0,445,1177.7,Festival,Tuesday,0.0,,-38.65000000000009
16-07-2024,P111,Sports,1101.05,858.99,5,1,1101.05,357,1056.29,Normal,Tuesday,242.05999999999995,0.21984469370146675,44.75999999999999
16-07-2024,P112,Electronics,494.0,386.6,0,0,0.0,195,481.56,Normal,Tuesday,0.0,,12.439999999999998
16-07-2024,P113,Home,503.5,378.38,5,2,1007.0,27,520.18,Normal,Tuesday,250.24,0.2485004965243297,-16.67999999999995
16-07-2024,P114,Fashion,895.5,607.5,10,2,1791.0,194,855.43,Sale,Tuesday,576.0,0.32160804020100503,40.07000000000005
16-07-2024,P115,Fashion,755.1,573.18,10,1,755.1,370,739.65,Normal,Tuesday,181.92000000000007,0.240921732220898,15.450000000000045
16-07-2024,P116,Home,997.2,679.64,10,0,0.0,476,1014.74,Normal,Tuesday,0.0,,-17.539999999999964
16-07-2024,P117,Fashion,364.5,304.75,10,5,1822.5,278,353.14,Festival,Tuesday,298.75,0.16392318244170095,11.360000000000014
16-07-2024,P118,Electronics,995.0,638.7,0,0,0.0,489,1003.81,Festival,Tuesday,0.0,,-8.809999999999945
16-07-2024,P119,Home,365.4,285.75,10,2,730.8,191,348.42,Sale,Tuesday,159.29999999999995,0.21798029556650242,16.97999999999996
17-07-2024,P100,Home,714.0,474.59,0,3,2142.0,344,717.11,Normal,Wednesday,718.23,0.3353081232492997,-3.1100000000000136
17-07-2024,P101,Electronics,1381.0,1042.12,0,1,1381.0,134,1440.68,Festival,Wednesday,338.8800000000001,0.24538740043446786,-59.680000000000064
17-07-2024,P102,Home,864.0,655.99,10,0,0.0,137,899.96,Sale,Wednesday,0.0,,-35.960000000000036
17-07-2024,P103,Fashion,504.0,345.65,10,1,504.0,229,498.41,Festival,Wednesday,158.35000000000002,0.314186507936508,5.589999999999975
17-07-2024,P104,Electronics,815.0,566.02,0,1,815.0,268,844.52,Normal,Wednesday,248.98000000000002,0.30549693251533744,-29.519999999999982
17-07-2024,P105,Fashion,1367.0,955.76,0,0,0.0,141,1312.68,Normal,Wednesday,0.0,,54.319999999999936
17-07-2024,P106,Home,674.0,514.62,0,3,2022.0,199,668.29,Sale,Wednesday,478.1399999999999,0.23646884272997026,5.710000000000036
17-07-2024,P107,Home,713.0,459.03,0,3,2139.0,193,700.0,Normal,Wednesday,761.9100000000001,0.3561991584852735,13.0
17-07-2024,P108,Sports,1250.2,813.98,5,0,0.0,404,1191.07,Normal,Wednesday,0.0,,59.13000000000011
17-07-2024,P109,Home,408.0,312.73,0,4,1632.0,170,428.09,Normal,Wednesday,381.0799999999999,0.23350490196078427,-20.089999999999975
17-07-2024,P110,Sports,760.0,473.83,0,2,1520.0,298,736.57,Normal,Wednesday,572.34,0.37653947368421053,23.42999999999995
17-07-2024,P111,Electronics,384.3,294.89,10,2,768.6,246,375.38,Normal,Wednesday,178.82000000000005,0.23265677855841796,8.920000000000016
17-07-2024,P112,Fashion,953.1,689.02,10,1,953.1,31,937.62,Normal,Wednesday,264.08000000000004,0.2770748085195678,15.480000000000018
17-07-2024,P113,Electronics,350.0,233.3,0,0,0.0,270,356.4,Sale,Wednesday,0.0,,-6.399999999999977
17-07-2024,P114,Home,263.7,194.04,10,2,527.4,448,257.38,Normal,Wednesday,139.32,0.2641638225255973,6.319999999999993
17-07-2024,P115,Sports,833.4,557.42,10,0,0.0,412,811.31,Normal,Wednesday,0.0,,22.090000000000032
17-07-2024,P116,Electronics,258.3,195.87,10,4,1033.2,461,250.52,Holiday,Wednesday,249.72000000000003,0.24169570267131243,7.780000000000001
17-07-2024,P117,Fashion,1142.0,713.14,0,1,1142.0,192,1120.07,Sale,Wednesday,428.86,0.37553415061295975,21.930000000000064
17-07-2024,P118,Home,1317.0,1034.32,0,0,0.0,367,1361.48,Sale,Wednesday,0.0,,-44.48000000000002
17-07-2024,P119,Sports,1293.9,910.63,5,1,1293.9,429,1259.05,Normal,Wednesday,383.2700000000001,0.296212999459,34.850000000000136
18-07-2024,P100,Home,1313.0,811.5,0,0,0.0,75,1273.68,Normal,Thursday,0.0,,39.319999999999936
18-07-2024,P101,Electronics,756.0,453.78,0,2,1512.0,299,771.41,Normal,Thursday,604.44,0.3997619047619048,-15.409999999999968
18-07-2024,P102,Sports,714.6,610.19,10,0,0.0,28,691.29,Normal,Thursday,0.0,,23.31000000000006
18-07-2024,P103,Sports,353.0,256.88,0,5,1765.0,82,339.41,Sale,Thursday,480.5999999999999,0.27229461756373935,13.589999999999975
18-07-2024,P104,Home,1214.0,898.45,0,1,1214.0,204,1271.04,Normal,Thursday,315.54999999999995,0.2599258649093904,-57.039999999999964
18-07-2024,P105,Electronics,216.0,150.61,0,4,864.0,445,212.73,Normal,Thursday,261.55999999999995,0.30273148148148143,3.2700000000000102
18-07-2024,P106,Fashion,1346.15,870.06,5,0,0.0,433,1286.13,Normal,Thursday,0.0,,60.01999999999998
18-07-2024,P107,Home,1431.0,1028.4,0,4,5724.0,330,1400.0,Normal,Thursday,1610.3999999999996,0.28134171907756805,31.0
18-07-2024,P108,Fashion,1332.0,919.41,0,3,3996.0,275,1295.15,Festival,Thursday,1237.77,0.3097522522522522,36.84999999999991
18-07-2024,P109,Electronics,224.0,163.62,0,3,672.0,257,222.04,Sale,Thursday,181.14,0.2695535714285714,1.960000000000008
18-07-2024,P110,Fashion,791.0,475.46,0,1,791.0,169,762.04,Normal,Thursday,315.54,0.3989127686472819,28.960000000000036
18-07-2024,P111,Home,189.9,141.34,10,3,569.7,186,197.59,Festival,Thursday,145.68000000000006,0.255713533438652,-7.689999999999998
18-07-2024,P112,Electronics,627.3,501.57,10,2,1254.6,497,650.36,Normal,Thursday,251.45999999999992,0.20043041606886652,-23.06000000000006
18-07-2024,P113,Sports,816.0,506.94,0,0,0.0,405,790.65,Festival,Thursday,0.0,,25.350000000000023
18-07-2024,P114,Fashion,1262.0,890.04,0,2,2524.0,226,1313.52,Normal,Thursday,743.9200000000001,0.29473851030110937,-51.51999999999998
18-07-2024,P115,Electronics,208.05,135.71,5,9,1872.45,246,213.08,Festival,Thursday,651.06,0.3477048786349435,-5.030000000000001
18-07-2024,P116,Sports,1045.0,832.75,5,6,6270.0,79,993.32,Normal,Thursday,1273.5,0.20311004784688996,51.67999999999995
18-07-2024,P117,Home,888.0,706.9,0,1,888.0,121,849.39,Holiday,Thursday,181.10000000000002,0.20394144144144147,38.610000000000014
18-07-2024,P118,Home,393.3,291.17,5,2,786.6,47,382.54,Festival,Thursday,204.26,0.259674548690567,10.759999999999991
18-07-2024,P119,Fashion,633.0,472.58,0,4,2532.0,265,660.77,Normal,Thursday,641.6800000000001,0.25342812006319115,-27.769999999999982
19-07-2024,P100,Home,935.75,722.61,5,4,3743.0,73,965.74,Normal,Friday,852.56,0.22777451242318994,-29.99000000000001
19-07-2024,P101,Sports,1090.6,714.75,5,0,0.0,212,1143.37,Sale,Friday,0.0,,-52.76999999999998
19-07-2024,P102,Fashion,1427.0,1052.75,0,1,1427.0,353,1485.37,Sale,Friday,374.25,0.2622634898388227,-58.36999999999989
19-07-2024,P103,Fashion,767.0,542.01,0,0,0.0,377,778.91,Normal,Friday,0.0,,-11.909999999999968
19-07-2024,P104,Home,1259.7,830.21,5,3,3779.1,104,1268.49,Sale,Friday,1288.4699999999998,0.3409462570453282,-8.789999999999964
19-07-2024,P105,Fashion,1313.0,832.08,0,4,5252.0,231,1284.99,Normal,Friday,1923.6799999999998,0.36627570449352626,28.00999999999999
19-07-2024,P106,Fashion,217.6,185.73,15,5,1088.0,34,212.14,Sale,Friday,159.35000000000002,0.14646139705882355,5.460000000000008
19-07-2024,P107,Home,408.6,304.19,10,0,0.0,153,414.6,Normal,Friday,0.0,,-6.0
19-07-2024,P108,Electronics,1097.0,848.06,0,0,0.0,138,1044.32,Sale,Friday,0.0,,52.680000000000064
19-07-2024,P109,Sports,573.0,408.51,0,0,0.0,319,569.53,Normal,Friday,0.0,,3.4700000000000273
19-07-2024,P110,Fashion,704.7,507.6,10,0,0.0,280,702.55,Normal,Friday,0.0,,2.150000000000091
19-07-2024,P111,Fashion,796.1,531.1,5,7,5572.7,244,827.16,Sale,Friday,1854.9999999999995,0.33287275467906036,-31.059999999999945
19-07-2024,P112,Home,1247.4,903.31,10,1,1247.4,45,1223.57,Normal,Friday,344.09000000000015,0.2758457591790926,23.830000000000155
19-07-2024,P113,Fashion,1205.55,775.36,5,0,0.0,429,1203.83,Normal,Friday,0.0,,1.7200000000000273
19-07-2024,P114,Electronics,1135.0,831.46,0,0,0.0,441,1148.85,Sale,Friday,0.0,,-13.849999999999909
19-07-2024,P115,Home,1360.0,831.63,0,0,0.0,188,1334.91,Festival,Friday,0.0,,25.089999999999918
19-07-2024,P116,Home,1206.0,817.65,0,0,0.0,189,1239.7,Sale,Friday,0.0,,-33.700000000000045
19-07-2024,P117,Sports,1004.0,773.6,0,1,1004.0,494,1045.02,Normal,Friday,230.39999999999998,0.22948207171314738,-41.01999999999998
19-07-2024,P118,Electronics,1126.7,841.32,5,2,2253.4,277,1075.3,Sale,Friday,570.76,0.2532883642495784,51.40000000000009
19-07-2024,P119,Home,654.3,445.32,10,3,1962.9,152,680.82,Normal,Friday,626.94,0.31939477303988995,-26.520000000000095
20-07-2024,P100,Fashion,343.8,243.63,10,0,0.0,429,338.82,Normal,Saturday,0.0,,4.980000000000018
20-07-2024,P101,Fashion,345.95,249.76,15,1,345.95,474,350.62,Normal,Saturday,96.19,0.27804596039890156,-4.670000000000016
20-07-2024,P102,Electronics,283.05,204.6,15,0,0.0,227,270.6,Normal,Saturday,0.0,,12.449999999999989
20-07-2024,P103,Sports,391.0,299.03,0,6,2346.0,159,406.66,Sale,Saturday,551.8200000000002,0.2352173913043479,-15.660000000000025
20-07-2024,P104,Electronics,572.0,446.8,0,2,1144.0,147,573.5,Holiday,Saturday,250.39999999999998,0.21888111888111886,-1.5
20-07-2024,P105,Home,1495.0,1184.33,0,0,0.0,263,1449.77,Normal,Saturday,0.0,,45.23000000000002
20-07-2024,P106,Home,1089.9,844.27,10,2,2179.8,152,1097.8,Normal,Saturday,491.2600000000002,0.225369299935774,-7.899999999999864
20-07-2024,P107,Sports,917.15,762.31,15,1,917.15,251,901.53,Normal,Saturday,154.84000000000003,0.16882734558142073,15.620000000000005
20-07-2024,P108,Sports,1085.0,716.72,0,2,2170.0,231,1068.25,Normal,Saturday,736.56,0.3394285714285714,16.75
20-07-2024,P109,Home,904.4,838.32,15,0,0.0,487,863.09,Holiday,Saturday,0.0,,41.309999999999945
20-07-2024,P110,Fashion,788.5,602.71,5,2,1577.0,389,754.06,Normal,Saturday,371.5799999999999,0.23562460367786933,34.440000000000055
20-07-2024,P111,Electronics,1266.3,1027.06,10,6,7597.8,116,1261.17,Sale,Saturday,1435.4400000000005,0.18892837400300094,5.129999999999882
20-07-2024,P112,Home,703.0,538.74,5,0,0.0,46,684.03,Festival,Saturday,0.0,,18.970000000000027
20-07-2024,P113,Sports,538.0,387.19,0,0,0.0,404,564.34,Normal,Saturday,0.0,,-26.340000000000032
20-07-2024,P114,Fashion,275.0,168.05,0,6,1650.0,242,275.46,Normal,Saturday,641.6999999999999,0.38890909090909087,-0.45999999999997954
20-07-2024,P115,Electronics,436.05,295.48,5,4,1744.2,203,418.66,Normal,Saturday,562.28,0.3223712876963651,17.389999999999986
20-07-2024,P116,Home,238.0,189.48,0,7,1666.0,191,226.32,Holiday,Saturday,339.6400000000001,0.20386554621848746,11.680000000000007
20-07-2024,P117,Sports,1057.5,756.28,10,1,1057.5,154,1084.29,Normal,Saturday,301.22,0.28484160756501187,-26.789999999999964
20-07-2024,P118,Home,637.5,517.91,15,2,1275.0,183,641.0,Festival,Saturday,239.18000000000006,0.18759215686274514,-3.5
20-07-2024,P119,Electronics,1445.0,1010.86,0,0,0.0,324,1419.31,Normal,Saturday,0.0,,25.690000000000055
21-07-2024,P100,Fashion,928.8,815.49,10,0,0.0,285,901.47,Normal,Sunday,0.0,,27.329999999999927
21-07-2024,P101,Electronics,198.9,159.67,15,10,1989.0,243,196.86,Normal,Sunday,392.3000000000002,0.19723479135243852,2.039999999999992
21-07-2024,P102,Fashion,301.0,210.32,0,1,301.0,318,305.19,Normal,Sunday,90.68,0.3012624584717608,-4.189999999999998
21-07-2024,P103,Home,1184.65,807.19,5,0,0.0,405,1193.74,Sale,Sunday,0.0,,-9.089999999999918
21-07-2024,P104,Home,285.0,202.73,0,2,570.0,372,280.18,Normal,Sunday,164.54000000000002,0.2886666666666667,4.819999999999993
21-07-2024,P105,Fashion,695.7,468.09,10,2,1391.4,218,728.91,Normal,Sunday,455.22000000000014,0.32716688227684354,-33.20999999999992
21-07-2024,P106,Electronics,842.0,587.99,0,2,1684.0,455,842.32,Holiday,Sunday,508.02,0.3016745843230404,-0.32000000000005
21-07-2024,P107,Sports,424.0,306.09,0,5,2120.0,130,432.3,Holiday,Sunday,589.5500000000002,0.2780896226415095,-8.300000000000011
21-07-2024,P108,Electronics,228.0,143.81,0,5,1140.0,376,223.87,Festival,Sunday,420.95000000000005,0.36925438596491234,4.1299999999999955
21-07-2024,P109,Sports,262.65,213.06,15,4,1050.6,201,261.71,Normal,Sunday,198.3599999999999,0.18880639634494567,0.9399999999999977
21-07-2024,P110,Electronics,321.0,200.82,0,6,1926.0,168,333.3,Festival,Sunday,721.0799999999999,0.3743925233644859,-12.300000000000011
21-07-2024,P111,Electronics,1025.1,788.58,10,1,1025.1,463,990.34,Normal,Sunday,236.51999999999987,0.23072870939420534,34.75999999999988
21-07-2024,P112,Electronics,1053.55,828.2,5,1,1053.55,340,1059.27,Normal,Sunday,225.3499999999999,0.21389587584832226,-5.720000000000027
21-07-2024,P113,Home,996.3,855.83,10,0,0.0,464,974.92,Normal,Sunday,0.0,,21.379999999999995
21-07-2024,P114,Sports,913.0,555.57,0,2,1826.0,188,911.7,Holiday,Sunday,714.8599999999999,0.39148959474260675,1.2999999999999545
21-07-2024,P115,Sports,523.0,380.72,0,2,1046.0,475,542.33,Normal,Sunday,284.55999999999995,0.27204588910133837,-19.33000000000004
21-07-2024,P116,Home,1078.0,797.34,0,2,2156.0,291,1130.2,Normal,Sunday,561.3199999999999,0.2603525046382189,-52.200000000000045
21-07-2024,P117,Home,1273.5,999.0,10,1,1273.5,82,1251.01,Holiday,Sunday,274.5,0.21554770318021202,22.49000000000001
21-07-2024,P118,Electronics,1481.0,967.81,0,0,0.0,216,1530.43,Normal,Sunday,0.0,,-49.430000000000064
21-07-2024,P119,Home,1227.0,795.73,0,1,1227.0,444,1208.84,Normal,Sunday,431.27,0.35148329258353705,18.160000000000082
22-07-2024,P100,Fashion,496.4,357.33,15,2,992.8,303,471.99,Normal,Monday,278.14,0.280157131345689,24.409999999999968
22-07-2024,P101,Fashion,799.0,553.22,0,1,799.0,82,780.61,Normal,Monday,245.77999999999997,0.3076095118898623,18.389999999999986
22-07-2024,P102,Electronics,1412.65,993.28,5,0,0.0,483,1356.59,Normal,Monday,0.0,,56.06000000000017
22-07-2024,P103,Electronics,715.0,490.92,0,0,0.0,157,690.53,Holiday,Monday,0.0,,24.470000000000027
22-07-2024,P104,Home,1020.0,734.28,0,0,0.0,414,990.74,Normal,Monday,0.0,,29.25999999999999
22-07-2024,P105,Home,1013.0,750.58,0,0,0.0,350,974.11,Normal,Monday,0.0,,38.889999999999986
22-07-2024,P106,Home,949.5,652.73,10,1,949.5,448,966.94,Festival,Monday,296.77,0.31255397577672456,-17.440000000000055
22-07-2024,P107,Fashion,1332.9,964.25,10,0,0.0,266,1309.99,Normal,Monday,0.0,,22.910000000000082
22-07-2024,P108,Fashion,1303.2,1039.81,10,3,3909.6,498,1305.1,Sale,Monday,790.1700000000001,0.20211019030079805,-1.8999999999998636
22-07-2024,P109,Electronics,1281.0,979.44,0,0,0.0,463,1310.89,Normal,Monday,0.0,,-29.8900000000001
22-07-2024,P110,Electronics,346.5,284.32,10,4,1386.0,440,352.79,Normal,Monday,248.72000000000003,0.17945165945165947,-6.2900000000000205
22-07-2024,P111,Electronics,662.4,562.62,10,3,1987.2,108,694.4,Sale,Monday,299.3399999999999,0.15063405797101445,-32.0
22-07-2024,P112,Home,827.45,630.7,5,0,0.0,374,847.54,Sale,Monday,0.0,,-20.089999999999918
22-07-2024,P113,Sports,806.55,596.4,5,2,1613.1,112,785.94,Sale,Monday,420.29999999999995,0.2605542123860889,20.6099999999999
22-07-2024,P114,Fashion,270.0,183.48,10,1,270.0,476,265.06,Normal,Monday,86.52000000000001,0.3204444444444445,4.939999999999998
22-07-2024,P115,Fashion,1071.9,839.46,10,3,3215.7,180,1064.61,Sale,Monday,697.3199999999997,0.2168485866218863,7.290000000000191
22-07-2024,P116,Fashion,771.0,466.97,0,2,1542.0,469,751.19,Normal,Monday,608.06,0.39433203631647207,19.809999999999945
22-07-2024,P117,Home,938.0,622.22,0,0,0.0,259,949.96,Normal,Monday,0.0,,-11.960000000000036
22-07-2024,P118,Fashion,1131.3,907.58,10,0,0.0,312,1166.35,Normal,Monday,0.0,,-35.049999999999955
22-07-2024,P119,Sports,283.0,181.88,0,5,1415.0,103,287.2,Normal,Monday,505.6,0.35731448763250884,-4.199999999999989
23-07-2024,P100,Fashion,214.2,149.26,10,6,1285.2,60,218.27,Normal,Tuesday,389.6400000000001,0.30317460317460326,-4.070000000000022
23-07-2024,P101,Fashion,541.0,348.27,0,6,3246.0,143,516.04,Festival,Tuesday,1156.38,0.3562476894639557,24.960000000000036
23-07-2024,P102,Sports,387.9,306.3,10,2,775.8,162,380.25,Normal,Tuesday,163.19999999999993,0.2103634957463263,7.649999999999977
23-07-2024,P103,Home,327.6,274.88,10,1,327.6,373,318.12,Normal,Tuesday,52.72000000000003,0.160927960927961,9.480000000000018
23-07-2024,P104,Sports,1254.0,877.06,0,3,3762.0,348,1306.14,Holiday,Tuesday,1130.8200000000002,0.30059011164274324,-52.1400000000001
23-07-2024,P105,Electronics,934.0,637.3,0,4,3736.0,254,903.41,Normal,Tuesday,1186.8000000000002,0.31766595289079236,30.590000000000032
23-07-2024,P106,Fashion,827.0,565.97,0,3,2481.0,331,796.5,Normal,Tuesday,783.0899999999999,0.3156348246674728,30.5
23-07-2024,P107,Fashion,1089.0,840.27,10,1,1089.0,273,1109.73,Sale,Tuesday,248.73000000000002,0.22840220385674934,-20.730000000000018
23-07-2024,P108,Electronics,923.0,564.57,0,1,923.0,362,878.61,Holiday,Tuesday,358.42999999999995,0.3883315276273022,44.389999999999986
23-07-2024,P109,Fashion,236.55,196.97,5,5,1182.75,325,245.98,Normal,Tuesday,197.89999999999998,0.16732191925597123,-9.429999999999978
23-07-2024,P110,Sports,499.5,385.46,10,0,0.0,361,480.28,Normal,Tuesday,0.0,,19.220000000000027
23-07-2024,P111,Electronics,1201.0,864.03,0,0,0.0,400,1232.95,Festival,Tuesday,0.0,,-31.950000000000045
23-07-2024,P112,Fashion,1261.0,868.6,0,0,0.0,280,1310.1,Normal,Tuesday,0.0,,-49.09999999999991
23-07-2024,P113,Fashion,1144.0,688.1,0,2,2288.0,345,1114.02,Sale,Tuesday,911.8,0.398513986013986,29.980000000000018
23-07-2024,P114,Home,378.9,317.7,10,2,757.8,433,370.91,Normal,Tuesday,122.39999999999998,0.16152019002375295,7.989999999999952
23-07-2024,P115,Electronics,1322.1,1061.06,10,1,1322.1,138,1334.5,Normal,Tuesday,261.03999999999996,0.1974434611602753,-12.400000000000091
23-07-2024,P116,Fashion,283.05,223.56,15,4,1132.2,433,279.59,Sale,Tuesday,237.96000000000004,0.21017488076311608,3.4600000000000364
23-07-2024,P117,Home,1073.0,856.11,0,0,0.0,226,1101.12,Normal,Tuesday,0.0,,-28.11999999999989
23-07-2024,P118,Sports,1338.3,951.1,10,0,0.0,331,1273.51,Normal,Tuesday,0.0,,64.78999999999996
23-07-2024,P119,Home,543.0,339.82,0,2,1086.0,463,534.95,Normal,Tuesday,406.36,0.3741804788213628,8.049999999999955
24-07-2024,P100,Sports,960.3,710.87,10,4,3841.2,480,947.98,Normal,Wednesday,997.7199999999998,0.2597417473706133,12.319999999999936
24-07-2024,P101,Home,324.9,211.06,5,6,1949.4,437,338.2,Festival,Wednesday,683.04,0.3503847337642351,-13.300000000000011
24-07-2024,P102,Electronics,322.2,278.37,10,5,1611.0,139,317.01,Normal,Wednesday,219.1500000000001,0.1360335195530727,5.189999999999998
24-07-2024,P103,Fashion,740.0,497.52,0,2,1480.0,443,729.82,Normal,Wednesday,484.96000000000004,0.3276756756756757,10.17999999999995
24-07-2024,P104,Fashion,1222.0,734.04,0,0,0.0,273,1233.38,Festival,Wednesday,0.0,,-11.38000000000011
24-07-2024,P105,Electronics,1448.0,969.71,0,3,4344.0,267,1394.63,Normal,Wednesday,1434.87,0.33031077348066296,53.36999999999989
24-07-2024,P106,Fashion,1468.0,934.48,0,3,4404.0,322,1436.78,Normal,Wednesday,1600.56,0.36343324250681197,31.220000000000027
24-07-2024,P107,Home,896.0,609.64,0,2,1792.0,422,922.1,Normal,Wednesday,572.72,0.3195982142857143,-26.100000000000023
24-07-2024,P108,Electronics,1166.6,909.96,5,0,0.0,146,1130.96,Sale,Wednesday,0.0,,35.63999999999987
24-07-2024,P109,Sports,1109.0,857.15,0,3,3327.0,454,1059.6,Normal,Wednesday,755.5500000000002,0.22709648331830484,49.40000000000009
24-07-2024,P110,Home,647.1,447.45,10,2,1294.2,136,626.34,Festival,Wednesday,399.30000000000007,0.30853036624942054,20.75999999999999
24-07-2024,P111,Electronics,1192.5,975.62,10,0,0.0,175,1136.5,Normal,Wednesday,0.0,,56.0
24-07-2024,P112,Home,600.95,460.95,15,2,1201.9,478,611.05,Normal,Wednesday,280.0000000000001,0.2329644729178801,-10.099999999999909
24-07-2024,P113,Sports,379.05,302.99,5,5,1895.25,101,393.72,Normal,Wednesday,380.29999999999995,0.20065954359583166,-14.670000000000016
24-07-2024,P114,Fashion,1083.0,806.45,0,1,1083.0,58,1097.73,Normal,Wednesday,276.54999999999995,0.2553554939981532,-14.730000000000018
24-07-2024,P115,Home,980.0,625.57,0,0,0.0,371,961.66,Normal,Wednesday,0.0,,18.340000000000032
24-07-2024,P116,Sports,880.2,764.39,10,0,0.0,241,854.53,Normal,Wednesday,0.0,,25.670000000000073
24-07-2024,P117,Fashion,817.95,611.78,5,2,1635.9,338,833.31,Normal,Wednesday,412.34000000000015,0.2520569716975366,-15.3599999999999
24-07-2024,P118,Sports,340.85,278.79,15,4,1363.4,258,340.43,Normal,Wednesday,248.24,0.18207422619920785,0.4200000000000159
24-07-2024,P119,Home,1349.95,991.38,5,0,0.0,314,1355.84,Normal,Wednesday,0.0,,-5.889999999999873
25-07-2024,P100,Electronics,608.95,462.76,5,5,3044.75,473,582.78,Festival,Thursday,730.9499999999998,0.24006897117989978,26.170000000000073
25-07-2024,P101,Sports,642.6,537.58,15,2,1285.2,469,653.89,Sale,Thursday,210.03999999999996,0.1634298163709928,-11.289999999999964
25-07-2024,P102,Electronics,895.85,666.51,5,2,1791.7,296,901.46,Normal,Thursday,458.68000000000006,0.25600267901992524,-5.610000000000014
25-07-2024,P103,Electronics,1447.0,920.64,0,0,0.0,96,1498.32,Sale,Thursday,0.0,,-51.319999999999936
25-07-2024,P104,Home,723.0,496.31,0,5,3615.0,469,705.51,Sale,Thursday,1133.4499999999998,0.31354080221300135,17.49000000000001
25-07-2024,P105,Home,1081.0,683.42,0,0,0.0,53,1104.81,Normal,Thursday,0.0,,-23.809999999999945
25-07-2024,P106,Sports,1141.0,813.86,0,0,0.0,359,1194.8,Normal,Thursday,0.0,,-53.799999999999955
25-07-2024,P107,Fashion,1047.85,757.86,5,3,3143.55,218,1068.3,Sale,Thursday,869.9700000000003,0.2767476260915208,-20.450000000000045
25-07-2024,P108,Home,1276.8,820.45,5,1,1276.8,303,1340.53,Normal,Thursday,456.3499999999999,0.35741697994987465,-63.73000000000002
25-07-2024,P109,Electronics,978.35,698.58,15,4,3913.4,24,954.63,Holiday,Thursday,1119.08,0.2859610568814841,23.720000000000027
25-07-2024,P110,Fashion,1149.5,889.92,5,3,3448.5,75,1104.86,Normal,Thursday,778.7400000000002,0.22581992170508924,44.6400000000001
25-07-2024,P111,Fashion,1413.6,906.51,5,2,2827.2,358,1355.05,Normal,Thursday,1014.1799999999998,0.3587224108658743,58.549999999999955
25-07-2024,P112,Fashion,1197.9,841.19,10,0,0.0,442,1205.03,Normal,Thursday,0.0,,-7.129999999999882
25-07-2024,P113,Sports,959.0,607.33,0,3,2877.0,284,923.89,Normal,Thursday,1055.0099999999998,0.3667049009384775,35.110000000000014
25-07-2024,P114,Sports,729.0,580.46,0,0,0.0,483,693.85,Normal,Thursday,0.0,,35.14999999999998
25-07-2024,P115,Fashion,1444.0,878.13,0,0,0.0,392,1400.62,Normal,Thursday,0.0,,43.38000000000011
25-07-2024,P116,Fashion,965.0,642.56,0,2,1930.0,61,1008.93,Normal,Thursday,644.8800000000001,0.3341347150259068,-43.92999999999995
25-07-2024,P117,Home,422.0,290.41,0,2,844.0,433,433.43,Normal,Thursday,263.17999999999995,0.311824644549763,-11.430000000000007
25-07-2024,P118,Fashion,1027.9,667.55,5,0,0.0,138,1052.22,Normal,Thursday,0.0,,-24.319999999999936
25-07-2024,P119,Sports,923.0,666.29,0,0,0.0,204,935.05,Holiday,Thursday,0.0,,-12.049999999999955
26-07-2024,P100,Electronics,1113.0,885.74,0,3,3339.0,31,1138.98,Festival,Friday,681.7799999999997,0.20418688230008977,-25.980000000000018
26-07-2024,P101,Electronics,801.0,591.04,10,5,4005.0,22,840.34,Sale,Friday,1049.8000000000002,0.2621223470661673,-39.34000000000003
26-07-2024,P102,Fashion,778.0,612.26,0,2,1556.0,236,756.02,Sale,Friday,331.48,0.21303341902313627,21.980000000000018
26-07-2024,P103,Electronics,768.0,541.88,0,2,1536.0,37,783.77,Normal,Friday,452.24,0.29442708333333334,-15.769999999999982
26-07-2024,P104,Home,1341.0,883.43,0,0,0.0,181,1341.5,Normal,Friday,0.0,,-0.5
26-07-2024,P105,Fashion,1391.75,1044.8,5,1,1391.75,237,1391.26,Festival,Friday,346.95000000000005,0.2492904616490031,0.4900000000000091
26-07-2024,P106,Electronics,411.0,316.38,0,0,0.0,284,426.18,Sale,Friday,0.0,,-15.180000000000007
26-07-2024,P107,Fashion,1007.1,726.13,10,0,0.0,390,1048.18,Normal,Friday,0.0,,-41.08000000000004
26-07-2024,P108,Electronics,1247.35,1038.06,5,0,0.0,251,1207.75,Festival,Friday,0.0,,39.59999999999991
26-07-2024,P109,Home,1291.5,1135.1,10,0,0.0,356,1259.83,Sale,Friday,0.0,,31.670000000000073
26-07-2024,P110,Home,947.0,597.83,0,0,0.0,47,958.33,Normal,Friday,0.0,,-11.330000000000041
26-07-2024,P111,Electronics,498.6,377.78,10,0,0.0,89,521.71,Normal,Friday,0.0,,-23.110000000000014
26-07-2024,P112,Fashion,802.0,513.65,0,0,0.0,107,762.12,Sale,Friday,0.0,,39.879999999999995
26-07-2024,P113,Fashion,1052.0,797.22,0,0,0.0,93,1027.57,Sale,Friday,0.0,,24.430000000000064
26-07-2024,P114,Electronics,798.95,616.96,5,3,2396.85,219,831.29,Festival,Friday,545.9699999999998,0.22778646974153569,-32.33999999999992
26-07-2024,P115,Fashion,1258.75,868.32,5,2,2517.5,486,1291.68,Normal,Friday,780.8599999999999,0.31017279046673285,-32.930000000000064
26-07-2024,P116,Fashion,437.4,333.36,10,2,874.8,143,445.77,Normal,Friday,208.07999999999993,0.23786008230452668,-8.370000000000005
26-07-2024,P117,Fashion,1150.0,805.02,0,0,0.0,477,1141.7,Normal,Friday,0.0,,8.299999999999955
26-07-2024,P118,Sports,1117.0,863.87,0,0,0.0,195,1165.34,Normal,Friday,0.0,,-48.33999999999992
26-07-2024,P119,Electronics,549.0,332.54,0,4,2196.0,413,534.87,Normal,Friday,865.8399999999999,0.3942805100182149,14.129999999999995
27-07-2024,P100,Home,768.4,638.16,15,1,768.4,475,790.81,Sale,Saturday,130.24,0.16949505465903178,-22.409999999999968
27-07-2024,P101,Home,873.8,646.58,15,3,2621.4,30,897.45,Normal,Saturday,681.6599999999999,0.260036621652552,-23.65000000000009
27-07-2024,P102,Electronics,1076.95,833.98,15,4,4307.8,156,1040.54,Sale,Saturday,971.8800000000001,0.22560935976600588,36.41000000000008
27-07-2024,P103,Home,635.4,536.71,10,6,3812.4,463,653.77,Normal,Saturday,592.1399999999999,0.1553194837897387,-18.370000000000005
27-07-2024,P104,Sports,501.0,313.45,0,2,1002.0,67,483.86,Normal,Saturday,375.1,0.37435129740518963,17.139999999999986
27-07-2024,P105,Home,1400.3,919.79,5,1,1400.3,303,1447.26,Normal,Saturday,480.51,0.3431478968792402,-46.960000000000036
27-07-2024,P106,Home,1395.55,1144.62,5,0,0.0,119,1410.0,Normal,Saturday,0.0,,-14.450000000000045
27-07-2024,P107,Sports,750.0,594.49,0,0,0.0,28,734.87,Normal,Saturday,0.0,,15.129999999999995
27-07-2024,P108,Electronics,660.0,436.25,0,0,0.0,104,681.18,Sale,Saturday,0.0,,-21.17999999999995
27-07-2024,P109,Sports,1049.0,737.2,0,0,0.0,183,1033.54,Normal,Saturday,0.0,,15.460000000000036
27-07-2024,P110,Electronics,295.0,199.06,0,0,0.0,390,287.47,Normal,Saturday,0.0,,7.529999999999973
27-07-2024,P111,Electronics,1181.0,748.9,0,1,1181.0,336,1195.08,Holiday,Saturday,432.1,0.3658763759525826,-14.079999999999927
27-07-2024,P112,Home,1097.0,674.52,0,2,2194.0,77,1122.56,Holiday,Saturday,844.96,0.385123062898815,-25.559999999999945
27-07-2024,P113,Electronics,482.0,289.52,0,4,1928.0,497,495.97,Festival,Saturday,769.9200000000001,0.3993360995850623,-13.970000000000027
27-07-2024,P114,Sports,899.0,574.68,0,1,899.0,166,870.4,Normal,Saturday,324.32000000000005,0.36075639599555065,28.600000000000023
27-07-2024,P115,Fashion,589.0,432.65,0,0,0.0,481,606.81,Sale,Saturday,0.0,,-17.809999999999945
27-07-2024,P116,Fashion,204.3,176.02,10,6,1225.8,458,204.95,Holiday,Saturday,169.67999999999984,0.13842388644150747,-0.6499999999999773
27-07-2024,P117,Fashion,1193.4,942.85,10,0,0.0,318,1184.28,Normal,Saturday,0.0,,9.120000000000118
27-07-2024,P118,Electronics,1062.1,713.62,5,3,3186.3,175,1062.18,Sale,Saturday,1045.44,0.32810469823933713,-0.08000000000015461
27-07-2024,P119,Electronics,991.8,792.59,10,3,2975.4,261,1007.38,Festival,Saturday,597.6300000000001,0.20085702762653765,-15.580000000000041
28-07-2024,P100,Sports,303.0,205.18,0,8,2424.0,419,291.07,Normal,Sunday,782.56,0.3228382838283828,11.930000000000007
28-07-2024,P101,Home,1030.75,671.89,5,0,0.0,337,1006.16,Normal,Sunday,0.0,,24.590000000000032
28-07-2024,P102,Home,1216.95,854.04,5,0,0.0,85,1192.54,Sale,Sunday,0.0,,24.410000000000082
28-07-2024,P103,Sports,1431.0,1067.29,0,1,1431.0,399,1389.59,Normal,Sunday,363.71000000000004,0.25416491963661775,41.41000000000008
28-07-2024,P104,Fashion,1035.9,850.37,10,3,3107.7,31,988.61,Sale,Sunday,556.5899999999997,0.17910029925668491,47.29000000000008
28-07-2024,P105,Fashion,1060.0,834.24,0,1,1060.0,349,1049.1,Normal,Sunday,225.76,0.2129811320754717,10.900000000000091
28-07-2024,P106,Electronics,894.9,567.03,5,2,1789.8,287,909.07,Festival,Sunday,655.74,0.3663761314113309,-14.170000000000073
28-07-2024,P107,Fashion,1402.0,860.08,0,2,2804.0,142,1429.39,Festival,Sunday,1083.84,0.3865335235378031,-27.3900000000001
28-07-2024,P108,Sports,1115.0,722.47,0,1,1115.0,95,1093.9,Festival,Sunday,392.53,0.3520448430493273,21.09999999999991
28-07-2024,P109,Electronics,476.1,377.66,10,3,1428.3,146,471.05,Holiday,Sunday,295.31999999999994,0.20676328502415456,5.050000000000011
28-07-2024,P110,Home,651.7,473.15,5,0,0.0,22,636.3,Normal,Sunday,0.0,,15.400000000000091
28-07-2024,P111,Electronics,567.8,449.97,15,2,1135.6,89,563.45,Normal,Sunday,235.65999999999985,0.2075202536104261,4.349999999999909
28-07-2024,P112,Electronics,316.0,216.42,0,3,948.0,447,309.35,Festival,Sunday,298.74,0.315126582278481,6.649999999999977
28-07-2024,P113,Home,684.0,481.69,0,0,0.0,299,663.4,Normal,Sunday,0.0,,20.600000000000023
28-07-2024,P114,Electronics,1411.0,897.98,0,0,0.0,389,1455.96,Normal,Sunday,0.0,,-44.960000000000036
28-07-2024,P115,Fashion,756.0,473.88,0,5,3780.0,212,721.74,Normal,Sunday,1410.6,0.37317460317460316,34.25999999999999
28-07-2024,P116,Fashion,225.0,139.17,0,4,900.0,446,230.08,Normal,Sunday,343.32000000000005,0.38146666666666673,-5.0800000000000125
28-07-2024,P117,Sports,683.4,563.51,15,0,0.0,320,656.06,Normal,Sunday,0.0,,27.340000000000032
28-07-2024,P118,Sports,387.0,268.91,0,4,1548.0,224,378.85,Sale,Sunday,472.3599999999999,0.30514211886304904,8.149999999999977
28-07-2024,P119,Fashion,1161.9,913.19,10,2,2323.8,231,1198.74,Normal,Sunday,497.4200000000001,0.21405456579740081,-36.83999999999992
29-07-2024,P100,Home,309.0,221.9,0,6,1854.0,315,299.23,Normal,Monday,522.5999999999999,0.2818770226537216,9.769999999999982
29-07-2024,P101,Home,1175.0,773.34,0,0,0.0,456,1180.72,Normal,Monday,0.0,,-5.720000000000027
29-07-2024,P102,Sports,422.1,298.49,10,5,2110.5,270,430.79,Sale,Monday,618.05,0.29284529732290926,-8.689999999999998
29-07-2024,P103,Home,1228.25,921.25,15,0,0.0,495,1190.03,Festival,Monday,0.0,,38.22000000000003
29-07-2024,P104,Sports,557.6,457.3,15,0,0.0,362,580.69,Normal,Monday,0.0,,-23.090000000000032
29-07-2024,P105,Sports,1391.0,925.76,0,1,1391.0,156,1432.29,Holiday,Monday,465.24,0.3344644140905823,-41.289999999999964
29-07-2024,P106,Electronics,1384.0,1072.0,0,0,0.0,164,1372.03,Normal,Monday,0.0,,11.970000000000027
29-07-2024,P107,Sports,1204.45,1033.46,15,2,2408.9,253,1165.52,Festival,Monday,341.98,0.14196521233758147,38.930000000000064
29-07-2024,P108,Home,335.75,296.26,15,4,1343.0,383,342.61,Normal,Monday,157.96000000000004,0.1176172747580045,-6.860000000000014
29-07-2024,P109,Home,1139.0,812.1,0,4,4556.0,398,1162.71,Sale,Monday,1307.6,0.2870061457418788,-23.710000000000036
29-07-2024,P110,Fashion,311.4,262.57,10,4,1245.6,201,307.97,Sale,Monday,195.31999999999994,0.15680796403339753,3.42999999999995
29-07-2024,P111,Fashion,221.0,149.07,0,4,884.0,439,218.94,Sale,Monday,287.72,0.325475113122172,2.0600000000000023
29-07-2024,P112,Sports,1372.0,989.77,0,3,4116.0,283,1433.21,Normal,Monday,1146.69,0.2785932944606414,-61.210000000000036
29-07-2024,P113,Electronics,516.0,388.94,0,3,1548.0,351,501.83,Holiday,Monday,381.18000000000006,0.24624031007751943,14.170000000000016
29-07-2024,P114,Electronics,537.7,388.32,5,0,0.0,29,532.71,Holiday,Monday,0.0,,4.990000000000009
29-07-2024,P115,Fashion,1101.6,793.31,10,2,2203.2,450,1105.5,Festival,Monday,616.5799999999999,0.27985657225853305,-3.900000000000091
29-07-2024,P116,Fashion,526.15,473.27,15,0,0.0,284,518.78,Normal,Monday,0.0,,7.3700000000000045
29-07-2024,P117,Fashion,737.1,522.26,10,2,1474.2,229,702.72,Normal,Monday,429.68000000000006,0.2914665581332248,34.379999999999995
29-07-2024,P118,Electronics,305.0,217.91,0,3,915.0,406,295.86,Normal,Monday,261.27,0.28554098360655733,9.139999999999986
29-07-2024,P119,Fashion,890.1,607.61,10,0,0.0,151,929.04,Normal,Monday,0.0,,-38.93999999999994
30-07-2024,P100,Home,967.1,626.28,5,0,0.0,380,923.99,Sale,Tuesday,0.0,,43.110000000000014
30-07-2024,P101,Home,698.0,557.92,0,0,0.0,325,712.58,Normal,Tuesday,0.0,,-14.580000000000041
30-07-2024,P102,Home,487.05,358.95,15,1,487.05,370,483.48,Normal,Tuesday,128.10000000000002,0.26301201108715744,3.569999999999993
30-07-2024,P103,Fashion,651.0,403.73,0,2,1302.0,85,670.51,Festival,Tuesday,494.53999999999996,0.37983102918586786,-19.50999999999999
30-07-2024,P104,Sports,1218.0,737.37,0,0,0.0,209,1162.6,Normal,Tuesday,0.0,,55.40000000000009
30-07-2024,P105,Sports,485.1,423.3,10,2,970.2,119,462.65,Sale,Tuesday,123.60000000000002,0.12739641311069885,22.450000000000045
30-07-2024,P106,Home,209.0,162.47,0,5,1045.0,257,208.87,Normal,Tuesday,232.64999999999998,0.2226315789473684,0.12999999999999545
30-07-2024,P107,Electronics,1185.6,871.63,5,4,4742.4,428,1154.71,Holiday,Tuesday,1255.8799999999997,0.2648195006747638,30.889999999999873
30-07-2024,P108,Sports,318.0,192.14,0,4,1272.0,251,322.53,Normal,Tuesday,503.44000000000005,0.3957861635220126,-4.529999999999973
30-07-2024,P109,Sports,1050.6,949.13,15,0,0.0,498,1040.25,Normal,Tuesday,0.0,,10.349999999999909
30-07-2024,P110,Sports,898.0,600.16,0,0,0.0,368,886.59,Normal,Tuesday,0.0,,11.409999999999968
30-07-2024,P111,Sports,402.0,246.03,0,2,804.0,54,402.4,Festival,Tuesday,311.94,0.38798507462686566,-0.39999999999997726
30-07-2024,P112,Fashion,636.0,499.65,0,0,0.0,328,613.31,Normal,Tuesday,0.0,,22.690000000000055
30-07-2024,P113,Home,1077.0,739.54,0,0,0.0,308,1032.33,Normal,Tuesday,0.0,,44.67000000000007
30-07-2024,P114,Electronics,804.0,501.48,0,0,0.0,298,816.59,Normal,Tuesday,0.0,,-12.590000000000032
30-07-2024,P115,Fashion,745.75,550.95,5,4,2983.0,164,745.42,Normal,Tuesday,779.1999999999998,0.2612135434126717,0.3300000000000409
30-07-2024,P116,Sports,304.0,192.26,5,3,912.0,77,304.73,Normal,Tuesday,335.22,0.36756578947368423,-0.7300000000000182
30-07-2024,P117,Fashion,494.0,355.47,0,0,0.0,340,500.38,Normal,Tuesday,0.0,,-6.3799999999999955
30-07-2024,P118,Sports,1228.0,755.35,0,0,0.0,454,1238.6,Normal,Tuesday,0.0,,-10.599999999999909
30-07-2024,P119,Fashion,380.0,290.7,0,6,2280.0,170,383.71,Holiday,Tuesday,535.8000000000002,0.23500000000000007,-3.7099999999999795
31-07-2024,P100,Fashion,714.0,555.27,0,0,0.0,444,723.15,Sale,Wednesday,0.0,,-9.149999999999977
31-07-2024,P101,Electronics,431.3,318.99,5,5,2156.5,454,438.33,Normal,Wednesday,561.55,0.26039879434268487,-7.029999999999973
31-07-2024,P102,Home,673.55,490.57,5,2,1347.1,453,640.05,Sale,Wednesday,365.9599999999999,0.2716650582733279,33.5
31-07-2024,P103,Fashion,873.0,697.95,10,2,1746.0,204,834.99,Sale,Wednesday,350.0999999999999,0.20051546391752573,38.00999999999999
31-07-2024,P104,Electronics,667.8,462.71,10,0,0.0,141,693.01,Normal,Wednesday,0.0,,-25.210000000000036
31-07-2024,P105,Home,246.0,183.13,0,1,246.0,172,235.1,Normal,Wednesday,62.870000000000005,0.25556910569105695,10.900000000000006
31-07-2024,P106,Electronics,719.1,625.57,15,2,1438.2,143,684.61,Normal,Wednesday,187.05999999999995,0.13006535947712414,34.49000000000001
31-07-2024,P107,Home,885.0,685.92,0,0,0.0,175,881.07,Normal,Wednesday,0.0,,3.92999999999995
31-07-2024,P108,Home,971.0,589.45,0,0,0.0,263,925.23,Normal,Wednesday,0.0,,45.76999999999998
31-07-2024,P109,Home,526.0,396.75,0,0,0.0,489,508.0,Holiday,Wednesday,0.0,,18.0
31-07-2024,P110,Sports,264.35,188.31,15,0,0.0,213,271.54,Normal,Wednesday,0.0,,-7.189999999999998
31-07-2024,P111,Sports,912.95,724.35,5,0,0.0,355,887.21,Normal,Wednesday,0.0,,25.74000000000001
31-07-2024,P112,Electronics,1184.0,715.67,0,1,1184.0,50,1234.01,Normal,Wednesday,468.33000000000004,0.3955489864864865,-50.00999999999999
31-07-2024,P113,Fashion,1053.0,813.47,0,0,0.0,49,1095.82,Normal,Wednesday,0.0,,-42.819999999999936
31-07-2024,P114,Sports,1354.7,880.06,5,0,0.0,39,1333.82,Normal,Wednesday,0.0,,20.88000000000011
31-07-2024,P115,Fashion,1241.65,961.86,5,1,1241.65,171,1254.15,Normal,Wednesday,279.7900000000001,0.22533725284903158,-12.5
31-07-2024,P116,Sports,593.1,429.81,10,2,1186.2,139,600.59,Normal,Wednesday,326.58000000000004,0.2753161355589277,-7.490000000000009
31-07-2024,P117,Home,421.8,349.14,5,4,1687.2,270,422.3,Festival,Wednesday,290.6400000000001,0.17226173541963022,-0.5
31-07-2024,P118,Sports,464.55,390.17,5,2,929.1,117,455.53,Normal,Wednesday,148.76,0.16011193628242384,9.020000000000039
31-07-2024,P119,Fashion,553.0,395.32,0,7,3871.0,455,551.99,Holiday,Wednesday,1103.7600000000002,0.2851356238698011,1.009999999999991
01-08-2024,P100,Electronics,1338.55,862.82,5,0,0.0,496,1284.61,Sale,Thursday,0.0,,53.940000000000055
01-08-2024,P101,Electronics,1268.25,813.63,5,0,0.0,96,1288.17,Sale,Thursday,0.0,,-19.920000000000073
01-08-2024,P102,Home,1356.6,1014.7,5,0,0.0,362,1296.07,Normal,Thursday,0.0,,60.52999999999997
01-08-2024,P103,Sports,1115.0,856.96,0,2,2230.0,335,1073.63,Festival,Thursday,516.0799999999999,0.23142600896860982,41.36999999999989
01-08-2024,P104,Electronics,992.7,854.24,10,0,0.0,46,1026.08,Normal,Thursday,0.0,,-33.37999999999988
01-08-2024,P105,Fashion,370.0,288.2,0,0,0.0,406,374.31,Sale,Thursday,0.0,,-4.310000000000002
01-08-2024,P106,Fashion,210.9,134.27,5,4,843.6,39,217.12,Holiday,Thursday,306.52,0.36334755808440017,-6.219999999999999
01-08-2024,P107,Sports,650.75,431.16,5,0,0.0,108,655.1,Festival,Thursday,0.0,,-4.350000000000023
01-08-2024,P108,Fashion,240.0,179.45,0,2,480.0,332,236.06,Normal,Thursday,121.10000000000002,0.2522916666666667,3.9399999999999977
01-08-2024,P109,Fashion,591.85,451.33,5,0,0.0,63,587.53,Holiday,Thursday,0.0,,4.32000000000005
01-08-2024,P110,Fashion,1499.0,1130.19,0,1,1499.0,124,1441.55,Sale,Thursday,368.80999999999995,0.24603735823882586,57.450000000000045
01-08-2024,P111,Home,804.6,659.44,10,3,2413.8,84,807.2,Normal,Thursday,435.48,0.18041262739249317,-2.6000000000000227
01-08-2024,P112,Fashion,630.0,470.09,0,0,0.0,421,655.39,Normal,Thursday,0.0,,-25.389999999999986
01-08-2024,P113,Electronics,713.15,617.48,15,0,0.0,158,719.8,Sale,Thursday,0.0,,-6.649999999999977
01-08-2024,P114,Fashion,1065.0,712.54,0,0,0.0,346,1046.71,Normal,Thursday,0.0,,18.289999999999964
01-08-2024,P115,Fashion,871.2,717.47,10,1,871.2,445,870.65,Normal,Thursday,153.73000000000002,0.17645775941230488,0.5500000000000682
01-08-2024,P116,Fashion,1238.8,792.05,5,2,2477.6,82,1299.84,Holiday,Thursday,893.5,0.36063125605424606,-61.039999999999964
01-08-2024,P117,Electronics,389.7,283.17,10,0,0.0,252,374.05,Normal,Thursday,0.0,,15.649999999999977
01-08-2024,P118,Fashion,985.5,778.65,10,2,1971.0,251,962.68,Sale,Thursday,413.70000000000005,0.20989345509893456,22.82000000000005
01-08-2024,P119,Fashion,352.0,246.65,0,3,1056.0,102,347.71,Sale,Thursday,316.04999999999995,0.2992897727272727,4.2900000000000205
02-08-2024,P100,Electronics,1491.0,1094.77,0,0,0.0,99,1425.05,Normal,Friday,0.0,,65.95000000000005
02-08-2024,P101,Home,1156.0,780.29,0,4,4624.0,447,1100.05,Festival,Friday,1502.8400000000001,0.32500865051903116,55.950000000000045
02-08-2024,P102,Fashion,1343.0,1059.27,0,0,0.0,381,1396.32,Normal,Friday,0.0,,-53.319999999999936
02-08-2024,P103,Fashion,1332.0,1047.93,0,0,0.0,331,1389.27,Festival,Friday,0.0,,-57.26999999999998
02-08-2024,P104,Electronics,361.8,274.46,10,1,361.8,212,373.69,Normal,Friday,87.34000000000003,0.2414040906578221,-11.889999999999986
02-08-2024,P105,Fashion,1349.0,965.73,5,0,0.0,323,1363.68,Normal,Friday,0.0,,-14.680000000000064
02-08-2024,P106,Sports,355.3,259.39,5,3,1065.9,436,351.11,Sale,Friday,287.73000000000013,0.2699408950182945,4.189999999999998
02-08-2024,P107,Home,855.0,606.11,0,0,0.0,322,890.35,Festival,Friday,0.0,,-35.35000000000002
02-08-2024,P108,Fashion,638.0,454.42,0,1,638.0,216,609.25,Normal,Friday,183.57999999999998,0.2877429467084639,28.75
02-08-2024,P109,Sports,344.85,242.15,5,0,0.0,361,354.26,Normal,Friday,0.0,,-9.409999999999968
02-08-2024,P110,Sports,1302.0,1017.84,0,2,2604.0,249,1305.7,Normal,Friday,568.3199999999999,0.21824884792626725,-3.7000000000000455
02-08-2024,P111,Sports,671.0,519.9,0,0,0.0,161,691.9,Normal,Friday,0.0,,-20.899999999999977
02-08-2024,P112,Home,514.0,318.24,0,0,0.0,101,489.9,Normal,Friday,0.0,,24.100000000000023
02-08-2024,P113,Fashion,586.0,441.14,0,3,1758.0,426,570.71,Normal,Friday,434.5799999999999,0.24720136518771327,15.289999999999964
02-08-2024,P114,Home,1064.0,643.87,0,0,0.0,488,1034.38,Normal,Friday,0.0,,29.61999999999989
02-08-2024,P115,Fashion,935.0,583.35,0,1,935.0,232,952.06,Festival,Friday,351.65,0.376096256684492,-17.059999999999945
02-08-2024,P116,Sports,1401.0,841.47,0,0,0.0,473,1400.96,Festival,Friday,0.0,,0.03999999999996362
02-08-2024,P117,Home,1103.0,695.48,0,0,0.0,122,1071.44,Normal,Friday,0.0,,31.559999999999945
02-08-2024,P118,Sports,913.0,630.39,0,1,913.0,242,894.27,Normal,Friday,282.61,0.309539978094195,18.730000000000018
02-08-2024,P119,Fashion,1098.2,825.6,5,0,0.0,262,1098.22,Normal,Friday,0.0,,-0.01999999999998181
03-08-2024,P100,Home,604.2,496.14,5,6,3625.2,132,627.86,Normal,Saturday,648.3599999999997,0.17884806355511412,-23.659999999999968
03-08-2024,P101,Sports,189.9,159.14,10,4,759.6,280,180.59,Normal,Saturday,123.04000000000008,0.1619799894681412,9.310000000000002
03-08-2024,P102,Fashion,984.0,626.84,0,0,0.0,25,1016.93,Sale,Saturday,0.0,,-32.92999999999995
03-08-2024,P103,Home,974.7,657.12,5,2,1949.4,456,968.22,Normal,Saturday,635.1600000000001,0.32582333025546323,6.480000000000018
03-08-2024,P104,Electronics,1209.35,906.0,5,0,0.0,294,1210.66,Normal,Saturday,0.0,,-1.3100000000001728
03-08-2024,P105,Home,884.7,619.43,10,0,0.0,118,840.56,Normal,Saturday,0.0,,44.1400000000001
03-08-2024,P106,Electronics,461.0,356.12,0,3,1383.0,211,440.58,Normal,Saturday,314.6399999999999,0.22750542299349233,20.420000000000016
03-08-2024,P107,Fashion,1119.1,929.92,5,2,2238.2,127,1080.45,Normal,Saturday,378.3599999999999,0.16904655526762574,38.649999999999864
03-08-2024,P108,Fashion,418.0,302.91,0,0,0.0,141,421.45,Normal,Saturday,0.0,,-3.4499999999999886
03-08-2024,P109,Home,521.55,402.99,5,5,2607.75,128,543.42,Festival,Saturday,592.8,0.22732240437158469,-21.870000000000005
03-08-2024,P110,Sports,515.0,356.08,0,1,515.0,123,521.35,Normal,Saturday,158.92000000000002,0.3085825242718447,-6.350000000000023
03-08-2024,P111,Electronics,1383.0,971.98,0,1,1383.0,91,1386.77,Normal,Saturday,411.02,0.2971945046999277,-3.769999999999982
03-08-2024,P112,Sports,1408.0,880.06,0,0,0.0,32,1450.48,Normal,Saturday,0.0,,-42.48000000000002
03-08-2024,P113,Fashion,286.2,253.96,10,3,858.6,171,290.07,Normal,Saturday,96.72000000000003,0.11264849755415796,-3.8700000000000045
03-08-2024,P114,Electronics,1079.2,747.46,5,1,1079.2,60,1102.71,Normal,Saturday,331.74,0.3073943661971831,-23.50999999999999
03-08-2024,P115,Electronics,827.45,594.3,5,5,4137.25,89,827.85,Normal,Saturday,1165.75,0.28176929119584265,-0.39999999999997726
03-08-2024,P116,Home,1074.6,892.33,10,0,0.0,476,1073.58,Festival,Saturday,0.0,,1.0199999999999818
03-08-2024,P117,Sports,1012.35,754.82,15,2,2024.7,278,1007.78,Holiday,Saturday,515.06,0.2543883044401639,4.57000000000005
03-08-2024,P118,Sports,231.2,210.13,15,5,1156.0,267,229.94,Festival,Saturday,105.34999999999991,0.09113321799307951,1.259999999999991
03-08-2024,P119,Fashion,778.0,611.35,0,3,2334.0,421,798.87,Normal,Saturday,499.9499999999998,0.21420308483290482,-20.870000000000005
04-08-2024,P100,Fashion,588.0,399.77,0,4,2352.0,428,568.52,Normal,Sunday,752.9200000000001,0.32011904761904764,19.480000000000018
04-08-2024,P101,Fashion,346.0,263.99,0,0,0.0,196,359.81,Normal,Sunday,0.0,,-13.810000000000002
04-08-2024,P102,Sports,704.0,424.67,0,3,2112.0,366,672.64,Normal,Sunday,837.99,0.3967755681818182,31.360000000000014
04-08-2024,P103,Home,345.8,251.93,5,3,1037.4,342,335.33,Holiday,Sunday,281.6100000000001,0.2714574898785426,10.470000000000027
04-08-2024,P104,Electronics,1414.0,1061.85,0,0,0.0,70,1371.81,Festival,Sunday,0.0,,42.190000000000055
04-08-2024,P105,Sports,693.6,547.87,15,2,1387.2,91,662.36,Normal,Sunday,291.46000000000004,0.21010668973471744,31.24000000000001
04-08-2024,P106,Home,303.05,230.49,5,2,606.1,250,303.22,Normal,Sunday,145.12,0.23943243689160204,-0.17000000000001592
04-08-2024,P107,Fashion,866.7,735.88,10,0,0.0,409,861.52,Sale,Sunday,0.0,,5.180000000000064
04-08-2024,P108,Home,479.0,318.09,0,1,479.0,96,464.81,Holiday,Sunday,160.91000000000003,0.3359290187891441,14.189999999999998
04-08-2024,P109,Home,627.0,423.54,0,1,627.0,125,600.85,Normal,Sunday,203.45999999999998,0.32449760765550234,26.149999999999977
04-08-2024,P110,Electronics,492.3,343.02,10,4,1969.2,422,511.28,Holiday,Sunday,597.1200000000001,0.30322973796465574,-18.97999999999996
04-08-2024,P111,Home,822.0,597.65,0,0,0.0,222,820.81,Normal,Sunday,0.0,,1.1900000000000546
04-08-2024,P112,Electronics,771.3,530.75,10,3,2313.9,441,743.27,Festival,Sunday,721.6500000000001,0.31187605341631014,28.029999999999973
04-08-2024,P113,Fashion,1266.5,1087.94,15,2,2533.0,29,1227.6,Normal,Sunday,357.1199999999999,0.14098697196999602,38.90000000000009
04-08-2024,P114,Electronics,1089.0,702.79,0,0,0.0,266,1074.18,Normal,Sunday,0.0,,14.819999999999936
04-08-2024,P115,Fashion,896.0,559.75,0,0,0.0,210,881.15,Normal,Sunday,0.0,,14.850000000000023
04-08-2024,P116,Fashion,457.0,351.97,0,5,2285.0,24,445.72,Festival,Sunday,525.1499999999999,0.22982494529540476,11.279999999999973
04-08-2024,P117,Fashion,1312.0,814.55,0,0,0.0,299,1283.58,Festival,Sunday,0.0,,28.420000000000073
04-08-2024,P118,Home,1001.7,846.18,10,2,2003.4,214,1009.69,Normal,Sunday,311.0400000000002,0.15525606469002703,-7.990000000000009
04-08-2024,P119,Sports,1316.7,1008.95,10,0,0.0,256,1286.14,Normal,Sunday,0.0,,30.559999999999945
05-08-2024,P100,Sports,1142.1,763.17,10,5,5710.5,240,1091.43,Holiday,Monday,1894.65,0.33178355660625164,50.669999999999845
05-08-2024,P101,Fashion,1381.3,961.61,5,3,4143.9,221,1436.88,Festival,Monday,1259.0699999999997,0.30383696517773107,-55.580000000000155
05-08-2024,P102,Electronics,1322.1,1131.95,10,0,0.0,130,1324.38,Normal,Monday,0.0,,-2.2800000000002
05-08-2024,P103,Fashion,374.0,229.31,0,4,1496.0,362,367.81,Normal,Monday,578.76,0.38687165775401067,6.189999999999998
05-08-2024,P104,Home,1424.0,858.91,0,0,0.0,394,1386.19,Sale,Monday,0.0,,37.809999999999945
05-08-2024,P105,Electronics,1152.0,761.72,0,2,2304.0,363,1145.75,Festival,Monday,780.56,0.3387847222222222,6.25
05-08-2024,P106,Electronics,1304.0,816.54,0,1,1304.0,34,1259.38,Normal,Monday,487.46000000000004,0.373819018404908,44.61999999999989
05-08-2024,P107,Electronics,1337.6,909.67,5,0,0.0,448,1281.2,Normal,Monday,0.0,,56.399999999999864
05-08-2024,P108,Sports,1063.0,728.3,0,3,3189.0,496,1102.55,Normal,Monday,1004.1000000000004,0.31486359360301047,-39.549999999999955
05-08-2024,P109,Sports,313.0,192.74,0,4,1252.0,294,326.4,Normal,Monday,481.03999999999996,0.3842172523961661,-13.399999999999977
05-08-2024,P110,Electronics,584.1,456.54,10,0,0.0,246,612.85,Festival,Monday,0.0,,-28.75
05-08-2024,P111,Home,532.95,443.9,5,1,532.95,87,557.43,Normal,Monday,89.05000000000007,0.16708884510742109,-24.479999999999905
05-08-2024,P112,Electronics,451.25,302.0,5,2,902.5,418,454.36,Normal,Monday,298.5,0.33074792243767315,-3.1100000000000136
05-08-2024,P113,Home,744.3,588.33,10,0,0.0,202,708.26,Normal,Monday,0.0,,36.039999999999964
05-08-2024,P114,Sports,1238.0,745.61,0,2,2476.0,199,1234.19,Normal,Monday,984.78,0.39773021001615505,3.8099999999999454
05-08-2024,P115,Fashion,660.0,453.16,0,5,3300.0,121,692.88,Festival,Monday,1034.1999999999998,0.31339393939393934,-32.879999999999995
05-08-2024,P116,Home,958.0,624.12,0,0,0.0,80,962.75,Sale,Monday,0.0,,-4.75
05-08-2024,P117,Sports,1340.45,1104.19,5,3,4021.35,261,1314.15,Holiday,Monday,708.7799999999997,0.1762542429781043,26.299999999999955
05-08-2024,P118,Fashion,1279.0,818.69,0,4,5116.0,140,1221.13,Normal,Monday,1841.2399999999998,0.35989835809225956,57.86999999999989
05-08-2024,P119,Electronics,1263.95,1047.42,15,0,0.0,276,1314.71,Normal,Monday,0.0,,-50.75999999999999
06-08-2024,P100,Home,925.65,763.2,15,0,0.0,265,898.64,Normal,Tuesday,0.0,,27.00999999999999
06-08-2024,P101,Sports,1196.0,899.78,0,0,0.0,357,1250.01,Festival,Tuesday,0.0,,-54.00999999999999
06-08-2024,P102,Sports,1113.0,716.63,0,0,0.0,68,1125.0,Sale,Tuesday,0.0,,-12.0
06-08-2024,P103,Sports,235.0,176.03,0,0,0.0,97,223.82,Normal,Tuesday,0.0,,11.180000000000007
06-08-2024,P104,Electronics,845.1,715.63,10,0,0.0,305,856.36,Normal,Tuesday,0.0,,-11.259999999999991
06-08-2024,P105,Home,657.0,474.09,0,0,0.0,393,669.76,Normal,Tuesday,0.0,,-12.759999999999991
06-08-2024,P106,Sports,783.0,590.71,0,2,1566.0,103,783.2,Normal,Tuesday,384.5799999999999,0.24558109833971897,-0.20000000000004547
06-08-2024,P107,Fashion,737.0,478.95,0,3,2211.0,87,753.58,Festival,Tuesday,774.1500000000001,0.35013568521031213,-16.58000000000004
06-08-2024,P108,Home,991.0,671.21,0,3,2973.0,137,1033.18,Normal,Tuesday,959.3699999999999,0.3226942482341069,-42.180000000000064
06-08-2024,P109,Home,1368.0,965.81,0,1,1368.0,391,1303.9,Normal,Tuesday,402.19000000000005,0.29399853801169595,64.09999999999991
06-08-2024,P110,Fashion,411.3,330.8,10,1,411.3,352,429.52,Normal,Tuesday,80.5,0.19572088499878434,-18.21999999999997
06-08-2024,P111,Fashion,1020.0,853.69,15,0,0.0,63,985.54,Normal,Tuesday,0.0,,34.460000000000036
06-08-2024,P112,Home,610.2,516.72,10,0,0.0,258,584.79,Holiday,Tuesday,0.0,,25.410000000000082
06-08-2024,P113,Sports,902.5,655.81,5,0,0.0,140,881.38,Normal,Tuesday,0.0,,21.120000000000005
06-08-2024,P114,Fashion,316.8,225.76,10,1,316.8,289,320.46,Normal,Tuesday,91.04000000000002,0.28737373737373745,-3.659999999999968
06-08-2024,P115,Sports,370.0,227.26,0,1,370.0,27,388.23,Festival,Tuesday,142.74,0.3857837837837838,-18.230000000000018
06-08-2024,P116,Sports,1029.0,767.94,0,1,1029.0,388,1052.98,Holiday,Tuesday,261.05999999999995,0.2537026239067055,-23.980000000000018
06-08-2024,P117,Electronics,1037.7,742.63,10,1,1037.7,58,1087.34,Normal,Tuesday,295.07000000000005,0.2843500048183483,-49.63999999999987
06-08-2024,P118,Sports,846.0,603.16,10,0,0.0,188,853.4,Normal,Tuesday,0.0,,-7.399999999999977
06-08-2024,P119,Home,470.0,309.81,0,0,0.0,364,469.52,Normal,Tuesday,0.0,,0.4800000000000182
07-08-2024,P100,Home,197.1,144.65,10,3,591.3,81,203.65,Normal,Wednesday,157.3499999999999,0.26610857432775226,-6.550000000000011
07-08-2024,P101,Sports,318.75,273.9,15,2,637.5,498,319.25,Normal,Wednesday,89.70000000000005,0.14070588235294124,-0.5
07-08-2024,P102,Sports,702.0,514.13,0,1,702.0,494,736.0,Normal,Wednesday,187.87,0.26762108262108264,-34.0
07-08-2024,P103,Home,203.3,149.1,5,8,1626.4,210,212.09,Festival,Wednesday,433.60000000000014,0.2666010821446139,-8.789999999999992
07-08-2024,P104,Electronics,199.75,153.43,15,1,199.75,153,205.01,Normal,Wednesday,46.31999999999999,0.23188986232790984,-5.259999999999991
07-08-2024,P105,Fashion,1152.35,887.78,5,1,1152.35,314,1171.11,Sale,Wednesday,264.56999999999994,0.22959170390940248,-18.75999999999999
07-08-2024,P106,Sports,190.8,147.79,10,10,1908.0,355,189.03,Normal,Wednesday,430.10000000000014,0.22541928721174012,1.7700000000000102
07-08-2024,P107,Fashion,406.0,247.31,0,3,1218.0,254,388.19,Holiday,Wednesday,476.06999999999994,0.3908620689655172,17.810000000000002
07-08-2024,P108,Home,1358.5,1037.49,5,0,0.0,274,1390.05,Normal,Wednesday,0.0,,-31.549999999999955
07-08-2024,P109,Fashion,855.0,608.71,10,0,0.0,448,847.48,Festival,Wednesday,0.0,,7.519999999999982
07-08-2024,P110,Fashion,373.35,307.26,5,4,1493.4,35,368.92,Normal,Wednesday,264.3600000000001,0.17701888308557662,4.430000000000007
07-08-2024,P111,Fashion,1026.95,650.12,5,0,0.0,178,1057.56,Normal,Wednesday,0.0,,-30.6099999999999
07-08-2024,P112,Fashion,1035.3,749.45,15,1,1035.3,461,1020.73,Normal,Wednesday,285.8499999999999,0.2761035448662223,14.569999999999936
07-08-2024,P113,Home,648.0,512.52,0,1,648.0,242,647.28,Normal,Wednesday,135.48000000000002,0.2090740740740741,0.7200000000000273
07-08-2024,P114,Sports,529.2,463.32,10,0,0.0,292,535.05,Sale,Wednesday,0.0,,-5.849999999999909
07-08-2024,P115,Fashion,1054.0,770.46,0,3,3162.0,249,1060.27,Normal,Wednesday,850.6199999999999,0.2690132827324478,-6.269999999999982
07-08-2024,P116,Fashion,1037.4,858.96,5,0,0.0,281,998.28,Festival,Wednesday,0.0,,39.12000000000012
07-08-2024,P117,Sports,884.0,671.04,0,0,0.0,41,881.39,Normal,Wednesday,0.0,,2.6100000000000136
07-08-2024,P118,Sports,504.0,335.15,0,3,1512.0,169,496.97,Holiday,Wednesday,506.55000000000007,0.3350198412698413,7.029999999999973
07-08-2024,P119,Sports,942.0,565.76,0,1,942.0,274,981.79,Normal,Wednesday,376.24,0.39940552016985137,-39.789999999999964
08-08-2024,P100,Fashion,609.9,389.01,5,0,0.0,280,637.62,Normal,Thursday,0.0,,-27.720000000000027
08-08-2024,P101,Fashion,1111.5,862.27,10,1,1111.5,337,1142.75,Normal,Thursday,249.23000000000002,0.22422852001799373,-31.25
08-08-2024,P102,Sports,968.0,635.3,0,0,0.0,218,979.66,Normal,Thursday,0.0,,-11.659999999999968
08-08-2024,P103,Electronics,259.25,211.88,15,10,2592.5,159,256.15,Sale,Thursday,473.6999999999998,0.1827193828351012,3.1000000000000227
08-08-2024,P104,Fashion,646.2,453.96,10,0,0.0,93,641.06,Normal,Thursday,0.0,,5.1400000000001
08-08-2024,P105,Home,292.0,213.86,0,2,584.0,260,294.26,Sale,Thursday,156.27999999999997,0.2676027397260273,-2.259999999999991
08-08-2024,P106,Home,880.65,609.64,5,0,0.0,459,842.64,Normal,Thursday,0.0,,38.00999999999999
08-08-2024,P107,Fashion,1297.0,970.11,0,1,1297.0,299,1292.6,Normal,Thursday,326.89,0.252035466461064,4.400000000000091
08-08-2024,P108,Sports,895.85,645.5,5,0,0.0,94,902.34,Festival,Thursday,0.0,,-6.490000000000009
08-08-2024,P109,Electronics,515.7,450.37,10,0,0.0,187,537.34,Normal,Thursday,0.0,,-21.639999999999986
08-08-2024,P110,Electronics,287.3,220.63,15,3,861.9,58,279.79,Festival,Thursday,200.01,0.2320570831883049,7.509999999999991
08-08-2024,P111,Home,710.6,547.52,15,0,0.0,310,713.48,Normal,Thursday,0.0,,-2.8799999999999955
08-08-2024,P112,Sports,271.0,184.68,0,1,271.0,376,272.93,Normal,Thursday,86.32,0.31852398523985237,-1.9300000000000068
08-08-2024,P113,Sports,989.1,814.36,10,0,0.0,227,974.04,Normal,Thursday,0.0,,15.06000000000006
08-08-2024,P114,Fashion,1094.0,770.07,0,0,0.0,326,1054.17,Holiday,Thursday,0.0,,39.82999999999993
08-08-2024,P115,Electronics,214.0,142.15,0,3,642.0,147,211.77,Normal,Thursday,215.54999999999995,0.3357476635514018,2.2299999999999898
08-08-2024,P116,Fashion,1380.35,1079.61,5,0,0.0,238,1364.25,Normal,Thursday,0.0,,16.09999999999991
08-08-2024,P117,Sports,930.0,563.01,0,0,0.0,463,923.99,Festival,Thursday,0.0,,6.009999999999991
08-08-2024,P118,Fashion,556.0,361.81,0,2,1112.0,204,579.08,Sale,Thursday,388.38,0.34926258992805753,-23.08000000000004
08-08-2024,P119,Fashion,829.0,540.83,0,4,3316.0,427,787.74,Normal,Thursday,1152.6799999999998,0.347611580217129,41.25999999999999
09-08-2024,P100,Electronics,318.0,224.82,0,5,1590.0,341,317.65,Festival,Friday,465.9000000000001,0.29301886792452836,0.35000000000002274
09-08-2024,P101,Sports,1166.0,887.98,0,0,0.0,27,1180.64,Festival,Friday,0.0,,-14.6400000000001
09-08-2024,P102,Home,386.0,297.31,0,2,772.0,265,370.79,Normal,Friday,177.38,0.22976683937823833,15.20999999999998
09-08-2024,P103,Home,879.7,715.28,5,1,879.7,194,907.74,Holiday,Friday,164.42000000000007,0.18690462657724233,-28.039999999999964
09-08-2024,P104,Sports,882.0,567.77,0,0,0.0,212,913.41,Normal,Friday,0.0,,-31.409999999999968
09-08-2024,P105,Electronics,800.0,517.33,0,2,1600.0,407,815.4,Festival,Friday,565.3399999999999,0.35333749999999997,-15.399999999999977
09-08-2024,P106,Sports,270.0,201.45,0,4,1080.0,62,268.67,Festival,Friday,274.20000000000005,0.25388888888888894,1.329999999999984
09-08-2024,P107,Home,1153.0,699.82,0,0,0.0,495,1127.77,Holiday,Friday,0.0,,25.230000000000018
09-08-2024,P108,Sports,1020.6,757.77,10,3,3061.8,46,1064.67,Normal,Friday,788.4900000000002,0.25752498530276313,-44.07000000000005
09-08-2024,P109,Electronics,1103.0,829.68,0,0,0.0,462,1052.86,Normal,Friday,0.0,,50.1400000000001
09-08-2024,P110,Electronics,469.2,344.85,15,1,469.2,224,487.65,Sale,Friday,124.34999999999997,0.26502557544757027,-18.44999999999999
09-08-2024,P111,Home,596.7,509.22,15,0,0.0,68,602.66,Holiday,Friday,0.0,,-5.959999999999923
09-08-2024,P112,Electronics,591.0,427.68,0,1,591.0,248,568.41,Normal,Friday,163.32,0.27634517766497463,22.590000000000032
09-08-2024,P113,Fashion,593.3,506.08,15,1,593.3,364,566.06,Normal,Friday,87.21999999999997,0.1470082588909489,27.24000000000001
09-08-2024,P114,Sports,1055.0,713.95,0,1,1055.0,348,1012.21,Normal,Friday,341.04999999999995,0.32327014218009475,42.789999999999964
09-08-2024,P115,Home,589.0,419.99,0,1,589.0,356,581.48,Normal,Friday,169.01,0.2869439728353141,7.519999999999982
09-08-2024,P116,Fashion,471.0,336.14,0,1,471.0,283,456.97,Holiday,Friday,134.86,0.28632696390658174,14.029999999999973
09-08-2024,P117,Sports,255.0,153.71,0,1,255.0,264,247.78,Normal,Friday,101.28999999999999,0.39721568627450976,7.219999999999999
09-08-2024,P118,Fashion,1065.0,817.46,0,2,2130.0,380,1075.2,Normal,Friday,495.0799999999999,0.23243192488262907,-10.200000000000045
09-08-2024,P119,Home,983.0,589.9,0,0,0.0,164,941.32,Festival,Friday,0.0,,41.67999999999995
10-08-2024,P100,Fashion,1291.0,822.14,0,1,1291.0,38,1322.63,Normal,Saturday,468.86,0.3631758326878389,-31.63000000000011
10-08-2024,P101,Sports,1232.5,1115.32,15,5,6162.5,77,1228.25,Normal,Saturday,585.9000000000005,0.09507505070993924,4.25
10-08-2024,P102,Electronics,1448.0,1075.52,0,0,0.0,497,1499.0,Normal,Saturday,0.0,,-51.0
10-08-2024,P103,Electronics,1189.8,951.1,10,0,0.0,76,1153.58,Normal,Saturday,0.0,,36.22000000000003
10-08-2024,P104,Fashion,810.35,650.09,5,5,4051.75,340,812.41,Normal,Saturday,801.2999999999997,0.19776639723576225,-2.0599999999999454
10-08-2024,P105,Sports,1415.0,982.38,0,0,0.0,106,1472.41,Holiday,Saturday,0.0,,-57.41000000000008
10-08-2024,P106,Sports,1413.0,915.73,0,0,0.0,57,1445.04,Normal,Saturday,0.0,,-32.039999999999964
10-08-2024,P107,Electronics,1242.6,867.69,5,4,4970.4,123,1262.33,Sale,Saturday,1499.6399999999994,0.3017141477547078,-19.730000000000018
10-08-2024,P108,Electronics,956.65,695.92,5,1,956.65,224,943.94,Holiday,Saturday,260.73,0.2725448178539696,12.709999999999923
10-08-2024,P109,Electronics,257.0,159.54,0,5,1285.0,181,252.4,Normal,Saturday,487.30000000000007,0.37922178988326855,4.599999999999994
10-08-2024,P110,Home,701.1,547.96,10,2,1402.2,185,695.59,Normal,Saturday,306.28,0.2184281842818428,5.509999999999991
10-08-2024,P111,Sports,261.25,204.1,5,7,1828.75,458,270.52,Normal,Saturday,400.04999999999995,0.21875598086124398,-9.269999999999982
10-08-2024,P112,Fashion,616.25,445.58,15,6,3697.5,263,614.73,Festival,Saturday,1024.02,0.27694929006085195,1.5199999999999818
10-08-2024,P113,Electronics,954.9,741.9,10,2,1909.8,229,976.64,Festival,Saturday,426.0,0.22306000628338046,-21.74000000000001
10-08-2024,P114,Sports,286.0,208.03,0,1,286.0,134,299.92,Normal,Saturday,77.97,0.2726223776223776,-13.920000000000016
10-08-2024,P115,Sports,262.2,177.81,5,1,262.2,71,253.17,Normal,Saturday,84.38999999999999,0.32185354691075513,9.030000000000001
10-08-2024,P116,Electronics,1071.0,775.94,0,0,0.0,246,1049.79,Normal,Saturday,0.0,,21.210000000000036
10-08-2024,P117,Home,602.3,380.42,5,3,1806.9,226,584.92,Normal,Saturday,665.6400000000001,0.36838784658807905,17.379999999999995
10-08-2024,P118,Electronics,1109.0,855.65,0,0,0.0,355,1061.68,Festival,Saturday,0.0,,47.319999999999936
10-08-2024,P119,Sports,676.0,442.14,0,0,0.0,304,666.23,Normal,Saturday,0.0,,9.769999999999982
11-08-2024,P100,Electronics,540.0,410.74,0,3,1620.0,483,522.2,Normal,Sunday,387.78,0.23937037037037034,17.799999999999955
11-08-2024,P101,Fashion,404.7,294.9,5,1,404.7,289,415.36,Normal,Sunday,109.80000000000001,0.2713120830244626,-10.660000000000025
11-08-2024,P102,Electronics,729.3,585.98,15,1,729.3,313,699.48,Normal,Sunday,143.31999999999994,0.1965172082819141,29.819999999999936
11-08-2024,P103,Sports,951.3,831.98,10,0,0.0,227,937.61,Normal,Sunday,0.0,,13.68999999999994
11-08-2024,P104,Fashion,1367.0,998.9,0,0,0.0,222,1393.16,Normal,Sunday,0.0,,-26.160000000000082
11-08-2024,P105,Sports,1253.75,899.33,15,1,1253.75,453,1209.6,Normal,Sunday,354.41999999999996,0.2826879361914257,44.15000000000009
11-08-2024,P106,Home,220.0,132.87,0,5,1100.0,498,225.83,Normal,Sunday,435.65,0.39604545454545453,-5.8300000000000125
11-08-2024,P107,Sports,1371.0,880.76,0,0,0.0,404,1437.29,Normal,Sunday,0.0,,-66.28999999999996
11-08-2024,P108,Electronics,1410.75,940.95,5,4,5643.0,209,1477.33,Festival,Sunday,1879.1999999999998,0.3330143540669856,-66.57999999999993
11-08-2024,P109,Sports,908.65,782.39,15,2,1817.3,150,937.71,Holiday,Sunday,252.51999999999998,0.1389533923953117,-29.06000000000006
11-08-2024,P110,Fashion,1328.0,900.87,0,0,0.0,451,1277.49,Normal,Sunday,0.0,,50.50999999999999
11-08-2024,P111,Sports,1097.35,919.24,15,0,0.0,127,1067.49,Normal,Sunday,0.0,,29.8599999999999
11-08-2024,P112,Electronics,1110.1,987.45,15,1,1110.1,297,1069.96,Normal,Sunday,122.64999999999986,0.11048554184307709,40.13999999999987
11-08-2024,P113,Sports,1348.05,906.69,5,0,0.0,343,1361.77,Normal,Sunday,0.0,,-13.720000000000027
11-08-2024,P114,Electronics,1176.3,910.01,10,0,0.0,355,1201.48,Normal,Sunday,0.0,,-25.180000000000064
11-08-2024,P115,Home,1136.45,948.65,15,2,2272.9,427,1103.36,Normal,Sunday,375.60000000000014,0.16525144089049237,33.090000000000146
11-08-2024,P116,Electronics,293.4,237.65,10,3,880.2,477,295.12,Sale,Sunday,167.25,0.190013633265167,-1.7200000000000273
11-08-2024,P117,Electronics,1210.5,1053.81,10,2,2421.0,498,1220.1,Normal,Sunday,313.3800000000001,0.12944237918215618,-9.599999999999909
11-08-2024,P118,Electronics,1159.0,806.25,5,3,3477.0,284,1126.74,Normal,Sunday,1058.25,0.3043572044866264,32.25999999999999
11-08-2024,P119,Fashion,443.0,284.53,0,2,886.0,56,452.65,Festival,Sunday,316.94000000000005,0.3577200902934538,-9.649999999999977
12-08-2024,P100,Home,1096.3,747.55,5,0,0.0,98,1132.36,Festival,Monday,0.0,,-36.059999999999945
12-08-2024,P101,Electronics,1318.0,1011.26,0,1,1318.0,32,1262.27,Normal,Monday,306.74,0.23273141122913507,55.73000000000002
12-08-2024,P102,Fashion,1139.4,803.89,10,5,5697.0,229,1096.27,Sale,Monday,1677.5500000000002,0.2944619975425663,43.13000000000011
12-08-2024,P103,Sports,416.0,292.68,0,1,416.0,369,423.07,Normal,Monday,123.32,0.29644230769230767,-7.069999999999993
12-08-2024,P104,Sports,300.0,187.17,0,2,600.0,396,291.72,Normal,Monday,225.66000000000003,0.37610000000000005,8.279999999999973
12-08-2024,P105,Home,431.1,375.74,10,1,431.1,269,423.64,Normal,Monday,55.360000000000014,0.12841568081651591,7.460000000000036
12-08-2024,P106,Home,925.65,835.14,15,0,0.0,159,891.34,Holiday,Monday,0.0,,34.309999999999945
12-08-2024,P107,Electronics,649.8,417.27,5,2,1299.6,46,646.54,Normal,Monday,465.05999999999995,0.357848568790397,3.259999999999991
12-08-2024,P108,Fashion,432.0,272.21,0,2,864.0,425,432.8,Festival,Monday,319.58000000000004,0.36988425925925933,-0.8000000000000114
12-08-2024,P109,Fashion,981.0,612.55,0,1,981.0,267,1002.3,Normal,Monday,368.45000000000005,0.3755861365953109,-21.299999999999955
12-08-2024,P110,Electronics,1031.0,628.41,0,4,4124.0,358,1031.24,Festival,Monday,1610.3600000000001,0.39048496605237637,-0.2400000000000091
12-08-2024,P111,Home,1424.05,945.03,5,0,0.0,408,1411.16,Normal,Monday,0.0,,12.889999999999873
12-08-2024,P112,Electronics,856.0,654.33,0,1,856.0,245,818.3,Normal,Monday,201.66999999999996,0.23559579439252332,37.700000000000045
12-08-2024,P113,Home,542.7,433.47,10,1,542.7,239,518.65,Normal,Monday,109.23000000000002,0.20127142067440576,24.050000000000068
12-08-2024,P114,Electronics,1051.2,798.31,10,0,0.0,73,1012.22,Festival,Monday,0.0,,38.98000000000002
12-08-2024,P115,Fashion,874.0,565.69,0,2,1748.0,131,873.43,Normal,Monday,616.6199999999999,0.35275743707093815,0.57000000000005
12-08-2024,P116,Sports,1304.1,1031.23,10,0,0.0,171,1266.72,Normal,Monday,0.0,,37.37999999999988
12-08-2024,P117,Fashion,395.0,301.42,0,0,0.0,464,382.4,Normal,Monday,0.0,,12.600000000000023
12-08-2024,P118,Home,694.45,511.74,15,2,1388.9,188,661.79,Holiday,Monday,365.4200000000001,0.26310029519763845,32.66000000000008
12-08-2024,P119,Sports,864.9,617.2,10,0,0.0,393,874.86,Normal,Monday,0.0,,-9.960000000000036
13-08-2024,P100,Sports,824.0,599.81,0,0,0.0,269,854.85,Normal,Tuesday,0.0,,-30.850000000000023
13-08-2024,P101,Sports,579.0,457.37,0,4,2316.0,323,570.21,Normal,Tuesday,486.52,0.2100690846286701,8.789999999999964
13-08-2024,P102,Sports,560.0,400.2,0,0,0.0,357,546.33,Festival,Tuesday,0.0,,13.669999999999959
13-08-2024,P103,Sports,987.3,784.71,10,0,0.0,382,988.69,Normal,Tuesday,0.0,,-1.3900000000001
13-08-2024,P104,Fashion,646.0,401.92,0,0,0.0,249,619.99,Normal,Tuesday,0.0,,26.00999999999999
13-08-2024,P105,Home,307.8,215.7,10,2,615.6,456,310.54,Festival,Tuesday,184.20000000000005,0.2992202729044835,-2.740000000000009
13-08-2024,P106,Fashion,366.7,258.2,5,0,0.0,168,384.76,Holiday,Tuesday,0.0,,-18.060000000000002
13-08-2024,P107,Sports,1314.0,1059.12,10,5,6570.0,228,1310.34,Normal,Tuesday,1274.4000000000005,0.1939726027397261,3.660000000000082
13-08-2024,P108,Home,829.0,571.7,0,0,0.0,159,795.18,Normal,Tuesday,0.0,,33.82000000000005
13-08-2024,P109,Home,1087.75,799.89,5,2,2175.5,318,1055.36,Festival,Tuesday,575.72,0.2646380142495978,32.3900000000001
13-08-2024,P110,Home,978.0,628.41,0,1,978.0,209,961.36,Sale,Tuesday,349.59000000000003,0.3574539877300614,16.639999999999986
13-08-2024,P111,Electronics,693.9,528.02,10,3,2081.7,360,725.02,Holiday,Tuesday,497.6399999999999,0.23905461882115575,-31.120000000000005
13-08-2024,P112,Sports,389.0,281.44,0,3,1167.0,27,372.36,Sale,Tuesday,322.68000000000006,0.27650385604113115,16.639999999999986
13-08-2024,P113,Home,1123.0,884.29,0,1,1123.0,362,1067.98,Sale,Tuesday,238.71000000000004,0.21256455921638473,55.01999999999998
13-08-2024,P114,Sports,702.0,492.78,10,4,2808.0,63,720.2,Normal,Tuesday,836.8800000000001,0.2980341880341881,-18.200000000000045
13-08-2024,P115,Home,724.5,550.44,10,1,724.5,56,709.1,Normal,Tuesday,174.05999999999995,0.24024844720496888,15.399999999999977
13-08-2024,P116,Fashion,613.0,433.05,0,1,613.0,408,600.2,Festival,Tuesday,179.95,0.2935562805872757,12.799999999999955
13-08-2024,P117,Home,987.05,643.65,5,0,0.0,479,939.21,Holiday,Tuesday,0.0,,47.83999999999992
13-08-2024,P118,Home,251.0,181.65,0,1,251.0,140,243.28,Normal,Tuesday,69.35,0.27629482071713146,7.719999999999999
13-08-2024,P119,Fashion,1432.0,1105.57,0,0,0.0,341,1469.75,Normal,Tuesday,0.0,,-37.75
14-08-2024,P100,Electronics,1042.0,823.81,0,3,3126.0,249,1092.01,Holiday,Wednesday,654.5700000000002,0.20939539347408834,-50.00999999999999
14-08-2024,P101,Sports,225.9,157.5,10,4,903.6,327,226.86,Normal,Wednesday,273.6,0.30278884462151395,-0.960000000000008
14-08-2024,P102,Fashion,1076.0,850.0,0,1,1076.0,390,1103.77,Normal,Wednesday,226.0,0.2100371747211896,-27.769999999999982
14-08-2024,P103,Sports,424.65,327.08,5,1,424.65,416,445.29,Normal,Wednesday,97.57,0.22976568939126338,-20.640000000000043
14-08-2024,P104,Fashion,653.0,452.99,0,0,0.0,206,678.23,Normal,Wednesday,0.0,,-25.230000000000018
14-08-2024,P105,Home,427.5,331.97,5,2,855.0,88,424.69,Festival,Wednesday,191.05999999999995,0.2234619883040935,2.8100000000000023
14-08-2024,P106,Electronics,1308.6,995.35,10,1,1308.6,47,1345.63,Sale,Wednesday,313.2499999999999,0.23937796117988683,-37.0300000000002
14-08-2024,P107,Electronics,620.0,378.28,0,3,1860.0,157,628.87,Normal,Wednesday,725.1600000000001,0.3898709677419355,-8.870000000000005
14-08-2024,P108,Home,211.85,155.82,5,6,1271.1,152,202.02,Normal,Wednesday,336.17999999999995,0.2644795846117536,9.829999999999984
14-08-2024,P109,Sports,876.6,770.08,10,0,0.0,483,838.52,Sale,Wednesday,0.0,,38.08000000000004
14-08-2024,P110,Sports,800.0,596.65,0,0,0.0,385,835.57,Sale,Wednesday,0.0,,-35.57000000000005
14-08-2024,P111,Electronics,315.0,223.12,0,5,1575.0,470,329.87,Normal,Wednesday,459.4000000000001,0.29168253968253977,-14.870000000000005
14-08-2024,P112,Electronics,884.0,562.78,0,4,3536.0,131,905.65,Normal,Wednesday,1284.88,0.3633710407239819,-21.649999999999977
14-08-2024,P113,Fashion,386.0,289.38,0,0,0.0,297,394.38,Sale,Wednesday,0.0,,-8.379999999999995
14-08-2024,P114,Home,1455.0,899.3,0,0,0.0,132,1408.1,Normal,Wednesday,0.0,,46.90000000000009
14-08-2024,P115,Sports,1061.15,825.43,5,0,0.0,91,1024.81,Holiday,Wednesday,0.0,,36.340000000000146
14-08-2024,P116,Sports,696.15,496.09,15,4,2784.6,100,719.95,Normal,Wednesday,800.24,0.28738059326294624,-23.800000000000068
14-08-2024,P117,Fashion,329.0,235.32,0,0,0.0,160,317.18,Normal,Wednesday,0.0,,11.819999999999993
14-08-2024,P118,Fashion,1497.0,918.97,0,0,0.0,348,1569.44,Normal,Wednesday,0.0,,-72.44000000000005
14-08-2024,P119,Sports,228.6,202.79,10,8,1828.8,101,235.29,Holiday,Wednesday,206.48000000000002,0.11290463692038497,-6.689999999999998
15-08-2024,P100,Home,340.2,248.44,10,3,1020.6,451,324.7,Sale,Thursday,275.2800000000001,0.2697236919459142,15.5
15-08-2024,P101,Sports,365.0,231.97,0,2,730.0,420,379.47,Sale,Thursday,266.06,0.36446575342465753,-14.470000000000027
15-08-2024,P102,Sports,1231.65,923.03,15,3,3694.95,341,1177.43,Normal,Thursday,925.8599999999997,0.2505744326716193,54.22000000000003
15-08-2024,P103,Fashion,342.0,226.51,0,5,1710.0,479,352.52,Festival,Thursday,577.45,0.3376900584795322,-10.519999999999982
15-08-2024,P104,Home,1352.0,832.95,0,0,0.0,167,1401.71,Festival,Thursday,0.0,,-49.710000000000036
15-08-2024,P105,Electronics,962.1,758.58,10,0,0.0,343,954.99,Normal,Thursday,0.0,,7.110000000000014
15-08-2024,P106,Fashion,579.5,474.55,5,0,0.0,427,566.46,Normal,Thursday,0.0,,13.039999999999964
15-08-2024,P107,Fashion,430.2,305.89,10,4,1720.8,73,447.91,Normal,Thursday,497.24,0.2889586238958624,-17.710000000000036
15-08-2024,P108,Sports,1189.0,761.87,0,0,0.0,93,1200.77,Normal,Thursday,0.0,,-11.769999999999982
15-08-2024,P109,Sports,794.0,624.18,0,2,1588.0,357,787.31,Festival,Thursday,339.6400000000001,0.2138790931989925,6.690000000000055
15-08-2024,P110,Electronics,1065.05,948.33,15,0,0.0,466,1093.55,Normal,Thursday,0.0,,-28.5
15-08-2024,P111,Electronics,1277.0,974.5,0,0,0.0,104,1216.65,Holiday,Thursday,0.0,,60.34999999999991
15-08-2024,P112,Fashion,797.0,551.74,0,1,797.0,272,834.6,Normal,Thursday,245.26,0.3077289836888331,-37.60000000000002
15-08-2024,P113,Electronics,387.0,268.77,0,0,0.0,110,374.16,Sale,Thursday,0.0,,12.839999999999975
15-08-2024,P114,Fashion,466.0,315.08,0,0,0.0,491,478.81,Sale,Thursday,0.0,,-12.810000000000002
15-08-2024,P115,Fashion,533.9,397.19,5,2,1067.8,233,536.97,Normal,Thursday,273.41999999999996,0.2560591871136917,-3.07000000000005
15-08-2024,P116,Electronics,1459.0,1135.98,0,0,0.0,171,1451.0,Holiday,Thursday,0.0,,8.0
15-08-2024,P117,Electronics,1078.65,812.83,15,2,2157.3,231,1025.35,Normal,Thursday,531.6400000000001,0.24643767672553657,53.30000000000018
15-08-2024,P118,Fashion,501.0,321.79,0,1,501.0,444,496.28,Normal,Thursday,179.20999999999998,0.35770459081836325,4.720000000000027
15-08-2024,P119,Electronics,214.7,179.56,5,7,1502.9,449,210.02,Sale,Thursday,245.98000000000002,0.16367023754075455,4.679999999999978
16-08-2024,P100,Fashion,861.0,649.65,0,0,0.0,334,885.13,Festival,Friday,0.0,,-24.129999999999995
16-08-2024,P101,Electronics,762.0,536.34,0,0,0.0,428,728.28,Festival,Friday,0.0,,33.72000000000003
16-08-2024,P102,Home,1406.95,1034.88,5,0,0.0,304,1338.76,Holiday,Friday,0.0,,68.19000000000005
16-08-2024,P103,Sports,868.0,623.17,0,2,1736.0,279,902.68,Normal,Friday,489.6600000000001,0.2820622119815669,-34.67999999999995
16-08-2024,P104,Fashion,584.0,363.4,0,1,584.0,26,557.33,Normal,Friday,220.60000000000002,0.3777397260273973,26.66999999999996
16-08-2024,P105,Electronics,487.0,339.35,0,2,974.0,192,485.21,Normal,Friday,295.29999999999995,0.30318275154004104,1.7900000000000205
16-08-2024,P106,Electronics,369.0,261.42,10,4,1476.0,245,359.27,Normal,Friday,430.31999999999994,0.29154471544715443,9.730000000000018
16-08-2024,P107,Electronics,635.0,446.45,0,3,1905.0,30,639.67,Normal,Friday,565.6500000000001,0.29692913385826775,-4.669999999999959
16-08-2024,P108,Fashion,728.45,616.07,15,7,5099.15,21,763.78,Normal,Friday,786.659999999999,0.15427277095202122,-35.32999999999993
16-08-2024,P109,Fashion,762.3,607.91,10,4,3049.2,229,771.38,Normal,Friday,617.56,0.20253181162272071,-9.080000000000041
16-08-2024,P110,Fashion,1437.0,928.37,0,0,0.0,32,1468.79,Normal,Friday,0.0,,-31.789999999999964
16-08-2024,P111,Sports,366.0,279.67,0,1,366.0,359,367.15,Normal,Friday,86.32999999999998,0.23587431693989067,-1.1499999999999773
16-08-2024,P112,Electronics,562.5,430.7,10,0,0.0,397,566.76,Normal,Friday,0.0,,-4.259999999999991
16-08-2024,P113,Fashion,1251.0,889.76,0,3,3753.0,165,1221.46,Normal,Friday,1083.7200000000003,0.28876099120703447,29.539999999999964
16-08-2024,P114,Sports,305.0,228.63,0,6,1830.0,341,308.18,Normal,Friday,458.22,0.2503934426229508,-3.180000000000007
16-08-2024,P115,Electronics,643.0,433.52,0,6,3858.0,389,645.93,Holiday,Friday,1256.88,0.3257853810264386,-2.92999999999995
16-08-2024,P116,Home,1009.85,795.03,5,0,0.0,70,983.19,Normal,Friday,0.0,,26.659999999999968
16-08-2024,P117,Electronics,1171.3,1040.51,15,1,1171.3,111,1202.24,Sale,Friday,130.78999999999996,0.11166225561342095,-30.940000000000055
16-08-2024,P118,Sports,218.0,173.89,0,1,218.0,221,224.74,Normal,Friday,44.110000000000014,0.20233944954128447,-6.740000000000009
16-08-2024,P119,Home,1163.7,874.27,10,0,0.0,313,1126.07,Normal,Friday,0.0,,37.63000000000011
17-08-2024,P100,Sports,930.0,698.97,0,0,0.0,40,935.17,Holiday,Saturday,0.0,,-5.169999999999959
17-08-2024,P101,Electronics,1026.0,652.47,0,1,1026.0,152,1052.66,Normal,Saturday,373.53,0.3640643274853801,-26.660000000000082
17-08-2024,P102,Home,591.85,430.5,5,5,2959.25,61,566.9,Normal,Saturday,806.75,0.2726197516262567,24.950000000000045
17-08-2024,P103,Fashion,226.95,203.43,15,5,1134.75,58,222.77,Normal,Saturday,117.59999999999991,0.10363516192994043,4.179999999999978
17-08-2024,P104,Electronics,1079.0,751.4,0,0,0.0,348,1036.01,Holiday,Saturday,0.0,,42.99000000000001
17-08-2024,P105,Fashion,524.0,380.09,0,2,1048.0,134,533.9,Festival,Saturday,287.82000000000005,0.27463740458015273,-9.899999999999977
17-08-2024,P106,Sports,897.3,669.75,10,4,3589.2,81,917.38,Normal,Saturday,910.1999999999998,0.25359411568037443,-20.08000000000004
17-08-2024,P107,Electronics,484.5,343.9,5,2,969.0,352,508.38,Normal,Saturday,281.20000000000005,0.2901960784313726,-23.879999999999995
17-08-2024,P108,Home,796.0,575.36,0,4,3184.0,206,827.6,Festival,Saturday,882.56,0.2771859296482412,-31.600000000000023
17-08-2024,P109,Home,689.0,462.14,0,0,0.0,417,707.79,Sale,Saturday,0.0,,-18.789999999999964
17-08-2024,P110,Home,1215.0,734.56,0,3,3645.0,435,1165.73,Normal,Saturday,1441.3200000000002,0.3954238683127572,49.26999999999998
17-08-2024,P111,Fashion,689.4,567.61,10,2,1378.8,89,659.14,Normal,Saturday,243.57999999999993,0.1766608645198723,30.25999999999999
17-08-2024,P112,Electronics,688.5,535.69,10,0,0.0,328,713.53,Festival,Saturday,0.0,,-25.029999999999973
17-08-2024,P113,Sports,577.0,387.79,0,1,577.0,412,572.42,Normal,Saturday,189.20999999999998,0.3279202772963605,4.580000000000041
17-08-2024,P114,Electronics,264.0,175.47,0,1,264.0,416,267.92,Normal,Saturday,88.53,0.3353409090909091,-3.920000000000016
17-08-2024,P115,Electronics,442.7,355.75,5,2,885.4,204,449.12,Normal,Saturday,173.89999999999998,0.19640840298170317,-6.420000000000016
17-08-2024,P116,Fashion,883.8,658.01,10,1,883.8,234,902.16,Sale,Saturday,225.78999999999996,0.2554763521158633,-18.360000000000014
17-08-2024,P117,Fashion,1189.4,934.29,5,4,4757.6,359,1235.42,Normal,Saturday,1020.4400000000005,0.21448629561123264,-46.01999999999998
17-08-2024,P118,Home,268.0,201.67,0,3,804.0,111,267.66,Sale,Saturday,198.99,0.2475,0.339999999999975
17-08-2024,P119,Fashion,369.55,300.48,5,4,1478.2,59,369.87,Normal,Saturday,276.28,0.1869029901231227,-0.3199999999999932
18-08-2024,P100,Fashion,1031.4,902.25,10,0,0.0,335,1060.19,Normal,Sunday,0.0,,-28.789999999999964
18-08-2024,P101,Sports,455.05,349.04,5,4,1820.2,173,474.11,Normal,Sunday,424.03999999999996,0.23296341061421819,-19.060000000000002
18-08-2024,P102,Home,670.0,489.58,0,0,0.0,456,646.07,Normal,Sunday,0.0,,23.92999999999995
18-08-2024,P103,Sports,932.0,715.3,0,0,0.0,100,928.53,Holiday,Sunday,0.0,,3.4700000000000273
18-08-2024,P104,Sports,974.7,856.34,10,0,0.0,338,1012.82,Normal,Sunday,0.0,,-38.120000000000005
18-08-2024,P105,Sports,584.0,459.79,0,3,1752.0,224,588.69,Normal,Sunday,372.6299999999999,0.2126883561643835,-4.690000000000055
18-08-2024,P106,Sports,1308.0,861.37,0,1,1308.0,160,1355.78,Sale,Sunday,446.63,0.34146024464831803,-47.77999999999997
18-08-2024,P107,Fashion,1294.85,990.3,5,0,0.0,42,1243.55,Normal,Sunday,0.0,,51.299999999999955
18-08-2024,P108,Electronics,1178.95,1025.21,15,3,3536.85,417,1183.1,Normal,Sunday,461.2199999999998,0.13040417320497047,-4.149999999999864
18-08-2024,P109,Sports,369.55,304.11,5,2,739.1,360,362.7,Sale,Sunday,130.88,0.17708023271546475,6.850000000000023
18-08-2024,P110,Sports,1034.1,726.17,10,2,2068.2,63,1019.16,Sale,Sunday,615.8599999999999,0.2977758437288463,14.93999999999994
18-08-2024,P111,Sports,1054.0,829.71,0,0,0.0,337,1090.87,Festival,Sunday,0.0,,-36.86999999999989
18-08-2024,P112,Sports,1237.85,973.55,5,2,2475.7,284,1245.2,Sale,Sunday,528.5999999999999,0.2135153693904754,-7.350000000000136
18-08-2024,P113,Fashion,446.0,356.53,0,4,1784.0,210,452.93,Normal,Sunday,357.8800000000001,0.20060538116591933,-6.930000000000007
18-08-2024,P114,Home,215.65,175.26,5,9,1940.85,87,212.71,Normal,Sunday,363.51,0.1872942267563181,2.9399999999999977
18-08-2024,P115,Fashion,679.0,454.48,0,0,0.0,448,699.6,Sale,Sunday,0.0,,-20.600000000000023
18-08-2024,P116,Fashion,1114.35,786.96,15,0,0.0,354,1109.31,Festival,Sunday,0.0,,5.039999999999964
18-08-2024,P117,Fashion,669.0,407.69,0,0,0.0,20,637.67,Normal,Sunday,0.0,,31.33000000000004
18-08-2024,P118,Electronics,1117.2,810.33,5,0,0.0,382,1132.55,Normal,Sunday,0.0,,-15.349999999999909
18-08-2024,P119,Fashion,517.0,387.64,0,2,1034.0,465,505.44,Normal,Sunday,258.72,0.25021276595744685,11.560000000000002
19-08-2024,P100,Fashion,1173.0,876.9,0,0,0.0,369,1205.01,Normal,Monday,0.0,,-32.00999999999999
19-08-2024,P101,Electronics,486.0,427.34,10,2,972.0,405,478.5,Normal,Monday,117.32000000000005,0.12069958847736631,7.5
19-08-2024,P102,Home,1393.0,1111.58,0,0,0.0,302,1344.08,Sale,Monday,0.0,,48.92000000000007
19-08-2024,P103,Electronics,217.8,154.14,10,3,653.4,323,207.31,Normal,Monday,190.98000000000002,0.2922865013774105,10.490000000000009
19-08-2024,P104,Sports,1150.2,848.12,10,6,6901.2,223,1151.36,Normal,Monday,1812.4799999999996,0.2626325856372804,-1.1599999999998545
19-08-2024,P105,Home,682.1,496.57,5,2,1364.2,55,683.9,Sale,Monday,371.06000000000006,0.27199824072716616,-1.7999999999999545
19-08-2024,P106,Home,539.75,492.5,15,2,1079.5,140,515.43,Normal,Monday,94.5,0.08754052802223251,24.32000000000005
19-08-2024,P107,Sports,497.7,420.54,10,1,497.7,344,510.54,Normal,Monday,77.15999999999997,0.15503315250150687,-12.840000000000032
19-08-2024,P108,Electronics,916.0,658.69,0,2,1832.0,256,956.05,Sale,Monday,514.6199999999999,0.28090611353711786,-40.049999999999955
19-08-2024,P109,Sports,868.0,612.14,0,0,0.0,253,829.35,Normal,Monday,0.0,,38.64999999999998
19-08-2024,P110,Electronics,239.4,158.81,5,6,1436.4,279,231.61,Normal,Monday,483.5400000000001,0.33663324979114456,7.789999999999992
19-08-2024,P111,Fashion,1407.9,1110.23,5,2,2815.8,182,1405.15,Normal,Monday,595.3400000000001,0.21142836849208044,2.75
19-08-2024,P112,Fashion,1322.0,887.33,0,0,0.0,288,1321.25,Festival,Monday,0.0,,0.75
19-08-2024,P113,Electronics,360.0,276.77,10,3,1080.0,483,360.11,Normal,Monday,249.69000000000005,0.2311944444444445,-0.11000000000001364
19-08-2024,P114,Fashion,845.75,624.52,15,3,2537.25,90,829.51,Normal,Monday,663.69,0.2615784806384866,16.24000000000001
19-08-2024,P115,Home,230.0,168.59,0,5,1150.0,25,236.01,Normal,Monday,307.04999999999995,0.26699999999999996,-6.009999999999991
19-08-2024,P116,Sports,357.0,237.31,0,7,2499.0,409,367.63,Festival,Monday,837.8299999999999,0.335266106442577,-10.629999999999995
19-08-2024,P117,Fashion,891.0,554.74,0,1,891.0,229,877.08,Normal,Monday,336.26,0.3773961840628507,13.919999999999959
19-08-2024,P118,Sports,1207.0,890.15,0,1,1207.0,196,1219.41,Normal,Monday,316.85,0.26251035625517816,-12.410000000000082
19-08-2024,P119,Electronics,478.8,380.07,5,3,1436.4,470,481.75,Normal,Monday,296.19000000000005,0.20620300751879703,-2.9499999999999886
20-08-2024,P100,Fashion,1101.0,828.69,0,1,1101.0,284,1091.4,Festival,Tuesday,272.30999999999995,0.24732970027247952,9.599999999999909
20-08-2024,P101,Fashion,1046.9,781.07,5,1,1046.9,459,1027.19,Sale,Tuesday,265.83000000000004,0.25392110039163246,19.710000000000036
20-08-2024,P102,Home,928.8,763.36,10,1,928.8,56,960.38,Sale,Tuesday,165.43999999999994,0.17812230835486645,-31.58000000000004
20-08-2024,P103,Sports,694.0,467.38,0,4,2776.0,49,677.05,Sale,Tuesday,906.48,0.32654178674351586,16.950000000000045
20-08-2024,P104,Fashion,819.0,603.84,0,2,1638.0,195,811.59,Holiday,Tuesday,430.31999999999994,0.2627106227106227,7.409999999999968
20-08-2024,P105,Electronics,901.0,613.37,0,0,0.0,304,930.68,Normal,Tuesday,0.0,,-29.67999999999995
20-08-2024,P106,Fashion,1084.0,798.55,0,1,1084.0,181,1124.12,Normal,Tuesday,285.45000000000005,0.26333025830258305,-40.11999999999989
20-08-2024,P107,Fashion,642.6,476.28,10,2,1285.2,63,643.79,Normal,Tuesday,332.6400000000001,0.2588235294117648,-1.1899999999999409
20-08-2024,P108,Home,984.0,784.48,0,4,3936.0,478,968.1,Normal,Tuesday,798.0799999999999,0.20276422764227642,15.899999999999977
20-08-2024,P109,Home,719.95,584.38,15,2,1439.9,338,685.63,Normal,Tuesday,271.1400000000001,0.18830474338495734,34.32000000000005
20-08-2024,P110,Fashion,314.0,201.26,0,1,314.0,394,312.23,Normal,Tuesday,112.74000000000001,0.3590445859872612,1.7699999999999818
20-08-2024,P111,Electronics,1129.0,773.44,0,0,0.0,344,1147.73,Festival,Tuesday,0.0,,-18.730000000000018
20-08-2024,P112,Fashion,1293.3,937.8,10,0,0.0,462,1331.19,Normal,Tuesday,0.0,,-37.8900000000001
20-08-2024,P113,Home,585.9,412.91,10,2,1171.8,291,575.12,Normal,Tuesday,345.9799999999999,0.2952551629970984,10.779999999999973
20-08-2024,P114,Home,1367.0,982.38,0,5,6835.0,485,1307.52,Festival,Tuesday,1923.1000000000004,0.281360643745428,59.48000000000002
20-08-2024,P115,Fashion,363.85,303.41,5,4,1455.4,355,366.16,Sale,Tuesday,241.76,0.16611240895973614,-2.3100000000000023
20-08-2024,P116,Home,606.0,365.89,0,0,0.0,69,600.73,Sale,Tuesday,0.0,,5.269999999999982
20-08-2024,P117,Sports,234.6,209.97,15,6,1407.6,84,228.55,Sale,Tuesday,147.77999999999997,0.10498721227621483,6.049999999999983
20-08-2024,P118,Fashion,671.0,469.04,0,6,4026.0,165,652.85,Sale,Tuesday,1211.7599999999998,0.300983606557377,18.149999999999977
20-08-2024,P119,Sports,511.2,408.47,10,3,1533.6,413,501.63,Normal,Tuesday,308.1899999999998,0.2009585289514866,9.569999999999993
21-08-2024,P100,Home,244.0,153.47,0,1,244.0,273,245.05,Normal,Wednesday,90.53,0.3710245901639344,-1.0500000000000114
21-08-2024,P101,Fashion,598.5,399.47,10,1,598.5,444,612.68,Normal,Wednesday,199.02999999999997,0.33254803675856304,-14.17999999999995
21-08-2024,P102,Electronics,267.0,207.49,0,5,1335.0,303,267.97,Sale,Wednesday,297.54999999999995,0.2228838951310861,-0.9700000000000273
21-08-2024,P103,Home,1245.45,1047.76,5,0,0.0,310,1292.76,Normal,Wednesday,0.0,,-47.309999999999945
21-08-2024,P104,Home,707.0,537.85,0,0,0.0,36,720.69,Normal,Wednesday,0.0,,-13.690000000000055
21-08-2024,P105,Electronics,791.35,553.26,5,0,0.0,170,791.98,Normal,Wednesday,0.0,,-0.6299999999999955
21-08-2024,P106,Electronics,1287.25,1034.95,5,0,0.0,440,1243.11,Sale,Wednesday,0.0,,44.1400000000001
21-08-2024,P107,Electronics,1493.0,1169.52,0,0,0.0,129,1480.88,Sale,Wednesday,0.0,,12.11999999999989
21-08-2024,P108,Sports,809.0,563.48,0,2,1618.0,100,789.97,Normal,Wednesday,491.03999999999996,0.3034857849196539,19.029999999999973
21-08-2024,P109,Electronics,866.0,560.49,0,2,1732.0,24,863.6,Normal,Wednesday,611.02,0.3527829099307159,2.3999999999999773
21-08-2024,P110,Fashion,1295.0,869.91,0,0,0.0,282,1267.51,Normal,Wednesday,0.0,,27.49000000000001
21-08-2024,P111,Sports,794.75,600.6,15,1,794.75,119,822.91,Festival,Wednesday,194.14999999999998,0.24429065743944633,-28.159999999999968
21-08-2024,P112,Home,1254.0,932.61,0,0,0.0,423,1278.72,Normal,Wednesday,0.0,,-24.720000000000027
21-08-2024,P113,Fashion,401.0,290.45,0,2,802.0,419,388.21,Festival,Wednesday,221.10000000000002,0.27568578553615963,12.79000000000002
21-08-2024,P114,Electronics,1135.25,867.2,5,0,0.0,349,1171.48,Normal,Wednesday,0.0,,-36.23000000000002
21-08-2024,P115,Sports,782.8,548.89,5,0,0.0,268,746.25,Normal,Wednesday,0.0,,36.549999999999955
21-08-2024,P116,Home,282.0,209.7,0,4,1128.0,429,283.26,Festival,Wednesday,289.20000000000005,0.2563829787234043,-1.259999999999991
21-08-2024,P117,Electronics,291.0,202.83,0,7,2037.0,319,290.58,Festival,Wednesday,617.1899999999998,0.3029896907216494,0.4200000000000159
21-08-2024,P118,Electronics,635.0,427.52,0,2,1270.0,339,643.98,Normal,Wednesday,414.96000000000004,0.326740157480315,-8.980000000000018
21-08-2024,P119,Electronics,889.0,557.93,0,1,889.0,202,871.01,Festival,Wednesday,331.07000000000005,0.37240719910011255,17.99000000000001
22-08-2024,P100,Home,901.85,637.91,15,0,0.0,267,908.93,Sale,Thursday,0.0,,-7.079999999999927
22-08-2024,P101,Electronics,598.0,369.73,0,0,0.0,250,587.19,Holiday,Thursday,0.0,,10.809999999999945
22-08-2024,P102,Sports,606.9,444.21,15,1,606.9,91,614.33,Normal,Thursday,162.69,0.2680672268907563,-7.430000000000064
22-08-2024,P103,Electronics,853.1,705.66,5,1,853.1,403,848.01,Normal,Thursday,147.44000000000005,0.17282850779510028,5.090000000000032
22-08-2024,P104,Home,609.0,469.61,0,5,3045.0,484,587.99,Normal,Thursday,696.9499999999998,0.22888341543513951,21.00999999999999
22-08-2024,P105,Electronics,801.0,639.98,10,0,0.0,410,834.93,Normal,Thursday,0.0,,-33.92999999999995
22-08-2024,P106,Fashion,1120.3,828.35,15,3,3360.9,131,1163.82,Normal,Thursday,875.8499999999999,0.2605998393287512,-43.51999999999998
22-08-2024,P107,Fashion,1048.0,747.02,0,0,0.0,411,1012.31,Normal,Thursday,0.0,,35.690000000000055
22-08-2024,P108,Electronics,248.9,204.04,5,6,1493.4,120,254.97,Normal,Thursday,269.1600000000001,0.18023302531137006,-6.069999999999993
22-08-2024,P109,Fashion,392.0,238.44,0,0,0.0,227,374.21,Festival,Thursday,0.0,,17.79000000000002
22-08-2024,P110,Fashion,333.9,258.63,10,6,2003.4,173,338.17,Sale,Thursday,451.6200000000001,0.2254267744833783,-4.270000000000039
22-08-2024,P111,Fashion,994.65,825.46,5,0,0.0,276,1040.4,Normal,Thursday,0.0,,-45.750000000000114
22-08-2024,P112,Home,630.0,522.51,10,4,2520.0,474,642.76,Holiday,Thursday,429.96000000000004,0.17061904761904764,-12.759999999999991
22-08-2024,P113,Home,295.2,238.86,10,3,885.6,115,281.98,Normal,Thursday,169.01999999999998,0.19085365853658534,13.21999999999997
22-08-2024,P114,Sports,419.0,273.43,0,4,1676.0,348,402.97,Sale,Thursday,582.28,0.3474224343675418,16.029999999999973
22-08-2024,P115,Sports,301.0,233.46,0,2,602.0,479,303.45,Normal,Thursday,135.07999999999998,0.22438538205980063,-2.4499999999999886
22-08-2024,P116,Electronics,198.0,145.19,10,5,990.0,471,205.56,Normal,Thursday,264.04999999999995,0.2667171717171717,-7.560000000000002
22-08-2024,P117,Electronics,1037.0,704.63,0,0,0.0,303,988.14,Normal,Thursday,0.0,,48.860000000000014
22-08-2024,P118,Sports,615.4,480.32,15,3,1846.2,159,625.69,Festival,Thursday,405.24,0.2194995125121872,-10.290000000000077
22-08-2024,P119,Home,836.0,584.03,0,0,0.0,196,870.22,Sale,Thursday,0.0,,-34.22000000000003
23-08-2024,P100,Home,883.8,597.72,10,0,0.0,447,919.07,Holiday,Friday,0.0,,-35.270000000000095
23-08-2024,P101,Fashion,1103.3,1003.86,15,0,0.0,108,1101.55,Normal,Friday,0.0,,1.75
23-08-2024,P102,Sports,571.9,406.6,5,1,571.9,469,554.94,Normal,Friday,165.29999999999995,0.2890365448504983,16.959999999999923
23-08-2024,P103,Sports,869.0,602.65,0,0,0.0,469,873.51,Sale,Friday,0.0,,-4.509999999999991
23-08-2024,P104,Fashion,1375.0,913.11,0,0,0.0,186,1356.74,Normal,Friday,0.0,,18.25999999999999
23-08-2024,P105,Home,1182.0,806.93,0,1,1182.0,469,1157.68,Sale,Friday,375.07000000000005,0.31731810490693746,24.319999999999936
23-08-2024,P106,Home,1498.0,954.5,0,1,1498.0,380,1470.07,Holiday,Friday,543.5,0.3628170894526035,27.930000000000064
23-08-2024,P107,Sports,311.0,214.29,0,7,2177.0,26,312.66,Festival,Friday,676.97,0.3109646302250804,-1.660000000000025
23-08-2024,P108,Fashion,790.2,685.68,10,0,0.0,283,753.63,Normal,Friday,0.0,,36.57000000000005
23-08-2024,P109,Sports,576.0,379.24,0,3,1728.0,244,562.41,Sale,Friday,590.28,0.3415972222222222,13.590000000000032
23-08-2024,P110,Electronics,1003.0,672.0,0,0,0.0,300,1008.51,Normal,Friday,0.0,,-5.509999999999991
23-08-2024,P111,Electronics,1305.9,916.25,10,4,5223.6,412,1348.87,Festival,Friday,1558.6000000000004,0.29837659851443454,-42.9699999999998
23-08-2024,P112,Fashion,1469.0,970.11,0,0,0.0,445,1498.87,Normal,Friday,0.0,,-29.86999999999989
23-08-2024,P113,Electronics,1190.35,807.2,5,1,1190.35,393,1159.87,Normal,Friday,383.14999999999986,0.32188011929264493,30.480000000000018
23-08-2024,P114,Sports,723.9,533.46,5,0,0.0,454,701.41,Holiday,Friday,0.0,,22.49000000000001
23-08-2024,P115,Sports,866.0,680.19,0,0,0.0,345,890.07,Normal,Friday,0.0,,-24.07000000000005
23-08-2024,P116,Home,574.0,408.38,0,0,0.0,39,572.66,Normal,Friday,0.0,,1.3400000000000318
23-08-2024,P117,Sports,1234.2,1042.04,15,1,1234.2,43,1249.8,Festival,Friday,192.16000000000008,0.15569599740722742,-15.599999999999909
23-08-2024,P118,Electronics,1312.0,899.43,0,2,2624.0,395,1346.79,Festival,Friday,825.1400000000001,0.3144588414634147,-34.789999999999964
23-08-2024,P119,Home,985.0,620.03,0,0,0.0,331,968.99,Normal,Friday,0.0,,16.00999999999999
24-08-2024,P100,Sports,419.9,281.6,5,3,1259.7,402,417.76,Normal,Saturday,414.9,0.3293641343176947,2.1399999999999864
24-08-2024,P101,Fashion,212.0,155.44,0,5,1060.0,420,221.69,Normal,Saturday,282.79999999999995,0.26679245283018865,-9.689999999999998
24-08-2024,P102,Sports,1303.2,952.7,10,0,0.0,438,1317.36,Festival,Saturday,0.0,,-14.159999999999854
24-08-2024,P103,Electronics,1012.0,684.37,0,4,4048.0,193,1046.26,Normal,Saturday,1310.52,0.32374505928853753,-34.25999999999999
24-08-2024,P104,Sports,631.55,494.05,15,4,2526.2,136,606.57,Normal,Saturday,549.9999999999998,0.217718312089304,24.979999999999905
24-08-2024,P105,Electronics,559.0,352.45,0,4,2236.0,244,576.48,Festival,Saturday,826.2,0.3694991055456172,-17.480000000000018
24-08-2024,P106,Electronics,333.9,294.5,10,2,667.8,337,333.83,Holiday,Saturday,78.79999999999995,0.11799940101826888,0.06999999999999318
24-08-2024,P107,Electronics,490.0,328.38,0,3,1470.0,447,486.18,Holiday,Saturday,484.86,0.3298367346938776,3.819999999999993
24-08-2024,P108,Sports,454.0,352.59,0,1,454.0,119,461.7,Festival,Saturday,101.41000000000003,0.22337004405286348,-7.699999999999989
24-08-2024,P109,Electronics,497.0,347.87,0,0,0.0,43,497.77,Normal,Saturday,0.0,,-0.7699999999999818
24-08-2024,P110,Electronics,472.5,396.59,10,6,2835.0,34,450.72,Sale,Saturday,455.46000000000004,0.16065608465608466,21.779999999999973
24-08-2024,P111,Home,538.0,360.64,0,0,0.0,401,558.67,Sale,Saturday,0.0,,-20.66999999999996
24-08-2024,P112,Electronics,835.05,612.54,5,1,835.05,374,801.64,Normal,Saturday,222.51,0.26646308604275193,33.40999999999997
24-08-2024,P113,Home,734.0,493.75,0,4,2936.0,153,730.73,Festival,Saturday,961.0,0.32731607629427795,3.269999999999982
24-08-2024,P114,Fashion,1227.6,974.5,10,0,0.0,123,1276.48,Normal,Saturday,0.0,,-48.88000000000011
24-08-2024,P115,Home,1025.05,651.69,5,0,0.0,84,1014.16,Festival,Saturday,0.0,,10.889999999999986
24-08-2024,P116,Sports,423.0,335.72,0,0,0.0,219,437.57,Normal,Saturday,0.0,,-14.569999999999993
24-08-2024,P117,Fashion,479.0,371.38,0,5,2395.0,256,478.48,Festival,Saturday,538.0999999999999,0.22467640918580373,0.5199999999999818
24-08-2024,P118,Electronics,1071.85,830.34,15,0,0.0,446,1084.24,Normal,Saturday,0.0,,-12.3900000000001
24-08-2024,P119,Fashion,805.0,563.15,0,4,3220.0,295,804.61,Holiday,Saturday,967.4000000000001,0.30043478260869566,0.38999999999998636
25-08-2024,P100,Home,602.1,448.39,10,3,1806.3,138,619.3,Festival,Sunday,461.1299999999999,0.25528981896694897,-17.199999999999932
25-08-2024,P101,Fashion,442.0,325.3,0,2,884.0,443,448.0,Normal,Sunday,233.39999999999998,0.2640271493212669,-6.0
25-08-2024,P102,Sports,887.3,671.97,5,3,2661.9,39,848.79,Normal,Sunday,645.99,0.24268004057252338,38.50999999999999
25-08-2024,P103,Fashion,1306.0,902.62,0,0,0.0,492,1271.44,Holiday,Sunday,0.0,,34.559999999999945
25-08-2024,P104,Fashion,493.0,296.68,0,4,1972.0,186,469.04,Normal,Sunday,785.28,0.3982150101419878,23.95999999999998
25-08-2024,P105,Fashion,416.0,319.22,0,1,416.0,283,427.55,Normal,Sunday,96.77999999999997,0.23264423076923071,-11.550000000000011
25-08-2024,P106,Home,1452.0,985.03,0,0,0.0,372,1495.59,Festival,Sunday,0.0,,-43.58999999999992
25-08-2024,P107,Sports,657.4,417.12,5,1,657.4,274,667.43,Holiday,Sunday,240.27999999999997,0.36550045634317,-10.029999999999973
25-08-2024,P108,Electronics,531.25,409.67,15,0,0.0,296,517.62,Normal,Sunday,0.0,,13.629999999999995
25-08-2024,P109,Fashion,659.0,401.16,0,4,2636.0,330,680.94,Festival,Sunday,1031.36,0.3912594840667678,-21.940000000000055
25-08-2024,P110,Sports,278.0,197.73,0,4,1112.0,118,270.35,Normal,Sunday,321.08000000000004,0.2887410071942446,7.649999999999977
25-08-2024,P111,Fashion,883.15,657.64,15,0,0.0,447,883.05,Normal,Sunday,0.0,,0.10000000000002274
25-08-2024,P112,Sports,509.0,363.67,0,3,1527.0,319,519.39,Holiday,Sunday,435.99,0.28552062868369354,-10.389999999999986
25-08-2024,P113,Electronics,1196.8,934.88,15,1,1196.8,185,1145.22,Normal,Sunday,261.91999999999996,0.2188502673796791,51.57999999999993
25-08-2024,P114,Home,320.15,219.04,5,6,1920.9,299,333.7,Normal,Sunday,606.6600000000001,0.3158207090426363,-13.550000000000011
25-08-2024,P115,Home,405.0,244.76,0,4,1620.0,239,401.64,Normal,Sunday,640.96,0.39565432098765435,3.3600000000000136
25-08-2024,P116,Home,536.0,347.37,0,1,536.0,215,522.94,Holiday,Sunday,188.63,0.3519216417910448,13.059999999999945
25-08-2024,P117,Home,612.0,389.16,0,5,3060.0,446,620.07,Festival,Sunday,1114.1999999999998,0.3641176470588235,-8.07000000000005
25-08-2024,P118,Electronics,565.25,429.26,5,1,565.25,172,593.18,Normal,Sunday,135.99,0.24058381247235738,-27.92999999999995
25-08-2024,P119,Sports,398.7,330.5,10,2,797.4,123,411.19,Normal,Sunday,136.39999999999998,0.17105593177827938,-12.490000000000009
26-08-2024,P100,Fashion,359.1,291.6,5,5,1795.5,245,343.28,Festival,Monday,337.5,0.18796992481203006,15.82000000000005
26-08-2024,P101,Home,1254.6,930.04,10,0,0.0,468,1231.86,Normal,Monday,0.0,,22.74000000000001
26-08-2024,P102,Electronics,654.55,444.38,5,0,0.0,109,630.81,Normal,Monday,0.0,,23.74000000000001
26-08-2024,P103,Fashion,884.0,646.2,0,0,0.0,418,903.25,Normal,Monday,0.0,,-19.25
26-08-2024,P104,Electronics,479.0,317.91,0,0,0.0,314,480.7,Normal,Monday,0.0,,-1.6999999999999886
26-08-2024,P105,Electronics,947.0,750.16,0,1,947.0,157,935.26,Normal,Monday,196.84000000000003,0.207856388595565,11.740000000000009
26-08-2024,P106,Fashion,787.1,594.59,15,1,787.1,197,809.21,Normal,Monday,192.51,0.24458137466649724,-22.110000000000014
26-08-2024,P107,Home,674.9,484.0,15,1,674.9,62,674.75,Normal,Monday,190.89999999999998,0.28285671951400204,0.14999999999997726
26-08-2024,P108,Fashion,1458.0,938.93,0,1,1458.0,324,1524.75,Normal,Monday,519.07,0.3560150891632373,-66.75
26-08-2024,P109,Fashion,827.0,500.01,0,1,827.0,253,821.28,Normal,Monday,326.99,0.39539298669891176,5.720000000000027
26-08-2024,P110,Electronics,640.3,484.0,5,3,1920.9,430,626.1,Sale,Monday,468.9000000000001,0.244104326097142,14.199999999999932
26-08-2024,P111,Home,528.0,349.03,0,0,0.0,253,506.75,Normal,Monday,0.0,,21.25
26-08-2024,P112,Electronics,888.0,617.2,0,4,3552.0,168,882.5,Normal,Monday,1083.1999999999998,0.3049549549549549,5.5
26-08-2024,P113,Home,1271.0,800.32,0,0,0.0,283,1270.69,Normal,Monday,0.0,,0.30999999999994543
26-08-2024,P114,Home,461.0,317.81,0,2,922.0,161,481.49,Normal,Monday,286.38,0.3106073752711497,-20.49000000000001
26-08-2024,P115,Electronics,363.0,235.01,0,4,1452.0,153,363.26,Normal,Monday,511.96000000000004,0.35258953168044077,-0.2599999999999909
26-08-2024,P116,Fashion,818.1,619.41,10,2,1636.2,33,792.94,Normal,Monday,397.3800000000001,0.24286762009534293,25.159999999999968
26-08-2024,P117,Electronics,781.0,580.82,0,1,781.0,202,776.58,Normal,Monday,200.17999999999995,0.25631241997439175,4.419999999999959
26-08-2024,P118,Electronics,387.0,329.42,10,4,1548.0,100,385.31,Festival,Monday,230.31999999999994,0.14878552971576223,1.6899999999999977
26-08-2024,P119,Sports,1187.5,900.43,5,1,1187.5,173,1195.59,Holiday,Monday,287.07000000000005,0.24174315789473688,-8.089999999999918
27-08-2024,P100,Electronics,785.7,527.06,10,2,1571.4,443,787.81,Normal,Tuesday,517.2800000000002,0.32918416698485437,-2.1099999999999
27-08-2024,P101,Electronics,1281.0,835.66,0,0,0.0,478,1288.02,Festival,Tuesday,0.0,,-7.019999999999982
27-08-2024,P102,Electronics,414.2,265.05,5,2,828.4,135,419.98,Normal,Tuesday,298.29999999999995,0.360091743119266,-5.78000000000003
27-08-2024,P103,Electronics,584.25,419.4,5,1,584.25,184,608.84,Normal,Tuesday,164.85000000000002,0.28215661103979467,-24.590000000000032
27-08-2024,P104,Sports,649.0,509.83,0,5,3245.0,438,645.74,Holiday,Tuesday,695.8499999999999,0.21443759630200304,3.259999999999991
27-08-2024,P105,Sports,364.8,257.8,5,2,729.6,359,382.61,Normal,Tuesday,214.0,0.29331140350877194,-17.810000000000002
27-08-2024,P106,Home,543.0,385.32,0,0,0.0,193,545.62,Normal,Tuesday,0.0,,-2.6200000000000045
27-08-2024,P107,Fashion,1230.0,786.2,0,1,1230.0,470,1291.06,Normal,Tuesday,443.79999999999995,0.36081300813008127,-61.059999999999945
27-08-2024,P108,Fashion,1403.0,902.71,0,3,4209.0,377,1407.33,Normal,Tuesday,1500.87,0.35658588738417674,-4.329999999999927
27-08-2024,P109,Electronics,518.0,380.73,0,0,0.0,370,502.13,Festival,Tuesday,0.0,,15.870000000000005
27-08-2024,P110,Fashion,1232.1,997.1,10,3,3696.3,92,1185.63,Festival,Tuesday,705.0,0.1907312718123529,46.4699999999998
27-08-2024,P111,Home,1008.95,719.77,15,1,1008.95,95,1031.3,Normal,Tuesday,289.18000000000006,0.28661479756182173,-22.34999999999991
27-08-2024,P112,Fashion,1026.95,783.59,5,2,2053.9,164,1055.34,Normal,Tuesday,486.72,0.23697356249087104,-28.389999999999873
27-08-2024,P113,Home,1017.0,709.16,0,0,0.0,495,1028.78,Normal,Tuesday,0.0,,-11.779999999999973
27-08-2024,P114,Home,616.0,449.0,0,1,616.0,187,632.54,Normal,Tuesday,167.0,0.2711038961038961,-16.539999999999964
27-08-2024,P115,Fashion,594.0,388.99,0,4,2376.0,490,616.63,Festival,Tuesday,820.04,0.3451346801346801,-22.629999999999995
27-08-2024,P116,Electronics,446.0,346.35,0,2,892.0,431,444.82,Normal,Tuesday,199.29999999999995,0.22343049327354256,1.1800000000000068
27-08-2024,P117,Sports,1263.5,958.81,5,2,2527.0,173,1224.15,Festival,Tuesday,609.3800000000001,0.24114760585674716,39.34999999999991
27-08-2024,P118,Fashion,793.0,485.22,0,0,0.0,472,758.35,Festival,Tuesday,0.0,,34.64999999999998
27-08-2024,P119,Electronics,966.0,643.96,0,3,2898.0,398,977.74,Holiday,Tuesday,966.1199999999999,0.3333747412008281,-11.740000000000009
28-08-2024,P100,Home,710.1,534.22,10,0,0.0,36,709.74,Normal,Wednesday,0.0,,0.36000000000001364
28-08-2024,P101,Sports,1301.5,835.25,5,0,0.0,341,1259.32,Normal,Wednesday,0.0,,42.180000000000064
28-08-2024,P102,Home,1330.0,1017.32,5,0,0.0,386,1352.49,Normal,Wednesday,0.0,,-22.49000000000001
28-08-2024,P103,Fashion,984.3,825.86,15,2,1968.6,115,965.43,Holiday,Wednesday,316.8799999999999,0.16096718480138164,18.870000000000005
28-08-2024,P104,Electronics,1205.55,893.87,5,1,1205.55,153,1228.96,Normal,Wednesday,311.67999999999995,0.2585375969474513,-23.410000000000082
28-08-2024,P105,Home,281.2,178.89,5,4,1124.8,403,295.18,Normal,Wednesday,409.24,0.3638335704125178,-13.980000000000018
28-08-2024,P106,Home,879.0,656.47,0,1,879.0,100,848.04,Holiday,Wednesday,222.52999999999997,0.2531626848691695,30.960000000000036
28-08-2024,P107,Sports,1178.0,910.99,5,3,3534.0,193,1195.48,Festival,Wednesday,801.0299999999997,0.22666383701188447,-17.480000000000018
28-08-2024,P108,Electronics,992.8,924.27,15,4,3971.2,132,970.94,Festival,Wednesday,274.1199999999999,0.06902699435938757,21.8599999999999
28-08-2024,P109,Sports,1343.7,1034.07,10,0,0.0,241,1363.9,Normal,Wednesday,0.0,,-20.200000000000045
28-08-2024,P110,Fashion,303.0,222.54,0,6,1818.0,168,311.98,Normal,Wednesday,482.76,0.26554455445544556,-8.980000000000018
28-08-2024,P111,Electronics,385.2,286.58,10,4,1540.8,187,386.98,Festival,Wednesday,394.48,0.25602284527518177,-1.7800000000000296
28-08-2024,P112,Fashion,1302.3,948.95,10,2,2604.6,51,1338.84,Sale,Wednesday,706.6999999999998,0.2713276510788604,-36.539999999999964
28-08-2024,P113,Electronics,849.6,639.96,10,1,849.6,271,856.37,Normal,Wednesday,209.64,0.2467514124293785,-6.769999999999982
28-08-2024,P114,Sports,1118.7,774.1,10,0,0.0,71,1139.17,Normal,Wednesday,0.0,,-20.470000000000027
28-08-2024,P115,Home,753.1,554.88,15,0,0.0,338,736.16,Holiday,Wednesday,0.0,,16.940000000000055
28-08-2024,P116,Home,339.15,222.72,5,3,1017.45,261,341.76,Sale,Wednesday,349.2900000000001,0.34329942503317123,-2.6100000000000136
28-08-2024,P117,Home,612.0,410.56,0,2,1224.0,348,628.16,Sale,Wednesday,402.88,0.3291503267973856,-16.159999999999968
28-08-2024,P118,Sports,331.0,259.43,0,4,1324.0,394,339.38,Normal,Wednesday,286.28,0.21622356495468276,-8.379999999999995
28-08-2024,P119,Fashion,1127.95,972.86,15,3,3383.85,130,1129.85,Sale,Wednesday,465.27,0.13749722948712265,-1.8999999999998636
29-08-2024,P100,Electronics,866.0,680.67,0,0,0.0,160,823.05,Festival,Thursday,0.0,,42.950000000000045
29-08-2024,P101,Electronics,1048.9,896.5,15,7,7342.3,44,1038.65,Festival,Thursday,1066.8000000000002,0.14529507102678998,10.25
29-08-2024,P102,Fashion,1184.0,881.62,0,0,0.0,88,1229.97,Normal,Thursday,0.0,,-45.97000000000003
29-08-2024,P103,Sports,1214.0,829.46,0,0,0.0,80,1170.87,Normal,Thursday,0.0,,43.13000000000011
29-08-2024,P104,Home,1431.0,984.55,0,1,1431.0,110,1449.01,Sale,Thursday,446.45000000000005,0.31198462613556954,-18.00999999999999
29-08-2024,P105,Fashion,582.0,371.61,0,0,0.0,41,600.38,Normal,Thursday,0.0,,-18.379999999999995
29-08-2024,P106,Fashion,738.0,585.21,0,1,738.0,424,726.17,Normal,Thursday,152.78999999999996,0.2070325203252032,11.830000000000041
29-08-2024,P107,Sports,242.25,217.74,15,4,969.0,208,240.08,Normal,Thursday,98.03999999999996,0.10117647058823526,2.1699999999999875
29-08-2024,P108,Sports,1251.0,1065.02,10,0,0.0,119,1313.36,Normal,Thursday,0.0,,-62.3599999999999
29-08-2024,P109,Sports,524.4,431.4,5,2,1048.8,297,530.74,Normal,Thursday,186.0,0.17734553775743708,-6.340000000000032
29-08-2024,P110,Fashion,295.0,186.5,0,1,295.0,38,284.88,Normal,Thursday,108.5,0.3677966101694915,10.120000000000005
29-08-2024,P111,Electronics,894.0,693.66,0,3,2682.0,334,935.61,Sale,Thursday,601.02,0.2240939597315436,-41.610000000000014
29-08-2024,P112,Home,963.9,832.9,15,2,1927.8,53,924.78,Holiday,Thursday,262.0,0.1359062143375869,39.120000000000005
29-08-2024,P113,Electronics,469.8,366.24,10,2,939.6,222,471.16,Normal,Thursday,207.12,0.22043422733077905,-1.3600000000000136
29-08-2024,P114,Sports,785.7,651.24,10,0,0.0,119,753.54,Festival,Thursday,0.0,,32.16000000000008
29-08-2024,P115,Electronics,583.3,467.71,5,4,2333.2,360,567.52,Normal,Thursday,462.3599999999999,0.19816560946339787,15.779999999999973
29-08-2024,P116,Home,668.7,462.53,10,1,668.7,463,674.96,Festival,Thursday,206.17000000000007,0.3083146403469419,-6.259999999999991
29-08-2024,P117,Sports,924.3,675.11,10,2,1848.6,243,901.78,Normal,Thursday,498.3799999999999,0.26959861516823536,22.519999999999982
29-08-2024,P118,Electronics,1307.2,995.76,5,0,0.0,369,1306.39,Normal,Thursday,0.0,,0.8099999999999454
29-08-2024,P119,Sports,1435.0,870.3,0,2,2870.0,466,1436.95,Normal,Thursday,1129.4,0.3935191637630662,-1.9500000000000455
30-08-2024,P100,Fashion,1097.1,830.36,10,0,0.0,273,1069.69,Normal,Friday,0.0,,27.409999999999854
30-08-2024,P101,Home,212.0,138.59,0,4,848.0,346,204.86,Festival,Friday,293.64,0.34627358490566035,7.139999999999986
30-08-2024,P102,Electronics,487.0,386.97,0,0,0.0,377,491.12,Normal,Friday,0.0,,-4.1200000000000045
30-08-2024,P103,Sports,559.8,388.2,10,2,1119.6,32,548.13,Normal,Friday,343.19999999999993,0.30653804930332257,11.669999999999959
30-08-2024,P104,Home,206.0,162.06,0,5,1030.0,141,212.92,Normal,Friday,219.70000000000005,0.21330097087378644,-6.9199999999999875
30-08-2024,P105,Home,417.0,322.23,0,1,417.0,487,405.98,Holiday,Friday,94.76999999999998,0.22726618705035967,11.019999999999982
30-08-2024,P106,Home,942.0,648.06,0,0,0.0,335,899.13,Festival,Friday,0.0,,42.870000000000005
30-08-2024,P107,Electronics,876.85,724.87,5,0,0.0,157,839.17,Sale,Friday,0.0,,37.680000000000064
30-08-2024,P108,Electronics,405.0,259.24,0,0,0.0,193,394.29,Normal,Friday,0.0,,10.70999999999998
30-08-2024,P109,Electronics,1473.0,917.64,0,4,5892.0,41,1444.38,Normal,Friday,2221.44,0.37702647657841143,28.61999999999989
30-08-2024,P110,Sports,1254.6,1045.09,15,1,1254.6,336,1315.33,Festival,Friday,209.51,0.1669934640522876,-60.73000000000002
30-08-2024,P111,Electronics,1226.0,920.33,0,0,0.0,322,1196.36,Normal,Friday,0.0,,29.6400000000001
30-08-2024,P112,Electronics,640.8,494.85,10,2,1281.6,176,640.29,Festival,Friday,291.89999999999986,0.2277621722846441,0.5099999999999909
30-08-2024,P113,Fashion,430.1,337.66,15,1,430.1,442,437.59,Normal,Friday,92.44,0.2149267612183213,-7.489999999999952
30-08-2024,P114,Electronics,276.0,175.06,0,7,1932.0,224,277.61,Sale,Friday,706.5799999999999,0.36572463768115937,-1.6100000000000136
30-08-2024,P115,Sports,1401.25,998.46,5,2,2802.5,304,1450.03,Normal,Friday,805.5799999999999,0.28745049063336303,-48.77999999999997
30-08-2024,P116,Sports,1230.0,913.53,0,2,2460.0,183,1227.74,Normal,Friday,632.94,0.2572926829268293,2.259999999999991
30-08-2024,P117,Fashion,1223.0,905.33,0,3,3669.0,274,1166.45,Normal,Friday,953.0099999999998,0.25974652493867534,56.549999999999955
30-08-2024,P118,Electronics,1191.0,799.03,0,1,1191.0,393,1187.47,Holiday,Friday,391.97,0.3291099916036944,3.5299999999999727
30-08-2024,P119,Fashion,802.0,594.41,0,3,2406.0,42,824.29,Normal,Friday,622.77,0.2588403990024938,-22.289999999999964
31-08-2024,P100,Electronics,1252.1,965.26,5,5,6260.5,246,1194.14,Normal,Saturday,1434.1999999999998,0.22908713361552588,57.95999999999981
31-08-2024,P101,Sports,486.9,392.84,10,1,486.9,412,505.73,Normal,Saturday,94.06,0.19318135140685974,-18.83000000000004
31-08-2024,P102,Sports,260.3,181.54,5,2,520.6,39,264.23,Sale,Saturday,157.52000000000004,0.30257395313100277,-3.930000000000007
31-08-2024,P103,Fashion,1370.0,1029.06,0,1,1370.0,413,1346.96,Normal,Saturday,340.94000000000005,0.24886131386861318,23.039999999999964
31-08-2024,P104,Sports,1241.0,779.8,0,2,2482.0,132,1266.72,Normal,Saturday,922.4000000000001,0.37163577759871075,-25.720000000000027
31-08-2024,P105,Sports,717.0,485.57,0,0,0.0,90,714.46,Normal,Saturday,0.0,,2.5399999999999636
31-08-2024,P106,Electronics,522.0,352.76,0,3,1566.0,426,500.6,Normal,Saturday,507.72,0.3242145593869732,21.399999999999977
31-08-2024,P107,Home,1262.0,816.53,0,1,1262.0,236,1247.51,Normal,Saturday,445.47,0.35298732171156894,14.490000000000009
31-08-2024,P108,Home,833.15,588.95,5,0,0.0,416,858.31,Sale,Saturday,0.0,,-25.159999999999968
31-08-2024,P109,Electronics,525.0,403.83,0,2,1050.0,435,510.78,Normal,Saturday,242.34000000000003,0.23080000000000003,14.220000000000027
31-08-2024,P110,Electronics,1432.0,942.81,0,1,1432.0,180,1463.03,Holiday,Saturday,489.19000000000005,0.3416131284916202,-31.029999999999973
31-08-2024,P111,Sports,1168.5,813.19,5,2,2337.0,55,1176.98,Normal,Saturday,710.6199999999999,0.3040735986307231,-8.480000000000018
31-08-2024,P112,Home,1299.6,872.95,10,1,1299.6,498,1313.94,Normal,Saturday,426.64999999999986,0.32829332102185277,-14.340000000000146
31-08-2024,P113,Electronics,217.0,145.65,0,9,1953.0,182,210.55,Sale,Saturday,642.1499999999999,0.3288018433179723,6.449999999999989
31-08-2024,P114,Sports,1451.0,922.66,0,1,1451.0,60,1486.53,Normal,Saturday,528.34,0.3641212956581668,-35.52999999999997
31-08-2024,P115,Sports,416.0,265.51,0,2,832.0,468,424.66,Normal,Saturday,300.98,0.3617548076923077,-8.660000000000025
31-08-2024,P116,Home,925.3,739.76,5,2,1850.6,245,949.56,Festival,Saturday,371.0799999999999,0.20051875067545658,-24.25999999999999
31-08-2024,P117,Sports,1147.0,845.03,0,2,2294.0,46,1196.27,Normal,Saturday,603.94,0.26326939843068875,-49.26999999999998
31-08-2024,P118,Fashion,1131.0,705.97,0,0,0.0,469,1130.14,Sale,Saturday,0.0,,0.8599999999999
31-08-2024,P119,Fashion,506.35,407.35,5,4,2025.4,279,491.44,Normal,Saturday,396.0,0.19551693492643427,14.910000000000025
01-09-2024,P100,Home,227.0,162.8,0,3,681.0,267,228.63,Normal,Sunday,192.59999999999997,0.28281938325991185,-1.6299999999999955
01-09-2024,P101,Sports,516.0,353.85,0,3,1548.0,132,539.03,Normal,Sunday,486.4499999999998,0.3142441860465115,-23.029999999999973
01-09-2024,P102,Home,780.0,545.03,0,1,780.0,205,749.27,Normal,Sunday,234.97000000000003,0.3012435897435898,30.730000000000018
01-09-2024,P103,Fashion,1187.0,904.61,0,2,2374.0,166,1166.84,Normal,Sunday,564.78,0.2379022746419545,20.160000000000082
01-09-2024,P104,Electronics,374.3,279.3,5,3,1122.9,119,375.49,Sale,Sunday,285.0,0.25380710659898476,-1.1899999999999977
01-09-2024,P105,Sports,1113.0,835.25,0,0,0.0,351,1098.19,Normal,Sunday,0.0,,14.809999999999945
01-09-2024,P106,Home,266.9,241.38,15,4,1067.6,159,255.16,Holiday,Sunday,102.07999999999993,0.09561633570625697,11.73999999999998
01-09-2024,P107,Electronics,534.6,381.93,10,4,2138.4,313,534.93,Sale,Sunday,610.6800000000001,0.28557800224466895,-0.32999999999992724
01-09-2024,P108,Fashion,471.2,370.17,5,0,0.0,284,489.01,Normal,Sunday,0.0,,-17.810000000000002
01-09-2024,P109,Fashion,1003.0,772.17,0,0,0.0,438,964.75,Normal,Sunday,0.0,,38.25
01-09-2024,P110,Sports,1435.0,1051.91,0,0,0.0,265,1402.99,Normal,Sunday,0.0,,32.00999999999999
01-09-2024,P111,Fashion,1203.3,866.43,10,2,2406.6,357,1189.24,Normal,Sunday,673.74,0.2799551234106208,14.059999999999945
01-09-2024,P112,Fashion,1251.0,1089.89,10,0,0.0,194,1276.68,Normal,Sunday,0.0,,-25.680000000000064
01-09-2024,P113,Fashion,1251.0,868.7,10,0,0.0,354,1205.14,Holiday,Sunday,0.0,,45.8599999999999
01-09-2024,P114,Electronics,1213.15,948.84,5,1,1213.15,41,1250.95,Festival,Sunday,264.31000000000006,0.21787083213122865,-37.799999999999955
01-09-2024,P115,Electronics,913.5,688.58,10,0,0.0,376,878.5,Sale,Sunday,0.0,,35.0
01-09-2024,P116,Home,1152.9,798.91,10,7,8070.3,284,1173.61,Holiday,Sunday,2477.9300000000003,0.307043108682453,-20.70999999999981
01-09-2024,P117,Electronics,973.0,672.78,0,1,973.0,336,997.03,Sale,Sunday,300.22,0.30855087358684485,-24.029999999999973
01-09-2024,P118,Sports,1249.25,851.15,5,3,3747.75,155,1215.97,Normal,Sunday,1194.3000000000002,0.318671202721633,33.27999999999997
01-09-2024,P119,Electronics,1171.0,849.34,0,2,2342.0,364,1186.23,Normal,Sunday,643.3199999999999,0.27468830059777966,-15.230000000000018
02-09-2024,P100,Electronics,1057.5,790.88,10,1,1057.5,113,1036.57,Normal,Monday,266.62,0.25212293144208037,20.930000000000064
02-09-2024,P101,Sports,1162.8,830.81,15,0,0.0,401,1117.75,Normal,Monday,0.0,,45.049999999999955
02-09-2024,P102,Home,565.25,448.65,15,1,565.25,296,591.02,Normal,Monday,116.60000000000002,0.20628040689960198,-25.769999999999982
02-09-2024,P103,Fashion,280.0,207.42,0,2,560.0,396,292.69,Holiday,Monday,145.16000000000003,0.2592142857142858,-12.689999999999998
02-09-2024,P104,Home,773.0,597.57,0,0,0.0,377,777.34,Holiday,Monday,0.0,,-4.340000000000032
02-09-2024,P105,Sports,329.0,212.84,0,4,1316.0,479,329.55,Sale,Monday,464.64,0.35306990881458966,-0.5500000000000114
02-09-2024,P106,Electronics,731.7,507.05,10,0,0.0,116,724.06,Sale,Monday,0.0,,7.6400000000001
02-09-2024,P107,Electronics,1313.1,1044.08,10,3,3939.3,486,1339.48,Normal,Monday,807.0600000000004,0.204873962379103,-26.38000000000011
02-09-2024,P108,Home,1188.9,847.37,10,0,0.0,221,1223.21,Normal,Monday,0.0,,-34.309999999999945
02-09-2024,P109,Home,1159.0,737.46,0,0,0.0,370,1211.13,Normal,Monday,0.0,,-52.13000000000011
02-09-2024,P110,Electronics,919.7,727.58,15,0,0.0,324,890.95,Normal,Monday,0.0,,28.75
02-09-2024,P111,Fashion,374.85,288.78,15,4,1499.4,190,389.54,Normal,Monday,344.2800000000002,0.22961184473789528,-14.689999999999998
02-09-2024,P112,Sports,425.0,386.71,15,0,0.0,372,435.67,Normal,Monday,0.0,,-10.670000000000016
02-09-2024,P113,Fashion,952.0,667.9,0,0,0.0,463,970.65,Holiday,Monday,0.0,,-18.649999999999977
02-09-2024,P114,Electronics,369.0,285.95,0,4,1476.0,75,364.01,Normal,Monday,332.20000000000005,0.2250677506775068,4.990000000000009
02-09-2024,P115,Home,198.9,143.97,10,4,795.6,75,202.15,Normal,Monday,219.72000000000003,0.2761689291101056,-3.25
02-09-2024,P116,Sports,672.35,577.08,15,0,0.0,67,678.63,Normal,Monday,0.0,,-6.279999999999973
02-09-2024,P117,Fashion,917.7,608.9,5,1,917.7,485,884.91,Normal,Monday,308.80000000000007,0.3364934074316226,32.79000000000008
02-09-2024,P118,Electronics,903.0,599.67,0,4,3612.0,302,935.37,Normal,Monday,1213.3200000000002,0.3359136212624585,-32.370000000000005
02-09-2024,P119,Sports,754.2,636.03,10,1,754.2,298,784.43,Festival,Monday,118.17000000000007,0.15668257756563256,-30.229999999999905
03-09-2024,P100,Home,328.95,287.35,15,4,1315.8,425,318.9,Normal,Tuesday,166.39999999999986,0.12646298829609354,10.050000000000011
03-09-2024,P101,Home,332.5,263.99,5,4,1330.0,359,328.8,Normal,Tuesday,274.03999999999996,0.20604511278195486,3.6999999999999886
03-09-2024,P102,Home,1121.0,817.17,5,1,1121.0,37,1167.28,Festival,Tuesday,303.83000000000004,0.2710347903657449,-46.27999999999997
03-09-2024,P103,Electronics,755.65,549.59,15,3,2266.95,376,722.06,Normal,Tuesday,618.1799999999998,0.2726923840402302,33.59000000000003
03-09-2024,P104,Home,493.0,324.11,0,4,1972.0,198,517.33,Normal,Tuesday,675.56,0.34257606490872206,-24.33000000000004
03-09-2024,P105,Fashion,927.0,721.78,0,3,2781.0,130,936.28,Festival,Tuesday,615.6599999999999,0.22138079827400212,-9.279999999999973
03-09-2024,P106,Sports,687.0,437.73,0,3,2061.0,289,694.64,Normal,Tuesday,747.81,0.36283842794759824,-7.639999999999986
03-09-2024,P107,Fashion,1074.6,765.07,10,1,1074.6,311,1055.94,Holiday,Tuesday,309.52999999999986,0.2880420621626651,18.659999999999854
03-09-2024,P108,Fashion,886.0,604.71,0,0,0.0,325,910.34,Holiday,Tuesday,0.0,,-24.340000000000032
03-09-2024,P109,Home,528.0,359.29,0,4,2112.0,497,508.78,Normal,Tuesday,674.8399999999999,0.3195265151515151,19.220000000000027
03-09-2024,P110,Electronics,893.0,689.44,0,0,0.0,25,898.83,Holiday,Tuesday,0.0,,-5.830000000000041
03-09-2024,P111,Electronics,859.0,574.84,0,1,859.0,102,826.02,Normal,Tuesday,284.15999999999997,0.3308032596041909,32.98000000000002
03-09-2024,P112,Fashion,202.5,163.51,10,3,607.5,476,209.01,Festival,Tuesday,116.97000000000003,0.19254320987654325,-6.509999999999991
03-09-2024,P113,Home,692.0,505.34,0,0,0.0,182,688.39,Sale,Tuesday,0.0,,3.6100000000000136
03-09-2024,P114,Sports,455.0,278.41,0,0,0.0,284,446.42,Normal,Tuesday,0.0,,8.579999999999984
03-09-2024,P115,Fashion,475.0,362.61,5,4,1900.0,355,474.38,Normal,Tuesday,449.55999999999995,0.23661052631578944,0.6200000000000045
03-09-2024,P116,Fashion,450.0,338.76,10,2,900.0,29,466.66,Normal,Tuesday,222.48000000000002,0.24720000000000003,-16.660000000000025
03-09-2024,P117,Sports,1182.0,870.48,0,3,3546.0,246,1237.45,Normal,Tuesday,934.56,0.26355329949238576,-55.450000000000045
03-09-2024,P118,Home,594.0,378.38,0,4,2376.0,222,572.38,Holiday,Tuesday,862.48,0.362996632996633,21.620000000000005
03-09-2024,P119,Sports,703.0,505.02,5,3,2109.0,481,727.64,Normal,Tuesday,593.94,0.28162162162162163,-24.639999999999986
04-09-2024,P100,Sports,1178.1,964.11,10,0,0.0,345,1233.76,Normal,Wednesday,0.0,,-55.66000000000008
04-09-2024,P101,Home,1195.0,926.38,0,0,0.0,433,1174.39,Normal,Wednesday,0.0,,20.6099999999999
04-09-2024,P102,Sports,778.05,538.58,5,0,0.0,278,808.35,Normal,Wednesday,0.0,,-30.300000000000068
04-09-2024,P103,Sports,834.1,599.68,5,0,0.0,202,823.58,Holiday,Wednesday,0.0,,10.519999999999982
04-09-2024,P104,Sports,934.0,610.76,0,0,0.0,104,932.83,Normal,Wednesday,0.0,,1.169999999999959
04-09-2024,P105,Fashion,807.0,525.43,0,0,0.0,325,807.77,Normal,Wednesday,0.0,,-0.7699999999999818
04-09-2024,P106,Home,406.0,318.65,0,2,812.0,140,403.07,Sale,Wednesday,174.70000000000005,0.21514778325123157,2.930000000000007
04-09-2024,P107,Sports,443.65,291.51,5,0,0.0,218,456.09,Normal,Wednesday,0.0,,-12.439999999999998
04-09-2024,P108,Home,1094.0,837.9,0,0,0.0,400,1088.61,Sale,Wednesday,0.0,,5.3900000000001
04-09-2024,P109,Home,244.8,170.98,10,4,979.2,440,235.19,Festival,Wednesday,295.2800000000001,0.30155228758169944,9.610000000000014
04-09-2024,P110,Electronics,1087.0,858.57,0,1,1087.0,355,1102.07,Normal,Wednesday,228.42999999999995,0.21014719411223545,-15.069999999999936
04-09-2024,P111,Sports,1326.0,799.84,0,3,3978.0,128,1307.1,Normal,Wednesday,1578.48,0.39680241327300153,18.90000000000009
04-09-2024,P112,Home,1067.0,775.69,0,2,2134.0,66,1020.68,Festival,Wednesday,582.6199999999999,0.2730178069353327,46.32000000000005
04-09-2024,P113,Fashion,861.9,702.4,15,1,861.9,324,889.74,Holiday,Wednesday,159.5,0.1850562710291217,-27.840000000000032
04-09-2024,P114,Electronics,427.55,341.76,15,4,1710.2,80,433.3,Normal,Wednesday,343.1600000000001,0.20065489416442525,-5.75
04-09-2024,P115,Sports,388.0,261.77,0,4,1552.0,454,386.55,Festival,Wednesday,504.9200000000001,0.3253350515463918,1.4499999999999886
04-09-2024,P116,Fashion,1114.35,707.17,5,0,0.0,303,1089.94,Normal,Wednesday,0.0,,24.409999999999854
04-09-2024,P117,Sports,747.65,587.42,5,4,2990.6,117,764.91,Sale,Wednesday,640.9200000000001,0.21431150939610782,-17.25999999999999
04-09-2024,P118,Sports,279.0,218.51,0,1,279.0,396,292.34,Normal,Wednesday,60.49000000000001,0.21681003584229394,-13.339999999999975
04-09-2024,P119,Sports,654.0,518.45,0,2,1308.0,452,683.96,Normal,Wednesday,271.0999999999999,0.20726299694189596,-29.960000000000036
05-09-2024,P100,Home,1106.0,875.22,0,3,3318.0,168,1064.83,Normal,Thursday,692.3400000000001,0.20866184448462935,41.17000000000007
05-09-2024,P101,Sports,414.0,253.75,0,0,0.0,418,432.69,Normal,Thursday,0.0,,-18.689999999999998
05-09-2024,P102,Electronics,1080.15,868.18,5,1,1080.15,491,1129.42,Holiday,Thursday,211.97000000000014,0.19624126278757592,-49.26999999999998
05-09-2024,P103,Home,666.0,529.78,10,1,666.0,239,693.41,Normal,Thursday,136.22000000000003,0.20453453453453457,-27.409999999999968
05-09-2024,P104,Fashion,392.0,258.15,0,4,1568.0,309,396.36,Normal,Thursday,535.4000000000001,0.3414540816326531,-4.360000000000014
05-09-2024,P105,Electronics,722.7,526.34,10,1,722.7,70,758.74,Normal,Thursday,196.36,0.27170333471703334,-36.039999999999964
05-09-2024,P106,Electronics,477.7,345.89,15,0,0.0,344,458.42,Sale,Thursday,0.0,,19.279999999999973
05-09-2024,P107,Fashion,640.0,451.58,0,5,3200.0,168,645.48,Normal,Thursday,942.0999999999999,0.29440625,-5.480000000000018
05-09-2024,P108,Fashion,739.0,571.7,0,0,0.0,272,761.91,Normal,Thursday,0.0,,-22.909999999999968
05-09-2024,P109,Home,395.25,370.99,15,3,1185.75,37,392.12,Normal,Thursday,72.77999999999997,0.06137887413029726,3.1299999999999955
05-09-2024,P110,Home,818.0,552.09,0,1,818.0,109,858.3,Normal,Thursday,265.90999999999997,0.3250733496332518,-40.299999999999955
05-09-2024,P111,Electronics,1064.0,842.49,0,1,1064.0,458,1068.77,Holiday,Thursday,221.51,0.2081860902255639,-4.769999999999982
05-09-2024,P112,Electronics,952.0,586.51,0,0,0.0,471,945.14,Festival,Thursday,0.0,,6.860000000000014
05-09-2024,P113,Home,865.45,571.67,5,1,865.45,123,826.26,Holiday,Thursday,293.7800000000001,0.33945346351608996,39.190000000000055
05-09-2024,P114,Home,1230.0,788.69,0,1,1230.0,219,1174.88,Holiday,Thursday,441.30999999999995,0.35878861788617883,55.11999999999989
05-09-2024,P115,Fashion,229.5,157.51,10,7,1606.5,136,238.13,Sale,Thursday,503.93000000000006,0.31368191721132904,-8.629999999999995
05-09-2024,P116,Home,935.75,775.83,5,0,0.0,173,954.02,Normal,Thursday,0.0,,-18.269999999999982
05-09-2024,P117,Electronics,1267.0,932.63,0,1,1267.0,365,1275.02,Normal,Thursday,334.37,0.26390686661404894,-8.019999999999982
05-09-2024,P118,Sports,1017.0,744.51,0,0,0.0,251,1006.37,Sale,Thursday,0.0,,10.629999999999995
05-09-2024,P119,Sports,424.8,362.84,10,2,849.6,447,404.18,Holiday,Thursday,123.92000000000007,0.1458568738229756,20.620000000000005
06-09-2024,P100,Home,1161.85,741.72,5,0,0.0,422,1139.47,Holiday,Friday,0.0,,22.37999999999988
06-09-2024,P101,Home,222.3,162.72,5,3,666.9,87,215.64,Normal,Friday,178.74,0.2680161943319838,6.660000000000025
06-09-2024,P102,Fashion,404.1,326.08,10,5,2020.5,486,405.97,Festival,Friday,390.10000000000014,0.1930710220242515,-1.8700000000000045
06-09-2024,P103,Sports,997.9,825.02,15,0,0.0,324,1045.73,Festival,Friday,0.0,,-47.83000000000004
06-09-2024,P104,Sports,294.0,223.86,0,0,0.0,299,281.09,Normal,Friday,0.0,,12.910000000000025
06-09-2024,P105,Fashion,469.8,414.53,10,1,469.8,215,475.23,Normal,Friday,55.27000000000004,0.11764580672626658,-5.430000000000007
06-09-2024,P106,Home,1452.0,962.63,0,0,0.0,404,1417.28,Holiday,Friday,0.0,,34.72000000000003
06-09-2024,P107,Electronics,1253.0,884.06,0,0,0.0,209,1314.63,Festival,Friday,0.0,,-61.63000000000011
06-09-2024,P108,Fashion,813.45,679.69,15,0,0.0,383,817.11,Normal,Friday,0.0,,-3.659999999999968
06-09-2024,P109,Fashion,798.95,628.22,5,3,2396.85,61,797.46,Normal,Friday,512.1899999999998,0.21369297202578377,1.490000000000009
06-09-2024,P110,Fashion,1184.0,943.86,0,1,1184.0,210,1228.36,Holiday,Friday,240.14,0.20282094594594594,-44.3599999999999
06-09-2024,P111,Fashion,733.4,473.94,5,4,2933.6,254,751.72,Normal,Friday,1037.84,0.3537769293700572,-18.32000000000005
06-09-2024,P112,Electronics,1275.0,924.03,0,1,1275.0,217,1303.09,Normal,Friday,350.97,0.27527058823529416,-28.089999999999918
06-09-2024,P113,Sports,1188.45,965.52,5,2,2376.9,279,1153.75,Sale,Friday,445.8600000000001,0.18758046194623254,34.700000000000045
06-09-2024,P114,Home,705.0,512.43,0,0,0.0,42,711.87,Sale,Friday,0.0,,-6.8700000000000045
06-09-2024,P115,Fashion,906.0,704.36,0,2,1812.0,478,949.96,Sale,Friday,403.28,0.22256070640176598,-43.960000000000036
06-09-2024,P116,Home,835.2,741.4,10,2,1670.4,409,822.81,Normal,Friday,187.60000000000014,0.11230842911877402,12.3900000000001
06-09-2024,P117,Sports,951.0,743.62,0,2,1902.0,183,958.56,Holiday,Friday,414.76,0.2180651945320715,-7.559999999999945
06-09-2024,P118,Sports,312.3,238.73,10,3,936.9,442,326.99,Normal,Friday,220.71000000000004,0.23557476785142495,-14.689999999999998
06-09-2024,P119,Electronics,674.0,491.8,0,0,0.0,378,665.97,Sale,Friday,0.0,,8.029999999999973
07-09-2024,P100,Sports,199.8,177.41,10,1,199.8,113,199.08,Festival,Saturday,22.390000000000015,0.11206206206206212,0.7199999999999989
07-09-2024,P101,Electronics,635.55,497.78,5,2,1271.1,317,665.13,Normal,Saturday,275.53999999999996,0.21677287388875777,-29.58000000000004
07-09-2024,P102,Electronics,1006.4,716.5,15,0,0.0,32,986.47,Normal,Saturday,0.0,,19.92999999999995
07-09-2024,P103,Sports,201.6,165.3,10,10,2016.0,76,209.43,Holiday,Saturday,363.0,0.1800595238095238,-7.8300000000000125
07-09-2024,P104,Sports,1101.6,933.81,10,1,1101.6,67,1148.4,Normal,Saturday,167.78999999999996,0.1523148148148148,-46.80000000000018
07-09-2024,P105,Electronics,1038.6,912.93,10,1,1038.6,37,1054.7,Normal,Saturday,125.66999999999996,0.12099942229924895,-16.100000000000136
07-09-2024,P106,Electronics,1199.85,770.78,5,0,0.0,431,1253.42,Normal,Saturday,0.0,,-53.570000000000164
07-09-2024,P107,Sports,1312.2,1163.7,10,3,3936.6,184,1352.67,Normal,Saturday,445.49999999999955,0.11316872427983528,-40.47000000000003
07-09-2024,P108,Home,511.2,346.14,10,3,1533.6,467,508.86,Festival,Saturday,495.17999999999984,0.3228873239436619,2.339999999999975
07-09-2024,P109,Sports,1233.9,905.9,10,0,0.0,58,1246.89,Normal,Saturday,0.0,,-12.990000000000009
07-09-2024,P110,Home,399.5,319.22,15,0,0.0,275,404.98,Normal,Saturday,0.0,,-5.480000000000018
07-09-2024,P111,Electronics,911.05,645.23,5,3,2733.15,202,878.84,Normal,Saturday,797.46,0.2917732286921684,32.20999999999992
07-09-2024,P112,Fashion,866.0,528.7,0,0,0.0,288,832.2,Sale,Saturday,0.0,,33.799999999999955
07-09-2024,P113,Electronics,1450.0,1153.32,0,0,0.0,290,1401.75,Sale,Saturday,0.0,,48.25
07-09-2024,P114,Fashion,1359.0,917.22,0,0,0.0,389,1304.98,Holiday,Saturday,0.0,,54.01999999999998
07-09-2024,P115,Electronics,631.0,486.26,0,4,2524.0,298,636.26,Normal,Saturday,578.96,0.22938193343898575,-5.259999999999991
07-09-2024,P116,Fashion,570.0,367.55,5,2,1140.0,121,559.14,Normal,Saturday,404.9,0.3551754385964912,10.860000000000014
07-09-2024,P117,Sports,1432.0,1084.52,0,0,0.0,394,1419.16,Festival,Saturday,0.0,,12.839999999999918
07-09-2024,P118,Fashion,765.9,525.76,10,1,765.9,259,745.88,Normal,Saturday,240.14,0.31353962658310486,20.019999999999982
07-09-2024,P119,Home,327.0,232.69,0,3,981.0,443,324.5,Holiday,Saturday,282.93000000000006,0.28840978593272176,2.5
08-09-2024,P100,Home,436.0,348.67,0,0,0.0,70,443.35,Normal,Sunday,0.0,,-7.350000000000023
08-09-2024,P101,Fashion,1094.4,804.93,5,0,0.0,115,1054.41,Normal,Sunday,0.0,,39.99000000000001
08-09-2024,P102,Electronics,918.0,628.82,0,1,918.0,400,902.19,Normal,Sunday,289.17999999999995,0.3150108932461873,15.809999999999945
08-09-2024,P103,Sports,1371.0,1022.23,0,1,1371.0,58,1411.98,Normal,Sunday,348.77,0.25439095550692925,-40.98000000000002
08-09-2024,P104,Home,646.95,441.86,5,1,646.95,362,620.87,Normal,Sunday,205.09000000000003,0.3170105881443698,26.08000000000004
08-09-2024,P105,Home,1450.0,1075.33,0,2,2900.0,107,1452.23,Holiday,Sunday,749.3400000000001,0.25839310344827593,-2.230000000000018
08-09-2024,P106,Electronics,382.5,288.17,10,1,382.5,271,368.54,Sale,Sunday,94.32999999999998,0.24661437908496728,13.95999999999998
08-09-2024,P107,Sports,1268.0,883.26,0,1,1268.0,454,1282.07,Normal,Sunday,384.74,0.30342271293375395,-14.069999999999936
08-09-2024,P108,Fashion,468.35,368.37,5,3,1405.05,248,465.54,Sale,Sunday,299.9399999999998,0.2134728301483932,2.8100000000000023
08-09-2024,P109,Sports,585.0,461.38,0,3,1755.0,121,613.14,Normal,Sunday,370.8600000000001,0.21131623931623938,-28.139999999999986
08-09-2024,P110,Electronics,1040.0,687.29,0,1,1040.0,467,1006.53,Sale,Sunday,352.71000000000004,0.3391442307692308,33.47000000000003
08-09-2024,P111,Electronics,1007.0,639.71,0,1,1007.0,360,973.64,Normal,Sunday,367.28999999999996,0.36473684210526314,33.360000000000014
08-09-2024,P112,Fashion,1155.0,750.87,0,2,2310.0,372,1192.47,Normal,Sunday,808.26,0.34989610389610387,-37.47000000000003
08-09-2024,P113,Home,465.0,308.11,0,0,0.0,281,467.79,Normal,Sunday,0.0,,-2.7900000000000205
08-09-2024,P114,Fashion,1264.0,772.93,0,1,1264.0,263,1219.68,Normal,Sunday,491.07000000000005,0.38850474683544306,44.319999999999936
08-09-2024,P115,Electronics,716.0,570.16,0,1,716.0,448,727.88,Normal,Sunday,145.84000000000003,0.20368715083798888,-11.879999999999995
08-09-2024,P116,Electronics,611.0,373.18,0,0,0.0,340,637.16,Normal,Sunday,0.0,,-26.159999999999968
08-09-2024,P117,Home,285.0,181.66,0,0,0.0,264,284.77,Normal,Sunday,0.0,,0.2300000000000182
08-09-2024,P118,Sports,1300.0,1012.31,0,5,6500.0,205,1262.25,Normal,Sunday,1438.4500000000007,0.2213000000000001,37.75
08-09-2024,P119,Home,284.05,229.2,5,7,1988.35,94,295.88,Festival,Sunday,383.95000000000005,0.19309980637211763,-11.829999999999984
09-09-2024,P100,Electronics,542.7,460.07,10,1,542.7,404,557.53,Normal,Monday,82.63000000000005,0.15225723235673494,-14.829999999999927
09-09-2024,P101,Electronics,1378.0,1048.33,0,2,2756.0,472,1365.89,Sale,Monday,659.3400000000001,0.23923802612481862,12.1099999999999
09-09-2024,P102,Sports,1397.0,935.42,0,0,0.0,447,1392.52,Normal,Monday,0.0,,4.480000000000018
09-09-2024,P103,Electronics,700.2,603.97,10,2,1400.4,76,731.87,Sale,Monday,192.46000000000004,0.1374321622393602,-31.66999999999996
09-09-2024,P104,Fashion,745.0,557.44,0,1,745.0,185,731.75,Normal,Monday,187.55999999999995,0.2517583892617449,13.25
09-09-2024,P105,Electronics,817.0,613.14,0,3,2451.0,471,796.85,Normal,Monday,611.5799999999999,0.24952264381884942,20.149999999999977
09-09-2024,P106,Sports,497.0,325.7,0,5,2485.0,438,478.86,Sale,Monday,856.5,0.34466800804828973,18.139999999999986
09-09-2024,P107,Home,637.0,455.55,0,1,637.0,162,616.72,Holiday,Monday,181.45,0.284850863422292,20.279999999999973
09-09-2024,P108,Electronics,1263.6,900.02,10,1,1263.6,282,1253.64,Festival,Monday,363.5799999999999,0.2877334599556821,9.959999999999809
09-09-2024,P109,Fashion,273.6,226.57,5,5,1368.0,325,265.11,Sale,Monday,235.1500000000001,0.17189327485380124,8.490000000000009
09-09-2024,P110,Electronics,452.0,280.62,0,2,904.0,188,452.33,Normal,Monday,342.76,0.3791592920353982,-0.3299999999999841
09-09-2024,P111,Sports,602.3,406.26,5,1,602.3,201,606.33,Normal,Monday,196.03999999999996,0.32548563838618627,-4.030000000000086
09-09-2024,P112,Home,476.0,375.31,0,3,1428.0,382,492.55,Normal,Monday,302.06999999999994,0.2115336134453781,-16.55000000000001
09-09-2024,P113,Fashion,350.55,253.2,5,2,701.1,329,349.42,Festival,Monday,194.70000000000005,0.27770646127513915,1.1299999999999955
09-09-2024,P114,Fashion,864.5,725.67,5,0,0.0,190,849.06,Normal,Monday,0.0,,15.440000000000055
09-09-2024,P115,Home,358.15,274.77,5,4,1432.6,261,362.95,Holiday,Monday,333.52,0.232807482898227,-4.800000000000011
09-09-2024,P116,Fashion,1233.35,887.73,15,0,0.0,343,1291.03,Normal,Monday,0.0,,-57.680000000000064
09-09-2024,P117,Electronics,278.35,224.49,5,2,556.7,461,290.5,Normal,Monday,107.72000000000003,0.193497395365547,-12.149999999999977
09-09-2024,P118,Electronics,1447.0,926.84,0,1,1447.0,395,1376.88,Normal,Monday,520.16,0.3594747753973739,70.11999999999989
09-09-2024,P119,Electronics,215.1,162.48,10,9,1935.9,255,216.29,Normal,Monday,473.58000000000015,0.24463040446304052,-1.1899999999999977
10-09-2024,P100,Sports,758.7,565.59,10,3,2276.1,380,759.28,Normal,Tuesday,579.3299999999999,0.25452748121787266,-0.5799999999999272
10-09-2024,P101,Fashion,974.0,629.71,0,0,0.0,147,994.47,Normal,Tuesday,0.0,,-20.470000000000027
10-09-2024,P102,Sports,1279.8,947.99,10,3,3839.4,349,1231.68,Festival,Tuesday,995.4299999999998,0.2592670729801531,48.11999999999989
10-09-2024,P103,Sports,573.0,350.75,0,5,2865.0,462,576.48,Festival,Tuesday,1111.25,0.3878708551483421,-3.480000000000018
10-09-2024,P104,Sports,923.1,796.87,15,0,0.0,213,884.06,Festival,Tuesday,0.0,,39.04000000000008
10-09-2024,P105,Home,1335.6,958.18,10,0,0.0,452,1276.12,Normal,Tuesday,0.0,,59.48000000000002
10-09-2024,P106,Electronics,356.0,222.1,0,0,0.0,47,350.8,Normal,Tuesday,0.0,,5.199999999999989
10-09-2024,P107,Home,745.0,482.01,0,0,0.0,384,779.82,Holiday,Tuesday,0.0,,-34.82000000000005
10-09-2024,P108,Home,952.0,717.35,0,1,952.0,349,909.39,Normal,Tuesday,234.64999999999998,0.24648109243697477,42.610000000000014
10-09-2024,P109,Electronics,601.0,439.38,0,0,0.0,105,628.29,Festival,Tuesday,0.0,,-27.289999999999964
10-09-2024,P110,Home,204.85,167.7,15,5,1024.25,66,201.52,Sale,Tuesday,185.75,0.18135220893336587,3.329999999999984
10-09-2024,P111,Fashion,824.5,734.46,15,0,0.0,134,827.88,Holiday,Tuesday,0.0,,-3.3799999999999955
10-09-2024,P112,Electronics,863.6,710.82,15,4,3454.4,281,826.37,Festival,Tuesday,611.1199999999999,0.17691060676238995,37.23000000000002
10-09-2024,P113,Fashion,1251.0,900.83,10,0,0.0,493,1292.09,Sale,Tuesday,0.0,,-41.08999999999992
10-09-2024,P114,Fashion,1279.65,928.04,5,0,0.0,330,1316.02,Holiday,Tuesday,0.0,,-36.36999999999989
10-09-2024,P115,Sports,252.0,166.04,0,6,1512.0,148,259.33,Sale,Tuesday,515.76,0.3411111111111111,-7.329999999999984
10-09-2024,P116,Home,1495.0,1172.14,0,2,2990.0,209,1554.85,Sale,Tuesday,645.7199999999998,0.2159598662207357,-59.84999999999991
10-09-2024,P117,Sports,443.7,318.53,15,2,887.4,242,444.46,Normal,Tuesday,250.34000000000003,0.2821050259184134,-0.7599999999999909
10-09-2024,P118,Fashion,1121.0,802.5,0,0,0.0,405,1083.56,Normal,Tuesday,0.0,,37.440000000000055
10-09-2024,P119,Sports,339.0,208.51,0,2,678.0,474,343.12,Normal,Tuesday,260.98,0.38492625368731564,-4.1200000000000045
11-09-2024,P100,Sports,835.55,633.36,15,5,4177.75,31,848.22,Normal,Wednesday,1010.9499999999998,0.24198432170426662,-12.670000000000073
11-09-2024,P101,Sports,963.9,828.68,10,0,0.0,127,945.73,Normal,Wednesday,0.0,,18.16999999999996
11-09-2024,P102,Sports,814.0,531.69,0,0,0.0,62,846.52,Sale,Wednesday,0.0,,-32.51999999999998
11-09-2024,P103,Sports,428.0,310.14,0,4,1712.0,468,435.1,Sale,Wednesday,471.44000000000005,0.27537383177570096,-7.100000000000023
11-09-2024,P104,Home,552.0,396.58,0,2,1104.0,391,533.06,Normal,Wednesday,310.84000000000003,0.28155797101449276,18.940000000000055
11-09-2024,P105,Sports,1276.8,1019.63,5,0,0.0,64,1304.2,Sale,Wednesday,0.0,,-27.40000000000009
11-09-2024,P106,Sports,1067.0,724.49,0,0,0.0,77,1026.34,Sale,Wednesday,0.0,,40.66000000000008
11-09-2024,P107,Sports,301.0,206.58,0,6,1806.0,40,308.04,Festival,Wednesday,566.52,0.313687707641196,-7.0400000000000205
11-09-2024,P108,Electronics,1040.0,814.92,0,0,0.0,184,1001.03,Normal,Wednesday,0.0,,38.97000000000003
11-09-2024,P109,Sports,781.85,645.22,5,3,2345.55,470,750.35,Normal,Wednesday,409.8900000000001,0.17475219031783593,31.5
11-09-2024,P110,Fashion,1287.0,850.79,0,2,2574.0,482,1330.42,Normal,Wednesday,872.4200000000001,0.33893550893550894,-43.42000000000007
11-09-2024,P111,Sports,969.0,710.58,0,0,0.0,428,947.18,Normal,Wednesday,0.0,,21.82000000000005
11-09-2024,P112,Home,621.0,403.74,0,1,621.0,200,635.4,Festival,Wednesday,217.26,0.3498550724637681,-14.399999999999977
11-09-2024,P113,Home,1163.0,780.62,0,0,0.0,297,1155.14,Sale,Wednesday,0.0,,7.8599999999999
11-09-2024,P114,Home,785.0,567.05,0,1,785.0,462,815.61,Normal,Wednesday,217.95000000000005,0.2776433121019109,-30.610000000000014
11-09-2024,P115,Home,225.9,156.94,10,2,451.8,111,226.53,Normal,Wednesday,137.92000000000002,0.30526781761841526,-0.6299999999999955
11-09-2024,P116,Fashion,1136.0,740.73,0,0,0.0,55,1191.25,Sale,Wednesday,0.0,,-55.25
11-09-2024,P117,Fashion,744.8,606.11,5,1,744.8,238,741.86,Festival,Wednesday,138.68999999999994,0.18621106337271745,2.939999999999941
11-09-2024,P118,Fashion,633.6,463.21,10,2,1267.2,84,623.75,Normal,Wednesday,340.7800000000001,0.2689236111111112,9.850000000000023
11-09-2024,P119,Fashion,1227.4,1087.46,15,0,0.0,253,1285.3,Festival,Wednesday,0.0,,-57.899999999999864
12-09-2024,P100,Fashion,917.0,657.63,0,3,2751.0,343,886.95,Holiday,Thursday,778.1100000000001,0.28284623773173395,30.049999999999955
12-09-2024,P101,Fashion,1137.6,966.02,10,2,2275.2,291,1156.67,Festival,Thursday,343.15999999999985,0.1508263009845288,-19.070000000000164
12-09-2024,P102,Fashion,1178.1,1032.07,10,1,1178.1,179,1210.74,Normal,Thursday,146.02999999999997,0.12395382395382394,-32.6400000000001
12-09-2024,P103,Sports,825.35,654.08,15,0,0.0,195,854.01,Normal,Thursday,0.0,,-28.659999999999968
12-09-2024,P104,Electronics,1130.0,888.79,0,2,2260.0,20,1142.54,Holiday,Thursday,482.4200000000001,0.21346017699115047,-12.539999999999964
12-09-2024,P105,Fashion,604.8,501.27,10,0,0.0,104,593.94,Sale,Thursday,0.0,,10.8599999999999
12-09-2024,P106,Electronics,467.0,281.35,0,2,934.0,405,454.61,Normal,Thursday,371.29999999999995,0.39753747323340466,12.389999999999986
12-09-2024,P107,Electronics,922.5,648.11,10,1,922.5,254,918.78,Normal,Thursday,274.39,0.2974417344173442,3.7200000000000273
12-09-2024,P108,Electronics,379.8,305.62,10,4,1519.2,282,379.58,Festival,Thursday,296.72,0.19531332280147448,0.22000000000002728
12-09-2024,P109,Sports,785.0,576.84,0,4,3140.0,417,824.24,Festival,Thursday,832.6399999999999,0.26517197452229296,-39.24000000000001
12-09-2024,P110,Fashion,649.8,418.25,5,3,1949.4,206,666.98,Sale,Thursday,694.6500000000001,0.3563404124345953,-17.180000000000064
12-09-2024,P111,Electronics,1242.9,917.43,10,0,0.0,155,1193.28,Normal,Thursday,0.0,,49.62000000000012
12-09-2024,P112,Electronics,1211.25,894.69,15,2,2422.5,140,1208.58,Sale,Thursday,633.1199999999999,0.26134984520123833,2.6700000000000728
12-09-2024,P113,Electronics,530.0,398.33,0,3,1590.0,336,545.45,Sale,Thursday,395.01,0.24843396226415093,-15.450000000000045
12-09-2024,P114,Home,229.0,168.65,0,5,1145.0,228,227.95,Holiday,Thursday,301.75,0.26353711790393014,1.0500000000000114
12-09-2024,P115,Home,855.1,643.39,15,1,855.1,187,859.71,Normal,Thursday,211.71000000000004,0.24758507776868205,-4.610000000000014
12-09-2024,P116,Sports,371.7,290.18,10,4,1486.8,396,384.15,Festival,Thursday,326.0799999999999,0.21931665321495825,-12.449999999999989
12-09-2024,P117,Fashion,835.05,568.81,5,0,0.0,77,852.65,Sale,Thursday,0.0,,-17.600000000000023
12-09-2024,P118,Electronics,579.0,420.44,0,1,579.0,305,596.47,Festival,Thursday,158.56,0.27385146804835925,-17.470000000000027
12-09-2024,P119,Home,1489.0,1100.01,0,1,1489.0,118,1446.22,Festival,Thursday,388.99,0.26124244459368706,42.77999999999997
13-09-2024,P100,Home,568.8,428.69,10,2,1137.6,326,565.75,Normal,Friday,280.2199999999999,0.24632559774964832,3.0499999999999545
13-09-2024,P101,Sports,374.0,269.09,0,4,1496.0,296,363.03,Normal,Friday,419.6400000000001,0.2805080213903744,10.970000000000027
13-09-2024,P102,Home,1258.0,825.05,0,2,2516.0,400,1313.49,Sale,Friday,865.9000000000001,0.3441573926868045,-55.49000000000001
13-09-2024,P103,Fashion,610.0,460.21,0,0,0.0,170,586.83,Holiday,Friday,0.0,,23.16999999999996
13-09-2024,P104,Sports,271.0,175.2,0,4,1084.0,178,259.87,Normal,Friday,383.20000000000005,0.3535055350553506,11.129999999999995
13-09-2024,P105,Home,1057.0,841.25,0,1,1057.0,253,1023.57,Normal,Friday,215.75,0.20411542100283822,33.42999999999995
13-09-2024,P106,Electronics,584.25,491.56,5,2,1168.5,77,577.24,Normal,Friday,185.38,0.15864783910997005,7.009999999999991
13-09-2024,P107,Fashion,1121.0,904.67,5,2,2242.0,225,1115.04,Normal,Friday,432.6600000000001,0.19297948260481718,5.960000000000036
13-09-2024,P108,Sports,745.0,542.95,0,2,1490.0,96,748.57,Normal,Friday,404.0999999999999,0.2712080536912751,-3.57000000000005
13-09-2024,P109,Home,993.0,733.73,0,0,0.0,177,963.23,Festival,Friday,0.0,,29.769999999999982
13-09-2024,P110,Sports,1043.1,856.73,5,0,0.0,339,1049.84,Normal,Friday,0.0,,-6.740000000000009
13-09-2024,P111,Home,970.7,824.5,15,2,1941.4,198,945.0,Normal,Friday,292.4000000000001,0.15061295971978989,25.700000000000045
13-09-2024,P112,Sports,1250.0,906.81,0,2,2500.0,41,1218.21,Sale,Friday,686.3800000000001,0.274552,31.789999999999964
13-09-2024,P113,Home,1034.55,802.47,5,0,0.0,77,984.33,Festival,Friday,0.0,,50.219999999999914
13-09-2024,P114,Electronics,209.95,142.91,5,3,629.85,23,205.06,Normal,Friday,201.12,0.31931412241009766,4.889999999999986
13-09-2024,P115,Electronics,1112.0,855.37,0,3,3336.0,265,1063.31,Holiday,Friday,769.8899999999999,0.2307823741007194,48.690000000000055
13-09-2024,P116,Sports,1213.0,800.21,0,2,2426.0,191,1250.46,Sale,Friday,825.5799999999999,0.34030502885408076,-37.460000000000036
13-09-2024,P117,Sports,1335.6,1126.98,10,0,0.0,284,1302.68,Sale,Friday,0.0,,32.919999999999845
13-09-2024,P118,Sports,416.0,323.72,0,0,0.0,201,409.43,Normal,Friday,0.0,,6.569999999999993
13-09-2024,P119,Home,1400.0,910.73,0,0,0.0,76,1332.0,Holiday,Friday,0.0,,68.0
14-09-2024,P100,Home,1376.0,849.43,0,0,0.0,128,1384.75,Festival,Saturday,0.0,,-8.75
14-09-2024,P101,Sports,743.0,544.21,0,0,0.0,123,707.14,Normal,Saturday,0.0,,35.860000000000014
14-09-2024,P102,Fashion,1167.0,865.23,0,0,0.0,441,1129.57,Festival,Saturday,0.0,,37.430000000000064
14-09-2024,P103,Electronics,1327.0,843.68,0,0,0.0,391,1370.23,Festival,Saturday,0.0,,-43.23000000000002
14-09-2024,P104,Sports,622.0,415.27,0,0,0.0,264,652.29,Normal,Saturday,0.0,,-30.289999999999964
14-09-2024,P105,Electronics,1127.0,776.15,0,0,0.0,466,1157.78,Normal,Saturday,0.0,,-30.779999999999973
14-09-2024,P106,Electronics,1252.1,1020.66,5,0,0.0,234,1240.85,Sale,Saturday,0.0,,11.25
14-09-2024,P107,Home,859.0,595.25,0,3,2577.0,231,837.59,Sale,Saturday,791.25,0.3070430733410943,21.409999999999968
14-09-2024,P108,Home,1176.1,814.76,5,0,0.0,335,1198.89,Normal,Saturday,0.0,,-22.79000000000019
14-09-2024,P109,Electronics,685.0,487.15,0,4,2740.0,354,653.68,Holiday,Saturday,791.4000000000001,0.2888321167883212,31.32000000000005
14-09-2024,P110,Home,1293.0,956.55,0,2,2586.0,372,1314.87,Holiday,Saturday,672.9000000000001,0.26020881670533647,-21.86999999999989
14-09-2024,P111,Electronics,989.1,821.63,10,1,989.1,230,1003.04,Normal,Saturday,167.47000000000003,0.16931553937923366,-13.93999999999994
14-09-2024,P112,Electronics,628.0,460.26,0,3,1884.0,137,649.24,Normal,Saturday,503.22,0.2671019108280255,-21.24000000000001
14-09-2024,P113,Electronics,1245.6,850.95,10,4,4982.4,477,1293.54,Holiday,Saturday,1578.5999999999995,0.31683526011560686,-47.940000000000055
14-09-2024,P114,Electronics,380.8,352.97,15,2,761.6,140,375.29,Festival,Saturday,55.65999999999997,0.07308298319327727,5.509999999999991
14-09-2024,P115,Home,1035.0,664.46,0,0,0.0,67,1074.97,Normal,Saturday,0.0,,-39.97000000000003
14-09-2024,P116,Home,595.0,458.52,0,2,1190.0,181,606.89,Normal,Saturday,272.96000000000004,0.22937815126050423,-11.889999999999986
14-09-2024,P117,Fashion,1469.0,1104.86,0,2,2938.0,100,1452.18,Holiday,Saturday,728.2800000000002,0.24788291354663042,16.819999999999936
14-09-2024,P118,Home,918.0,579.76,0,0,0.0,204,890.47,Normal,Saturday,0.0,,27.529999999999973
14-09-2024,P119,Home,1182.0,709.32,0,0,0.0,413,1132.17,Normal,Saturday,0.0,,49.82999999999993
15-09-2024,P100,Electronics,1125.9,879.0,10,2,2251.8,443,1147.9,Normal,Sunday,493.8000000000002,0.21929123367972295,-22.0
15-09-2024,P101,Sports,396.9,268.0,10,0,0.0,422,414.52,Normal,Sunday,0.0,,-17.620000000000005
15-09-2024,P102,Home,914.6,715.59,15,0,0.0,266,915.72,Normal,Sunday,0.0,,-1.1200000000000045
15-09-2024,P103,Sports,617.0,475.35,0,4,2468.0,75,591.0,Normal,Sunday,566.5999999999999,0.22957860615883302,26.0
15-09-2024,P104,Electronics,1138.15,919.16,15,0,0.0,102,1129.51,Normal,Sunday,0.0,,8.6400000000001
15-09-2024,P105,Electronics,1412.0,1001.75,0,1,1412.0,142,1450.74,Festival,Sunday,410.25,0.2905453257790368,-38.74000000000001
15-09-2024,P106,Electronics,963.9,713.51,15,5,4819.5,499,968.45,Normal,Sunday,1251.9499999999998,0.25976761074800286,-4.550000000000068
15-09-2024,P107,Fashion,448.8,345.82,15,2,897.6,264,450.77,Holiday,Sunday,205.96000000000004,0.22945632798573978,-1.9699999999999704
15-09-2024,P108,Sports,789.0,607.21,0,1,789.0,28,758.98,Normal,Sunday,181.78999999999996,0.2304055766793409,30.019999999999982
15-09-2024,P109,Electronics,379.8,302.72,10,3,1139.4,104,396.25,Normal,Sunday,231.24,0.2029489204844655,-16.44999999999999
15-09-2024,P110,Fashion,430.2,371.76,10,4,1720.8,288,436.78,Holiday,Sunday,233.76,0.13584379358437937,-6.579999999999984
15-09-2024,P111,Electronics,743.0,483.29,0,0,0.0,85,771.96,Normal,Sunday,0.0,,-28.960000000000036
15-09-2024,P112,Home,320.0,211.95,0,6,1920.0,499,329.44,Holiday,Sunday,648.3000000000002,0.3376562500000001,-9.439999999999998
15-09-2024,P113,Fashion,675.0,520.24,0,3,2025.0,43,653.52,Holiday,Sunday,464.28,0.22927407407407405,21.480000000000018
15-09-2024,P114,Home,827.05,637.07,15,3,2481.15,79,842.22,Festival,Sunday,569.94,0.22970799830723657,-15.170000000000073
15-09-2024,P115,Home,672.0,438.14,0,0,0.0,239,666.94,Normal,Sunday,0.0,,5.059999999999945
15-09-2024,P116,Sports,762.0,565.34,0,0,0.0,319,765.23,Sale,Sunday,0.0,,-3.230000000000018
15-09-2024,P117,Home,1109.7,844.55,10,1,1109.7,151,1116.75,Normal,Sunday,265.1500000000001,0.23893845183382903,-7.0499999999999545
15-09-2024,P118,Fashion,681.0,475.06,0,1,681.0,349,685.2,Normal,Sunday,205.94,0.3024082232011747,-4.2000000000000455
15-09-2024,P119,Fashion,559.0,344.83,0,2,1118.0,55,536.65,Holiday,Sunday,428.34000000000003,0.3831305903398927,22.350000000000023
16-09-2024,P100,Electronics,776.15,589.34,5,0,0.0,63,805.56,Sale,Monday,0.0,,-29.409999999999968
16-09-2024,P101,Electronics,796.1,584.7,5,0,0.0,176,826.67,Holiday,Monday,0.0,,-30.569999999999936
16-09-2024,P102,Fashion,1051.0,664.83,0,2,2102.0,288,1046.61,Festival,Monday,772.3399999999999,0.3674310180780209,4.3900000000001
16-09-2024,P103,Sports,1021.0,651.8,0,2,2042.0,269,990.38,Sale,Monday,738.4000000000001,0.3616062683643487,30.620000000000005
16-09-2024,P104,Electronics,499.0,386.64,0,1,499.0,273,506.75,Normal,Monday,112.36000000000001,0.22517034068136274,-7.75
16-09-2024,P105,Fashion,1302.3,1091.42,10,3,3906.9,339,1321.25,Normal,Monday,632.6399999999999,0.16192889503186667,-18.950000000000045
16-09-2024,P106,Sports,459.8,346.37,5,0,0.0,118,481.26,Normal,Monday,0.0,,-21.45999999999998
16-09-2024,P107,Sports,439.85,288.96,5,0,0.0,247,449.08,Normal,Monday,0.0,,-9.229999999999961
16-09-2024,P108,Sports,865.3,713.17,15,3,2595.9,480,875.68,Normal,Monday,456.3900000000003,0.1758118571593668,-10.379999999999995
16-09-2024,P109,Home,917.1,793.29,10,0,0.0,424,923.04,Normal,Monday,0.0,,-5.939999999999941
16-09-2024,P110,Sports,198.9,148.92,15,5,994.5,397,192.23,Normal,Monday,249.9000000000001,0.2512820512820514,6.670000000000016
16-09-2024,P111,Electronics,724.85,466.02,5,0,0.0,199,708.53,Festival,Monday,0.0,,16.32000000000005
16-09-2024,P112,Fashion,1268.0,957.34,0,1,1268.0,451,1317.33,Normal,Monday,310.65999999999997,0.24499999999999997,-49.32999999999993
16-09-2024,P113,Home,666.9,559.3,5,0,0.0,117,652.59,Holiday,Monday,0.0,,14.309999999999945
16-09-2024,P114,Fashion,1130.5,860.93,15,0,0.0,245,1147.43,Normal,Monday,0.0,,-16.930000000000064
16-09-2024,P115,Sports,1371.0,1074.94,0,1,1371.0,311,1378.06,Normal,Monday,296.05999999999995,0.21594456601021148,-7.059999999999945
16-09-2024,P116,Sports,1063.8,720.11,10,0,0.0,402,1096.12,Normal,Monday,0.0,,-32.319999999999936
16-09-2024,P117,Sports,1240.7,881.33,5,0,0.0,54,1247.86,Festival,Monday,0.0,,-7.1599999999998545
16-09-2024,P118,Home,1010.0,609.34,0,0,0.0,478,974.62,Normal,Monday,0.0,,35.379999999999995
16-09-2024,P119,Home,878.05,771.9,15,0,0.0,387,910.65,Normal,Monday,0.0,,-32.60000000000002
17-09-2024,P100,Electronics,262.0,190.71,0,4,1048.0,134,262.36,Normal,Tuesday,285.15999999999997,0.2720992366412213,-0.36000000000001364
17-09-2024,P101,Home,804.0,521.43,0,2,1608.0,303,816.74,Festival,Tuesday,565.1400000000001,0.3514552238805971,-12.740000000000009
17-09-2024,P102,Fashion,1045.95,707.2,5,2,2091.9,89,1042.69,Festival,Tuesday,677.5,0.32386825374061856,3.259999999999991
17-09-2024,P103,Sports,557.0,368.97,0,0,0.0,254,573.89,Holiday,Tuesday,0.0,,-16.889999999999986
17-09-2024,P104,Home,1333.8,1019.76,10,0,0.0,48,1380.95,Normal,Tuesday,0.0,,-47.15000000000009
17-09-2024,P105,Home,632.0,501.71,0,0,0.0,478,621.17,Sale,Tuesday,0.0,,10.830000000000041
17-09-2024,P106,Fashion,1327.0,799.03,0,0,0.0,283,1346.13,Holiday,Tuesday,0.0,,-19.13000000000011
17-09-2024,P107,Sports,1006.0,630.43,0,2,2012.0,229,1056.17,Festival,Tuesday,751.1400000000001,0.37333001988071574,-50.17000000000007
17-09-2024,P108,Fashion,338.0,208.76,0,4,1352.0,452,352.07,Normal,Tuesday,516.96,0.3823668639053255,-14.069999999999993
17-09-2024,P109,Sports,812.6,588.42,15,4,3250.4,178,796.38,Normal,Tuesday,896.7200000000003,0.2758798917056363,16.220000000000027
17-09-2024,P110,Sports,343.9,262.52,5,2,687.8,289,348.74,Normal,Tuesday,162.76,0.2366385577202675,-4.840000000000032
17-09-2024,P111,Home,1091.4,790.46,15,2,2182.8,64,1046.12,Festival,Tuesday,601.8800000000001,0.2757375847535276,45.2800000000002
17-09-2024,P112,Home,511.2,446.29,10,3,1533.6,78,490.68,Normal,Tuesday,194.7299999999998,0.12697574334898265,20.519999999999982
17-09-2024,P113,Home,640.05,506.89,15,5,3200.25,338,612.34,Holiday,Tuesday,665.8000000000002,0.20804624638700106,27.709999999999923
17-09-2024,P114,Sports,414.8,312.36,15,2,829.6,209,411.34,Festival,Tuesday,204.88,0.24696239151398264,3.4600000000000364
17-09-2024,P115,Fashion,1204.2,816.14,10,0,0.0,71,1211.42,Festival,Tuesday,0.0,,-7.220000000000027
17-09-2024,P116,Fashion,713.0,532.07,0,0,0.0,340,689.95,Normal,Tuesday,0.0,,23.049999999999955
17-09-2024,P117,Sports,1042.2,835.72,10,1,1042.2,42,1039.13,Normal,Tuesday,206.48000000000002,0.19811936288620227,3.0699999999999363
17-09-2024,P118,Electronics,251.1,198.73,10,2,502.2,31,259.23,Normal,Tuesday,104.74000000000001,0.20856232576662687,-8.130000000000024
17-09-2024,P119,Fashion,861.65,644.09,5,0,0.0,125,845.63,Normal,Tuesday,0.0,,16.019999999999982
18-09-2024,P100,Sports,385.0,284.05,0,3,1155.0,363,384.12,Holiday,Wednesday,302.8499999999999,0.2622077922077921,0.8799999999999955
18-09-2024,P101,Home,940.5,822.6,10,0,0.0,320,949.35,Normal,Wednesday,0.0,,-8.850000000000023
18-09-2024,P102,Fashion,1037.0,697.75,0,4,4148.0,473,1036.7,Sale,Wednesday,1357.0,0.327145612343298,0.2999999999999545
18-09-2024,P103,Home,333.0,239.2,0,3,999.0,28,336.64,Normal,Wednesday,281.4000000000001,0.2816816816816818,-3.6399999999999864
18-09-2024,P104,Home,229.9,166.75,5,1,229.9,272,222.31,Normal,Wednesday,63.150000000000006,0.27468464549804267,7.590000000000003
18-09-2024,P105,Sports,1071.0,786.14,0,0,0.0,395,1103.78,Sale,Wednesday,0.0,,-32.77999999999997
18-09-2024,P106,Sports,806.0,636.44,0,1,806.0,272,820.44,Normal,Wednesday,169.55999999999995,0.2103722084367245,-14.440000000000055
18-09-2024,P107,Home,1140.0,790.81,0,1,1140.0,380,1114.27,Festival,Wednesday,349.19000000000005,0.3063070175438597,25.730000000000018
18-09-2024,P108,Sports,224.0,174.66,0,4,896.0,498,230.59,Sale,Wednesday,197.36,0.22026785714285715,-6.590000000000003
18-09-2024,P109,Home,797.05,593.68,5,5,3985.25,113,797.32,Normal,Wednesday,1016.8500000000004,0.25515337808167626,-0.2700000000000955
18-09-2024,P110,Electronics,880.65,656.72,5,2,1761.3,24,890.72,Normal,Wednesday,447.8599999999999,0.2542780900471242,-10.07000000000005
18-09-2024,P111,Home,754.2,663.92,10,2,1508.4,462,741.44,Normal,Wednesday,180.56000000000017,0.11970299655263866,12.759999999999991
18-09-2024,P112,Electronics,452.2,296.0,5,0,0.0,148,463.01,Holiday,Wednesday,0.0,,-10.810000000000002
18-09-2024,P113,Sports,1003.0,758.75,0,0,0.0,272,978.19,Normal,Wednesday,0.0,,24.809999999999945
18-09-2024,P114,Home,1211.4,998.04,10,0,0.0,239,1238.1,Festival,Wednesday,0.0,,-26.699999999999818
18-09-2024,P115,Electronics,1218.6,930.48,10,0,0.0,24,1248.31,Sale,Wednesday,0.0,,-29.710000000000036
18-09-2024,P116,Home,594.7,446.92,5,2,1189.4,87,570.23,Normal,Wednesday,295.56000000000006,0.24849503951572224,24.470000000000027
18-09-2024,P117,Fashion,813.0,534.88,0,0,0.0,194,814.29,Normal,Wednesday,0.0,,-1.2899999999999636
18-09-2024,P118,Sports,824.0,578.7,0,0,0.0,328,787.42,Sale,Wednesday,0.0,,36.58000000000004
18-09-2024,P119,Fashion,570.0,418.09,0,3,1710.0,285,565.17,Normal,Wednesday,455.73,0.2665087719298246,4.830000000000041
19-09-2024,P100,Fashion,1386.0,1102.96,0,3,4158.0,375,1419.56,Normal,Thursday,849.1199999999999,0.20421356421356418,-33.559999999999945
19-09-2024,P101,Fashion,413.25,287.06,5,0,0.0,228,403.33,Normal,Thursday,0.0,,9.920000000000016
19-09-2024,P102,Electronics,522.9,364.11,10,1,522.9,344,547.99,Sale,Thursday,158.78999999999996,0.3036718301778542,-25.090000000000032
19-09-2024,P103,Fashion,1367.05,1031.73,5,0,0.0,464,1324.58,Normal,Thursday,0.0,,42.47000000000003
19-09-2024,P104,Fashion,800.0,525.16,0,0,0.0,392,814.12,Normal,Thursday,0.0,,-14.120000000000005
19-09-2024,P105,Fashion,525.6,395.29,10,3,1576.8,25,530.35,Holiday,Thursday,390.92999999999984,0.2479261796042617,-4.75
19-09-2024,P106,Sports,1177.0,885.44,0,0,0.0,314,1234.31,Normal,Thursday,0.0,,-57.309999999999945
19-09-2024,P107,Home,268.0,168.19,0,3,804.0,337,262.01,Normal,Thursday,299.43,0.3724253731343284,5.990000000000009
19-09-2024,P108,Electronics,730.15,572.75,15,0,0.0,242,701.15,Sale,Thursday,0.0,,29.0
19-09-2024,P109,Fashion,283.1,215.42,5,3,849.3,223,270.65,Normal,Thursday,203.03999999999996,0.23906746732603318,12.450000000000045
19-09-2024,P110,Electronics,1206.0,918.72,10,3,3618.0,111,1233.4,Festival,Thursday,861.8400000000001,0.23820895522388064,-27.40000000000009
19-09-2024,P111,Sports,771.3,663.92,10,0,0.0,147,799.33,Sale,Thursday,0.0,,-28.030000000000086
19-09-2024,P112,Home,1181.8,904.71,5,0,0.0,78,1160.31,Festival,Thursday,0.0,,21.49000000000001
19-09-2024,P113,Sports,374.85,344.71,15,2,749.7,417,359.82,Normal,Thursday,60.280000000000086,0.08040549553154606,15.03000000000003
19-09-2024,P114,Electronics,597.0,376.12,0,0,0.0,493,585.4,Sale,Thursday,0.0,,11.600000000000023
19-09-2024,P115,Home,718.2,637.37,10,1,718.2,74,691.87,Normal,Thursday,80.83000000000004,0.11254525201893628,26.33000000000004
19-09-2024,P116,Sports,935.0,570.0,0,1,935.0,361,899.99,Normal,Thursday,365.0,0.39037433155080214,35.00999999999999
19-09-2024,P117,Electronics,615.0,386.62,0,3,1845.0,349,606.34,Normal,Thursday,685.1399999999999,0.3713495934959349,8.659999999999968
19-09-2024,P118,Home,1386.05,946.47,5,4,5544.2,361,1354.3,Holiday,Thursday,1758.3199999999997,0.3171458461094477,31.75
19-09-2024,P119,Electronics,455.0,354.04,0,3,1365.0,69,444.82,Normal,Thursday,302.8799999999999,0.2218901098901098,10.180000000000007
20-09-2024,P100,Fashion,1296.9,1066.11,10,1,1296.9,134,1332.16,Normal,Friday,230.7900000000002,0.1779551237566506,-35.25999999999999
20-09-2024,P101,Electronics,213.0,132.43,0,9,1917.0,483,205.11,Festival,Friday,725.1299999999999,0.378262910798122,7.889999999999986
20-09-2024,P102,Sports,627.95,492.07,5,0,0.0,95,600.91,Normal,Friday,0.0,,27.040000000000077
20-09-2024,P103,Sports,360.0,285.94,0,7,2520.0,273,375.78,Festival,Friday,518.4200000000001,0.20572222222222225,-15.779999999999973
20-09-2024,P104,Home,199.5,128.16,5,10,1995.0,30,209.21,Holiday,Friday,713.4000000000001,0.3575939849624061,-9.710000000000008
20-09-2024,P105,Sports,279.0,245.97,10,5,1395.0,127,286.46,Sale,Friday,165.1500000000001,0.11838709677419361,-7.4599999999999795
20-09-2024,P106,Electronics,795.6,616.6,15,0,0.0,260,809.26,Normal,Friday,0.0,,-13.659999999999968
20-09-2024,P107,Home,1435.0,1068.87,0,0,0.0,102,1440.15,Normal,Friday,0.0,,-5.150000000000091
20-09-2024,P108,Fashion,1417.0,1089.51,0,0,0.0,97,1364.59,Sale,Friday,0.0,,52.41000000000008
20-09-2024,P109,Home,673.0,501.76,0,2,1346.0,350,684.76,Holiday,Friday,342.48,0.25444279346210996,-11.759999999999991
20-09-2024,P110,Sports,1051.65,779.19,5,3,3154.95,72,1102.92,Normal,Friday,817.3799999999997,0.2590785907859078,-51.26999999999998
20-09-2024,P111,Sports,333.2,258.92,15,4,1332.8,31,345.47,Holiday,Friday,297.1199999999999,0.22292917166866738,-12.270000000000039
20-09-2024,P112,Sports,1105.0,822.57,0,0,0.0,242,1088.67,Normal,Friday,0.0,,16.329999999999927
20-09-2024,P113,Electronics,1415.5,1172.88,5,2,2831.0,417,1434.55,Normal,Friday,485.2399999999998,0.17140233133168484,-19.049999999999955
20-09-2024,P114,Sports,999.0,668.86,0,0,0.0,357,1003.81,Normal,Friday,0.0,,-4.809999999999945
20-09-2024,P115,Fashion,247.0,190.47,0,3,741.0,188,241.79,Festival,Friday,169.59000000000003,0.22886639676113366,5.210000000000008
20-09-2024,P116,Electronics,1097.0,820.36,0,0,0.0,30,1057.1,Normal,Friday,0.0,,39.90000000000009
20-09-2024,P117,Home,1047.6,910.34,10,0,0.0,125,1020.52,Normal,Friday,0.0,,27.079999999999927
20-09-2024,P118,Sports,852.0,645.73,0,1,852.0,404,832.63,Normal,Friday,206.26999999999998,0.24210093896713614,19.370000000000005
20-09-2024,P119,Home,337.0,256.09,0,1,337.0,91,333.16,Normal,Friday,80.91000000000003,0.24008902077151342,3.839999999999975
21-09-2024,P100,Sports,1109.0,852.15,0,0,0.0,30,1113.69,Festival,Saturday,0.0,,-4.690000000000055
21-09-2024,P101,Home,862.2,667.63,10,0,0.0,169,879.96,Normal,Saturday,0.0,,-17.75999999999999
21-09-2024,P102,Home,1050.0,800.12,0,5,5250.0,194,1087.99,Sale,Saturday,1249.4,0.2379809523809524,-37.99000000000001
21-09-2024,P103,Home,370.8,269.67,10,1,370.8,379,385.53,Normal,Saturday,101.13,0.2727346278317152,-14.729999999999961
21-09-2024,P104,Home,1460.0,898.08,0,0,0.0,150,1458.38,Normal,Saturday,0.0,,1.6199999999998909
21-09-2024,P105,Electronics,697.0,460.68,0,2,1394.0,409,689.56,Festival,Saturday,472.64,0.33905308464849354,7.440000000000055
21-09-2024,P106,Sports,511.1,419.62,5,0,0.0,430,499.61,Normal,Saturday,0.0,,11.490000000000009
21-09-2024,P107,Sports,360.0,260.74,0,3,1080.0,324,342.39,Sale,Saturday,297.78,0.2757222222222222,17.610000000000014
21-09-2024,P108,Electronics,612.0,414.97,10,1,612.0,105,613.86,Normal,Saturday,197.02999999999997,0.3219444444444444,-1.8600000000000136
21-09-2024,P109,Home,228.0,185.21,5,9,2052.0,379,218.91,Festival,Saturday,385.1099999999999,0.1876754385964912,9.090000000000003
21-09-2024,P110,Fashion,534.0,414.06,0,3,1602.0,117,539.64,Normal,Saturday,359.81999999999994,0.22460674157303367,-5.639999999999986
21-09-2024,P111,Electronics,952.2,705.28,10,0,0.0,407,960.36,Holiday,Saturday,0.0,,-8.159999999999968
21-09-2024,P112,Home,411.3,362.99,10,0,0.0,64,410.65,Normal,Saturday,0.0,,0.6500000000000341
21-09-2024,P113,Home,254.6,196.49,5,4,1018.4,73,263.81,Normal,Saturday,232.43999999999994,0.22824037706205808,-9.210000000000008
21-09-2024,P114,Electronics,937.0,655.5,0,1,937.0,220,898.23,Holiday,Saturday,281.5,0.30042689434364994,38.76999999999998
21-09-2024,P115,Home,1360.4,975.83,5,0,0.0,58,1348.17,Normal,Saturday,0.0,,12.230000000000018
21-09-2024,P116,Fashion,502.0,308.36,0,4,2008.0,156,523.43,Festival,Saturday,774.56,0.38573705179282863,-21.42999999999995
21-09-2024,P117,Fashion,748.0,573.93,0,4,2992.0,357,765.13,Holiday,Saturday,696.2800000000002,0.23271390374331558,-17.129999999999995
21-09-2024,P118,Fashion,1193.4,965.06,15,0,0.0,70,1226.22,Holiday,Saturday,0.0,,-32.819999999999936
21-09-2024,P119,Sports,757.15,584.46,5,2,1514.3,473,780.26,Normal,Saturday,345.3799999999999,0.2280789803869774,-23.110000000000014
22-09-2024,P100,Home,1056.6,805.24,10,5,5283.0,332,1069.91,Festival,Sunday,1256.8000000000002,0.2378951353397691,-13.310000000000173
22-09-2024,P101,Sports,732.7,614.8,15,0,0.0,114,711.99,Normal,Sunday,0.0,,20.710000000000036
22-09-2024,P102,Home,209.0,157.12,0,5,1045.0,355,201.78,Normal,Sunday,259.4,0.2482296650717703,7.219999999999999
22-09-2024,P103,Sports,649.8,437.67,10,3,1949.4,397,662.67,Sale,Sunday,636.3900000000001,0.3264542936288089,-12.870000000000005
22-09-2024,P104,Home,464.0,360.61,0,4,1856.0,89,461.77,Festival,Sunday,413.55999999999995,0.22282327586206893,2.230000000000018
22-09-2024,P105,Sports,744.0,495.22,0,1,744.0,424,725.53,Normal,Sunday,248.77999999999997,0.3343817204301075,18.470000000000027
22-09-2024,P106,Electronics,1135.0,856.48,0,3,3405.0,85,1112.43,Normal,Sunday,835.56,0.24539207048458148,22.569999999999936
22-09-2024,P107,Electronics,366.0,242.62,0,4,1464.0,214,359.28,Normal,Sunday,493.52,0.337103825136612,6.720000000000027
22-09-2024,P108,Home,816.85,744.18,15,0,0.0,259,832.47,Normal,Sunday,0.0,,-15.620000000000005
22-09-2024,P109,Fashion,1035.0,663.72,0,4,4140.0,304,1035.81,Sale,Sunday,1485.12,0.3587246376811594,-0.8099999999999454
22-09-2024,P110,Fashion,821.1,754.16,15,0,0.0,21,860.35,Holiday,Sunday,0.0,,-39.25
22-09-2024,P111,Home,1386.0,935.24,0,2,2772.0,402,1449.59,Normal,Sunday,901.52,0.3252236652236652,-63.58999999999992
22-09-2024,P112,Home,523.6,387.21,15,3,1570.8,125,548.11,Holiday,Sunday,409.1700000000001,0.260485103132162,-24.50999999999999
22-09-2024,P113,Electronics,819.0,584.35,0,3,2457.0,244,847.84,Normal,Sunday,703.9499999999998,0.28650793650793643,-28.840000000000032
22-09-2024,P114,Home,1115.0,838.68,0,0,0.0,467,1084.38,Sale,Sunday,0.0,,30.61999999999989
22-09-2024,P115,Sports,1253.0,894.95,0,0,0.0,499,1271.9,Normal,Sunday,0.0,,-18.90000000000009
22-09-2024,P116,Electronics,945.0,645.74,0,0,0.0,419,980.6,Sale,Sunday,0.0,,-35.60000000000002
22-09-2024,P117,Home,896.0,551.51,0,0,0.0,230,866.8,Normal,Sunday,0.0,,29.200000000000045
22-09-2024,P118,Home,1053.0,703.33,0,3,3159.0,405,1076.14,Normal,Sunday,1049.0099999999998,0.3320702754036087,-23.1400000000001
22-09-2024,P119,Home,191.25,178.08,15,5,956.25,225,189.76,Normal,Sunday,65.84999999999991,0.06886274509803912,1.490000000000009
23-09-2024,P100,Home,568.0,383.21,0,2,1136.0,38,575.1,Normal,Monday,369.58000000000004,0.3253345070422536,-7.100000000000023
23-09-2024,P101,Electronics,1172.0,895.2,0,2,2344.0,393,1139.01,Normal,Monday,553.5999999999999,0.23617747440273035,32.99000000000001
23-09-2024,P102,Home,508.0,366.46,0,2,1016.0,307,507.79,Sale,Monday,283.08000000000004,0.2786220472440945,0.20999999999997954
23-09-2024,P103,Electronics,1022.55,882.57,15,2,2045.1,87,1072.28,Festival,Monday,279.9599999999998,0.136893061463987,-49.73000000000002
23-09-2024,P104,Fashion,1075.0,704.43,0,0,0.0,233,1096.21,Normal,Monday,0.0,,-21.210000000000036
23-09-2024,P105,Electronics,863.0,646.83,0,0,0.0,319,905.73,Sale,Monday,0.0,,-42.73000000000002
23-09-2024,P106,Sports,1161.1,979.77,15,0,0.0,311,1109.04,Holiday,Monday,0.0,,52.059999999999945
23-09-2024,P107,Sports,1379.0,1102.04,0,1,1379.0,181,1348.23,Normal,Monday,276.96000000000004,0.20084118926758524,30.769999999999982
23-09-2024,P108,Electronics,894.0,612.46,0,1,894.0,458,933.02,Normal,Monday,281.53999999999996,0.31492170022371363,-39.01999999999998
23-09-2024,P109,Sports,688.0,417.56,0,3,2064.0,297,716.82,Festival,Monday,811.3199999999999,0.3930813953488372,-28.82000000000005
23-09-2024,P110,Sports,386.1,307.02,10,1,386.1,491,405.03,Sale,Monday,79.08000000000004,0.2048174048174049,-18.92999999999995
23-09-2024,P111,Sports,765.0,488.49,0,3,2295.0,460,784.73,Normal,Monday,829.53,0.36145098039215684,-19.730000000000018
23-09-2024,P112,Fashion,838.0,604.01,0,0,0.0,111,800.83,Sale,Monday,0.0,,37.16999999999996
23-09-2024,P113,Fashion,812.25,629.18,5,1,812.25,318,845.54,Normal,Monday,183.07000000000005,0.22538627269929215,-33.289999999999964
23-09-2024,P114,Home,603.0,389.84,0,0,0.0,90,581.66,Normal,Monday,0.0,,21.340000000000032
23-09-2024,P115,Fashion,401.2,313.87,15,4,1604.8,125,415.42,Holiday,Monday,349.31999999999994,0.2176719840478564,-14.220000000000027
23-09-2024,P116,Home,353.7,251.31,10,3,1061.1,269,354.61,Festival,Monday,307.16999999999985,0.28948261238337564,-0.910000000000025
23-09-2024,P117,Electronics,1009.0,634.89,0,0,0.0,275,1023.69,Normal,Monday,0.0,,-14.690000000000055
23-09-2024,P118,Sports,783.7,675.07,15,0,0.0,74,814.51,Normal,Monday,0.0,,-30.809999999999945
23-09-2024,P119,Home,1300.5,1067.77,10,0,0.0,140,1322.48,Normal,Monday,0.0,,-21.980000000000018
24-09-2024,P100,Home,263.0,194.01,0,5,1315.0,315,254.98,Normal,Tuesday,344.95000000000005,0.262319391634981,8.02000000000001
24-09-2024,P101,Electronics,1156.5,778.81,10,1,1156.5,465,1109.23,Normal,Tuesday,377.69000000000005,0.32658019887591877,47.26999999999998
24-09-2024,P102,Electronics,425.6,281.82,5,0,0.0,352,415.58,Normal,Tuesday,0.0,,10.020000000000039
24-09-2024,P103,Electronics,290.7,226.96,10,5,1453.5,125,294.43,Festival,Tuesday,318.70000000000005,0.21926384588923292,-3.730000000000018
24-09-2024,P104,Home,469.0,307.41,0,1,469.0,153,461.4,Holiday,Tuesday,161.58999999999997,0.3445415778251599,7.600000000000023
24-09-2024,P105,Sports,596.7,433.25,10,8,4773.6,296,611.17,Festival,Tuesday,1307.6000000000004,0.27392324451147987,-14.469999999999914
24-09-2024,P106,Electronics,810.0,552.22,0,1,810.0,384,790.35,Normal,Tuesday,257.78,0.31824691358024687,19.649999999999977
24-09-2024,P107,Electronics,1016.5,652.2,5,2,2033.0,100,1051.23,Holiday,Tuesday,728.5999999999999,0.35838662075750116,-34.73000000000002
24-09-2024,P108,Electronics,288.0,211.19,10,2,576.0,241,279.71,Normal,Tuesday,153.62,0.2667013888888889,8.29000000000002
24-09-2024,P109,Home,652.0,463.15,0,0,0.0,28,670.22,Normal,Tuesday,0.0,,-18.220000000000027
24-09-2024,P110,Electronics,539.0,385.37,0,3,1617.0,117,538.12,Normal,Tuesday,460.8899999999999,0.28502782931354353,0.8799999999999955
24-09-2024,P111,Sports,434.35,328.76,15,4,1737.4,210,442.33,Sale,Tuesday,422.3600000000001,0.2430988833889721,-7.979999999999961
24-09-2024,P112,Home,316.0,190.85,0,3,948.0,384,321.86,Festival,Tuesday,375.45000000000005,0.3960443037974684,-5.860000000000014
24-09-2024,P113,Fashion,1345.0,1052.63,0,0,0.0,271,1300.34,Normal,Tuesday,0.0,,44.66000000000008
24-09-2024,P114,Fashion,503.1,362.09,10,0,0.0,232,523.47,Holiday,Tuesday,0.0,,-20.370000000000005
24-09-2024,P115,Fashion,860.0,533.75,0,1,860.0,250,849.33,Normal,Tuesday,326.25,0.3793604651162791,10.669999999999959
24-09-2024,P116,Fashion,881.0,689.48,0,0,0.0,154,875.3,Festival,Tuesday,0.0,,5.7000000000000455
24-09-2024,P117,Home,1199.7,971.82,10,0,0.0,35,1227.76,Sale,Tuesday,0.0,,-28.059999999999945
24-09-2024,P118,Electronics,1178.95,876.89,15,0,0.0,470,1144.25,Festival,Tuesday,0.0,,34.700000000000045
24-09-2024,P119,Electronics,1091.55,808.64,5,1,1091.55,152,1040.78,Normal,Tuesday,282.90999999999997,0.2591818973020017,50.76999999999998
25-09-2024,P100,Fashion,1057.4,807.69,15,2,2114.8,244,1075.2,Normal,Wednesday,499.4200000000001,0.23615471912237565,-17.799999999999955
25-09-2024,P101,Electronics,1296.75,832.14,5,2,2593.5,485,1285.17,Festival,Wednesday,929.22,0.358288027761712,11.579999999999927
25-09-2024,P102,Electronics,331.5,297.55,15,6,1989.0,62,330.37,Normal,Wednesday,203.69999999999982,0.10241327300150821,1.1299999999999955
25-09-2024,P103,Home,726.75,581.28,5,1,726.75,401,723.07,Sale,Wednesday,145.47000000000003,0.2001651186790506,3.67999999999995
25-09-2024,P104,Sports,721.0,450.83,0,0,0.0,278,732.67,Normal,Wednesday,0.0,,-11.669999999999959
25-09-2024,P105,Fashion,460.0,321.53,0,5,2300.0,172,474.84,Sale,Wednesday,692.3500000000001,0.30102173913043484,-14.839999999999975
25-09-2024,P106,Fashion,885.0,602.69,0,0,0.0,184,895.21,Normal,Wednesday,0.0,,-10.210000000000036
25-09-2024,P107,Electronics,616.5,453.92,10,3,1849.5,218,617.53,Normal,Wednesday,487.74,0.2637145174371452,-1.0299999999999727
25-09-2024,P108,Electronics,953.0,744.76,0,2,1906.0,417,962.95,Sale,Wednesday,416.48,0.2185099685204617,-9.950000000000045
25-09-2024,P109,Sports,1087.0,740.78,0,0,0.0,470,1108.62,Normal,Wednesday,0.0,,-21.61999999999989
25-09-2024,P110,Electronics,768.0,468.85,0,1,768.0,99,768.53,Normal,Wednesday,299.15,0.3895182291666666,-0.5299999999999727
25-09-2024,P111,Electronics,1427.0,1018.98,0,2,2854.0,340,1446.38,Sale,Wednesday,816.04,0.2859285213735108,-19.38000000000011
25-09-2024,P112,Electronics,1474.0,931.35,0,0,0.0,319,1461.8,Normal,Wednesday,0.0,,12.200000000000045
25-09-2024,P113,Home,1224.55,927.24,5,0,0.0,238,1268.12,Holiday,Wednesday,0.0,,-43.569999999999936
25-09-2024,P114,Home,460.8,310.96,10,0,0.0,145,454.98,Normal,Wednesday,0.0,,5.819999999999993
25-09-2024,P115,Electronics,244.0,162.37,0,3,732.0,91,254.78,Normal,Wednesday,244.89,0.33454918032786884,-10.780000000000001
25-09-2024,P116,Sports,1314.0,905.86,0,0,0.0,62,1271.12,Sale,Wednesday,0.0,,42.88000000000011
25-09-2024,P117,Home,585.0,465.05,0,0,0.0,105,569.19,Normal,Wednesday,0.0,,15.809999999999945
25-09-2024,P118,Electronics,1163.75,835.27,5,1,1163.75,281,1150.48,Normal,Wednesday,328.48,0.28225993555316864,13.269999999999982
25-09-2024,P119,Sports,732.6,610.87,10,0,0.0,146,700.81,Festival,Wednesday,0.0,,31.790000000000077
26-09-2024,P100,Home,1370.0,1015.58,0,0,0.0,55,1326.9,Normal,Thursday,0.0,,43.09999999999991
26-09-2024,P101,Electronics,920.7,746.09,10,3,2762.1,338,891.53,Normal,Thursday,523.8299999999999,0.1896491799717606,29.170000000000073
26-09-2024,P102,Home,1170.45,978.47,15,0,0.0,377,1125.49,Festival,Thursday,0.0,,44.960000000000036
26-09-2024,P103,Electronics,1424.05,1192.55,5,0,0.0,220,1417.28,Holiday,Thursday,0.0,,6.769999999999982
26-09-2024,P104,Fashion,1452.0,880.58,0,2,2904.0,234,1484.4,Normal,Thursday,1142.84,0.39353994490358124,-32.40000000000009
26-09-2024,P105,Electronics,575.0,447.02,0,4,2300.0,59,551.65,Normal,Thursday,511.9200000000001,0.2225739130434783,23.350000000000023
26-09-2024,P106,Sports,1001.0,703.44,0,1,1001.0,474,959.89,Normal,Thursday,297.55999999999995,0.2972627372627372,41.110000000000014
26-09-2024,P107,Home,1370.85,978.72,5,2,2741.7,228,1354.24,Normal,Thursday,784.2599999999998,0.28604880183827547,16.6099999999999
26-09-2024,P108,Fashion,1303.0,822.19,0,0,0.0,370,1340.85,Normal,Thursday,0.0,,-37.84999999999991
26-09-2024,P109,Home,503.0,360.59,0,3,1509.0,173,521.37,Sale,Thursday,427.23,0.2831212723658052,-18.370000000000005
26-09-2024,P110,Electronics,1101.0,848.38,0,0,0.0,26,1061.16,Normal,Thursday,0.0,,39.83999999999992
26-09-2024,P111,Home,958.0,635.74,0,0,0.0,499,931.97,Normal,Thursday,0.0,,26.029999999999973
26-09-2024,P112,Sports,1345.0,955.59,0,5,6725.0,59,1281.56,Holiday,Thursday,1947.0500000000002,0.28952416356877325,63.440000000000055
26-09-2024,P113,Fashion,1252.1,952.42,5,0,0.0,145,1294.95,Normal,Thursday,0.0,,-42.850000000000136
26-09-2024,P114,Electronics,1164.7,758.55,5,1,1164.7,132,1163.73,Normal,Thursday,406.1500000000001,0.3487164076586246,0.9700000000000273
26-09-2024,P115,Electronics,1326.0,953.22,0,2,2652.0,178,1360.67,Normal,Thursday,745.56,0.281131221719457,-34.67000000000007
26-09-2024,P116,Fashion,691.2,513.8,10,1,691.2,496,702.49,Sale,Thursday,177.4000000000001,0.2566550925925927,-11.289999999999964
26-09-2024,P117,Electronics,499.0,334.76,0,3,1497.0,171,482.36,Festival,Thursday,492.72,0.32913827655310623,16.639999999999986
26-09-2024,P118,Fashion,485.0,319.15,0,1,485.0,109,494.04,Normal,Thursday,165.85000000000002,0.341958762886598,-9.04000000000002
26-09-2024,P119,Electronics,707.75,516.74,5,6,4246.5,80,730.06,Holiday,Thursday,1146.06,0.26988343341575416,-22.309999999999945
27-09-2024,P100,Sports,1238.0,800.02,0,1,1238.0,453,1298.26,Normal,Friday,437.98,0.3537802907915994,-60.25999999999999
27-09-2024,P101,Sports,872.1,742.6,10,0,0.0,498,894.75,Holiday,Friday,0.0,,-22.649999999999977
27-09-2024,P102,Electronics,671.0,481.62,0,3,2013.0,126,645.46,Normal,Friday,568.1399999999999,0.28223546944858413,25.539999999999964
27-09-2024,P103,Electronics,601.0,462.27,0,3,1803.0,190,629.0,Normal,Friday,416.19000000000005,0.2308319467554077,-28.0
27-09-2024,P104,Sports,982.8,677.69,10,0,0.0,443,951.43,Normal,Friday,0.0,,31.370000000000005
27-09-2024,P105,Sports,522.0,323.4,0,2,1044.0,112,499.79,Sale,Friday,397.20000000000005,0.3804597701149426,22.20999999999998
27-09-2024,P106,Sports,720.9,588.38,10,0,0.0,214,721.46,Normal,Friday,0.0,,-0.5600000000000591
27-09-2024,P107,Home,851.0,565.64,0,2,1702.0,494,810.77,Holiday,Friday,570.72,0.3353231492361927,40.23000000000002
27-09-2024,P108,Sports,1336.0,802.07,0,0,0.0,153,1303.82,Holiday,Friday,0.0,,32.180000000000064
27-09-2024,P109,Sports,844.55,571.35,5,3,2533.65,119,836.62,Holiday,Friday,819.5999999999999,0.3234858800544668,7.92999999999995
27-09-2024,P110,Fashion,1005.0,626.78,0,0,0.0,73,1022.39,Normal,Friday,0.0,,-17.389999999999986
27-09-2024,P111,Sports,1408.0,1076.01,0,0,0.0,388,1414.74,Normal,Friday,0.0,,-6.740000000000009
27-09-2024,P112,Fashion,655.2,518.8,10,3,1965.6,208,656.08,Normal,Friday,409.20000000000005,0.20818070818070822,-0.8799999999999955
27-09-2024,P113,Sports,1059.0,784.75,0,0,0.0,443,1092.73,Festival,Friday,0.0,,-33.73000000000002
27-09-2024,P114,Sports,280.0,191.48,0,4,1120.0,458,270.09,Sale,Friday,354.08000000000004,0.31614285714285717,9.910000000000025
27-09-2024,P115,Fashion,334.05,301.0,15,4,1336.2,35,320.17,Normal,Friday,132.20000000000005,0.0989372848375992,13.879999999999995
27-09-2024,P116,Electronics,227.7,178.78,10,11,2504.7,209,236.34,Sale,Friday,538.1199999999999,0.21484409310496264,-8.640000000000015
27-09-2024,P117,Fashion,403.75,288.97,5,4,1615.0,259,398.87,Sale,Friday,459.1199999999999,0.28428482972136215,4.8799999999999955
27-09-2024,P118,Fashion,1133.1,771.95,10,2,2266.2,415,1103.84,Festival,Friday,722.2999999999997,0.3187273850498631,29.25999999999999
27-09-2024,P119,Electronics,1241.65,1030.36,5,0,0.0,412,1240.68,Normal,Friday,0.0,,0.9700000000000273
28-09-2024,P100,Sports,636.3,528.89,10,0,0.0,124,647.82,Sale,Saturday,0.0,,-11.520000000000095
28-09-2024,P101,Fashion,542.0,366.59,0,1,542.0,132,568.32,Normal,Saturday,175.41000000000003,0.3236346863468635,-26.32000000000005
28-09-2024,P102,Home,416.7,307.88,10,7,2916.9,105,410.31,Sale,Saturday,761.7400000000002,0.2611471082313416,6.389999999999986
28-09-2024,P103,Sports,1281.0,907.96,0,0,0.0,461,1344.13,Normal,Saturday,0.0,,-63.13000000000011
28-09-2024,P104,Home,1359.0,889.3,0,3,4077.0,303,1375.66,Normal,Saturday,1409.1000000000004,0.34562178072111854,-16.660000000000082
28-09-2024,P105,Home,1197.0,935.29,0,0,0.0,210,1216.22,Normal,Saturday,0.0,,-19.220000000000027
28-09-2024,P106,Electronics,216.0,171.37,0,5,1080.0,430,226.64,Normal,Saturday,223.14999999999998,0.20662037037037034,-10.639999999999986
28-09-2024,P107,Electronics,991.0,601.31,0,2,1982.0,88,945.23,Sale,Saturday,779.3800000000001,0.3932290615539859,45.76999999999998
28-09-2024,P108,Electronics,1380.0,1099.69,0,0,0.0,102,1365.76,Festival,Saturday,0.0,,14.240000000000009
28-09-2024,P109,Sports,1225.0,839.91,0,0,0.0,86,1224.8,Normal,Saturday,0.0,,0.20000000000004547
28-09-2024,P110,Fashion,284.4,248.78,10,7,1990.8,369,286.29,Normal,Saturday,249.33999999999992,0.12524613220815747,-1.8900000000000432
28-09-2024,P111,Home,1328.0,837.91,0,1,1328.0,218,1334.55,Normal,Saturday,490.09000000000003,0.36904367469879523,-6.5499999999999545
28-09-2024,P112,Electronics,875.0,616.54,0,2,1750.0,430,903.05,Normal,Saturday,516.9200000000001,0.29538285714285717,-28.049999999999955
28-09-2024,P113,Sports,1097.0,805.22,0,1,1097.0,458,1093.62,Normal,Saturday,291.78,0.2659799453053783,3.380000000000109
28-09-2024,P114,Electronics,1223.6,944.8,5,4,4894.4,414,1275.78,Normal,Saturday,1115.1999999999998,0.22785223929388687,-52.180000000000064
28-09-2024,P115,Sports,622.25,426.7,5,4,2489.0,339,643.97,Festival,Saturday,782.2,0.31426275612695864,-21.720000000000027
28-09-2024,P116,Electronics,1332.0,919.18,0,0,0.0,474,1332.06,Normal,Saturday,0.0,,-0.05999999999994543
28-09-2024,P117,Electronics,673.55,511.35,5,3,2020.65,356,672.36,Festival,Saturday,486.5999999999999,0.24081359958429213,1.1899999999999409
28-09-2024,P118,Sports,1343.0,868.89,0,3,4029.0,389,1315.49,Sale,Saturday,1422.33,0.3530230826507818,27.50999999999999
28-09-2024,P119,Electronics,366.7,235.32,5,3,1100.1,27,370.47,Holiday,Saturday,394.1399999999999,0.3582765203163348,-3.7700000000000387
29-09-2024,P100,Fashion,1031.7,763.7,5,0,0.0,375,1078.54,Festival,Sunday,0.0,,-46.83999999999992
29-09-2024,P101,Sports,559.0,367.93,0,4,2236.0,349,542.11,Normal,Sunday,764.28,0.3418067978533095,16.889999999999986
29-09-2024,P102,Electronics,1201.0,726.05,0,0,0.0,110,1249.68,Festival,Sunday,0.0,,-48.680000000000064
29-09-2024,P103,Home,870.3,740.97,10,0,0.0,185,859.42,Normal,Sunday,0.0,,10.879999999999995
29-09-2024,P104,Fashion,1412.0,871.61,0,1,1412.0,53,1377.94,Normal,Sunday,540.39,0.38271246458923514,34.059999999999945
29-09-2024,P105,Home,313.0,190.61,0,2,626.0,241,328.64,Normal,Sunday,244.77999999999997,0.39102236421725234,-15.639999999999986
29-09-2024,P106,Fashion,542.0,356.1,0,0,0.0,307,553.98,Normal,Sunday,0.0,,-11.980000000000018
29-09-2024,P107,Home,645.05,508.73,5,0,0.0,167,672.71,Sale,Sunday,0.0,,-27.660000000000082
29-09-2024,P108,Sports,1020.0,737.58,15,0,0.0,115,1047.09,Normal,Sunday,0.0,,-27.089999999999918
29-09-2024,P109,Sports,359.1,247.69,10,2,718.2,31,343.79,Normal,Sunday,222.82000000000005,0.3102478418267893,15.310000000000002
29-09-2024,P110,Sports,1208.7,1073.95,10,0,0.0,205,1168.68,Normal,Sunday,0.0,,40.01999999999998
29-09-2024,P111,Fashion,1242.0,806.0,0,6,7452.0,472,1295.35,Normal,Sunday,2616.0,0.35104669887278583,-53.34999999999991
29-09-2024,P112,Electronics,221.35,161.9,5,6,1328.1,275,226.52,Normal,Sunday,356.6999999999998,0.26857917325502584,-5.170000000000016
29-09-2024,P113,Sports,1033.0,808.76,0,2,2066.0,459,1070.83,Normal,Sunday,448.48,0.21707647628267185,-37.82999999999993
29-09-2024,P114,Sports,573.8,482.85,5,4,2295.2,65,564.57,Festival,Sunday,363.7999999999997,0.1585047054722899,9.229999999999905
29-09-2024,P115,Sports,212.5,172.72,15,6,1275.0,496,209.82,Sale,Sunday,238.68000000000006,0.18720000000000006,2.680000000000007
29-09-2024,P116,Sports,1131.0,858.0,0,1,1131.0,213,1150.61,Normal,Sunday,273.0,0.2413793103448276,-19.6099999999999
29-09-2024,P117,Home,696.0,436.72,0,0,0.0,83,678.66,Normal,Sunday,0.0,,17.340000000000032
29-09-2024,P118,Electronics,1340.1,1144.66,10,2,2680.2,319,1391.63,Festival,Sunday,390.87999999999965,0.14583986269681354,-51.5300000000002
29-09-2024,P119,Home,247.35,225.32,15,5,1236.75,191,249.43,Festival,Sunday,110.15000000000009,0.08906407923994347,-2.0800000000000125
30-09-2024,P100,Fashion,1372.0,933.61,0,0,0.0,139,1360.1,Holiday,Monday,0.0,,11.900000000000091
30-09-2024,P101,Home,672.0,418.09,0,2,1344.0,440,672.12,Normal,Monday,507.82000000000005,0.37784226190476194,-0.12000000000000455
30-09-2024,P102,Fashion,644.4,436.18,10,0,0.0,434,616.55,Normal,Monday,0.0,,27.850000000000023
30-09-2024,P103,Fashion,607.0,388.81,0,2,1214.0,162,587.44,Festival,Monday,436.38,0.3594563426688633,19.559999999999945
30-09-2024,P104,Fashion,966.0,617.74,0,1,966.0,315,978.75,Normal,Monday,348.26,0.3605175983436853,-12.75
30-09-2024,P105,Sports,937.0,687.0,0,0,0.0,286,912.51,Festival,Monday,0.0,,24.49000000000001
30-09-2024,P106,Fashion,241.3,157.6,5,5,1206.5,163,239.37,Normal,Monday,418.5,0.34687111479486116,1.9300000000000068
30-09-2024,P107,Sports,315.0,237.85,0,3,945.0,58,319.26,Normal,Monday,231.45000000000005,0.24492063492063496,-4.259999999999991
30-09-2024,P108,Electronics,1353.0,1062.49,0,2,2706.0,349,1297.6,Holiday,Monday,581.02,0.21471544715447155,55.40000000000009
30-09-2024,P109,Electronics,391.5,281.8,10,2,783.0,421,383.89,Normal,Monday,219.39999999999998,0.28020434227330776,7.610000000000014
30-09-2024,P110,Fashion,1283.0,1019.74,0,0,0.0,434,1267.78,Festival,Monday,0.0,,15.220000000000027
30-09-2024,P111,Home,1391.0,962.55,0,0,0.0,146,1325.44,Sale,Monday,0.0,,65.55999999999995
30-09-2024,P112,Home,279.9,219.72,10,5,1399.5,38,280.3,Normal,Monday,300.9000000000001,0.21500535905680607,-0.4000000000000341
30-09-2024,P113,Sports,583.0,358.21,0,4,2332.0,35,570.31,Sale,Monday,899.1600000000001,0.3855746140651801,12.690000000000055
30-09-2024,P114,Home,553.0,368.41,0,0,0.0,336,552.59,Normal,Monday,0.0,,0.40999999999996817
30-09-2024,P115,Fashion,488.3,372.15,5,1,488.3,387,489.42,Festival,Monday,116.15000000000003,0.23786606594306786,-1.1200000000000045
30-09-2024,P116,Fashion,680.4,572.12,10,0,0.0,266,663.74,Normal,Monday,0.0,,16.659999999999968
30-09-2024,P117,Home,581.0,396.63,0,0,0.0,144,557.16,Normal,Monday,0.0,,23.840000000000032
30-09-2024,P118,Fashion,614.0,409.6,0,0,0.0,78,621.52,Sale,Monday,0.0,,-7.519999999999982
30-09-2024,P119,Sports,1363.0,847.82,0,6,8178.0,52,1319.26,Normal,Monday,3091.08,0.37797505502567863,43.74000000000001
01-10-2024,P100,Fashion,174.25,146.3,15,7,1219.75,265,166.22,Holiday,Tuesday,195.64999999999986,0.16040172166427535,8.030000000000001
01-10-2024,P101,Home,955.7,740.52,5,0,0.0,162,961.11,Normal,Tuesday,0.0,,-5.409999999999968
01-10-2024,P102,Fashion,649.0,499.75,0,2,1298.0,476,622.77,Normal,Tuesday,298.5,0.22996918335901387,26.230000000000018
01-10-2024,P103,Fashion,308.0,246.36,0,7,2156.0,457,314.34,Sale,Tuesday,431.48,0.20012987012987013,-6.339999999999975
01-10-2024,P104,Home,608.0,379.47,0,0,0.0,376,626.03,Sale,Tuesday,0.0,,-18.029999999999973
01-10-2024,P105,Electronics,1045.0,803.35,0,1,1045.0,101,1071.47,Festival,Tuesday,241.64999999999998,0.23124401913875595,-26.470000000000027
01-10-2024,P106,Home,543.0,387.54,0,2,1086.0,479,559.92,Normal,Tuesday,310.91999999999996,0.28629834254143643,-16.91999999999996
01-10-2024,P107,Electronics,355.3,298.9,5,0,0.0,351,347.36,Normal,Tuesday,0.0,,7.939999999999998
01-10-2024,P108,Electronics,923.4,711.5,5,0,0.0,277,957.13,Normal,Tuesday,0.0,,-33.73000000000002
01-10-2024,P109,Electronics,661.0,522.95,0,1,661.0,494,665.66,Normal,Tuesday,138.04999999999995,0.20885022692889554,-4.659999999999968
01-10-2024,P110,Electronics,720.9,598.33,10,0,0.0,414,718.19,Normal,Tuesday,0.0,,2.7099999999999227
01-10-2024,P111,Sports,449.1,382.28,10,1,449.1,38,431.35,Normal,Tuesday,66.82000000000005,0.148786461812514,17.75
01-10-2024,P112,Electronics,274.0,207.23,0,3,822.0,83,282.91,Normal,Tuesday,200.31000000000006,0.24368613138686138,-8.910000000000025
01-10-2024,P113,Electronics,1438.0,902.44,0,0,0.0,410,1395.0,Sale,Tuesday,0.0,,43.0
01-10-2024,P114,Fashion,197.6,154.29,5,3,592.8,335,202.87,Normal,Tuesday,129.92999999999995,0.21918016194331977,-5.27000000000001
01-10-2024,P115,Home,586.0,374.44,0,2,1172.0,267,585.81,Festival,Tuesday,423.12,0.3610238907849829,0.19000000000005457
01-10-2024,P116,Sports,421.0,290.14,0,3,1263.0,221,407.57,Normal,Tuesday,392.58000000000004,0.31083135391923994,13.430000000000007
01-10-2024,P117,Sports,759.05,553.91,5,3,2277.15,95,753.9,Normal,Tuesday,615.4200000000001,0.27025887622686257,5.149999999999977
01-10-2024,P118,Home,571.5,495.74,10,0,0.0,365,586.34,Festival,Tuesday,0.0,,-14.840000000000032
01-10-2024,P119,Fashion,1206.0,744.3,0,0,0.0,390,1207.09,Sale,Tuesday,0.0,,-1.0899999999999181
02-10-2024,P100,Electronics,881.0,537.68,0,0,0.0,378,911.61,Sale,Wednesday,0.0,,-30.610000000000014
02-10-2024,P101,Electronics,1404.0,891.4,0,0,0.0,496,1459.17,Normal,Wednesday,0.0,,-55.17000000000007
02-10-2024,P102,Electronics,601.0,377.71,0,1,601.0,267,588.91,Holiday,Wednesday,223.29000000000002,0.3715307820299501,12.090000000000032
02-10-2024,P103,Electronics,994.0,709.69,0,2,1988.0,301,1026.91,Normal,Wednesday,568.6199999999999,0.28602615694164985,-32.91000000000008
02-10-2024,P104,Sports,644.0,513.27,0,5,3220.0,341,627.13,Festival,Wednesday,653.6500000000001,0.20299689440993793,16.870000000000005
02-10-2024,P105,Electronics,924.0,649.03,0,4,3696.0,396,914.74,Normal,Wednesday,1099.88,0.2975865800865801,9.259999999999991
02-10-2024,P106,Sports,965.0,583.42,0,0,0.0,183,948.93,Holiday,Wednesday,0.0,,16.07000000000005
02-10-2024,P107,Fashion,321.3,266.5,10,5,1606.5,182,332.34,Festival,Wednesday,274.0,0.17055711173358232,-11.039999999999964
02-10-2024,P108,Home,343.0,237.4,0,0,0.0,409,333.15,Normal,Wednesday,0.0,,9.850000000000023
02-10-2024,P109,Electronics,1443.0,1131.83,0,0,0.0,44,1425.63,Sale,Wednesday,0.0,,17.36999999999989
02-10-2024,P110,Electronics,1080.15,828.64,5,0,0.0,251,1030.44,Sale,Wednesday,0.0,,49.710000000000036
02-10-2024,P111,Sports,671.4,549.52,10,0,0.0,495,669.63,Normal,Wednesday,0.0,,1.7699999999999818
02-10-2024,P112,Sports,646.0,514.33,15,0,0.0,238,643.17,Normal,Wednesday,0.0,,2.830000000000041
02-10-2024,P113,Home,213.3,145.67,10,5,1066.5,322,210.11,Normal,Wednesday,338.1500000000001,0.31706516643225513,3.1899999999999977
02-10-2024,P114,Sports,691.0,473.79,0,0,0.0,138,719.77,Festival,Wednesday,0.0,,-28.769999999999982
02-10-2024,P115,Home,1347.0,812.69,0,2,2694.0,409,1291.3,Normal,Wednesday,1068.62,0.3966666666666666,55.700000000000045
02-10-2024,P116,Electronics,418.5,359.45,10,0,0.0,418,425.37,Sale,Wednesday,0.0,,-6.8700000000000045
02-10-2024,P117,Fashion,1043.8,759.66,15,0,0.0,133,1094.3,Normal,Wednesday,0.0,,-50.5
02-10-2024,P118,Fashion,1291.0,777.06,0,0,0.0,279,1290.03,Normal,Wednesday,0.0,,0.9700000000000273
02-10-2024,P119,Sports,942.3,678.36,10,0,0.0,276,971.28,Normal,Wednesday,0.0,,-28.980000000000018
03-10-2024,P100,Home,1009.85,685.14,5,3,3029.55,309,1059.29,Normal,Thursday,974.1300000000001,0.3215428033866416,-49.43999999999994
03-10-2024,P101,Home,975.0,773.64,0,2,1950.0,379,986.59,Normal,Thursday,402.72,0.20652307692307695,-11.590000000000032
03-10-2024,P102,Electronics,221.0,140.54,0,6,1326.0,287,221.36,Festival,Thursday,482.76,0.3640723981900452,-0.36000000000001364
03-10-2024,P103,Home,428.4,355.23,15,3,1285.2,382,436.55,Holiday,Thursday,219.51,0.17079831932773107,-8.150000000000034
03-10-2024,P104,Home,855.9,623.73,10,2,1711.8,430,871.52,Normal,Thursday,464.3399999999999,0.2712583245706274,-15.620000000000005
03-10-2024,P105,Fashion,1233.35,961.46,15,1,1233.35,316,1177.55,Normal,Thursday,271.8899999999999,0.2204483723192929,55.799999999999955
03-10-2024,P106,Home,1047.0,753.03,0,2,2094.0,29,1005.43,Sale,Thursday,587.94,0.2807736389684814,41.57000000000005
03-10-2024,P107,Electronics,554.4,490.38,10,3,1663.2,105,563.35,Holiday,Thursday,192.06000000000017,0.11547619047619058,-8.950000000000045
03-10-2024,P108,Electronics,899.3,680.51,15,4,3597.2,380,894.55,Normal,Thursday,875.1599999999999,0.243289224952741,4.75
03-10-2024,P109,Electronics,452.7,356.14,10,1,452.7,41,431.21,Sale,Thursday,96.56,0.21329798983874532,21.49000000000001
03-10-2024,P110,Home,881.6,621.84,5,1,881.6,277,856.7,Festival,Thursday,259.76,0.29464609800362973,24.899999999999977
03-10-2024,P111,Home,874.0,587.46,0,0,0.0,254,893.09,Normal,Thursday,0.0,,-19.090000000000032
03-10-2024,P112,Electronics,1123.0,809.19,0,0,0.0,23,1145.88,Sale,Thursday,0.0,,-22.88000000000011
03-10-2024,P113,Electronics,738.0,550.43,0,2,1476.0,431,768.32,Normal,Thursday,375.1400000000001,0.25415989159891605,-30.32000000000005
03-10-2024,P114,Sports,1172.0,846.7,0,0,0.0,364,1208.03,Normal,Thursday,0.0,,-36.02999999999997
03-10-2024,P115,Fashion,627.95,398.12,5,0,0.0,60,602.11,Holiday,Thursday,0.0,,25.840000000000032
03-10-2024,P116,Electronics,644.4,462.42,10,3,1933.2,172,643.2,Normal,Thursday,545.94,0.28240223463687153,1.1999999999999318
03-10-2024,P117,Electronics,181.8,135.72,10,5,909.0,257,173.68,Festival,Thursday,230.39999999999998,0.2534653465346534,8.120000000000005
03-10-2024,P118,Home,340.0,311.35,15,4,1360.0,143,338.59,Normal,Thursday,114.59999999999991,0.08426470588235288,1.410000000000025
03-10-2024,P119,Fashion,528.0,332.82,0,2,1056.0,182,504.65,Sale,Thursday,390.36,0.36965909090909094,23.350000000000023
04-10-2024,P100,Electronics,775.0,536.89,0,0,0.0,200,796.68,Festival,Friday,0.0,,-21.67999999999995
04-10-2024,P101,Fashion,748.8,662.59,10,2,1497.6,124,731.63,Festival,Friday,172.41999999999985,0.11513087606837598,17.16999999999996
04-10-2024,P102,Sports,581.0,385.4,0,4,2324.0,23,593.67,Festival,Friday,782.4000000000001,0.3366609294320138,-12.669999999999959
04-10-2024,P103,Sports,693.0,603.65,10,3,2079.0,467,701.79,Sale,Friday,268.0500000000002,0.128932178932179,-8.789999999999964
04-10-2024,P104,Fashion,852.15,646.08,5,0,0.0,214,842.28,Normal,Friday,0.0,,9.870000000000005
04-10-2024,P105,Sports,1496.0,1103.39,0,0,0.0,207,1545.46,Festival,Friday,0.0,,-49.460000000000036
04-10-2024,P106,Sports,689.4,582.47,10,2,1378.8,467,658.25,Normal,Friday,213.8599999999999,0.15510588917899615,31.149999999999977
04-10-2024,P107,Home,1251.9,1049.89,10,0,0.0,162,1279.14,Festival,Friday,0.0,,-27.24000000000001
04-10-2024,P108,Fashion,1004.0,639.5,0,0,0.0,300,1018.03,Normal,Friday,0.0,,-14.029999999999973
04-10-2024,P109,Home,274.0,211.43,0,5,1370.0,274,269.91,Normal,Friday,312.8499999999999,0.22835766423357656,4.089999999999975
04-10-2024,P110,Sports,470.25,302.46,5,6,2821.5,297,467.56,Holiday,Friday,1006.7400000000002,0.3568102073365232,2.6899999999999977
04-10-2024,P111,Sports,1217.9,890.91,5,0,0.0,400,1267.62,Festival,Friday,0.0,,-49.7199999999998
04-10-2024,P112,Fashion,1486.0,1097.57,0,0,0.0,32,1516.0,Sale,Friday,0.0,,-30.0
04-10-2024,P113,Sports,973.0,712.14,0,3,2919.0,340,971.2,Normal,Friday,782.5799999999999,0.268098663926002,1.7999999999999545
04-10-2024,P114,Electronics,1019.15,837.33,15,0,0.0,34,1031.86,Normal,Friday,0.0,,-12.709999999999923
04-10-2024,P115,Electronics,593.0,466.65,0,1,593.0,136,578.2,Normal,Friday,126.35000000000002,0.21306913996627322,14.799999999999955
04-10-2024,P116,Fashion,669.0,477.4,0,1,669.0,92,682.59,Normal,Friday,191.60000000000002,0.28639760837070255,-13.590000000000032
04-10-2024,P117,Fashion,699.2,481.62,5,0,0.0,395,710.96,Normal,Friday,0.0,,-11.759999999999991
04-10-2024,P118,Home,480.6,332.87,10,3,1441.8,309,498.79,Normal,Friday,443.18999999999994,0.30738660008322927,-18.189999999999998
04-10-2024,P119,Fashion,387.9,259.27,10,2,775.8,319,406.08,Normal,Friday,257.26,0.3316060840422789,-18.180000000000007
05-10-2024,P100,Electronics,1324.0,1023.78,0,4,5296.0,394,1271.31,Normal,Saturday,1200.88,0.2267522658610272,52.690000000000055
05-10-2024,P101,Fashion,1348.0,1050.73,0,0,0.0,59,1335.22,Holiday,Saturday,0.0,,12.779999999999973
05-10-2024,P102,Fashion,204.0,124.03,0,3,612.0,368,207.5,Normal,Saturday,239.90999999999997,0.3920098039215686,-3.5
05-10-2024,P103,Electronics,1481.0,1058.45,0,1,1481.0,294,1492.31,Sale,Saturday,422.54999999999995,0.2853139770425388,-11.309999999999945
05-10-2024,P104,Sports,1081.2,870.64,15,1,1081.2,90,1131.41,Holiday,Saturday,210.56000000000006,0.19474657787643365,-50.210000000000036
05-10-2024,P105,Sports,1068.0,691.33,0,2,2136.0,455,1111.82,Holiday,Saturday,753.3399999999999,0.35268726591760297,-43.819999999999936
05-10-2024,P106,Fashion,842.35,649.79,15,1,842.35,56,883.16,Festival,Saturday,192.56000000000006,0.22859856354247055,-40.809999999999945
05-10-2024,P107,Fashion,580.45,488.56,5,0,0.0,167,576.14,Normal,Saturday,0.0,,4.310000000000059
05-10-2024,P108,Fashion,882.9,688.46,10,3,2648.7,277,845.06,Normal,Saturday,583.3199999999997,0.220228791482614,37.84000000000003
05-10-2024,P109,Home,1063.8,824.57,10,1,1063.8,437,1012.56,Sale,Saturday,239.2299999999999,0.2248824967099078,51.24000000000001
05-10-2024,P110,Electronics,372.0,260.42,0,3,1116.0,164,376.49,Normal,Saturday,334.74,0.29994623655913977,-4.490000000000009
05-10-2024,P111,Fashion,245.7,206.78,10,4,982.8,241,247.53,Normal,Saturday,155.67999999999995,0.15840455840455836,-1.8300000000000125
05-10-2024,P112,Home,573.0,367.96,0,2,1146.0,122,552.06,Sale,Saturday,410.08000000000004,0.3578359511343805,20.940000000000055
05-10-2024,P113,Sports,995.6,658.92,5,0,0.0,355,1044.66,Normal,Saturday,0.0,,-49.06000000000006
05-10-2024,P114,Sports,512.55,461.68,15,5,2562.75,49,501.72,Sale,Saturday,254.3499999999999,0.09924885377036383,10.829999999999927
05-10-2024,P115,Electronics,690.0,517.81,0,1,690.0,240,656.06,Sale,Saturday,172.19000000000005,0.24955072463768124,33.940000000000055
05-10-2024,P116,Electronics,1382.0,887.56,0,0,0.0,189,1408.12,Normal,Saturday,0.0,,-26.11999999999989
05-10-2024,P117,Home,992.0,599.17,0,0,0.0,168,1020.42,Sale,Saturday,0.0,,-28.41999999999996
05-10-2024,P118,Electronics,944.1,643.85,10,0,0.0,499,937.28,Normal,Saturday,0.0,,6.82000000000005
05-10-2024,P119,Sports,1235.0,857.58,0,0,0.0,80,1265.9,Holiday,Saturday,0.0,,-30.90000000000009
06-10-2024,P100,Sports,1014.0,742.03,0,2,2028.0,420,979.16,Normal,Sunday,543.94,0.2682149901380671,34.84000000000003
06-10-2024,P101,Fashion,238.0,180.09,0,5,1190.0,93,239.21,Normal,Sunday,289.54999999999995,0.2433193277310924,-1.210000000000008
06-10-2024,P102,Fashion,1325.0,1033.8,0,1,1325.0,427,1322.48,Festival,Sunday,291.20000000000005,0.2197735849056604,2.519999999999982
06-10-2024,P103,Sports,495.0,395.21,0,1,495.0,27,479.64,Holiday,Sunday,99.79000000000002,0.20159595959595963,15.360000000000014
06-10-2024,P104,Fashion,747.0,510.25,0,1,747.0,30,777.66,Festival,Sunday,236.75,0.3169344042838019,-30.659999999999968
06-10-2024,P105,Electronics,544.0,419.08,0,0,0.0,277,518.23,Normal,Sunday,0.0,,25.769999999999982
06-10-2024,P106,Sports,1296.0,972.02,10,3,3888.0,51,1301.7,Sale,Sunday,971.94,0.24998456790123458,-5.7000000000000455
06-10-2024,P107,Fashion,228.65,172.25,15,4,914.6,370,232.95,Normal,Sunday,225.60000000000002,0.24666520883446316,-4.299999999999983
06-10-2024,P108,Electronics,464.4,361.05,10,2,928.8,488,454.41,Festival,Sunday,206.69999999999993,0.22254521963824284,9.989999999999952
06-10-2024,P109,Electronics,1287.0,951.9,10,0,0.0,111,1230.49,Normal,Sunday,0.0,,56.50999999999999
06-10-2024,P110,Sports,676.4,534.6,5,2,1352.8,166,656.56,Festival,Sunday,283.5999999999999,0.209639266706091,19.840000000000032
06-10-2024,P111,Fashion,431.0,283.13,0,3,1293.0,139,433.46,Normal,Sunday,443.61,0.34308584686774946,-2.4599999999999795
06-10-2024,P112,Electronics,1249.0,980.69,0,1,1249.0,218,1267.7,Normal,Sunday,268.30999999999995,0.21481985588470773,-18.700000000000045
06-10-2024,P113,Sports,981.0,728.64,0,4,3924.0,459,1004.59,Normal,Sunday,1009.44,0.2572477064220184,-23.590000000000032
06-10-2024,P114,Electronics,1254.6,1066.98,10,0,0.0,162,1249.93,Normal,Sunday,0.0,,4.669999999999845
06-10-2024,P115,Sports,1298.65,1091.31,5,1,1298.65,77,1293.12,Normal,Sunday,207.34000000000015,0.15965810649520668,5.5300000000002
06-10-2024,P116,Fashion,299.7,250.0,10,3,899.1,241,308.5,Normal,Sunday,149.10000000000002,0.1658324991658325,-8.800000000000011
06-10-2024,P117,Electronics,614.0,402.87,0,4,2456.0,35,614.47,Normal,Sunday,844.52,0.3438599348534202,-0.4700000000000273
06-10-2024,P118,Sports,760.75,706.99,15,5,3803.75,469,791.1,Normal,Sunday,268.8000000000002,0.07066710483075916,-30.350000000000023
06-10-2024,P119,Sports,752.4,589.19,10,0,0.0,219,768.37,Normal,Sunday,0.0,,-15.970000000000027
07-10-2024,P100,Home,1131.45,897.96,5,0,0.0,466,1099.47,Sale,Monday,0.0,,31.980000000000018
07-10-2024,P101,Fashion,967.5,830.56,10,3,2902.5,469,957.68,Festival,Monday,410.82000000000016,0.1415400516795866,9.82000000000005
07-10-2024,P102,Fashion,1018.0,672.72,0,0,0.0,259,1058.43,Normal,Monday,0.0,,-40.430000000000064
07-10-2024,P103,Sports,535.5,475.6,15,0,0.0,78,554.68,Normal,Monday,0.0,,-19.17999999999995
07-10-2024,P104,Sports,1410.0,987.42,0,1,1410.0,80,1358.06,Sale,Monday,422.58000000000004,0.2997021276595745,51.940000000000055
07-10-2024,P105,Sports,1251.0,841.84,0,1,1251.0,256,1246.13,Normal,Monday,409.15999999999997,0.327066346922462,4.869999999999891
07-10-2024,P106,Sports,1195.1,977.05,5,1,1195.1,32,1182.44,Festival,Monday,218.04999999999995,0.18245335118400133,12.659999999999854
07-10-2024,P107,Home,383.0,239.21,0,3,1149.0,314,387.57,Normal,Monday,431.37,0.3754308093994778,-4.569999999999993
07-10-2024,P108,Sports,345.0,221.11,0,0,0.0,316,349.28,Normal,Monday,0.0,,-4.279999999999973
07-10-2024,P109,Electronics,494.7,379.48,15,3,1484.1,313,506.2,Normal,Monday,345.65999999999985,0.23290883363654732,-11.5
07-10-2024,P110,Sports,640.0,487.87,0,1,640.0,264,647.07,Normal,Monday,152.13,0.237703125,-7.07000000000005
07-10-2024,P111,Electronics,1036.45,658.02,5,0,0.0,342,1070.6,Festival,Monday,0.0,,-34.149999999999864
07-10-2024,P112,Fashion,965.2,740.45,5,0,0.0,460,954.32,Holiday,Monday,0.0,,10.879999999999995
07-10-2024,P113,Electronics,692.1,596.55,10,3,2076.3,152,705.36,Normal,Monday,286.6500000000003,0.13805808409189438,-13.259999999999991
07-10-2024,P114,Home,515.85,328.03,5,0,0.0,91,504.93,Normal,Monday,0.0,,10.920000000000016
07-10-2024,P115,Sports,1422.0,957.08,0,0,0.0,469,1407.4,Holiday,Monday,0.0,,14.599999999999909
07-10-2024,P116,Sports,521.0,342.49,0,2,1042.0,343,524.13,Sale,Monday,357.02,0.34262955854126675,-3.1299999999999955
07-10-2024,P117,Home,873.9,771.65,10,0,0.0,362,879.33,Normal,Monday,0.0,,-5.430000000000064
07-10-2024,P118,Sports,1342.0,922.95,0,0,0.0,497,1357.57,Normal,Monday,0.0,,-15.569999999999936
07-10-2024,P119,Sports,887.4,777.03,10,3,2662.2,497,877.46,Normal,Monday,331.1099999999997,0.12437457741717366,9.93999999999994
08-10-2024,P100,Fashion,628.9,418.38,5,1,628.9,54,598.85,Normal,Tuesday,210.51999999999998,0.3347432024169184,30.049999999999955
08-10-2024,P101,Sports,987.05,710.21,5,2,1974.1,81,968.94,Festival,Tuesday,553.6799999999998,0.280472113874677,18.1099999999999
08-10-2024,P102,Sports,1161.9,793.23,10,1,1161.9,262,1163.42,Normal,Tuesday,368.6700000000001,0.3172992512264395,-1.5199999999999818
08-10-2024,P103,Fashion,1079.1,954.02,10,2,2158.2,272,1112.63,Holiday,Tuesday,250.15999999999985,0.11591140765452686,-33.5300000000002
08-10-2024,P104,Fashion,520.2,429.25,10,5,2601.0,323,526.29,Sale,Tuesday,454.75,0.17483660130718953,-6.089999999999918
08-10-2024,P105,Sports,433.0,266.72,0,4,1732.0,386,421.01,Holiday,Tuesday,665.1199999999999,0.3840184757505773,11.990000000000009
08-10-2024,P106,Sports,464.0,342.66,0,3,1392.0,110,467.48,Sale,Tuesday,364.02,0.26150862068965514,-3.480000000000018
08-10-2024,P107,Fashion,796.5,657.85,10,3,2389.5,182,769.28,Normal,Tuesday,415.9499999999998,0.174074074074074,27.220000000000027
08-10-2024,P108,Fashion,300.0,233.1,0,2,600.0,39,292.57,Festival,Tuesday,133.8,0.22300000000000003,7.430000000000007
08-10-2024,P109,Electronics,243.0,179.84,0,3,729.0,273,234.31,Normal,Tuesday,189.48000000000002,0.25991769547325105,8.689999999999998
08-10-2024,P110,Electronics,1278.0,824.3,0,1,1278.0,115,1228.38,Normal,Tuesday,453.70000000000005,0.3550078247261346,49.61999999999989
08-10-2024,P111,Home,426.55,286.94,5,0,0.0,240,418.69,Normal,Tuesday,0.0,,7.860000000000014
08-10-2024,P112,Fashion,1276.0,928.81,0,3,3828.0,174,1272.48,Sale,Tuesday,1041.5700000000002,0.27209247648902823,3.519999999999982
08-10-2024,P113,Sports,1129.5,814.13,10,0,0.0,137,1113.21,Holiday,Tuesday,0.0,,16.289999999999964
08-10-2024,P114,Electronics,790.0,510.05,0,0,0.0,33,798.14,Normal,Tuesday,0.0,,-8.139999999999986
08-10-2024,P115,Home,1131.0,842.29,0,0,0.0,364,1168.62,Holiday,Tuesday,0.0,,-37.61999999999989
08-10-2024,P116,Home,766.0,610.13,0,1,766.0,149,776.85,Holiday,Tuesday,155.87,0.20348563968668407,-10.850000000000023
08-10-2024,P117,Electronics,676.0,478.43,0,0,0.0,483,705.56,Normal,Tuesday,0.0,,-29.559999999999945
08-10-2024,P118,Sports,1407.0,1085.84,0,2,2814.0,491,1464.25,Normal,Tuesday,642.3200000000002,0.22825870646766175,-57.25
08-10-2024,P119,Home,430.2,349.19,10,0,0.0,112,440.88,Normal,Tuesday,0.0,,-10.680000000000007
09-10-2024,P100,Fashion,791.0,532.42,0,1,791.0,476,762.22,Normal,Wednesday,258.58000000000004,0.32690265486725667,28.779999999999973
09-10-2024,P101,Electronics,969.3,779.24,10,0,0.0,153,997.63,Normal,Wednesday,0.0,,-28.33000000000004
09-10-2024,P102,Electronics,379.05,254.76,5,5,1895.25,41,390.21,Normal,Wednesday,621.45,0.3278986941036803,-11.159999999999968
09-10-2024,P103,Fashion,501.0,383.43,0,3,1503.0,68,497.33,Festival,Wednesday,352.71000000000004,0.23467065868263476,3.670000000000016
09-10-2024,P104,Sports,176.8,131.7,15,8,1414.4,316,171.98,Normal,Wednesday,360.8000000000002,0.25509049773755665,4.820000000000022
09-10-2024,P105,Fashion,968.0,626.02,0,1,968.0,175,976.5,Normal,Wednesday,341.98,0.35328512396694217,-8.5
09-10-2024,P106,Fashion,1045.95,853.34,5,3,3137.85,268,1073.78,Holiday,Wednesday,577.8299999999999,0.18414838185381707,-27.829999999999927
09-10-2024,P107,Electronics,882.0,625.22,10,1,882.0,372,865.43,Normal,Wednesday,256.78,0.2911337868480725,16.57000000000005
09-10-2024,P108,Electronics,1259.0,800.29,0,0,0.0,52,1321.2,Normal,Wednesday,0.0,,-62.200000000000045
09-10-2024,P109,Home,341.7,288.33,15,3,1025.1,355,342.33,Normal,Wednesday,160.1099999999999,0.15618964003511845,-0.6299999999999955
09-10-2024,P110,Fashion,891.1,693.37,5,0,0.0,433,908.15,Normal,Wednesday,0.0,,-17.049999999999955
09-10-2024,P111,Fashion,1295.0,941.25,0,3,3885.0,361,1350.0,Holiday,Wednesday,1061.25,0.2731660231660232,-55.0
09-10-2024,P112,Electronics,1077.0,784.21,0,1,1077.0,325,1078.99,Normal,Wednesday,292.78999999999996,0.2718570102135561,-1.990000000000009
09-10-2024,P113,Fashion,341.0,248.28,0,2,682.0,296,354.83,Normal,Wednesday,185.44,0.27190615835777127,-13.829999999999984
09-10-2024,P114,Home,190.8,129.0,10,5,954.0,165,191.79,Sale,Wednesday,309.0,0.3238993710691824,-0.9899999999999807
09-10-2024,P115,Electronics,949.0,745.78,0,3,2847.0,62,939.18,Festival,Wednesday,609.6599999999999,0.21414120126448888,9.82000000000005
09-10-2024,P116,Electronics,504.0,387.09,0,0,0.0,431,520.97,Festival,Wednesday,0.0,,-16.970000000000027
09-10-2024,P117,Home,170.0,150.93,15,7,1190.0,309,164.72,Festival,Wednesday,133.49,0.11217647058823531,5.280000000000001
09-10-2024,P118,Home,1453.0,1051.99,0,3,4359.0,176,1393.8,Normal,Wednesday,1203.0299999999997,0.27598761183757736,59.200000000000045
09-10-2024,P119,Electronics,439.2,370.48,10,0,0.0,461,454.02,Normal,Wednesday,0.0,,-14.819999999999993
10-10-2024,P100,Home,1121.95,935.41,5,6,6731.7,260,1137.75,Holiday,Thursday,1119.2399999999998,0.16626409376531928,-15.799999999999955
10-10-2024,P101,Fashion,608.95,437.42,5,0,0.0,59,597.21,Normal,Thursday,0.0,,11.740000000000009
10-10-2024,P102,Sports,382.0,271.0,0,6,2292.0,105,386.68,Festival,Thursday,666.0,0.2905759162303665,-4.680000000000007
10-10-2024,P103,Electronics,924.0,722.73,0,2,1848.0,207,893.6,Festival,Thursday,402.53999999999996,0.2178246753246753,30.399999999999977
10-10-2024,P104,Fashion,924.0,704.57,0,3,2772.0,134,936.55,Normal,Thursday,658.29,0.23747835497835496,-12.549999999999955
10-10-2024,P105,Fashion,1208.7,1017.47,10,1,1208.7,385,1221.04,Sale,Thursday,191.23000000000002,0.15821130139819642,-12.339999999999918
10-10-2024,P106,Electronics,811.8,705.61,10,0,0.0,412,840.4,Festival,Thursday,0.0,,-28.600000000000023
10-10-2024,P107,Fashion,313.65,221.68,15,3,940.95,24,315.79,Normal,Thursday,275.9100000000001,0.29322493224932256,-2.140000000000043
10-10-2024,P108,Home,1183.0,724.47,0,0,0.0,192,1165.76,Normal,Thursday,0.0,,17.24000000000001
10-10-2024,P109,Sports,1274.4,994.68,10,0,0.0,95,1294.04,Normal,Thursday,0.0,,-19.639999999999873
10-10-2024,P110,Sports,1057.0,659.51,0,4,4228.0,495,1005.14,Sale,Thursday,1589.96,0.37605487228003787,51.860000000000014
10-10-2024,P111,Sports,499.5,367.02,10,3,1498.5,32,485.29,Normal,Thursday,397.44000000000005,0.26522522522522524,14.20999999999998
10-10-2024,P112,Home,310.0,217.09,0,1,310.0,329,316.4,Normal,Thursday,92.91,0.29970967741935484,-6.399999999999977
10-10-2024,P113,Fashion,794.2,641.4,5,0,0.0,147,806.79,Normal,Thursday,0.0,,-12.589999999999918
10-10-2024,P114,Home,1211.0,757.24,0,1,1211.0,408,1236.41,Normal,Thursday,453.76,0.3746985962014864,-25.410000000000082
10-10-2024,P115,Fashion,865.45,551.6,5,0,0.0,101,868.57,Normal,Thursday,0.0,,-3.1200000000000045
10-10-2024,P116,Electronics,657.0,446.07,0,0,0.0,54,634.39,Normal,Thursday,0.0,,22.610000000000014
10-10-2024,P117,Fashion,738.9,531.88,10,0,0.0,99,770.62,Normal,Thursday,0.0,,-31.720000000000027
10-10-2024,P118,Sports,1287.0,950.45,0,0,0.0,461,1321.47,Normal,Thursday,0.0,,-34.47000000000003
10-10-2024,P119,Sports,941.0,715.04,0,0,0.0,131,898.54,Sale,Thursday,0.0,,42.460000000000036
11-10-2024,P100,Electronics,477.0,314.35,0,6,2862.0,206,490.52,Sale,Friday,975.8999999999999,0.34098532494758904,-13.519999999999982
11-10-2024,P101,Home,1289.0,786.58,0,1,1289.0,172,1249.6,Sale,Friday,502.41999999999996,0.38977501939487974,39.40000000000009
11-10-2024,P102,Home,253.3,237.32,15,2,506.6,162,247.72,Normal,Friday,31.960000000000036,0.06308724832214772,5.5800000000000125
11-10-2024,P103,Fashion,693.0,522.76,0,0,0.0,386,716.04,Normal,Friday,0.0,,-23.039999999999964
11-10-2024,P104,Sports,249.85,200.35,5,0,0.0,139,241.5,Holiday,Friday,0.0,,8.349999999999994
11-10-2024,P105,Sports,322.05,246.39,5,2,644.1,260,314.95,Normal,Friday,151.32000000000005,0.2349324639031207,7.100000000000023
11-10-2024,P106,Fashion,731.7,500.12,10,0,0.0,298,720.27,Sale,Friday,0.0,,11.430000000000064
11-10-2024,P107,Fashion,213.0,140.32,0,6,1278.0,359,215.54,Sale,Friday,436.08000000000004,0.34122065727699535,-2.539999999999992
11-10-2024,P108,Electronics,469.0,305.43,0,5,2345.0,415,475.11,Normal,Friday,817.8499999999999,0.34876332622601275,-6.110000000000014
11-10-2024,P109,Home,314.45,231.28,5,6,1886.7,105,316.04,Festival,Friday,499.02,0.26449356018444903,-1.5900000000000318
11-10-2024,P110,Sports,1489.0,896.24,0,0,0.0,435,1436.65,Normal,Friday,0.0,,52.34999999999991
11-10-2024,P111,Sports,913.5,760.67,10,0,0.0,331,903.47,Normal,Friday,0.0,,10.029999999999973
11-10-2024,P112,Electronics,1093.0,665.99,0,2,2186.0,188,1099.95,Normal,Friday,854.02,0.3906770356816102,-6.9500000000000455
11-10-2024,P113,Sports,1226.0,737.86,0,0,0.0,79,1199.11,Sale,Friday,0.0,,26.8900000000001
11-10-2024,P114,Fashion,1254.0,798.09,0,1,1254.0,263,1283.93,Normal,Friday,455.90999999999997,0.36356459330143537,-29.930000000000064
11-10-2024,P115,Fashion,198.9,155.19,15,2,397.8,29,193.45,Normal,Friday,87.42000000000002,0.2197586726998492,5.450000000000017
11-10-2024,P116,Home,845.0,658.6,0,2,1690.0,379,882.27,Normal,Friday,372.79999999999995,0.22059171597633134,-37.26999999999998
11-10-2024,P117,Sports,556.0,388.08,0,0,0.0,368,545.59,Sale,Friday,0.0,,10.409999999999968
11-10-2024,P118,Fashion,215.0,168.25,0,7,1505.0,120,208.63,Normal,Friday,327.25,0.21744186046511627,6.3700000000000045
11-10-2024,P119,Fashion,623.9,566.17,15,4,2495.6,414,600.3,Festival,Friday,230.92000000000007,0.09253085430357433,23.600000000000023
12-10-2024,P100,Sports,1129.0,766.28,0,2,2258.0,388,1130.01,Normal,Saturday,725.44,0.32127546501328613,-1.009999999999991
12-10-2024,P101,Fashion,1073.0,747.66,0,0,0.0,136,1119.76,Sale,Saturday,0.0,,-46.75999999999999
12-10-2024,P102,Electronics,917.0,715.29,0,0,0.0,188,955.73,Normal,Saturday,0.0,,-38.73000000000002
12-10-2024,P103,Home,1290.0,814.24,0,1,1290.0,453,1304.6,Normal,Saturday,475.76,0.36880620155038757,-14.599999999999909
12-10-2024,P104,Sports,1366.0,954.1,0,1,1366.0,119,1403.17,Holiday,Saturday,411.9,0.3015373352855051,-37.17000000000007
12-10-2024,P105,Fashion,855.0,759.97,10,2,1710.0,25,841.21,Normal,Saturday,190.05999999999995,0.11114619883040933,13.789999999999964
12-10-2024,P106,Sports,1200.0,740.09,0,0,0.0,151,1153.1,Normal,Saturday,0.0,,46.90000000000009
12-10-2024,P107,Fashion,1366.0,1050.04,0,3,4098.0,374,1354.84,Normal,Saturday,947.8800000000001,0.23130307467057104,11.160000000000082
12-10-2024,P108,Electronics,565.2,444.98,10,2,1130.4,322,586.0,Festival,Saturday,240.44000000000005,0.21270346779900923,-20.799999999999955
12-10-2024,P109,Home,864.0,724.74,10,0,0.0,448,898.63,Normal,Saturday,0.0,,-34.629999999999995
12-10-2024,P110,Fashion,1261.0,864.88,0,0,0.0,86,1299.98,Normal,Saturday,0.0,,-38.98000000000002
12-10-2024,P111,Electronics,907.25,620.97,5,1,907.25,82,947.68,Holiday,Saturday,286.28,0.31554698263984565,-40.42999999999995
12-10-2024,P112,Home,1455.0,988.55,0,0,0.0,381,1418.04,Normal,Saturday,0.0,,36.960000000000036
12-10-2024,P113,Home,386.1,301.7,10,7,2702.7,357,399.77,Festival,Saturday,590.7999999999997,0.2185962185962185,-13.669999999999959
12-10-2024,P114,Electronics,1416.0,952.03,0,1,1416.0,303,1477.33,Sale,Saturday,463.97,0.3276624293785311,-61.32999999999993
12-10-2024,P115,Home,381.9,259.15,5,5,1909.5,466,382.89,Normal,Saturday,613.75,0.3214192196910186,-0.9900000000000091
12-10-2024,P116,Electronics,864.9,628.41,10,0,0.0,140,864.92,Normal,Saturday,0.0,,-0.01999999999998181
12-10-2024,P117,Fashion,588.0,354.95,0,0,0.0,54,601.49,Normal,Saturday,0.0,,-13.490000000000009
12-10-2024,P118,Fashion,589.95,481.91,5,0,0.0,279,616.63,Normal,Saturday,0.0,,-26.67999999999995
12-10-2024,P119,Fashion,595.85,503.56,15,1,595.85,447,590.72,Normal,Saturday,92.29000000000002,0.15488797516153396,5.1299999999999955
13-10-2024,P100,Home,733.0,499.85,0,0,0.0,27,767.03,Sale,Sunday,0.0,,-34.02999999999997
13-10-2024,P101,Home,532.8,401.91,10,2,1065.6,175,535.84,Holiday,Sunday,261.77999999999986,0.2456644144144143,-3.0400000000000773
13-10-2024,P102,Home,1467.0,1098.34,0,2,2934.0,138,1512.36,Normal,Sunday,737.3200000000002,0.2513019768234493,-45.3599999999999
13-10-2024,P103,Electronics,922.45,736.47,5,0,0.0,258,954.7,Normal,Sunday,0.0,,-32.25
13-10-2024,P104,Sports,1475.0,1173.47,0,0,0.0,386,1424.64,Normal,Sunday,0.0,,50.3599999999999
13-10-2024,P105,Home,476.0,310.85,0,3,1428.0,50,470.15,Normal,Sunday,495.44999999999993,0.346953781512605,5.850000000000023
13-10-2024,P106,Fashion,559.0,439.81,0,4,2236.0,352,538.33,Sale,Sunday,476.76,0.2132200357781753,20.66999999999996
13-10-2024,P107,Fashion,502.35,432.06,15,0,0.0,262,527.39,Normal,Sunday,0.0,,-25.039999999999964
13-10-2024,P108,Sports,228.0,151.66,0,2,456.0,366,229.75,Normal,Sunday,152.68,0.3348245614035088,-1.75
13-10-2024,P109,Fashion,1053.9,730.29,10,0,0.0,427,1102.95,Festival,Sunday,0.0,,-49.049999999999955
13-10-2024,P110,Fashion,1354.0,942.23,0,0,0.0,59,1394.0,Sale,Sunday,0.0,,-40.0
13-10-2024,P111,Home,760.95,615.9,5,1,760.95,294,787.51,Normal,Sunday,145.05000000000007,0.19061699191799733,-26.559999999999945
13-10-2024,P112,Electronics,1251.0,857.46,10,0,0.0,271,1304.32,Sale,Sunday,0.0,,-53.319999999999936
13-10-2024,P113,Home,895.5,739.05,10,0,0.0,110,934.46,Normal,Sunday,0.0,,-38.960000000000036
13-10-2024,P114,Fashion,965.2,661.94,5,2,1930.4,429,1001.85,Normal,Sunday,606.52,0.3141939494405304,-36.64999999999998
13-10-2024,P115,Fashion,397.0,282.18,0,3,1191.0,184,394.66,Holiday,Sunday,344.46000000000004,0.2892191435768262,2.339999999999975
13-10-2024,P116,Electronics,413.1,369.44,15,4,1652.4,269,409.56,Normal,Sunday,174.6400000000001,0.10568869523117895,3.5400000000000205
13-10-2024,P117,Electronics,1081.8,792.09,10,0,0.0,38,1128.89,Normal,Sunday,0.0,,-47.090000000000146
13-10-2024,P118,Fashion,190.4,151.65,15,5,952.0,421,188.86,Normal,Sunday,193.75,0.2035189075630252,1.539999999999992
13-10-2024,P119,Fashion,626.0,414.02,0,0,0.0,74,626.32,Normal,Sunday,0.0,,-0.32000000000005
14-10-2024,P100,Fashion,932.4,819.16,10,0,0.0,311,943.21,Normal,Monday,0.0,,-10.81000000000006
14-10-2024,P101,Fashion,503.0,392.6,0,5,2515.0,101,503.94,Normal,Monday,552.0,0.2194831013916501,-0.9399999999999977
14-10-2024,P102,Sports,1308.0,823.1,0,0,0.0,319,1324.09,Festival,Monday,0.0,,-16.089999999999918
14-10-2024,P103,Sports,368.0,266.79,0,3,1104.0,480,383.03,Normal,Monday,303.6299999999999,0.2750271739130434,-15.029999999999973
14-10-2024,P104,Sports,1103.9,754.48,5,5,5519.5,481,1133.34,Sale,Monday,1747.1,0.3165322945919014,-29.439999999999827
14-10-2024,P105,Home,1132.0,774.54,0,3,3396.0,234,1076.91,Sale,Monday,1072.38,0.31577738515901066,55.08999999999992
14-10-2024,P106,Home,538.0,421.81,0,2,1076.0,295,562.38,Sale,Monday,232.38,0.21596654275092936,-24.379999999999995
14-10-2024,P107,Sports,1274.4,918.53,10,0,0.0,450,1284.7,Normal,Monday,0.0,,-10.299999999999955
14-10-2024,P108,Home,491.15,356.05,5,3,1473.45,457,512.36,Normal,Monday,405.29999999999995,0.27506871627812274,-21.210000000000036
14-10-2024,P109,Fashion,756.2,513.59,5,0,0.0,25,776.25,Normal,Monday,0.0,,-20.049999999999955
14-10-2024,P110,Fashion,518.0,374.58,0,0,0.0,446,530.22,Sale,Monday,0.0,,-12.220000000000027
14-10-2024,P111,Fashion,1075.0,735.38,0,0,0.0,424,1070.26,Holiday,Monday,0.0,,4.740000000000009
14-10-2024,P112,Fashion,941.0,606.37,0,0,0.0,152,927.2,Normal,Monday,0.0,,13.799999999999955
14-10-2024,P113,Electronics,1156.85,973.77,15,1,1156.85,443,1103.99,Holiday,Monday,183.07999999999993,0.15825733673337075,52.8599999999999
14-10-2024,P114,Fashion,324.9,217.45,10,8,2599.2,135,334.43,Festival,Monday,859.5999999999999,0.3307171437365343,-9.53000000000003
14-10-2024,P115,Fashion,1405.0,919.61,0,0,0.0,382,1389.07,Normal,Monday,0.0,,15.930000000000064
14-10-2024,P116,Sports,1344.0,814.85,0,1,1344.0,308,1403.54,Sale,Monday,529.15,0.3937127976190476,-59.539999999999964
14-10-2024,P117,Home,192.1,166.52,15,8,1536.8,312,182.87,Normal,Monday,204.63999999999987,0.13315981259760534,9.22999999999999
14-10-2024,P118,Electronics,517.65,412.17,15,3,1552.95,220,536.3,Normal,Monday,316.44000000000005,0.20376702405099975,-18.649999999999977
14-10-2024,P119,Home,1322.1,954.87,10,2,2644.2,295,1337.38,Normal,Monday,734.4599999999998,0.277762650329022,-15.2800000000002
15-10-2024,P100,Fashion,1427.0,921.6,0,1,1427.0,27,1449.44,Normal,Tuesday,505.4,0.3541695865451997,-22.440000000000055
15-10-2024,P101,Electronics,308.0,228.96,0,0,0.0,344,322.4,Normal,Tuesday,0.0,,-14.399999999999977
15-10-2024,P102,Fashion,451.0,285.12,0,2,902.0,243,452.42,Normal,Tuesday,331.76,0.3678048780487805,-1.420000000000016
15-10-2024,P103,Sports,1210.3,806.25,5,0,0.0,312,1219.46,Festival,Tuesday,0.0,,-9.160000000000082
15-10-2024,P104,Sports,446.5,316.53,5,0,0.0,278,462.14,Normal,Tuesday,0.0,,-15.639999999999986
15-10-2024,P105,Home,893.7,652.99,10,0,0.0,185,903.16,Normal,Tuesday,0.0,,-9.459999999999923
15-10-2024,P106,Home,1362.3,1088.1,5,0,0.0,34,1382.21,Sale,Tuesday,0.0,,-19.910000000000082
15-10-2024,P107,Fashion,1248.3,1084.04,10,2,2496.6,257,1186.11,Normal,Tuesday,328.52,0.131586958263238,62.190000000000055
15-10-2024,P108,Fashion,343.0,261.31,0,5,1715.0,44,355.25,Normal,Tuesday,408.45000000000005,0.23816326530612247,-12.25
15-10-2024,P109,Electronics,790.0,484.62,0,0,0.0,120,751.5,Normal,Tuesday,0.0,,38.5
15-10-2024,P110,Sports,509.0,378.7,0,5,2545.0,294,485.76,Festival,Tuesday,651.5,0.25599214145383103,23.24000000000001
15-10-2024,P111,Sports,663.0,475.32,0,3,1989.0,385,657.5,Festival,Tuesday,563.04,0.28307692307692306,5.5
15-10-2024,P112,Sports,665.0,437.95,0,3,1995.0,374,633.69,Normal,Tuesday,681.1500000000001,0.34142857142857147,31.309999999999945
15-10-2024,P113,Fashion,1125.75,754.52,5,5,5628.75,265,1171.53,Festival,Tuesday,1856.15,0.32976238063513214,-45.77999999999997
15-10-2024,P114,Electronics,630.0,410.29,0,4,2520.0,480,653.79,Holiday,Tuesday,878.8399999999999,0.3487460317460317,-23.789999999999964
15-10-2024,P115,Sports,955.7,790.94,5,0,0.0,194,961.39,Normal,Tuesday,0.0,,-5.689999999999941
15-10-2024,P116,Home,443.7,334.12,15,3,1331.1,439,456.7,Normal,Tuesday,328.7399999999999,0.2469686725264818,-13.0
15-10-2024,P117,Fashion,1040.25,709.22,5,2,2080.5,154,1050.3,Holiday,Tuesday,662.06,0.31822158135063683,-10.049999999999955
15-10-2024,P118,Home,389.0,243.4,0,1,389.0,334,408.2,Holiday,Tuesday,145.6,0.374293059125964,-19.19999999999999
15-10-2024,P119,Sports,304.0,189.84,0,2,608.0,33,296.2,Sale,Tuesday,228.32,0.37552631578947365,7.800000000000011
16-10-2024,P100,Fashion,1234.8,988.79,10,0,0.0,301,1256.68,Normal,Wednesday,0.0,,-21.88000000000011
16-10-2024,P101,Fashion,938.4,800.26,15,1,938.4,159,932.98,Sale,Wednesday,138.14,0.1472080136402387,5.419999999999959
16-10-2024,P102,Home,482.0,351.4,0,0,0.0,100,473.03,Normal,Wednesday,0.0,,8.970000000000027
16-10-2024,P103,Fashion,249.85,200.39,5,5,1249.25,127,243.32,Normal,Wednesday,247.30000000000007,0.19795877526515915,6.530000000000001
16-10-2024,P104,Sports,594.0,375.77,0,0,0.0,444,575.84,Normal,Wednesday,0.0,,18.159999999999968
16-10-2024,P105,Sports,292.5,199.46,10,3,877.5,190,295.11,Festival,Wednesday,279.12,0.3180854700854701,-2.6100000000000136
16-10-2024,P106,Electronics,374.0,265.98,15,5,1870.0,492,383.45,Sale,Wednesday,540.0999999999999,0.28882352941176465,-9.449999999999989
16-10-2024,P107,Sports,590.0,382.86,0,1,590.0,289,588.76,Normal,Wednesday,207.14,0.3510847457627118,1.240000000000009
16-10-2024,P108,Home,1101.6,898.93,10,1,1101.6,53,1066.26,Normal,Wednesday,202.66999999999996,0.183977850399419,35.33999999999992
16-10-2024,P109,Sports,293.0,207.81,0,1,293.0,260,283.47,Normal,Wednesday,85.19,0.2907508532423208,9.529999999999973
16-10-2024,P110,Sports,293.0,207.14,0,3,879.0,293,298.27,Normal,Wednesday,257.58000000000004,0.29303754266211607,-5.269999999999982
16-10-2024,P111,Electronics,1048.8,820.62,5,3,3146.4,414,1041.72,Sale,Wednesday,684.54,0.21756292906178487,7.079999999999927
16-10-2024,P112,Fashion,568.8,443.52,10,2,1137.6,21,576.12,Normal,Wednesday,250.55999999999995,0.220253164556962,-7.32000000000005
16-10-2024,P113,Sports,1186.2,1002.67,10,0,0.0,296,1202.34,Normal,Wednesday,0.0,,-16.139999999999873
16-10-2024,P114,Electronics,1057.0,734.95,0,0,0.0,300,1061.31,Normal,Wednesday,0.0,,-4.309999999999945
16-10-2024,P115,Sports,1080.0,794.39,0,0,0.0,72,1101.59,Normal,Wednesday,0.0,,-21.589999999999918
16-10-2024,P116,Electronics,1484.0,913.99,0,1,1484.0,198,1451.35,Holiday,Wednesday,570.01,0.38410377358490566,32.65000000000009
16-10-2024,P117,Sports,1496.0,1194.43,0,4,5984.0,29,1466.56,Sale,Wednesday,1206.2799999999997,0.20158422459893044,29.440000000000055
16-10-2024,P118,Electronics,498.0,328.23,0,2,996.0,296,521.68,Festival,Wednesday,339.53999999999996,0.3409036144578313,-23.67999999999995
16-10-2024,P119,Fashion,570.35,534.23,15,2,1140.7,310,566.5,Sale,Wednesday,72.24000000000001,0.06332953449636189,3.8500000000000227
17-10-2024,P100,Sports,215.0,166.95,0,0,0.0,92,216.27,Normal,Thursday,0.0,,-1.2700000000000102
17-10-2024,P101,Electronics,1154.0,896.93,0,0,0.0,460,1188.72,Sale,Thursday,0.0,,-34.72000000000003
17-10-2024,P102,Fashion,942.0,633.52,0,5,4710.0,358,975.99,Holiday,Thursday,1542.4,0.3274734607218684,-33.99000000000001
17-10-2024,P103,Electronics,983.0,676.93,0,1,983.0,77,1000.26,Normal,Thursday,306.07000000000005,0.3113631739572737,-17.25999999999999
17-10-2024,P104,Sports,648.0,481.95,0,1,648.0,191,627.93,Normal,Thursday,166.05,0.25625000000000003,20.07000000000005
17-10-2024,P105,Sports,1290.6,951.17,10,0,0.0,56,1240.88,Normal,Thursday,0.0,,49.7199999999998
17-10-2024,P106,Electronics,552.0,351.39,0,1,552.0,372,563.99,Normal,Thursday,200.61,0.36342391304347826,-11.990000000000009
17-10-2024,P107,Home,767.0,490.73,0,1,767.0,218,756.28,Normal,Thursday,276.27,0.3601955671447197,10.720000000000027
17-10-2024,P108,Fashion,330.0,239.84,0,0,0.0,62,324.44,Sale,Thursday,0.0,,5.560000000000002
17-10-2024,P109,Home,1218.0,937.9,0,0,0.0,365,1216.97,Festival,Thursday,0.0,,1.0299999999999727
17-10-2024,P110,Electronics,491.0,296.97,0,2,982.0,432,489.92,Holiday,Thursday,388.05999999999995,0.395173116089613,1.079999999999984
17-10-2024,P111,Fashion,1452.0,1152.5,0,4,5808.0,354,1448.85,Festival,Thursday,1198.0,0.20626721763085398,3.150000000000091
17-10-2024,P112,Sports,609.9,415.18,5,0,0.0,310,599.0,Holiday,Thursday,0.0,,10.899999999999977
17-10-2024,P113,Sports,1077.0,833.11,0,4,4308.0,316,1123.9,Normal,Thursday,975.56,0.2264531104921077,-46.90000000000009
17-10-2024,P114,Fashion,1062.0,871.18,10,2,2124.0,409,1077.55,Sale,Thursday,381.6400000000001,0.17967984934086634,-15.549999999999955
17-10-2024,P115,Home,577.0,442.17,0,4,2308.0,197,591.0,Normal,Thursday,539.3199999999999,0.2336741767764298,-14.0
17-10-2024,P116,Electronics,1162.0,912.52,0,5,5810.0,395,1108.8,Normal,Thursday,1247.3999999999996,0.21469879518072282,53.200000000000045
17-10-2024,P117,Home,1479.0,1066.84,0,2,2958.0,247,1533.45,Normal,Thursday,824.3200000000002,0.27867478025693043,-54.450000000000045
17-10-2024,P118,Electronics,723.0,537.01,0,3,2169.0,497,698.05,Normal,Thursday,557.97,0.2572475795297372,24.950000000000045
17-10-2024,P119,Electronics,1492.0,1123.78,0,2,2984.0,404,1452.56,Normal,Thursday,736.44,0.24679624664879357,39.440000000000055
18-10-2024,P100,Home,371.7,269.87,10,0,0.0,292,358.43,Normal,Friday,0.0,,13.269999999999982
18-10-2024,P101,Fashion,1294.0,778.93,0,0,0.0,387,1274.02,Sale,Friday,0.0,,19.980000000000018
18-10-2024,P102,Electronics,1409.0,996.27,0,0,0.0,424,1398.16,Normal,Friday,0.0,,10.839999999999918
18-10-2024,P103,Fashion,302.6,237.84,15,4,1210.4,221,316.5,Sale,Friday,259.0400000000001,0.21401189689358893,-13.899999999999977
18-10-2024,P104,Sports,1089.0,861.27,0,2,2178.0,311,1045.1,Normal,Friday,455.46000000000004,0.2091184573002755,43.90000000000009
18-10-2024,P105,Sports,511.7,434.43,15,0,0.0,38,503.4,Sale,Friday,0.0,,8.300000000000011
18-10-2024,P106,Electronics,543.0,418.28,0,0,0.0,401,522.04,Normal,Friday,0.0,,20.960000000000036
18-10-2024,P107,Electronics,272.0,173.03,0,5,1360.0,469,282.21,Normal,Friday,494.85,0.3638602941176471,-10.20999999999998
18-10-2024,P108,Sports,1250.0,903.61,0,2,2500.0,289,1245.2,Normal,Friday,692.78,0.27711199999999997,4.7999999999999545
18-10-2024,P109,Electronics,1265.4,870.69,10,1,1265.4,371,1214.84,Normal,Friday,394.71000000000004,0.31192508297771454,50.56000000000017
18-10-2024,P110,Fashion,1277.0,982.41,0,1,1277.0,56,1247.08,Festival,Friday,294.59000000000003,0.2306891151135474,29.920000000000073
18-10-2024,P111,Fashion,549.95,426.11,15,0,0.0,361,563.49,Normal,Friday,0.0,,-13.539999999999964
18-10-2024,P112,Home,441.0,311.53,10,2,882.0,284,451.55,Normal,Friday,258.94000000000005,0.2935827664399094,-10.550000000000011
18-10-2024,P113,Home,1055.45,668.28,5,0,0.0,146,1079.35,Normal,Friday,0.0,,-23.899999999999864
18-10-2024,P114,Home,285.95,229.22,5,2,571.9,196,300.09,Normal,Friday,113.45999999999998,0.19839132715509702,-14.139999999999986
18-10-2024,P115,Fashion,827.0,602.21,0,0,0.0,199,810.69,Normal,Friday,0.0,,16.309999999999945
18-10-2024,P116,Home,1002.0,760.63,0,1,1002.0,365,1027.8,Normal,Friday,241.37,0.24088822355289422,-25.799999999999955
18-10-2024,P117,Electronics,1346.0,997.49,0,3,4038.0,86,1409.21,Festival,Friday,1045.5299999999997,0.25892273402674587,-63.210000000000036
18-10-2024,P118,Fashion,1359.0,954.19,0,0,0.0,61,1312.15,Normal,Friday,0.0,,46.84999999999991
18-10-2024,P119,Home,296.0,198.38,0,0,0.0,337,292.93,Normal,Friday,0.0,,3.069999999999993
19-10-2024,P100,Electronics,192.85,126.48,5,7,1349.95,126,185.21,Sale,Saturday,464.59000000000003,0.3441534871661914,7.639999999999986
19-10-2024,P101,Sports,1305.0,1057.98,10,3,3915.0,91,1301.67,Normal,Saturday,741.06,0.18928735632183907,3.3299999999999272
19-10-2024,P102,Sports,220.5,185.11,10,7,1543.5,194,221.15,Normal,Saturday,247.73000000000002,0.16049886621315193,-0.6500000000000057
19-10-2024,P103,Home,1158.55,917.53,15,0,0.0,158,1101.98,Festival,Saturday,0.0,,56.569999999999936
19-10-2024,P104,Electronics,933.0,667.14,0,0,0.0,459,897.53,Normal,Saturday,0.0,,35.47000000000003
19-10-2024,P105,Fashion,1151.1,938.03,10,3,3453.3,410,1107.64,Normal,Saturday,639.21,0.18510120754061332,43.45999999999981
19-10-2024,P106,Home,901.0,703.38,0,0,0.0,233,940.06,Normal,Saturday,0.0,,-39.059999999999945
19-10-2024,P107,Fashion,1194.3,925.59,10,3,3582.9,441,1214.67,Normal,Saturday,806.1300000000001,0.22499372017081137,-20.37000000000012
19-10-2024,P108,Electronics,963.0,673.54,10,0,0.0,426,945.36,Holiday,Saturday,0.0,,17.639999999999986
19-10-2024,P109,Electronics,748.0,481.71,0,0,0.0,399,777.36,Normal,Saturday,0.0,,-29.360000000000014
19-10-2024,P110,Sports,568.1,384.13,5,2,1136.2,462,568.7,Normal,Saturday,367.94000000000005,0.3238338320718184,-0.6000000000000227
19-10-2024,P111,Electronics,1150.0,792.85,0,0,0.0,150,1140.81,Sale,Saturday,0.0,,9.190000000000055
19-10-2024,P112,Fashion,1223.0,868.55,0,1,1223.0,396,1221.99,Normal,Saturday,354.45000000000005,0.28982011447260836,1.009999999999991
19-10-2024,P113,Fashion,945.25,721.29,5,0,0.0,67,935.47,Normal,Saturday,0.0,,9.779999999999973
19-10-2024,P114,Home,1020.0,879.09,15,0,0.0,372,1053.49,Normal,Saturday,0.0,,-33.49000000000001
19-10-2024,P115,Sports,709.0,483.62,0,0,0.0,234,736.27,Festival,Saturday,0.0,,-27.269999999999982
19-10-2024,P116,Home,273.6,214.87,10,2,547.2,313,278.66,Normal,Saturday,117.46000000000004,0.21465643274853807,-5.060000000000002
19-10-2024,P117,Electronics,212.4,165.32,10,3,637.2,144,204.66,Normal,Saturday,141.24000000000007,0.2216572504708099,7.740000000000009
19-10-2024,P118,Fashion,969.85,812.97,15,5,4849.25,111,955.17,Festival,Saturday,784.3999999999996,0.16175697272774134,14.680000000000064
19-10-2024,P119,Sports,1033.0,639.81,0,2,2066.0,58,1080.82,Normal,Saturday,786.3800000000001,0.38062923523717335,-47.819999999999936
20-10-2024,P100,Fashion,267.0,168.27,0,4,1068.0,58,270.64,Normal,Sunday,394.91999999999996,0.36977528089887635,-3.6399999999999864
20-10-2024,P101,Home,412.0,249.75,0,3,1236.0,190,424.87,Normal,Sunday,486.75,0.3938106796116505,-12.870000000000005
20-10-2024,P102,Sports,198.0,141.19,10,8,1584.0,294,188.86,Festival,Sunday,454.48,0.2869191919191919,9.139999999999986
20-10-2024,P103,Home,927.0,659.93,0,0,0.0,356,967.18,Normal,Sunday,0.0,,-40.17999999999995
20-10-2024,P104,Home,711.9,495.54,10,2,1423.8,114,714.47,Sale,Sunday,432.7199999999999,0.3039190897597977,-2.57000000000005
20-10-2024,P105,Sports,940.0,584.74,0,0,0.0,371,922.97,Sale,Sunday,0.0,,17.029999999999973
20-10-2024,P106,Fashion,550.05,393.08,5,2,1100.1,178,577.07,Normal,Sunday,313.93999999999994,0.2853740569039178,-27.020000000000095
20-10-2024,P107,Fashion,1248.0,837.93,0,0,0.0,394,1195.18,Normal,Sunday,0.0,,52.819999999999936
20-10-2024,P108,Electronics,1371.0,1088.79,0,2,2742.0,465,1339.06,Holiday,Sunday,564.4200000000001,0.20584245076586435,31.940000000000055
20-10-2024,P109,Electronics,566.0,415.39,0,6,3396.0,475,549.2,Normal,Sunday,903.6599999999999,0.266095406360424,16.799999999999955
20-10-2024,P110,Home,459.8,354.87,5,0,0.0,281,461.62,Normal,Sunday,0.0,,-1.8199999999999932
20-10-2024,P111,Sports,972.0,754.75,0,0,0.0,459,939.24,Normal,Sunday,0.0,,32.75999999999999
20-10-2024,P112,Home,1358.0,883.41,0,0,0.0,409,1344.35,Normal,Sunday,0.0,,13.650000000000091
20-10-2024,P113,Sports,770.0,482.98,0,3,2310.0,177,745.03,Festival,Sunday,861.06,0.3727532467532467,24.970000000000027
20-10-2024,P114,Home,1259.0,918.31,0,0,0.0,273,1263.14,Normal,Sunday,0.0,,-4.1400000000001
20-10-2024,P115,Electronics,1251.0,967.3,0,0,0.0,377,1296.16,Normal,Sunday,0.0,,-45.16000000000008
20-10-2024,P116,Electronics,677.35,511.99,5,1,677.35,35,685.52,Sale,Sunday,165.36,0.24412785118476416,-8.169999999999959
20-10-2024,P117,Home,774.25,527.54,5,0,0.0,421,773.32,Festival,Sunday,0.0,,0.92999999999995
20-10-2024,P118,Fashion,707.75,449.25,5,1,707.75,291,690.67,Holiday,Sunday,258.5,0.3652419639703285,17.08000000000004
20-10-2024,P119,Electronics,1360.0,846.62,0,1,1360.0,318,1359.25,Festival,Sunday,513.38,0.37748529411764703,0.75
21-10-2024,P100,Electronics,466.0,354.1,0,0,0.0,281,446.35,Normal,Monday,0.0,,19.649999999999977
21-10-2024,P101,Fashion,515.85,376.71,5,7,3610.95,300,495.68,Normal,Monday,973.98,0.26972957255015995,20.170000000000016
21-10-2024,P102,Electronics,419.0,333.99,0,0,0.0,476,418.83,Sale,Monday,0.0,,0.17000000000001592
21-10-2024,P103,Fashion,1267.2,1109.76,10,1,1267.2,390,1303.99,Normal,Monday,157.44000000000005,0.12424242424242428,-36.789999999999964
21-10-2024,P104,Sports,261.9,185.68,10,4,1047.6,498,273.54,Normal,Monday,304.8799999999999,0.2910271095838105,-11.640000000000043
21-10-2024,P105,Electronics,745.2,523.56,10,2,1490.4,440,733.38,Holiday,Monday,443.2800000000002,0.29742351046698884,11.82000000000005
21-10-2024,P106,Home,948.0,716.23,0,2,1896.0,460,915.06,Normal,Monday,463.53999999999996,0.24448312236286918,32.940000000000055
21-10-2024,P107,Fashion,595.0,464.56,0,1,595.0,464,609.96,Normal,Monday,130.44,0.21922689075630253,-14.960000000000036
21-10-2024,P108,Electronics,931.0,594.74,5,0,0.0,134,941.1,Normal,Monday,0.0,,-10.100000000000023
21-10-2024,P109,Home,751.0,503.01,0,1,751.0,71,760.26,Normal,Monday,247.99,0.33021304926764317,-9.259999999999991
21-10-2024,P110,Sports,1001.7,731.83,10,1,1001.7,281,1019.22,Normal,Monday,269.87,0.26941199960067885,-17.519999999999982
21-10-2024,P111,Electronics,814.0,602.91,0,3,2442.0,232,802.91,Normal,Monday,633.27,0.25932432432432434,11.090000000000032
21-10-2024,P112,Electronics,1141.0,844.77,0,3,3423.0,416,1143.86,Holiday,Monday,888.69,0.25962313759859773,-2.8599999999999
21-10-2024,P113,Fashion,1420.0,936.65,0,2,2840.0,269,1360.56,Normal,Monday,966.7,0.340387323943662,59.440000000000055
21-10-2024,P114,Home,1267.0,795.3,0,1,1267.0,177,1320.04,Normal,Monday,471.70000000000005,0.3722967640094712,-53.039999999999964
21-10-2024,P115,Fashion,489.6,347.41,10,0,0.0,193,499.5,Normal,Monday,0.0,,-9.899999999999977
21-10-2024,P116,Home,483.55,307.4,5,4,1934.2,98,495.92,Normal,Monday,704.6000000000001,0.3642849757005481,-12.370000000000005
21-10-2024,P117,Electronics,587.0,352.26,0,3,1761.0,203,590.11,Sale,Monday,704.22,0.3998977853492334,-3.1100000000000136
21-10-2024,P118,Home,496.0,303.84,0,3,1488.0,386,515.41,Sale,Monday,576.48,0.3874193548387097,-19.409999999999968
21-10-2024,P119,Home,1210.0,892.03,0,0,0.0,498,1190.45,Festival,Monday,0.0,,19.549999999999955
22-10-2024,P100,Sports,332.0,205.86,0,4,1328.0,40,345.0,Sale,Tuesday,504.55999999999995,0.3799397590361445,-13.0
22-10-2024,P101,Electronics,1158.3,937.77,10,1,1158.3,266,1164.67,Sale,Tuesday,220.52999999999997,0.19039109039109037,-6.370000000000118
22-10-2024,P102,Fashion,436.9,334.98,15,7,3058.3,24,439.03,Normal,Tuesday,713.44,0.2332799267566949,-2.1299999999999955
22-10-2024,P103,Sports,597.6,410.49,10,0,0.0,171,577.53,Normal,Tuesday,0.0,,20.07000000000005
22-10-2024,P104,Home,244.8,190.92,15,3,734.4,221,250.67,Normal,Tuesday,161.64,0.22009803921568627,-5.869999999999976
22-10-2024,P105,Home,308.0,221.24,0,1,308.0,205,308.88,Normal,Tuesday,86.75999999999999,0.28168831168831165,-0.8799999999999955
22-10-2024,P106,Fashion,463.0,358.54,0,0,0.0,418,480.51,Festival,Tuesday,0.0,,-17.50999999999999
22-10-2024,P107,Home,283.1,212.8,5,3,849.3,208,277.27,Normal,Tuesday,210.89999999999986,0.24832214765100658,5.830000000000041
22-10-2024,P108,Electronics,929.1,769.43,5,1,929.1,186,965.1,Normal,Tuesday,159.67000000000007,0.17185448283284907,-36.0
22-10-2024,P109,Sports,464.0,343.01,0,5,2320.0,438,456.72,Normal,Tuesday,604.95,0.2607543103448276,7.279999999999973
22-10-2024,P110,Fashion,386.1,337.19,10,2,772.2,300,383.11,Sale,Tuesday,97.82000000000005,0.12667702667702674,2.990000000000009
22-10-2024,P111,Electronics,1114.2,962.12,10,0,0.0,427,1123.56,Sale,Tuesday,0.0,,-9.3599999999999
22-10-2024,P112,Electronics,694.45,638.57,15,2,1388.9,226,694.15,Holiday,Tuesday,111.75999999999999,0.08046655626754985,0.3000000000000682
22-10-2024,P113,Home,1356.0,853.99,0,0,0.0,246,1361.92,Sale,Tuesday,0.0,,-5.920000000000073
22-10-2024,P114,Sports,404.1,278.51,10,4,1616.4,448,413.77,Normal,Tuesday,502.3600000000001,0.31078940856223713,-9.669999999999959
22-10-2024,P115,Sports,420.0,314.18,0,3,1260.0,287,416.67,Normal,Tuesday,317.46000000000004,0.251952380952381,3.329999999999984
22-10-2024,P116,Fashion,1260.0,841.33,0,0,0.0,344,1322.5,Sale,Tuesday,0.0,,-62.5
22-10-2024,P117,Home,1443.0,1144.1,0,0,0.0,176,1387.7,Sale,Tuesday,0.0,,55.299999999999955
22-10-2024,P118,Fashion,807.0,594.62,0,1,807.0,492,818.95,Normal,Tuesday,212.38,0.2631722428748451,-11.950000000000045
22-10-2024,P119,Sports,1118.7,795.26,10,0,0.0,422,1096.37,Normal,Tuesday,0.0,,22.330000000000155
23-10-2024,P100,Sports,820.8,679.64,5,3,2462.4,206,850.28,Normal,Wednesday,423.48,0.1719785575048733,-29.480000000000018
23-10-2024,P101,Home,766.8,529.01,10,0,0.0,383,766.21,Normal,Wednesday,0.0,,0.5899999999999181
23-10-2024,P102,Electronics,579.0,348.48,0,1,579.0,79,559.25,Holiday,Wednesday,230.51999999999998,0.3981347150259067,19.75
23-10-2024,P103,Sports,271.7,218.22,5,6,1630.2,248,267.71,Sale,Wednesday,320.8800000000001,0.19683474420316532,3.990000000000009
23-10-2024,P104,Electronics,309.0,211.86,0,2,618.0,467,317.87,Festival,Wednesday,194.27999999999997,0.3143689320388349,-8.870000000000005
23-10-2024,P105,Sports,1193.0,927.11,0,0,0.0,174,1223.11,Holiday,Wednesday,0.0,,-30.1099999999999
23-10-2024,P106,Electronics,249.0,188.74,0,4,996.0,168,238.83,Normal,Wednesday,241.03999999999996,0.24200803212851402,10.169999999999987
23-10-2024,P107,Fashion,1421.0,971.83,0,1,1421.0,428,1444.49,Normal,Wednesday,449.16999999999996,0.31609429978888104,-23.49000000000001
23-10-2024,P108,Electronics,272.0,203.38,0,3,816.0,235,266.18,Normal,Wednesday,205.86,0.2522794117647059,5.819999999999993
23-10-2024,P109,Home,907.0,700.82,0,0,0.0,143,905.05,Normal,Wednesday,0.0,,1.9500000000000455
23-10-2024,P110,Electronics,1000.8,688.85,10,0,0.0,418,1039.34,Normal,Wednesday,0.0,,-38.539999999999964
23-10-2024,P111,Fashion,913.0,626.59,0,3,2739.0,133,882.44,Holiday,Wednesday,859.23,0.3137020810514787,30.559999999999945
23-10-2024,P112,Sports,431.0,333.8,0,4,1724.0,494,416.24,Normal,Wednesday,388.79999999999995,0.22552204176334104,14.759999999999991
23-10-2024,P113,Electronics,1109.7,977.0,10,1,1109.7,269,1162.45,Normal,Wednesday,132.70000000000005,0.1195818689735965,-52.75
23-10-2024,P114,Electronics,217.0,155.18,0,5,1085.0,36,227.76,Festival,Wednesday,309.0999999999999,0.284884792626728,-10.759999999999991
23-10-2024,P115,Fashion,549.1,446.86,5,2,1098.2,158,536.35,Sale,Wednesday,204.48000000000002,0.1861955927881989,12.75
23-10-2024,P116,Fashion,785.7,534.47,10,2,1571.4,95,749.74,Holiday,Wednesday,502.46000000000004,0.3197530864197531,35.960000000000036
23-10-2024,P117,Electronics,805.0,534.47,0,1,805.0,294,777.26,Sale,Wednesday,270.53,0.3360621118012422,27.74000000000001
23-10-2024,P118,Home,299.0,238.21,0,4,1196.0,345,287.08,Festival,Wednesday,243.15999999999997,0.20331103678929763,11.920000000000016
23-10-2024,P119,Fashion,574.0,410.54,0,0,0.0,451,575.05,Normal,Wednesday,0.0,,-1.0499999999999545
24-10-2024,P100,Home,1163.7,806.35,10,1,1163.7,258,1212.77,Normal,Thursday,357.35,0.30708086276531754,-49.069999999999936
24-10-2024,P101,Sports,736.1,632.92,15,1,736.1,48,733.3,Normal,Thursday,103.18000000000006,0.1401711723950551,2.800000000000068
24-10-2024,P102,Home,937.8,793.55,10,0,0.0,379,947.78,Festival,Thursday,0.0,,-9.980000000000018
24-10-2024,P103,Fashion,794.7,624.85,10,1,794.7,306,806.45,Normal,Thursday,169.85000000000002,0.21372845098779417,-11.75
24-10-2024,P104,Sports,1403.0,898.79,0,5,7015.0,241,1398.11,Holiday,Thursday,2521.05,0.35937990021382754,4.8900000000001
24-10-2024,P105,Sports,683.05,508.09,5,2,1366.1,83,665.3,Sale,Thursday,349.91999999999996,0.25614523094941805,17.75
24-10-2024,P106,Sports,531.05,408.24,5,4,2124.2,123,545.12,Festival,Thursday,491.2399999999998,0.23125882685246202,-14.07000000000005
24-10-2024,P107,Home,962.0,753.65,0,2,1924.0,187,949.89,Normal,Thursday,416.70000000000005,0.2165800415800416,12.110000000000014
24-10-2024,P108,Electronics,809.0,591.97,0,0,0.0,192,797.49,Festival,Thursday,0.0,,11.509999999999991
24-10-2024,P109,Sports,794.0,607.79,0,1,794.0,240,796.91,Sale,Thursday,186.21000000000004,0.23452141057934514,-2.909999999999968
24-10-2024,P110,Fashion,1313.0,874.77,0,0,0.0,271,1307.89,Holiday,Thursday,0.0,,5.1099999999999
24-10-2024,P111,Electronics,569.0,355.81,0,4,2276.0,120,544.42,Sale,Thursday,852.76,0.37467486818980666,24.58000000000004
24-10-2024,P112,Sports,1247.35,1028.06,5,0,0.0,299,1254.38,Normal,Thursday,0.0,,-7.0300000000002
24-10-2024,P113,Electronics,715.5,495.68,10,2,1431.0,249,679.98,Sale,Thursday,439.64,0.30722571628232004,35.51999999999998
24-10-2024,P114,Electronics,597.0,400.57,0,1,597.0,216,570.07,Sale,Thursday,196.43,0.3290284757118928,26.92999999999995
24-10-2024,P115,Electronics,1317.65,1060.55,5,0,0.0,46,1345.87,Festival,Thursday,0.0,,-28.2199999999998
24-10-2024,P116,Fashion,266.4,193.61,10,3,799.2,382,276.29,Normal,Thursday,218.37,0.27323573573573573,-9.890000000000043
24-10-2024,P117,Home,520.6,420.71,5,3,1561.8,21,532.71,Normal,Thursday,299.6700000000001,0.19187475989243186,-12.110000000000014
24-10-2024,P118,Electronics,941.0,683.82,0,0,0.0,116,986.9,Normal,Thursday,0.0,,-45.89999999999998
24-10-2024,P119,Home,610.0,465.04,0,0,0.0,368,602.2,Festival,Thursday,0.0,,7.7999999999999545
25-10-2024,P100,Fashion,1163.7,780.82,10,0,0.0,494,1192.44,Normal,Friday,0.0,,-28.74000000000001
25-10-2024,P101,Fashion,776.0,495.12,0,2,1552.0,489,780.21,Normal,Friday,561.76,0.36195876288659795,-4.210000000000036
25-10-2024,P102,Electronics,966.15,634.87,5,1,966.15,132,937.4,Sale,Friday,331.28,0.3428867153133571,28.75
25-10-2024,P103,Electronics,1345.5,1104.5,10,3,4036.5,78,1315.87,Normal,Friday,723.0,0.17911557041991824,29.63000000000011
25-10-2024,P104,Electronics,410.0,297.46,0,3,1230.0,485,426.52,Sale,Friday,337.6200000000001,0.27448780487804886,-16.519999999999982
25-10-2024,P105,Fashion,372.0,278.53,0,0,0.0,159,380.16,Normal,Friday,0.0,,-8.160000000000025
25-10-2024,P106,Sports,543.4,388.16,5,0,0.0,254,569.86,Holiday,Friday,0.0,,-26.460000000000036
25-10-2024,P107,Fashion,877.8,615.02,5,0,0.0,481,857.68,Normal,Friday,0.0,,20.120000000000005
25-10-2024,P108,Home,1368.0,849.35,0,0,0.0,369,1389.5,Sale,Friday,0.0,,-21.5
25-10-2024,P109,Electronics,1391.0,1103.03,0,0,0.0,358,1337.51,Festival,Friday,0.0,,53.49000000000001
25-10-2024,P110,Home,381.6,321.31,10,3,1144.8,426,393.96,Festival,Friday,180.8699999999999,0.15799266247379445,-12.359999999999957
25-10-2024,P111,Electronics,1099.0,793.91,0,1,1099.0,233,1091.2,Normal,Friday,305.09000000000003,0.27760691537761606,7.7999999999999545
25-10-2024,P112,Home,1044.0,697.61,10,1,1044.0,362,993.83,Festival,Friday,346.39,0.3317911877394636,50.16999999999996
25-10-2024,P113,Sports,627.0,496.01,0,3,1881.0,351,628.43,Holiday,Friday,392.97,0.2089154704944179,-1.42999999999995
25-10-2024,P114,Fashion,544.0,396.08,0,2,1088.0,128,563.6,Normal,Friday,295.84000000000003,0.2719117647058824,-19.600000000000023
25-10-2024,P115,Home,703.0,450.69,0,2,1406.0,280,700.05,Normal,Friday,504.62,0.3589046941678521,2.9500000000000455
25-10-2024,P116,Sports,1007.0,703.93,5,0,0.0,34,964.89,Normal,Friday,0.0,,42.110000000000014
25-10-2024,P117,Home,371.0,236.36,0,0,0.0,461,362.27,Normal,Friday,0.0,,8.730000000000018
25-10-2024,P118,Sports,654.5,499.9,15,2,1309.0,468,629.96,Normal,Friday,309.20000000000005,0.2362108479755539,24.539999999999964
25-10-2024,P119,Sports,545.7,395.7,15,5,2728.5,51,531.48,Normal,Friday,750.0,0.2748763056624519,14.220000000000027
26-10-2024,P100,Electronics,259.2,191.05,10,3,777.6,325,252.38,Normal,Saturday,204.44999999999993,0.2629243827160493,6.819999999999993
26-10-2024,P101,Sports,884.45,689.09,5,1,884.45,143,926.98,Normal,Saturday,195.36,0.22088303465430495,-42.52999999999997
26-10-2024,P102,Fashion,762.0,518.7,0,2,1524.0,212,736.22,Normal,Saturday,486.5999999999999,0.3192913385826771,25.779999999999973
26-10-2024,P103,Sports,1099.0,668.84,0,0,0.0,420,1097.68,Holiday,Saturday,0.0,,1.3199999999999363
26-10-2024,P104,Sports,1205.55,795.25,5,0,0.0,285,1166.66,Normal,Saturday,0.0,,38.88999999999987
26-10-2024,P105,Electronics,244.8,176.21,10,1,244.8,308,236.54,Normal,Saturday,68.59,0.28018790849673203,8.26000000000002
26-10-2024,P106,Home,1261.8,1058.3,10,4,5047.2,180,1289.22,Normal,Saturday,814.0,0.16127754002219052,-27.420000000000073
26-10-2024,P107,Fashion,1358.0,1074.72,0,0,0.0,242,1405.68,Normal,Saturday,0.0,,-47.680000000000064
26-10-2024,P108,Home,1060.0,786.81,0,1,1060.0,78,1086.38,Normal,Saturday,273.19000000000005,0.2577264150943397,-26.38000000000011
26-10-2024,P109,Fashion,1465.0,1100.39,0,0,0.0,304,1476.53,Festival,Saturday,0.0,,-11.529999999999973
26-10-2024,P110,Home,1108.0,863.92,0,0,0.0,316,1122.67,Normal,Saturday,0.0,,-14.670000000000073
26-10-2024,P111,Home,1382.0,973.07,0,0,0.0,333,1360.55,Normal,Saturday,0.0,,21.450000000000045
26-10-2024,P112,Electronics,582.0,352.06,0,3,1746.0,146,606.23,Sale,Saturday,689.8199999999999,0.3950859106529209,-24.230000000000018
26-10-2024,P113,Sports,1251.0,843.23,0,0,0.0,125,1274.41,Normal,Saturday,0.0,,-23.410000000000082
26-10-2024,P114,Home,551.7,455.92,10,2,1103.4,51,528.82,Normal,Saturday,191.56000000000006,0.17360884538698573,22.879999999999995
26-10-2024,P115,Sports,1178.1,850.91,15,1,1178.1,416,1138.71,Festival,Saturday,327.18999999999994,0.2777268483150836,39.38999999999987
26-10-2024,P116,Electronics,561.0,342.77,0,1,561.0,359,556.91,Normal,Saturday,218.23000000000002,0.38900178253119433,4.090000000000032
26-10-2024,P117,Fashion,254.7,179.5,10,1,254.7,411,252.25,Normal,Saturday,75.19999999999999,0.2952493129171574,2.4499999999999886
26-10-2024,P118,Home,1099.8,896.19,10,0,0.0,392,1070.99,Normal,Saturday,0.0,,28.809999999999945
26-10-2024,P119,Sports,403.0,256.3,0,0,0.0,74,402.05,Normal,Saturday,0.0,,0.9499999999999886
27-10-2024,P100,Electronics,497.0,334.58,0,4,1988.0,23,477.76,Normal,Sunday,649.6800000000001,0.3268008048289739,19.24000000000001
27-10-2024,P101,Sports,711.0,502.15,0,1,711.0,78,690.6,Festival,Sunday,208.85000000000002,0.2937412095639944,20.399999999999977
27-10-2024,P102,Electronics,604.0,464.12,0,5,3020.0,133,619.04,Normal,Sunday,699.4000000000001,0.23158940397350997,-15.039999999999964
27-10-2024,P103,Sports,1062.0,821.07,0,2,2124.0,176,1075.1,Normal,Sunday,481.8599999999999,0.22686440677966097,-13.099999999999909
27-10-2024,P104,Fashion,1114.0,719.44,0,0,0.0,417,1157.44,Normal,Sunday,0.0,,-43.440000000000055
27-10-2024,P105,Sports,523.0,323.7,0,0,0.0,470,504.34,Normal,Sunday,0.0,,18.660000000000025
27-10-2024,P106,Electronics,714.0,531.94,0,0,0.0,460,703.25,Normal,Sunday,0.0,,10.75
27-10-2024,P107,Electronics,433.2,333.89,5,0,0.0,302,417.04,Normal,Sunday,0.0,,16.159999999999968
27-10-2024,P108,Electronics,1310.05,991.35,5,3,3930.15,234,1292.56,Sale,Sunday,956.0999999999999,0.243273157513072,17.49000000000001
27-10-2024,P109,Home,215.0,135.99,0,5,1075.0,425,224.31,Normal,Sunday,395.04999999999995,0.3674883720930232,-9.310000000000002
27-10-2024,P110,Sports,1195.95,1024.11,15,3,3587.85,310,1172.06,Sale,Sunday,515.52,0.14368493666123167,23.8900000000001
27-10-2024,P111,Home,427.55,376.04,15,2,855.1,267,448.08,Normal,Sunday,103.01999999999998,0.12047713717693835,-20.529999999999973
27-10-2024,P112,Electronics,466.65,343.75,15,3,1399.95,37,475.46,Normal,Sunday,368.70000000000005,0.2633665488053145,-8.810000000000002
27-10-2024,P113,Fashion,384.0,297.88,0,5,1920.0,35,385.76,Sale,Sunday,430.5999999999999,0.22427083333333328,-1.759999999999991
27-10-2024,P114,Home,602.0,473.02,0,2,1204.0,368,594.45,Sale,Sunday,257.96000000000004,0.21425249169435218,7.5499999999999545
27-10-2024,P115,Electronics,493.0,341.52,0,0,0.0,95,485.69,Normal,Sunday,0.0,,7.310000000000002
27-10-2024,P116,Home,898.2,793.06,10,1,898.2,495,917.97,Holiday,Sunday,105.1400000000001,0.11705633489200634,-19.769999999999982
27-10-2024,P117,Fashion,1204.0,912.88,0,1,1204.0,272,1252.23,Normal,Sunday,291.12,0.24179401993355482,-48.23000000000002
27-10-2024,P118,Home,1158.05,923.24,5,0,0.0,355,1161.19,Festival,Sunday,0.0,,-3.1400000000001
27-10-2024,P119,Sports,1216.35,1009.41,15,2,2432.7,299,1257.06,Normal,Sunday,413.8799999999999,0.17013195215192992,-40.710000000000036
28-10-2024,P100,Electronics,1315.75,971.07,5,0,0.0,453,1275.16,Festival,Monday,0.0,,40.58999999999992
28-10-2024,P101,Home,484.0,327.15,0,5,2420.0,482,470.17,Normal,Monday,784.25,0.3240702479338843,13.829999999999984
28-10-2024,P102,Home,936.9,675.71,10,2,1873.8,107,891.49,Normal,Monday,522.3799999999999,0.27878108656206635,45.40999999999997
28-10-2024,P103,Electronics,873.05,589.48,5,2,1746.1,433,868.48,Festival,Monday,567.1399999999999,0.3248038485768283,4.569999999999936
28-10-2024,P104,Home,1049.75,875.51,5,2,2099.5,251,1010.12,Normal,Monday,348.48,0.16598237675637056,39.629999999999995
28-10-2024,P105,Electronics,1035.0,715.66,0,0,0.0,396,1083.98,Normal,Monday,0.0,,-48.98000000000002
28-10-2024,P106,Electronics,281.2,187.27,5,5,1406.0,27,278.84,Festival,Monday,469.65,0.33403271692745373,2.3600000000000136
28-10-2024,P107,Electronics,948.0,599.55,0,0,0.0,448,905.91,Festival,Monday,0.0,,42.09000000000003
28-10-2024,P108,Fashion,364.5,244.66,10,2,729.0,108,377.37,Normal,Monday,239.68,0.3287791495198903,-12.870000000000005
28-10-2024,P109,Fashion,453.6,352.39,10,0,0.0,431,465.65,Holiday,Monday,0.0,,-12.049999999999955
28-10-2024,P110,Sports,729.0,513.89,10,0,0.0,166,724.69,Normal,Monday,0.0,,4.309999999999945
28-10-2024,P111,Home,1403.15,1033.52,5,3,4209.45,418,1394.14,Holiday,Monday,1108.8899999999999,0.2634287139650073,9.009999999999991
28-10-2024,P112,Electronics,962.0,668.85,0,4,3848.0,176,979.1,Sale,Monday,1172.6,0.3047297297297297,-17.100000000000023
28-10-2024,P113,Electronics,276.0,220.02,0,1,276.0,151,271.74,Normal,Monday,55.97999999999999,0.2028260869565217,4.259999999999991
28-10-2024,P114,Home,1127.0,879.44,0,0,0.0,442,1141.88,Normal,Monday,0.0,,-14.88000000000011
28-10-2024,P115,Sports,993.7,708.46,5,2,1987.4,305,1041.04,Festival,Monday,570.48,0.2870484049511925,-47.33999999999992
28-10-2024,P116,Sports,815.4,646.3,10,6,4892.4,112,804.28,Holiday,Monday,1014.5999999999999,0.20738287956831003,11.120000000000005
28-10-2024,P117,Home,915.3,684.88,10,0,0.0,485,885.13,Normal,Monday,0.0,,30.16999999999996
28-10-2024,P118,Sports,541.0,385.1,0,1,541.0,393,560.48,Holiday,Monday,155.89999999999998,0.288170055452865,-19.480000000000018
28-10-2024,P119,Home,343.8,248.76,10,1,343.8,57,342.0,Normal,Monday,95.04000000000002,0.2764397905759163,1.8000000000000114
29-10-2024,P100,Sports,858.0,557.54,0,4,3432.0,91,842.81,Normal,Tuesday,1201.8400000000001,0.35018648018648024,15.190000000000055
29-10-2024,P101,Sports,618.0,429.08,0,0,0.0,276,629.44,Normal,Tuesday,0.0,,-11.440000000000055
29-10-2024,P102,Home,550.05,426.88,5,0,0.0,455,557.61,Normal,Tuesday,0.0,,-7.560000000000059
29-10-2024,P103,Sports,733.4,547.07,5,5,3667.0,475,703.35,Normal,Tuesday,931.6499999999996,0.2540632669757294,30.049999999999955
29-10-2024,P104,Home,459.0,296.69,0,0,0.0,285,478.49,Normal,Tuesday,0.0,,-19.49000000000001
29-10-2024,P105,Home,819.9,604.97,10,0,0.0,249,840.5,Holiday,Tuesday,0.0,,-20.600000000000023
29-10-2024,P106,Sports,1322.4,1011.84,5,1,1322.4,189,1379.08,Normal,Tuesday,310.56000000000006,0.23484573502722325,-56.679999999999836
29-10-2024,P107,Electronics,820.0,579.13,0,0,0.0,356,807.37,Normal,Tuesday,0.0,,12.629999999999995
29-10-2024,P108,Electronics,1361.35,864.05,5,1,1361.35,189,1391.82,Normal,Tuesday,497.29999999999995,0.3652991515774782,-30.470000000000027
29-10-2024,P109,Electronics,850.25,595.07,5,1,850.25,100,807.75,Normal,Tuesday,255.17999999999995,0.30012349309026753,42.5
29-10-2024,P110,Home,269.45,198.68,15,4,1077.8,403,259.32,Festival,Tuesday,283.0799999999999,0.26264613100760803,10.129999999999995
29-10-2024,P111,Home,1051.0,786.85,0,2,2102.0,383,1099.04,Normal,Tuesday,528.3,0.2513320647002854,-48.039999999999964
29-10-2024,P112,Electronics,1108.0,848.96,0,0,0.0,228,1106.11,Normal,Tuesday,0.0,,1.8900000000001
29-10-2024,P113,Fashion,324.9,230.05,5,3,974.7,182,333.79,Normal,Tuesday,284.54999999999995,0.2919359803016312,-8.890000000000043
29-10-2024,P114,Fashion,1328.4,1082.65,10,1,1328.4,490,1336.45,Holiday,Tuesday,245.75,0.18499698885877747,-8.049999999999955
29-10-2024,P115,Fashion,758.0,544.18,0,5,3790.0,102,757.13,Normal,Tuesday,1069.1000000000004,0.2820844327176782,0.8700000000000045
29-10-2024,P116,Fashion,1132.0,680.15,0,0,0.0,170,1131.84,Holiday,Tuesday,0.0,,0.16000000000008185
29-10-2024,P117,Fashion,495.9,340.2,5,3,1487.7,230,485.42,Normal,Tuesday,467.10000000000014,0.31397459165154273,10.479999999999961
29-10-2024,P118,Electronics,1048.0,726.25,0,0,0.0,217,1069.0,Normal,Tuesday,0.0,,-21.0
29-10-2024,P119,Sports,1138.0,797.95,0,3,3414.0,288,1112.86,Sale,Tuesday,1020.1499999999996,0.29881370826010534,25.1400000000001
30-10-2024,P100,Sports,319.0,246.7,0,5,1595.0,129,307.97,Sale,Wednesday,361.5,0.22664576802507838,11.029999999999973
30-10-2024,P101,Sports,580.0,381.47,0,4,2320.0,23,555.8,Holiday,Wednesday,794.1199999999999,0.3422931034482758,24.200000000000045
30-10-2024,P102,Electronics,1282.5,961.35,10,1,1282.5,243,1259.63,Normal,Wednesday,321.15,0.2504093567251462,22.86999999999989
30-10-2024,P103,Sports,731.0,460.94,0,4,2924.0,278,709.72,Normal,Wednesday,1080.24,0.3694391244870041,21.279999999999973
30-10-2024,P104,Electronics,395.0,312.88,0,1,395.0,90,394.54,Sale,Wednesday,82.12,0.2078987341772152,0.45999999999997954
30-10-2024,P105,Fashion,1433.0,1130.62,0,0,0.0,446,1493.74,Normal,Wednesday,0.0,,-60.74000000000001
30-10-2024,P106,Electronics,1316.0,909.22,0,0,0.0,143,1251.9,Sale,Wednesday,0.0,,64.09999999999991
30-10-2024,P107,Home,1432.0,983.6,0,1,1432.0,298,1469.59,Normal,Wednesday,448.4,0.3131284916201117,-37.58999999999992
30-10-2024,P108,Electronics,822.7,590.17,5,2,1645.4,187,816.36,Festival,Wednesday,465.0600000000002,0.28264251853652617,6.340000000000032
30-10-2024,P109,Home,992.7,874.21,10,3,2978.1,296,970.74,Normal,Wednesday,355.4699999999998,0.11936133776568947,21.960000000000036
30-10-2024,P110,Home,210.6,161.29,10,5,1053.0,71,203.77,Normal,Wednesday,246.55000000000007,0.23414055080721755,6.829999999999984
30-10-2024,P111,Home,1326.6,1167.18,10,0,0.0,214,1270.34,Normal,Wednesday,0.0,,56.25999999999999
30-10-2024,P112,Home,1143.9,984.49,10,1,1143.9,367,1134.43,Normal,Wednesday,159.41000000000008,0.1393565871142583,9.470000000000027
30-10-2024,P113,Electronics,719.15,581.63,5,3,2157.45,163,692.52,Normal,Wednesday,412.55999999999995,0.1912257526246263,26.629999999999995
30-10-2024,P114,Sports,688.0,526.8,0,1,688.0,297,685.22,Normal,Wednesday,161.20000000000005,0.2343023255813954,2.7799999999999727
30-10-2024,P115,Sports,1296.75,935.86,5,3,3890.25,224,1254.69,Sale,Wednesday,1082.67,0.2783034509350299,42.059999999999945
30-10-2024,P116,Sports,1300.5,892.66,10,0,0.0,433,1317.2,Sale,Wednesday,0.0,,-16.700000000000045
30-10-2024,P117,Electronics,1306.0,792.52,0,1,1306.0,223,1251.83,Normal,Wednesday,513.48,0.39316998468606434,54.17000000000007
30-10-2024,P118,Sports,1075.0,747.39,0,0,0.0,217,1078.36,Normal,Wednesday,0.0,,-3.3599999999999
30-10-2024,P119,Sports,810.9,739.43,15,0,0.0,66,834.03,Normal,Wednesday,0.0,,-23.129999999999995
31-10-2024,P100,Home,1115.0,699.68,0,2,2230.0,355,1102.56,Normal,Thursday,830.6400000000001,0.3724843049327355,12.440000000000055
31-10-2024,P101,Electronics,950.0,594.49,0,1,950.0,64,939.02,Normal,Thursday,355.51,0.37422105263157895,10.980000000000018
31-10-2024,P102,Home,1259.7,1184.31,15,2,2519.4,24,1306.18,Normal,Thursday,150.7800000000002,0.059847582757799556,-46.48000000000002
31-10-2024,P103,Sports,628.15,541.07,15,0,0.0,493,634.87,Sale,Thursday,0.0,,-6.720000000000027
31-10-2024,P104,Home,1084.0,734.41,0,0,0.0,244,1095.28,Normal,Thursday,0.0,,-11.279999999999973
31-10-2024,P105,Fashion,898.7,681.56,5,1,898.7,389,880.49,Holiday,Thursday,217.1400000000001,0.2416156670746635,18.210000000000036
31-10-2024,P106,Home,358.0,222.97,0,4,1432.0,242,341.58,Normal,Thursday,540.12,0.3771787709497207,16.420000000000016
31-10-2024,P107,Fashion,256.0,171.65,0,5,1280.0,170,245.5,Normal,Thursday,421.75,0.3294921875,10.5
31-10-2024,P108,Home,379.0,261.49,0,1,379.0,489,395.22,Normal,Thursday,117.50999999999999,0.3100527704485488,-16.220000000000027
31-10-2024,P109,Sports,1172.0,856.97,0,6,7032.0,495,1209.48,Normal,Thursday,1890.1800000000003,0.26879692832764507,-37.48000000000002
31-10-2024,P110,Home,478.0,287.79,0,4,1912.0,414,494.85,Sale,Thursday,760.8399999999999,0.397928870292887,-16.850000000000023
31-10-2024,P111,Electronics,200.0,136.86,0,7,1400.0,499,195.73,Festival,Thursday,441.9799999999999,0.3156999999999999,4.27000000000001
31-10-2024,P112,Fashion,265.5,218.15,10,0,0.0,331,266.3,Sale,Thursday,0.0,,-0.8000000000000114
31-10-2024,P113,Fashion,1357.0,1042.29,0,0,0.0,261,1342.02,Normal,Thursday,0.0,,14.980000000000018
31-10-2024,P114,Fashion,880.0,575.52,0,1,880.0,481,847.51,Festival,Thursday,304.48,0.34600000000000003,32.49000000000001
31-10-2024,P115,Electronics,898.7,592.86,5,3,2696.1,229,875.84,Normal,Thursday,917.52,0.34031378658061645,22.860000000000014
31-10-2024,P116,Electronics,561.0,364.95,0,0,0.0,396,576.02,Normal,Thursday,0.0,,-15.019999999999982
31-10-2024,P117,Fashion,949.0,611.84,0,1,949.0,308,932.33,Normal,Thursday,337.15999999999997,0.3552792413066385,16.66999999999996
31-10-2024,P118,Home,1233.0,911.85,0,0,0.0,377,1184.2,Normal,Thursday,0.0,,48.799999999999955
31-10-2024,P119,Fashion,1252.8,1092.65,10,2,2505.6,367,1238.9,Festival,Thursday,320.2999999999997,0.12783365261813529,13.899999999999864
01-11-2024,P100,Electronics,1183.0,855.09,0,0,0.0,332,1141.0,Normal,Friday,0.0,,42.0
01-11-2024,P101,Electronics,1091.4,872.76,15,0,0.0,160,1051.31,Normal,Friday,0.0,,40.090000000000146
01-11-2024,P102,Sports,949.0,755.84,0,0,0.0,403,980.7,Normal,Friday,0.0,,-31.700000000000045
01-11-2024,P103,Electronics,463.0,339.21,0,4,1852.0,313,447.76,Normal,Friday,495.1600000000001,0.2673650107991361,15.240000000000009
01-11-2024,P104,Home,1138.1,727.07,5,0,0.0,302,1118.27,Normal,Friday,0.0,,19.829999999999927
01-11-2024,P105,Home,1330.2,984.62,10,0,0.0,216,1346.93,Normal,Friday,0.0,,-16.730000000000018
01-11-2024,P106,Electronics,256.0,183.07,0,5,1280.0,27,255.55,Normal,Friday,364.6500000000001,0.2848828125000001,0.44999999999998863
01-11-2024,P107,Home,716.0,528.86,0,0,0.0,283,728.78,Normal,Friday,0.0,,-12.779999999999973
01-11-2024,P108,Sports,1086.3,882.97,15,0,0.0,135,1109.92,Holiday,Friday,0.0,,-23.62000000000012
01-11-2024,P109,Home,755.0,499.62,0,4,3020.0,447,770.69,Normal,Friday,1021.52,0.33825165562913906,-15.690000000000055
01-11-2024,P110,Fashion,420.0,317.24,0,4,1680.0,271,417.45,Normal,Friday,411.03999999999996,0.24466666666666664,2.5500000000000114
01-11-2024,P111,Electronics,367.0,271.05,0,5,1835.0,449,374.71,Normal,Friday,479.75,0.2614441416893733,-7.7099999999999795
01-11-2024,P112,Home,1317.0,890.89,0,3,3951.0,482,1366.74,Normal,Friday,1278.33,0.3235459377372817,-49.74000000000001
01-11-2024,P113,Fashion,1349.1,1037.97,10,0,0.0,428,1286.73,Normal,Friday,0.0,,62.36999999999989
01-11-2024,P114,Fashion,596.6,483.96,5,4,2386.4,480,624.66,Sale,Friday,450.5600000000002,0.18880321823667456,-28.059999999999945
01-11-2024,P115,Fashion,611.0,408.81,0,0,0.0,110,621.05,Normal,Friday,0.0,,-10.049999999999955
01-11-2024,P116,Home,326.0,260.42,0,3,978.0,278,328.24,Normal,Friday,196.74,0.20116564417177915,-2.240000000000009
01-11-2024,P117,Electronics,1209.6,970.99,10,0,0.0,413,1154.62,Normal,Friday,0.0,,54.98000000000002
01-11-2024,P118,Sports,480.7,375.9,5,4,1922.8,24,490.07,Normal,Friday,419.20000000000005,0.21801539421676724,-9.370000000000005
01-11-2024,P119,Sports,812.6,591.55,15,3,2437.8,67,780.54,Normal,Friday,663.1500000000003,0.27202805808515884,32.06000000000006
02-11-2024,P100,Electronics,969.0,600.22,0,3,2907.0,284,1012.97,Normal,Saturday,1106.34,0.38057791537667696,-43.97000000000003
02-11-2024,P101,Electronics,483.3,369.03,10,4,1933.2,120,459.52,Festival,Saturday,457.08000000000015,0.23643699565487283,23.78000000000003
02-11-2024,P102,Electronics,950.0,674.47,0,0,0.0,68,983.77,Normal,Saturday,0.0,,-33.76999999999998
02-11-2024,P103,Electronics,1313.1,1078.59,10,2,2626.2,265,1367.71,Festival,Saturday,469.02,0.17859264336303404,-54.61000000000013
02-11-2024,P104,Sports,1164.0,832.09,0,0,0.0,300,1213.01,Normal,Saturday,0.0,,-49.00999999999999
02-11-2024,P105,Sports,521.55,381.76,5,3,1564.65,84,523.19,Normal,Saturday,419.3700000000001,0.26802799348097023,-1.6400000000001
02-11-2024,P106,Home,1177.0,823.94,0,0,0.0,63,1224.63,Normal,Saturday,0.0,,-47.63000000000011
02-11-2024,P107,Home,823.0,525.25,0,0,0.0,122,839.68,Normal,Saturday,0.0,,-16.67999999999995
02-11-2024,P108,Electronics,1198.5,1065.77,15,1,1198.5,483,1138.63,Holiday,Saturday,132.73000000000002,0.11074676679182313,59.86999999999989
02-11-2024,P109,Sports,406.0,282.54,0,2,812.0,368,421.94,Festival,Saturday,246.91999999999996,0.30408866995073885,-15.939999999999998
02-11-2024,P110,Home,549.0,362.45,0,2,1098.0,237,524.75,Festival,Saturday,373.1,0.3397996357012751,24.25
02-11-2024,P111,Fashion,432.25,351.02,5,1,432.25,452,411.92,Normal,Saturday,81.23000000000002,0.18792365529207639,20.329999999999984
02-11-2024,P112,Electronics,306.0,214.0,0,4,1224.0,421,291.14,Normal,Saturday,368.0,0.3006535947712418,14.860000000000014
02-11-2024,P113,Electronics,1127.7,904.89,10,0,0.0,435,1132.49,Holiday,Saturday,0.0,,-4.789999999999964
02-11-2024,P114,Home,1238.0,840.26,0,0,0.0,400,1200.84,Sale,Saturday,0.0,,37.16000000000008
02-11-2024,P115,Sports,1284.0,992.45,0,3,3852.0,76,1295.94,Normal,Saturday,874.6499999999996,0.22706386292834882,-11.940000000000055
02-11-2024,P116,Fashion,1237.0,856.64,0,0,0.0,271,1278.52,Normal,Saturday,0.0,,-41.51999999999998
02-11-2024,P117,Fashion,282.15,185.33,5,1,282.15,449,270.86,Normal,Saturday,96.81999999999996,0.34315080630870093,11.289999999999964
02-11-2024,P118,Sports,522.0,382.63,10,3,1566.0,374,517.69,Sale,Saturday,418.1100000000001,0.266992337164751,4.309999999999945
02-11-2024,P119,Electronics,754.0,551.91,0,5,3770.0,301,754.79,Normal,Saturday,1010.4500000000003,0.26802387267904515,-0.7899999999999636
03-11-2024,P100,Sports,825.0,614.08,0,2,1650.0,109,846.44,Normal,Sunday,421.8399999999999,0.25566060606060603,-21.440000000000055
03-11-2024,P101,Home,863.0,581.91,0,0,0.0,20,876.32,Normal,Sunday,0.0,,-13.32000000000005
03-11-2024,P102,Home,778.05,567.85,5,0,0.0,148,768.7,Normal,Sunday,0.0,,9.349999999999909
03-11-2024,P103,Fashion,999.0,745.08,0,2,1998.0,349,972.3,Normal,Sunday,507.8399999999999,0.25417417417417415,26.700000000000045
03-11-2024,P104,Electronics,716.0,559.77,0,0,0.0,195,742.19,Holiday,Sunday,0.0,,-26.190000000000055
03-11-2024,P105,Home,732.6,563.54,10,2,1465.2,202,756.0,Festival,Sunday,338.1200000000001,0.23076713076713085,-23.399999999999977
03-11-2024,P106,Home,1244.0,817.28,0,0,0.0,439,1228.84,Normal,Sunday,0.0,,15.160000000000082
03-11-2024,P107,Electronics,408.6,309.08,10,1,408.6,355,400.7,Normal,Sunday,99.52000000000004,0.24356338717572207,7.900000000000034
03-11-2024,P108,Sports,964.0,585.18,0,1,964.0,384,933.48,Normal,Sunday,378.82000000000005,0.3929668049792532,30.519999999999982
03-11-2024,P109,Home,1067.0,681.83,0,1,1067.0,193,1049.18,Normal,Sunday,385.16999999999996,0.3609840674789128,17.819999999999936
03-11-2024,P110,Home,1026.0,734.99,0,2,2052.0,327,978.6,Normal,Sunday,582.02,0.283635477582846,47.39999999999998
03-11-2024,P111,Sports,1353.75,1131.23,5,0,0.0,485,1390.59,Sale,Sunday,0.0,,-36.83999999999992
03-11-2024,P112,Sports,699.2,566.36,5,1,699.2,227,695.92,Sale,Sunday,132.84000000000003,0.18998855835240278,3.2800000000000864
03-11-2024,P113,Electronics,380.0,261.88,0,0,0.0,403,396.11,Sale,Sunday,0.0,,-16.110000000000014
03-11-2024,P114,Sports,182.7,135.1,10,7,1278.9,90,175.47,Normal,Sunday,333.20000000000016,0.26053639846743304,7.22999999999999
03-11-2024,P115,Sports,235.8,203.2,10,5,1179.0,245,235.99,Normal,Sunday,163.0,0.13825275657336725,-0.18999999999999773
03-11-2024,P116,Sports,1051.45,945.45,15,0,0.0,218,1024.43,Normal,Sunday,0.0,,27.019999999999982
03-11-2024,P117,Electronics,1187.0,876.81,0,5,5935.0,352,1169.28,Normal,Sunday,1550.9500000000007,0.2613226621735469,17.720000000000027
03-11-2024,P118,Sports,802.0,511.72,0,1,802.0,331,821.12,Sale,Sunday,290.28,0.3619451371571072,-19.120000000000005
03-11-2024,P119,Home,1168.2,907.35,10,6,7009.2,99,1189.64,Holiday,Sunday,1565.0999999999995,0.2232922444786851,-21.440000000000055
04-11-2024,P100,Sports,1482.0,1029.23,0,1,1482.0,21,1488.96,Holiday,Monday,452.77,0.3055128205128205,-6.960000000000036
04-11-2024,P101,Home,1184.65,761.15,5,2,2369.3,371,1173.72,Festival,Monday,847.0000000000002,0.35748955387667253,10.930000000000064
04-11-2024,P102,Home,214.2,176.71,15,9,1927.8,309,206.7,Sale,Monday,337.40999999999985,0.17502334267040143,7.5
04-11-2024,P103,Electronics,1165.35,1086.96,15,1,1165.35,498,1176.91,Normal,Monday,78.38999999999987,0.06726734457459121,-11.560000000000173
04-11-2024,P104,Electronics,733.5,610.25,10,3,2200.5,75,721.61,Normal,Monday,369.75,0.16802999318336742,11.889999999999986
04-11-2024,P105,Fashion,793.0,607.83,0,0,0.0,371,822.62,Normal,Monday,0.0,,-29.620000000000005
04-11-2024,P106,Sports,932.9,702.17,5,3,2798.7,74,932.71,Normal,Monday,692.19,0.24732554400257264,0.18999999999994088
04-11-2024,P107,Fashion,865.3,650.2,15,2,1730.6,84,837.47,Normal,Monday,430.1999999999998,0.24858430602103307,27.829999999999927
04-11-2024,P108,Fashion,820.8,621.3,5,0,0.0,386,783.27,Normal,Monday,0.0,,37.52999999999997
04-11-2024,P109,Home,1372.0,909.47,0,3,4116.0,448,1416.03,Normal,Monday,1387.5900000000001,0.33712099125364436,-44.02999999999997
04-11-2024,P110,Fashion,540.55,421.61,5,0,0.0,287,528.33,Normal,Monday,0.0,,12.219999999999914
04-11-2024,P111,Fashion,1269.2,893.27,5,3,3807.6,265,1290.08,Holiday,Monday,1127.79,0.29619445319886545,-20.87999999999988
04-11-2024,P112,Home,1399.0,860.74,0,0,0.0,168,1336.91,Sale,Monday,0.0,,62.08999999999992
04-11-2024,P113,Sports,486.0,387.91,0,4,1944.0,356,506.51,Festival,Monday,392.3599999999999,0.20183127572016457,-20.50999999999999
04-11-2024,P114,Fashion,352.45,231.94,5,4,1409.8,257,357.07,Sale,Monday,482.03999999999996,0.34192083983543764,-4.6200000000000045
04-11-2024,P115,Electronics,657.4,458.23,5,0,0.0,22,646.43,Normal,Monday,0.0,,10.970000000000027
04-11-2024,P116,Home,276.0,195.07,0,2,552.0,451,266.79,Sale,Monday,161.86,0.2932246376811595,9.20999999999998
04-11-2024,P117,Electronics,690.0,482.61,0,2,1380.0,243,703.23,Normal,Monday,414.78,0.3005652173913043,-13.230000000000018
04-11-2024,P118,Electronics,1255.9,1011.12,5,0,0.0,21,1306.46,Normal,Monday,0.0,,-50.559999999999945
04-11-2024,P119,Home,891.0,566.1,0,1,891.0,38,885.97,Normal,Monday,324.9,0.3646464646464646,5.029999999999973
05-11-2024,P100,Home,332.0,254.67,0,1,332.0,404,335.91,Normal,Tuesday,77.33000000000001,0.232921686746988,-3.910000000000025
05-11-2024,P101,Home,702.05,446.75,5,4,2808.2,273,725.86,Normal,Tuesday,1021.1999999999998,0.36364931272701373,-23.81000000000006
05-11-2024,P102,Electronics,1001.0,719.66,0,6,6006.0,313,975.67,Holiday,Tuesday,1688.04,0.281058941058941,25.33000000000004
05-11-2024,P103,Fashion,720.1,545.75,5,5,3600.5,312,699.49,Festival,Tuesday,871.75,0.24211915011803917,20.610000000000014
05-11-2024,P104,Sports,893.0,578.65,5,0,0.0,49,911.99,Normal,Tuesday,0.0,,-18.99000000000001
05-11-2024,P105,Sports,497.0,322.18,0,3,1491.0,133,503.09,Normal,Tuesday,524.46,0.3517505030181087,-6.089999999999975
05-11-2024,P106,Home,1037.0,635.74,0,0,0.0,119,1083.53,Normal,Tuesday,0.0,,-46.52999999999997
05-11-2024,P107,Home,638.0,507.84,0,5,3190.0,119,649.36,Festival,Tuesday,650.8000000000002,0.20401253918495305,-11.360000000000014
05-11-2024,P108,Fashion,421.8,337.35,5,1,421.8,287,414.08,Festival,Tuesday,84.44999999999999,0.2002133712660028,7.720000000000027
05-11-2024,P109,Electronics,680.0,623.31,15,2,1360.0,181,686.22,Sale,Tuesday,113.38000000000011,0.08336764705882362,-6.220000000000027
05-11-2024,P110,Home,1101.05,802.58,5,0,0.0,157,1126.21,Sale,Tuesday,0.0,,-25.160000000000082
05-11-2024,P111,Electronics,1352.0,1019.22,0,3,4056.0,235,1359.67,Normal,Tuesday,998.3400000000001,0.2461390532544379,-7.670000000000073
05-11-2024,P112,Home,647.9,462.0,5,0,0.0,97,632.22,Festival,Tuesday,0.0,,15.67999999999995
05-11-2024,P113,Home,524.0,369.79,0,1,524.0,389,547.86,Normal,Tuesday,154.20999999999998,0.29429389312977094,-23.860000000000014
05-11-2024,P114,Home,553.0,391.53,0,2,1106.0,332,573.23,Holiday,Tuesday,322.94000000000005,0.291989150090416,-20.230000000000018
05-11-2024,P115,Fashion,639.2,594.61,15,0,0.0,323,658.26,Holiday,Tuesday,0.0,,-19.059999999999945
05-11-2024,P116,Fashion,1373.0,944.55,0,1,1373.0,64,1412.46,Holiday,Tuesday,428.45000000000005,0.3120538965768391,-39.460000000000036
05-11-2024,P117,Home,1444.0,1085.06,0,2,2888.0,332,1465.46,Normal,Tuesday,717.8800000000001,0.2485734072022161,-21.460000000000036
05-11-2024,P118,Electronics,202.0,157.77,0,6,1212.0,116,201.06,Normal,Tuesday,265.3799999999999,0.21896039603960385,0.9399999999999977
05-11-2024,P119,Electronics,613.7,481.77,15,0,0.0,396,641.53,Normal,Tuesday,0.0,,-27.829999999999927
06-11-2024,P100,Fashion,452.7,358.2,10,0,0.0,358,437.35,Normal,Wednesday,0.0,,15.349999999999966
06-11-2024,P101,Fashion,355.3,271.4,5,3,1065.9,252,346.08,Holiday,Wednesday,251.70000000000016,0.23613847452856754,9.220000000000027
06-11-2024,P102,Fashion,291.6,198.97,10,5,1458.0,490,294.05,Normal,Wednesday,463.15,0.3176611796982167,-2.4499999999999886
06-11-2024,P103,Sports,956.65,682.03,5,1,956.65,324,943.18,Normal,Wednesday,274.62,0.2870642345685465,13.470000000000027
06-11-2024,P104,Electronics,236.0,167.74,0,1,236.0,311,233.51,Normal,Wednesday,68.25999999999999,0.2892372881355932,2.490000000000009
06-11-2024,P105,Home,702.1,520.5,15,2,1404.2,118,735.12,Normal,Wednesday,363.20000000000005,0.25865261358780806,-33.01999999999998
06-11-2024,P106,Sports,886.0,650.42,0,2,1772.0,20,889.62,Normal,Wednesday,471.1600000000001,0.26589164785553054,-3.6200000000000045
06-11-2024,P107,Sports,800.0,542.38,0,0,0.0,171,796.07,Sale,Wednesday,0.0,,3.92999999999995
06-11-2024,P108,Sports,730.8,601.16,10,2,1461.6,162,725.95,Normal,Wednesday,259.28,0.17739463601532565,4.849999999999909
06-11-2024,P109,Home,713.0,463.62,0,0,0.0,52,717.44,Normal,Wednesday,0.0,,-4.440000000000055
06-11-2024,P110,Fashion,1211.0,748.43,0,3,3633.0,299,1190.8,Festival,Wednesday,1387.71,0.3819735755573906,20.200000000000045
06-11-2024,P111,Sports,317.0,195.77,0,6,1902.0,300,328.58,Normal,Wednesday,727.3799999999999,0.38242902208201884,-11.579999999999984
06-11-2024,P112,Electronics,1248.0,748.98,0,3,3744.0,415,1258.93,Normal,Wednesday,1497.06,0.3998557692307692,-10.930000000000064
06-11-2024,P113,Home,226.8,154.75,10,4,907.2,70,218.88,Normal,Wednesday,288.20000000000005,0.3176807760141094,7.920000000000016
06-11-2024,P114,Home,726.75,594.46,15,2,1453.5,212,706.89,Normal,Wednesday,264.5799999999999,0.18202958376332984,19.860000000000014
06-11-2024,P115,Fashion,1293.3,1068.05,10,0,0.0,100,1296.35,Normal,Wednesday,0.0,,-3.0499999999999545
06-11-2024,P116,Electronics,227.7,186.58,10,4,910.8,340,234.8,Normal,Wednesday,164.4799999999999,0.1805884936319718,-7.100000000000023
06-11-2024,P117,Home,1005.1,691.66,5,0,0.0,277,1038.67,Normal,Wednesday,0.0,,-33.57000000000005
06-11-2024,P118,Fashion,718.0,567.87,0,1,718.0,454,746.82,Festival,Wednesday,150.13,0.20909470752089135,-28.82000000000005
06-11-2024,P119,Electronics,418.0,268.66,0,2,836.0,439,427.75,Holiday,Wednesday,298.67999999999995,0.3572727272727272,-9.75
07-11-2024,P100,Electronics,589.0,403.81,0,1,589.0,486,599.24,Festival,Thursday,185.19,0.3144142614601019,-10.240000000000009
07-11-2024,P101,Electronics,1211.25,938.39,5,0,0.0,433,1263.55,Normal,Thursday,0.0,,-52.299999999999955
07-11-2024,P102,Electronics,657.0,423.25,0,0,0.0,377,630.8,Normal,Thursday,0.0,,26.200000000000045
07-11-2024,P103,Sports,555.0,367.04,0,2,1110.0,96,537.62,Normal,Thursday,375.91999999999996,0.3386666666666666,17.379999999999995
07-11-2024,P104,Home,1362.0,858.11,0,3,4086.0,435,1306.93,Normal,Thursday,1511.67,0.3699632892804699,55.069999999999936
07-11-2024,P105,Electronics,393.3,261.41,5,2,786.6,401,375.27,Normal,Thursday,263.78,0.3353419781337401,18.03000000000003
07-11-2024,P106,Sports,572.05,520.53,15,2,1144.1,302,573.67,Normal,Thursday,103.03999999999996,0.09006205751245518,-1.6200000000000045
07-11-2024,P107,Electronics,771.0,475.15,0,1,771.0,383,808.19,Normal,Thursday,295.85,0.3837224383916991,-37.190000000000055
07-11-2024,P108,Electronics,368.0,238.76,0,1,368.0,231,384.95,Normal,Thursday,129.24,0.3511956521739131,-16.94999999999999
07-11-2024,P109,Home,1383.0,1056.91,0,0,0.0,363,1405.6,Normal,Thursday,0.0,,-22.59999999999991
07-11-2024,P110,Fashion,344.85,275.0,5,4,1379.4,174,349.54,Sale,Thursday,279.4000000000001,0.20255183413078154,-4.689999999999998
07-11-2024,P111,Fashion,893.95,594.63,5,0,0.0,335,916.62,Sale,Thursday,0.0,,-22.66999999999996
07-11-2024,P112,Fashion,891.0,554.95,0,3,2673.0,492,848.66,Sale,Thursday,1008.1499999999999,0.37716049382716044,42.34000000000003
07-11-2024,P113,Sports,648.9,560.59,10,0,0.0,158,626.34,Normal,Thursday,0.0,,22.559999999999945
07-11-2024,P114,Sports,878.4,632.05,10,0,0.0,425,891.12,Normal,Thursday,0.0,,-12.720000000000027
07-11-2024,P115,Electronics,1175.55,837.09,15,0,0.0,470,1219.21,Normal,Thursday,0.0,,-43.66000000000008
07-11-2024,P116,Fashion,738.0,551.13,0,4,2952.0,407,709.42,Normal,Thursday,747.48,0.25321138211382116,28.58000000000004
07-11-2024,P117,Electronics,208.0,125.45,0,8,1664.0,416,197.7,Normal,Thursday,660.4,0.396875,10.300000000000011
07-11-2024,P118,Home,796.5,539.25,10,1,796.5,227,770.1,Normal,Thursday,257.25,0.3229755178907721,26.399999999999977
07-11-2024,P119,Home,660.25,481.39,5,1,660.25,192,675.35,Normal,Thursday,178.86,0.2708973873532753,-15.100000000000023
08-11-2024,P100,Sports,939.55,613.86,5,0,0.0,238,952.34,Holiday,Friday,0.0,,-12.790000000000077
08-11-2024,P101,Fashion,280.8,242.46,10,1,280.8,117,293.4,Normal,Friday,38.34,0.13653846153846155,-12.599999999999966
08-11-2024,P102,Fashion,336.6,257.62,10,2,673.2,324,345.89,Normal,Friday,157.96000000000004,0.23464052287581702,-9.289999999999964
08-11-2024,P103,Home,513.0,372.62,5,4,2052.0,339,489.17,Sale,Friday,561.52,0.27364522417153997,23.829999999999984
08-11-2024,P104,Electronics,615.0,371.39,0,1,615.0,390,611.0,Festival,Friday,243.61,0.3961138211382114,4.0
08-11-2024,P105,Fashion,239.4,190.93,5,3,718.2,49,233.77,Normal,Friday,145.41000000000008,0.20246449456975782,5.6299999999999955
08-11-2024,P106,Fashion,913.0,551.51,0,0,0.0,445,934.61,Sale,Friday,0.0,,-21.610000000000014
08-11-2024,P107,Sports,585.0,464.74,10,1,585.0,357,596.64,Festival,Friday,120.25999999999999,0.20557264957264956,-11.639999999999986
08-11-2024,P108,Home,572.85,409.22,5,2,1145.7,396,584.59,Normal,Friday,327.26,0.2856419656105438,-11.740000000000009
08-11-2024,P109,Sports,1325.0,939.93,0,2,2650.0,100,1315.28,Festival,Friday,770.1400000000001,0.29061886792452835,9.720000000000027
08-11-2024,P110,Sports,713.0,466.8,0,2,1426.0,128,734.45,Normal,Friday,492.4,0.3453015427769986,-21.450000000000045
08-11-2024,P111,Fashion,1184.0,897.7,0,1,1184.0,193,1159.08,Festival,Friday,286.29999999999995,0.24180743243243238,24.920000000000073
08-11-2024,P112,Electronics,839.8,696.55,5,0,0.0,427,835.64,Normal,Friday,0.0,,4.159999999999968
08-11-2024,P113,Fashion,1165.35,1063.51,15,2,2330.7,210,1154.87,Sale,Friday,203.67999999999984,0.0873900544900673,10.480000000000018
08-11-2024,P114,Sports,297.5,275.67,15,3,892.5,172,302.2,Normal,Friday,65.49000000000001,0.07337815126050422,-4.699999999999989
08-11-2024,P115,Sports,231.0,143.42,0,3,693.0,224,232.27,Normal,Friday,262.74,0.37913419913419916,-1.2700000000000102
08-11-2024,P116,Home,589.95,394.8,5,1,589.95,229,579.9,Normal,Friday,195.15000000000003,0.330790744978388,10.050000000000068
08-11-2024,P117,Sports,901.8,637.41,10,2,1803.6,331,915.21,Normal,Friday,528.78,0.2931803060545575,-13.410000000000082
08-11-2024,P118,Sports,1072.8,888.18,10,1,1072.8,374,1043.14,Sale,Friday,184.62,0.17209172259507832,29.659999999999854
08-11-2024,P119,Fashion,1081.0,697.21,0,1,1081.0,239,1120.73,Festival,Friday,383.78999999999996,0.35503237742830707,-39.73000000000002
09-11-2024,P100,Electronics,699.55,523.27,15,1,699.55,232,725.33,Normal,Saturday,176.27999999999997,0.2519905653634479,-25.780000000000086
09-11-2024,P101,Home,457.3,365.66,15,0,0.0,103,453.09,Normal,Saturday,0.0,,4.210000000000036
09-11-2024,P102,Fashion,236.55,156.76,5,3,709.65,285,242.26,Normal,Saturday,239.37,0.33730712322976114,-5.7099999999999795
09-11-2024,P103,Electronics,457.9,384.6,5,2,915.8,342,447.08,Holiday,Saturday,146.5999999999999,0.16007861978597937,10.819999999999993
09-11-2024,P104,Sports,908.1,647.84,10,0,0.0,408,870.81,Normal,Saturday,0.0,,37.29000000000008
09-11-2024,P105,Electronics,703.8,501.76,10,2,1407.6,488,691.36,Normal,Saturday,404.0799999999999,0.28707019039499854,12.43999999999994
09-11-2024,P106,Electronics,953.0,717.37,0,0,0.0,124,952.12,Normal,Saturday,0.0,,0.8799999999999955
09-11-2024,P107,Sports,481.1,384.64,15,0,0.0,133,477.99,Normal,Saturday,0.0,,3.1100000000000136
09-11-2024,P108,Sports,1418.35,1099.42,5,0,0.0,406,1376.15,Normal,Saturday,0.0,,42.19999999999982
09-11-2024,P109,Sports,1337.0,1060.18,0,0,0.0,107,1353.47,Holiday,Saturday,0.0,,-16.470000000000027
09-11-2024,P110,Fashion,1314.0,854.18,0,4,5256.0,407,1328.7,Normal,Saturday,1839.2800000000002,0.3499391171993912,-14.700000000000045
09-11-2024,P111,Electronics,1058.0,684.21,0,2,2116.0,449,1100.39,Normal,Saturday,747.5799999999999,0.3532986767485822,-42.3900000000001
09-11-2024,P112,Sports,832.0,607.09,0,0,0.0,37,818.02,Normal,Saturday,0.0,,13.980000000000018
09-11-2024,P113,Electronics,530.0,323.34,0,0,0.0,251,531.5,Sale,Saturday,0.0,,-1.5
09-11-2024,P114,Sports,538.0,403.17,0,3,1614.0,183,514.53,Holiday,Saturday,404.49,0.25061338289962826,23.470000000000027
09-11-2024,P115,Fashion,1007.25,933.76,15,0,0.0,76,1051.28,Normal,Saturday,0.0,,-44.02999999999997
09-11-2024,P116,Fashion,890.8,816.93,15,3,2672.4,370,911.34,Normal,Saturday,221.61000000000013,0.08292546026044009,-20.540000000000077
09-11-2024,P117,Electronics,556.2,486.38,10,1,556.2,185,567.74,Normal,Saturday,69.82000000000005,0.1255303847536858,-11.539999999999964
09-11-2024,P118,Home,1476.0,919.97,0,0,0.0,66,1535.13,Normal,Saturday,0.0,,-59.13000000000011
09-11-2024,P119,Fashion,1084.9,858.92,5,1,1084.9,411,1132.18,Normal,Saturday,225.98000000000013,0.20829569545580248,-47.27999999999997
10-11-2024,P100,Electronics,572.05,537.33,15,2,1144.1,262,588.33,Normal,Sunday,69.43999999999983,0.06069399528013271,-16.280000000000086
10-11-2024,P101,Sports,385.0,249.67,0,2,770.0,492,396.23,Normal,Sunday,270.66,0.35150649350649354,-11.230000000000018
10-11-2024,P102,Sports,371.0,265.79,0,2,742.0,230,359.96,Normal,Sunday,210.41999999999996,0.2835849056603773,11.04000000000002
10-11-2024,P103,Sports,840.0,533.51,0,1,840.0,458,811.95,Normal,Sunday,306.49,0.36486904761904765,28.049999999999955
10-11-2024,P104,Fashion,1152.35,909.2,5,0,0.0,295,1188.79,Festival,Sunday,0.0,,-36.440000000000055
10-11-2024,P105,Sports,211.65,171.75,15,7,1481.55,349,209.78,Festival,Sunday,279.29999999999995,0.18851878100637842,1.8700000000000045
10-11-2024,P106,Electronics,811.0,513.27,0,1,811.0,473,847.29,Normal,Sunday,297.73,0.36711467324291003,-36.289999999999964
10-11-2024,P107,Electronics,688.0,529.02,0,3,2064.0,462,686.5,Holiday,Sunday,476.94000000000005,0.23107558139534887,1.5
10-11-2024,P108,Sports,345.0,224.32,0,3,1035.0,351,357.21,Normal,Sunday,362.03999999999996,0.34979710144927534,-12.20999999999998
10-11-2024,P109,Electronics,1048.0,792.39,0,4,4192.0,453,1063.99,Festival,Sunday,1022.44,0.2439026717557252,-15.990000000000009
10-11-2024,P110,Sports,358.0,258.66,0,6,2148.0,160,355.41,Holiday,Sunday,596.04,0.27748603351955303,2.589999999999975
10-11-2024,P111,Electronics,1063.8,847.51,10,3,3191.4,467,1052.67,Normal,Sunday,648.8700000000003,0.20331829291220163,11.129999999999882
10-11-2024,P112,Electronics,869.0,547.19,0,1,869.0,283,844.48,Normal,Sunday,321.80999999999995,0.3703222094361334,24.519999999999982
10-11-2024,P113,Home,562.5,489.26,10,1,562.5,155,557.68,Normal,Sunday,73.24000000000001,0.13020444444444446,4.82000000000005
10-11-2024,P114,Fashion,856.8,761.04,10,2,1713.6,120,853.04,Normal,Sunday,191.51999999999998,0.11176470588235293,3.759999999999991
10-11-2024,P115,Electronics,483.3,388.41,10,3,1449.9,141,474.15,Normal,Sunday,284.6700000000001,0.19633767846058353,9.150000000000034
10-11-2024,P116,Electronics,559.3,479.21,15,1,559.3,259,536.42,Normal,Sunday,80.08999999999997,0.1431968532093688,22.879999999999995
10-11-2024,P117,Fashion,707.0,462.96,0,0,0.0,403,712.86,Normal,Sunday,0.0,,-5.860000000000014
10-11-2024,P118,Home,1498.0,1086.02,0,2,2996.0,172,1571.9,Festival,Sunday,823.96,0.2750200267022697,-73.90000000000009
10-11-2024,P119,Electronics,484.5,376.65,15,1,484.5,280,472.56,Normal,Sunday,107.85000000000002,0.22260061919504648,11.939999999999998
11-11-2024,P100,Home,1178.0,963.68,5,2,2356.0,411,1131.82,Festival,Monday,428.6400000000001,0.18193548387096778,46.180000000000064
11-11-2024,P101,Sports,463.6,313.41,5,3,1390.8,380,450.75,Normal,Monday,450.56999999999994,0.32396462467644516,12.850000000000023
11-11-2024,P102,Sports,429.25,310.56,15,0,0.0,486,423.54,Holiday,Monday,0.0,,5.7099999999999795
11-11-2024,P103,Sports,1177.0,846.51,0,0,0.0,495,1164.5,Normal,Monday,0.0,,12.5
11-11-2024,P104,Electronics,636.0,464.57,0,2,1272.0,142,644.46,Festival,Monday,342.86,0.2695440251572327,-8.460000000000036
11-11-2024,P105,Fashion,637.2,507.42,10,3,1911.6,159,605.87,Normal,Monday,389.3399999999999,0.20367231638418076,31.33000000000004
11-11-2024,P106,Sports,663.0,620.6,15,0,0.0,296,648.49,Normal,Monday,0.0,,14.509999999999991
11-11-2024,P107,Sports,656.0,491.7,0,3,1968.0,59,683.88,Normal,Monday,492.9000000000001,0.25045731707317076,-27.879999999999995
11-11-2024,P108,Fashion,378.0,290.63,0,5,1890.0,258,396.54,Holiday,Monday,436.8499999999999,0.2311375661375661,-18.54000000000002
11-11-2024,P109,Home,520.6,385.44,5,6,3123.6,308,538.48,Normal,Monday,810.96,0.25962351133307726,-17.879999999999995
11-11-2024,P110,Fashion,551.0,424.99,5,2,1102.0,336,552.81,Sale,Monday,252.01999999999998,0.2286932849364791,-1.8099999999999454
11-11-2024,P111,Fashion,209.0,169.75,5,9,1881.0,435,201.01,Sale,Monday,353.25,0.18779904306220097,7.990000000000009
11-11-2024,P112,Sports,804.0,632.63,0,1,804.0,419,767.01,Normal,Monday,171.37,0.21314676616915423,36.99000000000001
11-11-2024,P113,Sports,1482.0,908.13,0,0,0.0,259,1541.36,Festival,Monday,0.0,,-59.3599999999999
11-11-2024,P114,Home,634.0,442.92,0,0,0.0,76,624.75,Normal,Monday,0.0,,9.25
11-11-2024,P115,Fashion,1324.8,1062.78,10,3,3974.4,240,1373.28,Sale,Monday,786.06,0.19778079710144925,-48.48000000000002
11-11-2024,P116,Home,685.0,496.54,0,2,1370.0,346,673.88,Sale,Monday,376.91999999999996,0.27512408759124085,11.120000000000005
11-11-2024,P117,Electronics,1363.0,819.84,0,0,0.0,468,1361.52,Sale,Monday,0.0,,1.4800000000000182
11-11-2024,P118,Electronics,1350.0,943.09,0,0,0.0,313,1399.92,Normal,Monday,0.0,,-49.92000000000007
11-11-2024,P119,Fashion,778.05,653.79,5,3,2334.15,239,801.86,Sale,Monday,372.7800000000002,0.15970695970695978,-23.81000000000006
12-11-2024,P100,Home,481.5,369.77,10,6,2889.0,280,492.32,Sale,Tuesday,670.3800000000001,0.23204569055036348,-10.819999999999993
12-11-2024,P101,Fashion,810.0,495.88,0,0,0.0,315,822.01,Normal,Tuesday,0.0,,-12.009999999999991
12-11-2024,P102,Electronics,900.0,778.56,10,0,0.0,486,911.92,Normal,Tuesday,0.0,,-11.919999999999959
12-11-2024,P103,Fashion,1448.0,908.63,0,0,0.0,132,1498.09,Normal,Tuesday,0.0,,-50.08999999999992
12-11-2024,P104,Home,1307.0,880.6,0,1,1307.0,449,1274.13,Sale,Tuesday,426.4,0.3262433052792655,32.86999999999989
12-11-2024,P105,Sports,742.9,667.74,15,0,0.0,275,721.26,Normal,Tuesday,0.0,,21.639999999999986
12-11-2024,P106,Home,1055.45,753.13,5,1,1055.45,499,1094.65,Sale,Tuesday,302.32000000000005,0.2864370647591075,-39.200000000000045
12-11-2024,P107,Home,1186.55,752.64,5,5,5932.75,305,1211.43,Sale,Tuesday,2169.55,0.36569044709451776,-24.88000000000011
12-11-2024,P108,Fashion,1488.0,909.65,0,0,0.0,212,1517.74,Festival,Tuesday,0.0,,-29.74000000000001
12-11-2024,P109,Electronics,1086.3,1010.18,15,2,2172.6,318,1102.03,Normal,Tuesday,152.24,0.07007272392525087,-15.730000000000018
12-11-2024,P110,Sports,1249.2,981.84,10,0,0.0,381,1204.58,Normal,Tuesday,0.0,,44.62000000000012
12-11-2024,P111,Fashion,802.4,642.6,15,3,2407.2,335,804.11,Normal,Tuesday,479.39999999999964,0.1991525423728812,-1.7100000000000364
12-11-2024,P112,Fashion,314.45,236.26,5,7,2201.15,279,301.51,Normal,Tuesday,547.3300000000002,0.24865638416282404,12.939999999999998
12-11-2024,P113,Home,407.0,269.01,0,2,814.0,469,425.06,Normal,Tuesday,275.98,0.3390417690417691,-18.060000000000002
12-11-2024,P114,Home,817.0,570.33,0,0,0.0,242,819.73,Festival,Tuesday,0.0,,-2.730000000000018
12-11-2024,P115,Sports,367.65,293.2,5,1,367.65,441,373.5,Normal,Tuesday,74.44999999999999,0.20250237998096013,-5.850000000000023
12-11-2024,P116,Fashion,449.35,370.52,5,0,0.0,313,431.92,Sale,Tuesday,0.0,,17.430000000000007
12-11-2024,P117,Electronics,1146.0,798.12,0,0,0.0,329,1175.21,Festival,Tuesday,0.0,,-29.210000000000036
12-11-2024,P118,Electronics,201.4,134.89,5,9,1812.6,188,192.88,Festival,Tuesday,598.5900000000001,0.33023833167825234,8.52000000000001
12-11-2024,P119,Electronics,888.3,751.09,10,2,1776.6,475,931.72,Normal,Tuesday,274.41999999999985,0.1544635821231565,-43.42000000000007
13-11-2024,P100,Sports,816.0,496.09,0,2,1632.0,348,834.73,Sale,Wednesday,639.82,0.392046568627451,-18.730000000000018
13-11-2024,P101,Electronics,1308.15,890.49,5,0,0.0,353,1354.97,Normal,Wednesday,0.0,,-46.819999999999936
13-11-2024,P102,Fashion,475.15,428.87,15,2,950.3,307,477.08,Festival,Wednesday,92.55999999999995,0.0974008207934336,-1.9300000000000068
13-11-2024,P103,Home,1022.4,883.95,10,1,1022.4,401,1028.8,Normal,Wednesday,138.44999999999993,0.1354166666666666,-6.399999999999977
13-11-2024,P104,Electronics,460.0,336.46,0,1,460.0,385,462.58,Normal,Wednesday,123.54000000000002,0.2685652173913044,-2.579999999999984
13-11-2024,P105,Electronics,668.0,432.44,0,3,2004.0,383,685.47,Festival,Wednesday,706.6800000000001,0.3526347305389222,-17.470000000000027
13-11-2024,P106,Sports,261.0,219.65,10,3,783.0,21,255.16,Normal,Wednesday,124.04999999999995,0.1584291187739463,5.840000000000003
13-11-2024,P107,Electronics,344.85,261.87,5,3,1034.55,165,330.94,Festival,Wednesday,248.93999999999994,0.24062635928664633,13.910000000000025
13-11-2024,P108,Home,1089.65,688.77,5,0,0.0,421,1109.02,Normal,Wednesday,0.0,,-19.36999999999989
13-11-2024,P109,Home,734.4,614.82,15,0,0.0,239,708.71,Normal,Wednesday,0.0,,25.68999999999994
13-11-2024,P110,Sports,299.7,225.31,10,5,1498.5,54,306.98,Normal,Wednesday,371.95000000000005,0.24821488154821492,-7.28000000000003
13-11-2024,P111,Electronics,948.0,716.56,0,4,3792.0,196,921.26,Sale,Wednesday,925.7600000000002,0.24413502109704646,26.74000000000001
13-11-2024,P112,Electronics,1125.75,935.6,5,0,0.0,306,1145.53,Normal,Wednesday,0.0,,-19.779999999999973
13-11-2024,P113,Electronics,588.6,491.41,10,5,2943.0,356,572.24,Normal,Wednesday,485.9499999999998,0.16512062521236828,16.360000000000014
13-11-2024,P114,Fashion,859.5,617.67,10,1,859.5,53,856.52,Normal,Wednesday,241.83000000000004,0.28136125654450267,2.980000000000018
13-11-2024,P115,Home,598.0,437.45,0,1,598.0,194,599.38,Holiday,Wednesday,160.55,0.2684782608695652,-1.3799999999999955
13-11-2024,P116,Sports,1258.2,1101.17,10,2,2516.4,42,1223.23,Festival,Wednesday,314.05999999999995,0.12480527738038465,34.97000000000003
13-11-2024,P117,Fashion,774.0,577.66,0,0,0.0,277,771.09,Festival,Wednesday,0.0,,2.909999999999968
13-11-2024,P118,Sports,409.5,297.91,10,5,2047.5,96,427.02,Holiday,Wednesday,557.9499999999998,0.2725030525030524,-17.519999999999982
13-11-2024,P119,Electronics,750.55,531.09,15,1,750.55,388,760.25,Sale,Wednesday,219.45999999999992,0.2923989074678568,-9.700000000000045
14-11-2024,P100,Electronics,425.6,328.84,5,4,1702.4,406,433.14,Normal,Thursday,387.0400000000002,0.22734962406015047,-7.539999999999964
14-11-2024,P101,Home,406.0,314.6,0,6,2436.0,445,415.93,Festival,Thursday,548.3999999999999,0.22512315270935954,-9.930000000000007
14-11-2024,P102,Sports,1027.9,716.45,5,0,0.0,333,1017.57,Sale,Thursday,0.0,,10.330000000000041
14-11-2024,P103,Electronics,1168.75,1004.98,15,2,2337.5,293,1141.75,Festival,Thursday,327.53999999999996,0.14012406417112297,27.0
14-11-2024,P104,Electronics,388.8,278.79,10,2,777.6,356,383.9,Normal,Thursday,220.01999999999998,0.2829475308641975,4.900000000000034
14-11-2024,P105,Home,430.35,278.02,5,4,1721.4,157,444.62,Sale,Thursday,609.3200000000002,0.3539677007087255,-14.269999999999982
14-11-2024,P106,Electronics,354.0,274.98,0,1,354.0,385,337.01,Normal,Thursday,79.01999999999998,0.2232203389830508,16.99000000000001
14-11-2024,P107,Sports,860.0,671.96,0,1,860.0,270,843.67,Normal,Thursday,188.03999999999996,0.21865116279069763,16.33000000000004
14-11-2024,P108,Home,650.25,569.14,15,1,650.25,199,674.61,Holiday,Thursday,81.11000000000001,0.12473663975394081,-24.360000000000014
14-11-2024,P109,Fashion,296.0,192.83,0,4,1184.0,481,298.19,Sale,Thursday,412.67999999999995,0.3485472972972973,-2.1899999999999977
14-11-2024,P110,Sports,739.8,535.18,10,2,1479.6,233,737.61,Holiday,Thursday,409.24,0.276588267099216,2.189999999999941
14-11-2024,P111,Electronics,693.9,467.83,10,0,0.0,372,694.4,Holiday,Thursday,0.0,,-0.5
14-11-2024,P112,Home,803.7,693.62,10,1,803.7,224,805.38,Festival,Thursday,110.08000000000004,0.13696652979967655,-1.67999999999995
14-11-2024,P113,Fashion,288.15,267.33,15,3,864.45,136,283.46,Holiday,Thursday,62.460000000000036,0.07225403435710571,4.689999999999998
14-11-2024,P114,Home,1342.0,1067.58,0,1,1342.0,464,1345.36,Normal,Thursday,274.4200000000001,0.20448584202682568,-3.3599999999999
14-11-2024,P115,Sports,1125.0,675.81,0,1,1125.0,258,1175.79,Normal,Thursday,449.19000000000005,0.39928,-50.789999999999964
14-11-2024,P116,Home,371.45,265.05,15,4,1485.8,334,386.42,Sale,Thursday,425.5999999999999,0.2864450127877237,-14.970000000000027
14-11-2024,P117,Electronics,429.0,326.5,0,4,1716.0,485,437.26,Normal,Thursday,410.0,0.23892773892773891,-8.259999999999991
14-11-2024,P118,Sports,1436.0,1128.52,0,0,0.0,102,1443.66,Sale,Thursday,0.0,,-7.660000000000082
14-11-2024,P119,Home,1472.0,954.37,0,2,2944.0,103,1440.23,Festival,Thursday,1035.26,0.3516508152173913,31.769999999999982
15-11-2024,P100,Sports,268.0,206.21,0,5,1340.0,474,270.1,Holiday,Friday,308.95000000000005,0.23055970149253735,-2.1000000000000227
15-11-2024,P101,Home,380.0,294.49,0,1,380.0,197,375.11,Normal,Friday,85.50999999999999,0.22502631578947366,4.889999999999986
15-11-2024,P102,Home,961.4,620.15,5,0,0.0,174,943.83,Normal,Friday,0.0,,17.569999999999936
15-11-2024,P103,Electronics,871.15,560.35,5,0,0.0,466,897.46,Holiday,Friday,0.0,,-26.31000000000006
15-11-2024,P104,Sports,285.95,226.77,5,2,571.9,316,275.95,Normal,Friday,118.35999999999996,0.20695925861164532,10.0
15-11-2024,P105,Fashion,992.8,822.05,15,2,1985.6,206,949.67,Holiday,Friday,341.5,0.17198831587429494,43.129999999999995
15-11-2024,P106,Sports,1046.7,924.86,10,2,2093.4,372,995.43,Normal,Friday,243.68000000000006,0.11640393618037645,51.270000000000095
15-11-2024,P107,Fashion,744.3,517.0,10,5,3721.5,491,727.31,Normal,Friday,1136.5,0.3053876125218326,16.99000000000001
15-11-2024,P108,Electronics,879.7,650.01,5,3,2639.1,220,835.75,Normal,Friday,689.0699999999999,0.2611003751278845,43.950000000000045
15-11-2024,P109,Home,1384.0,852.56,0,2,2768.0,200,1444.89,Normal,Friday,1062.88,0.3839884393063584,-60.8900000000001
15-11-2024,P110,Sports,1305.0,932.9,0,0,0.0,374,1332.08,Sale,Friday,0.0,,-27.079999999999927
15-11-2024,P111,Electronics,483.0,353.81,0,5,2415.0,269,481.91,Normal,Friday,645.95,0.26747412008281574,1.089999999999975
15-11-2024,P112,Fashion,306.9,210.41,10,4,1227.6,43,318.72,Normal,Friday,385.9599999999999,0.3144020853698273,-11.82000000000005
15-11-2024,P113,Fashion,894.9,679.57,5,1,894.9,137,939.11,Normal,Friday,215.32999999999993,0.2406190635825231,-44.210000000000036
15-11-2024,P114,Fashion,1087.0,848.68,0,1,1087.0,414,1130.92,Sale,Friday,238.32000000000005,0.21924563017479307,-43.92000000000007
15-11-2024,P115,Fashion,784.8,681.18,10,2,1569.6,152,790.05,Sale,Friday,207.24,0.1320336391437309,-5.25
15-11-2024,P116,Electronics,621.0,433.2,0,0,0.0,131,594.04,Holiday,Friday,0.0,,26.960000000000036
15-11-2024,P117,Fashion,647.1,497.17,10,1,647.1,461,615.9,Normal,Friday,149.93,0.23169525575645186,31.200000000000045
15-11-2024,P118,Home,1072.55,799.24,5,1,1072.55,336,1087.67,Holiday,Friday,273.30999999999995,0.25482261899212155,-15.120000000000118
15-11-2024,P119,Fashion,317.3,235.16,5,4,1269.2,201,308.42,Normal,Friday,328.56000000000006,0.25887173022376303,8.879999999999995
16-11-2024,P100,Home,742.5,645.36,10,1,742.5,470,724.09,Normal,Saturday,97.13999999999999,0.13082828282828282,18.409999999999968
16-11-2024,P101,Home,1339.0,884.81,0,2,2678.0,476,1283.36,Festival,Saturday,908.3800000000001,0.3392008961911875,55.6400000000001
16-11-2024,P102,Home,333.2,296.02,15,5,1666.0,477,339.5,Festival,Saturday,185.9000000000001,0.11158463385354148,-6.300000000000011
16-11-2024,P103,Home,939.55,663.83,5,0,0.0,259,976.29,Normal,Saturday,0.0,,-36.74000000000001
16-11-2024,P104,Electronics,1415.0,968.22,0,0,0.0,280,1396.5,Sale,Saturday,0.0,,18.5
16-11-2024,P105,Sports,241.2,196.72,10,7,1688.4,109,239.94,Festival,Saturday,311.3600000000001,0.18441127694859044,1.259999999999991
16-11-2024,P106,Fashion,536.0,425.69,0,0,0.0,305,511.37,Normal,Saturday,0.0,,24.629999999999995
16-11-2024,P107,Fashion,1206.0,737.42,0,0,0.0,84,1182.23,Normal,Saturday,0.0,,23.769999999999982
16-11-2024,P108,Fashion,1457.0,903.16,0,1,1457.0,69,1402.04,Sale,Saturday,553.84,0.38012354152367883,54.960000000000036
16-11-2024,P109,Sports,1434.0,1113.48,0,0,0.0,492,1381.48,Holiday,Saturday,0.0,,52.51999999999998
16-11-2024,P110,Home,754.8,595.84,15,3,2264.4,73,788.84,Normal,Saturday,476.8800000000001,0.21059883412824593,-34.04000000000008
16-11-2024,P111,Home,591.3,505.88,10,4,2365.2,490,602.67,Sale,Saturday,341.67999999999984,0.1444613563335024,-11.370000000000005
16-11-2024,P112,Electronics,807.5,669.27,15,1,807.5,450,771.23,Normal,Saturday,138.23000000000002,0.1711826625386997,36.26999999999998
16-11-2024,P113,Electronics,1319.4,926.71,10,0,0.0,90,1308.18,Normal,Saturday,0.0,,11.220000000000027
16-11-2024,P114,Fashion,283.0,218.62,0,2,566.0,442,282.82,Normal,Saturday,128.76,0.2274911660777385,0.18000000000000682
16-11-2024,P115,Home,931.0,584.33,0,0,0.0,318,919.78,Normal,Saturday,0.0,,11.220000000000027
16-11-2024,P116,Sports,251.0,151.48,0,3,753.0,483,246.33,Holiday,Saturday,298.56000000000006,0.39649402390438254,4.6699999999999875
16-11-2024,P117,Fashion,1212.0,759.51,0,0,0.0,280,1204.61,Normal,Saturday,0.0,,7.3900000000001
16-11-2024,P118,Sports,234.9,167.11,10,5,1174.5,493,232.36,Sale,Saturday,338.94999999999993,0.288590889740315,2.539999999999992
16-11-2024,P119,Home,586.0,400.3,0,2,1172.0,148,561.36,Holiday,Saturday,371.4,0.3168941979522184,24.639999999999986
17-11-2024,P100,Sports,1134.0,779.14,0,4,4536.0,471,1165.2,Sale,Sunday,1419.44,0.3129276895943563,-31.200000000000045
17-11-2024,P101,Sports,456.0,350.48,5,2,912.0,389,437.33,Normal,Sunday,211.03999999999996,0.23140350877192978,18.670000000000016
17-11-2024,P102,Home,298.8,258.34,10,3,896.4,486,296.32,Normal,Sunday,121.38,0.13540829986613118,2.480000000000018
17-11-2024,P103,Sports,540.6,484.09,15,3,1621.8,79,533.22,Festival,Sunday,169.52999999999997,0.1045320014798372,7.3799999999999955
17-11-2024,P104,Sports,1430.0,956.8,0,4,5720.0,368,1487.16,Normal,Sunday,1892.8000000000002,0.33090909090909093,-57.16000000000008
17-11-2024,P105,Fashion,1279.8,949.68,10,1,1279.8,224,1323.64,Normal,Sunday,330.12,0.2579465541490858,-43.840000000000146
17-11-2024,P106,Sports,575.1,427.83,10,2,1150.2,319,551.38,Normal,Sunday,294.5400000000001,0.256077203964528,23.720000000000027
17-11-2024,P107,Sports,904.0,570.43,0,0,0.0,225,900.81,Festival,Sunday,0.0,,3.1900000000000546
17-11-2024,P108,Sports,1202.0,851.12,0,0,0.0,277,1217.06,Normal,Sunday,0.0,,-15.059999999999945
17-11-2024,P109,Electronics,1157.0,901.31,0,0,0.0,62,1205.79,Normal,Sunday,0.0,,-48.789999999999964
17-11-2024,P110,Electronics,1115.0,729.95,0,1,1115.0,64,1098.92,Normal,Sunday,385.04999999999995,0.34533632286995514,16.079999999999927
17-11-2024,P111,Electronics,751.5,576.29,10,4,3006.0,255,734.52,Normal,Sunday,700.8400000000001,0.23314703925482375,16.980000000000018
17-11-2024,P112,Sports,1398.4,956.7,5,3,4195.2,138,1417.33,Holiday,Sunday,1325.0999999999995,0.31586098398169327,-18.929999999999836
17-11-2024,P113,Electronics,472.5,355.29,10,0,0.0,379,458.66,Normal,Sunday,0.0,,13.839999999999975
17-11-2024,P114,Home,622.0,439.42,0,2,1244.0,71,649.47,Festival,Sunday,365.15999999999997,0.2935369774919614,-27.470000000000027
17-11-2024,P115,Electronics,679.0,442.51,0,0,0.0,178,658.87,Normal,Sunday,0.0,,20.129999999999995
17-11-2024,P116,Sports,758.0,518.82,0,0,0.0,493,726.29,Holiday,Sunday,0.0,,31.710000000000036
17-11-2024,P117,Electronics,1041.0,678.85,0,1,1041.0,452,1037.56,Normal,Sunday,362.15,0.34788664745437076,3.4400000000000546
17-11-2024,P118,Sports,1404.1,958.89,5,0,0.0,228,1397.74,Holiday,Sunday,0.0,,6.3599999999999
17-11-2024,P119,Electronics,1100.7,889.31,10,2,2201.4,355,1141.3,Normal,Sunday,422.7800000000002,0.1920505133097121,-40.59999999999991
18-11-2024,P100,Fashion,441.0,370.93,10,0,0.0,433,419.79,Sale,Monday,0.0,,21.20999999999998
18-11-2024,P101,Sports,1059.25,822.23,5,1,1059.25,145,1082.74,Normal,Monday,237.01999999999998,0.2237620958225159,-23.49000000000001
18-11-2024,P102,Home,779.95,558.19,5,1,779.95,384,771.36,Normal,Monday,221.76,0.28432591832809795,8.590000000000032
18-11-2024,P103,Sports,282.0,172.95,0,4,1128.0,218,295.54,Holiday,Monday,436.20000000000005,0.3867021276595745,-13.54000000000002
18-11-2024,P104,Sports,391.0,241.99,0,2,782.0,48,378.79,Normal,Monday,298.02,0.3810997442455243,12.20999999999998
18-11-2024,P105,Electronics,1212.0,914.32,0,1,1212.0,303,1242.3,Festival,Monday,297.67999999999995,0.24561056105610557,-30.299999999999955
18-11-2024,P106,Electronics,621.0,414.5,0,2,1242.0,194,594.36,Normal,Monday,413.0,0.3325281803542673,26.639999999999986
18-11-2024,P107,Fashion,1104.15,800.43,15,0,0.0,91,1061.96,Normal,Monday,0.0,,42.190000000000055
18-11-2024,P108,Fashion,1136.7,790.69,10,0,0.0,215,1143.29,Normal,Monday,0.0,,-6.589999999999918
18-11-2024,P109,Home,814.3,762.36,15,4,3257.2,39,822.42,Sale,Monday,207.75999999999976,0.06378484587989677,-8.120000000000005
18-11-2024,P110,Sports,1057.0,740.0,0,0,0.0,466,1092.78,Normal,Monday,0.0,,-35.77999999999997
18-11-2024,P111,Home,1039.0,805.09,0,0,0.0,123,1066.87,Normal,Monday,0.0,,-27.86999999999989
18-11-2024,P112,Sports,208.0,148.87,0,1,208.0,372,207.45,Normal,Monday,59.129999999999995,0.28427884615384613,0.5500000000000114
18-11-2024,P113,Electronics,695.0,484.69,0,0,0.0,311,706.46,Normal,Monday,0.0,,-11.460000000000036
18-11-2024,P114,Home,872.0,542.99,0,0,0.0,437,883.02,Normal,Monday,0.0,,-11.019999999999982
18-11-2024,P115,Fashion,782.8,619.58,5,0,0.0,269,771.93,Festival,Monday,0.0,,10.870000000000005
18-11-2024,P116,Sports,809.0,582.15,0,0,0.0,304,822.74,Normal,Monday,0.0,,-13.740000000000009
18-11-2024,P117,Home,648.0,452.31,0,1,648.0,254,635.66,Normal,Monday,195.69,0.3019907407407407,12.340000000000032
18-11-2024,P118,Home,612.9,420.78,10,0,0.0,465,589.56,Sale,Monday,0.0,,23.340000000000032
18-11-2024,P119,Electronics,1349.1,1095.96,10,1,1349.1,83,1357.56,Normal,Monday,253.13999999999987,0.18763620191238595,-8.460000000000036
19-11-2024,P100,Sports,1380.0,1061.09,0,0,0.0,478,1354.38,Normal,Tuesday,0.0,,25.61999999999989
19-11-2024,P101,Fashion,384.3,304.89,10,2,768.6,103,366.78,Normal,Tuesday,158.82000000000005,0.20663544106167062,17.52000000000004
19-11-2024,P102,Electronics,629.0,493.13,0,2,1258.0,471,635.73,Normal,Tuesday,271.74,0.21600953895071542,-6.730000000000018
19-11-2024,P103,Home,860.7,582.69,5,1,860.7,335,896.51,Normal,Tuesday,278.01,0.3230045311955385,-35.809999999999945
19-11-2024,P104,Electronics,665.95,524.48,5,0,0.0,32,675.24,Normal,Tuesday,0.0,,-9.289999999999964
19-11-2024,P105,Fashion,855.95,605.05,5,3,2567.85,491,878.61,Holiday,Tuesday,752.7,0.2931245983994393,-22.659999999999968
19-11-2024,P106,Sports,237.0,168.14,0,5,1185.0,195,244.82,Holiday,Tuesday,344.30000000000007,0.2905485232067511,-7.819999999999993
19-11-2024,P107,Home,1017.0,656.05,0,0,0.0,138,973.69,Normal,Tuesday,0.0,,43.309999999999945
19-11-2024,P108,Electronics,224.0,135.25,0,4,896.0,497,217.94,Sale,Tuesday,355.0,0.39620535714285715,6.060000000000002
19-11-2024,P109,Electronics,1492.0,926.72,0,0,0.0,462,1463.35,Normal,Tuesday,0.0,,28.65000000000009
19-11-2024,P110,Fashion,577.0,445.24,0,0,0.0,427,554.27,Normal,Tuesday,0.0,,22.730000000000018
19-11-2024,P111,Sports,363.6,281.31,10,4,1454.4,52,380.86,Festival,Tuesday,329.1600000000001,0.22632013201320136,-17.25999999999999
19-11-2024,P112,Fashion,1045.0,683.53,0,0,0.0,237,1051.29,Festival,Tuesday,0.0,,-6.289999999999964
19-11-2024,P113,Sports,767.7,608.03,10,2,1535.4,251,747.68,Sale,Tuesday,319.34000000000015,0.2079848899309627,20.020000000000095
19-11-2024,P114,Home,737.1,540.83,10,2,1474.2,373,716.02,Normal,Tuesday,392.53999999999996,0.2662732329398996,21.08000000000004
19-11-2024,P115,Fashion,404.7,330.58,5,1,404.7,489,419.93,Holiday,Tuesday,74.12,0.18314801087225108,-15.230000000000018
19-11-2024,P116,Home,249.85,162.66,5,4,999.4,246,251.11,Normal,Tuesday,348.76,0.3489693816289774,-1.2600000000000193
19-11-2024,P117,Home,915.0,720.5,0,1,915.0,356,884.08,Holiday,Tuesday,194.5,0.21256830601092896,30.91999999999996
19-11-2024,P118,Fashion,369.55,236.07,5,3,1108.65,311,360.47,Normal,Tuesday,400.44000000000005,0.36119604924908677,9.079999999999984
19-11-2024,P119,Fashion,1122.9,738.94,5,0,0.0,359,1106.8,Normal,Tuesday,0.0,,16.100000000000136
20-11-2024,P100,Home,627.3,505.85,15,0,0.0,239,602.26,Sale,Wednesday,0.0,,25.039999999999964
20-11-2024,P101,Sports,1273.5,1117.5,10,0,0.0,36,1247.01,Normal,Wednesday,0.0,,26.49000000000001
20-11-2024,P102,Sports,541.8,405.52,10,1,541.8,127,544.54,Festival,Wednesday,136.27999999999997,0.25153193060169804,-2.740000000000009
20-11-2024,P103,Fashion,1047.6,765.71,10,1,1047.6,355,1009.45,Normal,Wednesday,281.8899999999999,0.26908171057655583,38.149999999999864
20-11-2024,P104,Sports,577.6,379.5,5,5,2888.0,202,552.8,Festival,Wednesday,990.5,0.3429709141274238,24.800000000000068
20-11-2024,P105,Home,571.0,399.0,0,3,1713.0,209,590.28,Holiday,Wednesday,516.0,0.30122591943957966,-19.279999999999973
20-11-2024,P106,Fashion,258.0,196.98,0,4,1032.0,279,267.85,Normal,Wednesday,244.08000000000004,0.23651162790697677,-9.850000000000023
20-11-2024,P107,Sports,240.35,179.47,5,3,721.05,116,236.24,Normal,Wednesday,182.64,0.2532972748075723,4.109999999999985
20-11-2024,P108,Fashion,716.0,555.84,0,1,716.0,256,722.31,Festival,Wednesday,160.15999999999997,0.2236871508379888,-6.309999999999945
20-11-2024,P109,Electronics,895.9,825.09,15,2,1791.8,52,891.95,Sale,Wednesday,141.6199999999999,0.07903783904453617,3.949999999999932
20-11-2024,P110,Sports,611.8,497.32,5,0,0.0,446,600.37,Normal,Wednesday,0.0,,11.42999999999995
20-11-2024,P111,Fashion,606.1,441.9,5,1,606.1,320,610.76,Normal,Wednesday,164.20000000000005,0.27091239069460493,-4.659999999999968
20-11-2024,P112,Home,472.0,295.97,0,4,1888.0,463,457.99,Sale,Wednesday,704.1199999999999,0.37294491525423723,14.009999999999991
20-11-2024,P113,Electronics,1308.15,914.78,5,1,1308.15,447,1370.29,Normal,Wednesday,393.3700000000001,0.30070710545426754,-62.13999999999987
20-11-2024,P114,Home,1034.1,853.11,10,0,0.0,262,1065.27,Normal,Wednesday,0.0,,-31.170000000000073
20-11-2024,P115,Electronics,1436.0,1108.17,0,0,0.0,263,1414.17,Festival,Wednesday,0.0,,21.829999999999927
20-11-2024,P116,Home,925.2,724.16,10,2,1850.4,271,899.75,Normal,Wednesday,402.08000000000015,0.21729355814958934,25.450000000000045
20-11-2024,P117,Sports,339.15,282.73,5,5,1695.75,150,338.11,Normal,Wednesday,282.0999999999999,0.1663570691434468,1.0399999999999636
20-11-2024,P118,Sports,961.4,654.22,5,2,1922.8,492,1009.31,Festival,Wednesday,614.3599999999999,0.31951320990222587,-47.90999999999997
20-11-2024,P119,Home,855.1,766.22,15,4,3420.4,123,844.82,Normal,Wednesday,355.52,0.10394105952520172,10.279999999999973
21-11-2024,P100,Fashion,1004.4,704.65,10,0,0.0,102,961.04,Normal,Thursday,0.0,,43.360000000000014
21-11-2024,P101,Fashion,664.05,429.42,5,3,1992.15,72,631.06,Festival,Thursday,703.8900000000001,0.35333182742263386,32.99000000000001
21-11-2024,P102,Home,663.0,414.34,0,1,663.0,406,645.36,Normal,Thursday,248.66000000000003,0.375052790346908,17.639999999999986
21-11-2024,P103,Sports,1499.0,1023.41,0,0,0.0,324,1556.11,Festival,Thursday,0.0,,-57.1099999999999
21-11-2024,P104,Fashion,1132.2,991.42,10,0,0.0,43,1123.45,Normal,Thursday,0.0,,8.75
21-11-2024,P105,Home,1166.4,939.45,10,0,0.0,493,1204.58,Normal,Thursday,0.0,,-38.179999999999836
21-11-2024,P106,Electronics,668.0,414.05,0,1,668.0,193,684.06,Normal,Thursday,253.95,0.3801646706586826,-16.059999999999945
21-11-2024,P107,Home,834.7,637.96,15,0,0.0,23,851.15,Normal,Thursday,0.0,,-16.449999999999932
21-11-2024,P108,Home,679.5,508.64,10,3,2038.5,51,670.77,Normal,Thursday,512.5799999999999,0.25144959529065486,8.730000000000018
21-11-2024,P109,Fashion,464.0,302.83,0,6,2784.0,151,455.3,Sale,Thursday,967.02,0.3473491379310345,8.699999999999989
21-11-2024,P110,Sports,862.6,595.63,5,0,0.0,142,822.46,Holiday,Thursday,0.0,,40.139999999999986
21-11-2024,P111,Fashion,747.0,543.72,0,2,1494.0,143,772.72,Festival,Thursday,406.55999999999995,0.27212851405622485,-25.720000000000027
21-11-2024,P112,Electronics,410.4,334.95,5,1,410.4,328,422.39,Normal,Thursday,75.44999999999999,0.18384502923976606,-11.990000000000009
21-11-2024,P113,Fashion,259.0,179.2,0,4,1036.0,48,268.62,Festival,Thursday,319.20000000000005,0.3081081081081081,-9.620000000000005
21-11-2024,P114,Fashion,1091.7,920.15,10,0,0.0,224,1038.9,Normal,Thursday,0.0,,52.799999999999955
21-11-2024,P115,Fashion,870.4,769.62,15,0,0.0,39,859.8,Holiday,Thursday,0.0,,10.600000000000023
21-11-2024,P116,Electronics,315.35,224.02,15,6,1892.1,40,310.22,Sale,Thursday,547.9799999999998,0.2896147138100522,5.1299999999999955
21-11-2024,P117,Fashion,1147.5,980.07,10,1,1147.5,319,1156.76,Normal,Thursday,167.42999999999995,0.1459084967320261,-9.259999999999991
21-11-2024,P118,Fashion,821.75,583.82,5,4,3287.0,114,856.29,Sale,Thursday,951.7199999999998,0.28954061454213564,-34.539999999999964
21-11-2024,P119,Electronics,740.0,528.85,0,2,1480.0,341,735.32,Sale,Thursday,422.29999999999995,0.2853378378378378,4.67999999999995
22-11-2024,P100,Sports,1314.9,983.61,10,2,2629.8,329,1252.97,Normal,Friday,662.5800000000002,0.2519507186858317,61.930000000000064
22-11-2024,P101,Home,899.0,679.57,0,6,5394.0,194,922.3,Festival,Friday,1316.58,0.24408231368186872,-23.299999999999955
22-11-2024,P102,Electronics,585.0,381.98,0,0,0.0,433,607.89,Normal,Friday,0.0,,-22.889999999999986
22-11-2024,P103,Electronics,553.85,411.21,5,1,553.85,251,566.25,Normal,Friday,142.64000000000004,0.2575426559537782,-12.399999999999977
22-11-2024,P104,Electronics,1036.0,660.53,0,4,4144.0,482,1025.56,Sale,Friday,1501.88,0.36242277992277994,10.440000000000055
22-11-2024,P105,Home,371.0,227.76,0,6,2226.0,139,354.92,Normal,Friday,859.44,0.38609164420485176,16.079999999999984
22-11-2024,P106,Fashion,337.25,230.52,5,0,0.0,256,336.81,Normal,Friday,0.0,,0.4399999999999977
22-11-2024,P107,Home,590.4,471.43,10,1,590.4,477,618.86,Normal,Friday,118.96999999999997,0.2015074525745257,-28.460000000000036
22-11-2024,P108,Fashion,1151.0,860.0,0,0,0.0,363,1183.37,Normal,Friday,0.0,,-32.36999999999989
22-11-2024,P109,Fashion,981.0,642.48,0,0,0.0,86,947.46,Normal,Friday,0.0,,33.539999999999964
22-11-2024,P110,Home,887.3,654.95,5,0,0.0,372,882.86,Festival,Friday,0.0,,4.439999999999941
22-11-2024,P111,Sports,913.5,758.96,10,0,0.0,244,919.34,Festival,Friday,0.0,,-5.840000000000032
22-11-2024,P112,Home,614.7,520.62,10,0,0.0,393,620.15,Normal,Friday,0.0,,-5.449999999999932
22-11-2024,P113,Home,404.7,321.26,5,3,1214.1,469,411.62,Sale,Friday,250.31999999999994,0.2061774153694094,-6.920000000000016
22-11-2024,P114,Fashion,313.0,247.82,0,2,626.0,233,307.8,Normal,Friday,130.36,0.20824281150159746,5.199999999999989
22-11-2024,P115,Fashion,663.0,500.18,15,0,0.0,127,648.61,Normal,Friday,0.0,,14.389999999999986
22-11-2024,P116,Sports,796.5,702.42,10,1,796.5,66,760.14,Normal,Friday,94.08000000000004,0.11811676082862528,36.360000000000014
22-11-2024,P117,Sports,1387.0,1095.56,0,2,2774.0,177,1350.33,Festival,Friday,582.8800000000001,0.2101225666906994,36.67000000000007
22-11-2024,P118,Home,342.95,218.43,5,0,0.0,119,348.15,Normal,Friday,0.0,,-5.199999999999989
22-11-2024,P119,Sports,1455.0,1096.69,0,1,1455.0,465,1454.25,Normal,Friday,358.30999999999995,0.2462611683848797,0.75
23-11-2024,P100,Fashion,1487.0,1016.79,0,0,0.0,235,1495.06,Normal,Saturday,0.0,,-8.059999999999945
23-11-2024,P101,Fashion,1319.0,994.86,0,0,0.0,367,1323.94,Normal,Saturday,0.0,,-4.940000000000055
23-11-2024,P102,Fashion,1212.0,928.03,0,1,1212.0,171,1176.48,Holiday,Saturday,283.97,0.23429867986798683,35.51999999999998
23-11-2024,P103,Electronics,642.0,443.55,0,0,0.0,435,643.62,Normal,Saturday,0.0,,-1.6200000000000045
23-11-2024,P104,Home,845.1,610.33,10,0,0.0,85,849.43,Sale,Saturday,0.0,,-4.329999999999927
23-11-2024,P105,Sports,509.0,362.12,0,3,1527.0,296,515.35,Festival,Saturday,440.6399999999999,0.2885658153241649,-6.350000000000023
23-11-2024,P106,Electronics,685.95,596.81,15,2,1371.9,410,689.54,Normal,Saturday,178.2800000000002,0.12995116262118245,-3.589999999999918
23-11-2024,P107,Home,659.3,480.13,5,0,0.0,302,627.16,Normal,Saturday,0.0,,32.139999999999986
23-11-2024,P108,Home,820.8,689.1,5,1,820.8,216,839.13,Normal,Saturday,131.69999999999993,0.16045321637426893,-18.33000000000004
23-11-2024,P109,Fashion,1324.0,1022.35,0,0,0.0,256,1277.33,Sale,Saturday,0.0,,46.67000000000007
23-11-2024,P110,Fashion,1237.0,876.41,0,4,4948.0,112,1234.38,Normal,Saturday,1442.3600000000001,0.2915036378334681,2.619999999999891
23-11-2024,P111,Fashion,303.3,251.84,10,1,303.3,264,290.87,Normal,Saturday,51.46000000000001,0.16966699637322785,12.430000000000007
23-11-2024,P112,Fashion,616.0,479.95,0,4,2464.0,194,586.01,Normal,Saturday,544.2,0.22086038961038962,29.99000000000001
23-11-2024,P113,Electronics,1098.0,749.35,0,0,0.0,203,1112.55,Normal,Saturday,0.0,,-14.549999999999955
23-11-2024,P114,Sports,586.0,424.96,0,2,1172.0,174,590.31,Holiday,Saturday,322.08000000000004,0.2748122866894198,-4.309999999999945
23-11-2024,P115,Fashion,341.0,249.86,0,3,1023.0,93,339.46,Normal,Saturday,273.41999999999996,0.2672727272727272,1.5400000000000205
23-11-2024,P116,Electronics,1239.75,941.78,5,0,0.0,423,1205.78,Normal,Saturday,0.0,,33.97000000000003
23-11-2024,P117,Electronics,937.0,733.04,0,0,0.0,428,918.09,Normal,Saturday,0.0,,18.909999999999968
23-11-2024,P118,Home,781.0,595.63,0,3,2343.0,420,798.13,Holiday,Saturday,556.1100000000001,0.23734955185659418,-17.129999999999995
23-11-2024,P119,Fashion,205.0,143.58,0,3,615.0,99,209.31,Normal,Saturday,184.26,0.29960975609756096,-4.310000000000002
24-11-2024,P100,Electronics,895.0,703.56,0,0,0.0,420,861.28,Normal,Sunday,0.0,,33.72000000000003
24-11-2024,P101,Home,1086.0,830.09,0,3,3258.0,92,1051.21,Normal,Sunday,767.73,0.23564456721915286,34.789999999999964
24-11-2024,P102,Electronics,491.4,401.81,10,0,0.0,346,490.02,Holiday,Sunday,0.0,,1.3799999999999955
24-11-2024,P103,Home,955.0,756.95,0,0,0.0,406,998.48,Normal,Sunday,0.0,,-43.48000000000002
24-11-2024,P104,Electronics,1120.05,709.27,5,0,0.0,490,1129.81,Normal,Sunday,0.0,,-9.759999999999991
24-11-2024,P105,Home,790.4,507.72,5,0,0.0,188,812.09,Normal,Sunday,0.0,,-21.690000000000055
24-11-2024,P106,Sports,661.0,424.93,0,0,0.0,378,693.09,Festival,Sunday,0.0,,-32.09000000000003
24-11-2024,P107,Sports,1454.0,1130.31,0,5,7270.0,146,1525.15,Normal,Sunday,1618.4500000000007,0.2226203576341129,-71.15000000000009
24-11-2024,P108,Sports,354.0,264.42,0,7,2478.0,368,343.21,Holiday,Sunday,627.06,0.25305084745762707,10.79000000000002
24-11-2024,P109,Fashion,921.6,768.93,10,1,921.6,116,963.58,Holiday,Sunday,152.67000000000007,0.1656575520833334,-41.98000000000002
24-11-2024,P110,Home,928.0,645.54,0,6,5568.0,466,910.68,Festival,Sunday,1694.7600000000002,0.30437500000000006,17.32000000000005
24-11-2024,P111,Home,742.5,508.82,10,0,0.0,29,773.7,Sale,Sunday,0.0,,-31.200000000000045
24-11-2024,P112,Electronics,1384.15,1032.21,5,0,0.0,439,1436.65,Normal,Sunday,0.0,,-52.5
24-11-2024,P113,Fashion,909.0,627.02,10,1,909.0,124,872.03,Normal,Sunday,281.98,0.31020902090209024,36.97000000000003
24-11-2024,P114,Home,600.1,498.83,15,2,1200.2,336,608.22,Festival,Sunday,202.54000000000008,0.1687552074654225,-8.120000000000005
24-11-2024,P115,Electronics,568.8,485.91,10,4,2275.2,66,581.82,Normal,Sunday,331.5599999999997,0.1457278481012657,-13.020000000000095
24-11-2024,P116,Sports,772.2,603.01,10,0,0.0,423,770.51,Normal,Sunday,0.0,,1.6900000000000546
24-11-2024,P117,Sports,377.0,290.86,0,3,1131.0,119,372.09,Festival,Sunday,258.41999999999996,0.22848806366047741,4.910000000000025
24-11-2024,P118,Sports,592.2,428.76,10,4,2368.8,444,608.41,Festival,Sunday,653.7600000000002,0.2759878419452888,-16.209999999999923
24-11-2024,P119,Electronics,1194.0,858.35,0,3,3582.0,410,1206.16,Holiday,Sunday,1006.9499999999998,0.28111390284757115,-12.160000000000082
25-11-2024,P100,Electronics,580.0,360.83,0,0,0.0,371,587.05,Sale,Monday,0.0,,-7.0499999999999545
25-11-2024,P101,Electronics,455.0,342.52,0,2,910.0,47,443.0,Festival,Monday,224.96000000000004,0.24720879120879125,12.0
25-11-2024,P102,Home,1414.0,985.68,0,0,0.0,463,1365.23,Sale,Monday,0.0,,48.76999999999998
25-11-2024,P103,Electronics,884.85,749.34,15,0,0.0,462,908.35,Normal,Monday,0.0,,-23.5
25-11-2024,P104,Home,1203.0,791.44,0,0,0.0,169,1227.05,Normal,Monday,0.0,,-24.049999999999955
25-11-2024,P105,Home,925.65,763.45,15,0,0.0,259,893.04,Normal,Monday,0.0,,32.610000000000014
25-11-2024,P106,Home,839.8,689.7,5,1,839.8,346,825.91,Normal,Monday,150.0999999999999,0.17873303167420804,13.889999999999986
25-11-2024,P107,Sports,1444.0,1154.81,0,2,2888.0,226,1506.86,Normal,Monday,578.3800000000001,0.2002700831024931,-62.8599999999999
25-11-2024,P108,Electronics,1292.4,990.86,10,0,0.0,488,1345.63,Normal,Monday,0.0,,-53.23000000000002
25-11-2024,P109,Sports,1275.85,957.69,5,0,0.0,361,1222.6,Holiday,Monday,0.0,,53.25
25-11-2024,P110,Electronics,964.0,642.28,0,0,0.0,486,966.05,Normal,Monday,0.0,,-2.0499999999999545
25-11-2024,P111,Fashion,392.35,257.93,5,6,2354.1,263,387.08,Festival,Monday,806.52,0.3426022683828215,5.270000000000039
25-11-2024,P112,Home,443.0,313.04,0,2,886.0,223,458.15,Festival,Monday,259.91999999999996,0.29336343115124147,-15.149999999999977
25-11-2024,P113,Electronics,431.1,324.45,10,6,2586.6,254,452.19,Normal,Monday,639.9000000000001,0.24739039665970777,-21.089999999999975
25-11-2024,P114,Electronics,252.0,173.7,0,3,756.0,454,264.3,Sale,Monday,234.9000000000001,0.31071428571428583,-12.300000000000011
25-11-2024,P115,Fashion,837.9,557.18,5,3,2513.7,212,797.52,Normal,Monday,842.1599999999999,0.3350280463062418,40.379999999999995
25-11-2024,P116,Electronics,500.65,411.67,5,4,2002.6,116,477.35,Normal,Monday,355.91999999999985,0.17772895236192943,23.299999999999955
25-11-2024,P117,Fashion,1415.0,877.96,0,1,1415.0,322,1400.16,Normal,Monday,537.04,0.3795335689045936,14.839999999999918
25-11-2024,P118,Fashion,488.3,388.86,5,1,488.3,414,474.0,Holiday,Monday,99.44,0.2036453000204792,14.300000000000011
25-11-2024,P119,Home,917.1,695.26,10,0,0.0,337,889.86,Normal,Monday,0.0,,27.24000000000001
26-11-2024,P100,Electronics,499.0,368.02,0,5,2495.0,262,515.77,Normal,Tuesday,654.9000000000001,0.2624849699398798,-16.769999999999982
26-11-2024,P101,Fashion,1131.0,687.12,0,3,3393.0,79,1127.26,Normal,Tuesday,1331.6399999999999,0.3924668435013262,3.740000000000009
26-11-2024,P102,Fashion,1105.0,799.54,15,1,1105.0,51,1097.61,Normal,Tuesday,305.46000000000004,0.2764343891402715,7.3900000000001
26-11-2024,P103,Home,741.0,505.34,0,1,741.0,232,705.75,Normal,Tuesday,235.66000000000003,0.31802968960863703,35.25
26-11-2024,P104,Electronics,570.0,452.07,0,1,570.0,64,545.64,Normal,Tuesday,117.93,0.20689473684210527,24.360000000000014
26-11-2024,P105,Home,1025.1,746.19,10,0,0.0,145,993.31,Normal,Tuesday,0.0,,31.789999999999964
26-11-2024,P106,Electronics,490.5,364.3,10,1,490.5,67,508.84,Holiday,Tuesday,126.19999999999999,0.2572884811416921,-18.339999999999975
26-11-2024,P107,Sports,1310.4,1087.77,10,0,0.0,478,1271.63,Normal,Tuesday,0.0,,38.76999999999998
26-11-2024,P108,Sports,1158.3,789.81,10,1,1158.3,58,1146.87,Holiday,Tuesday,368.49,0.3181300181300182,11.430000000000064
26-11-2024,P109,Sports,1332.0,981.19,10,0,0.0,409,1339.02,Normal,Tuesday,0.0,,-7.019999999999982
26-11-2024,P110,Home,632.7,432.39,5,3,1898.1,495,603.81,Festival,Tuesday,600.9299999999998,0.3165955429113323,28.8900000000001
26-11-2024,P111,Fashion,1246.0,761.26,0,0,0.0,211,1250.31,Normal,Tuesday,0.0,,-4.309999999999945
26-11-2024,P112,Sports,211.0,162.32,0,7,1477.0,396,212.01,Holiday,Tuesday,340.76,0.23071090047393364,-1.009999999999991
26-11-2024,P113,Electronics,376.0,250.79,0,1,376.0,194,369.1,Sale,Tuesday,125.21000000000001,0.3330053191489362,6.899999999999977
26-11-2024,P114,Fashion,361.0,217.73,0,2,722.0,197,347.06,Sale,Tuesday,286.54,0.3968698060941829,13.939999999999998
26-11-2024,P115,Electronics,487.35,350.95,5,0,0.0,76,482.77,Festival,Tuesday,0.0,,4.580000000000041
26-11-2024,P116,Electronics,251.0,171.06,0,3,753.0,299,263.18,Normal,Tuesday,239.81999999999994,0.3184860557768923,-12.180000000000007
26-11-2024,P117,Electronics,1329.0,996.86,0,2,2658.0,160,1284.81,Sale,Tuesday,664.28,0.24991723100075244,44.190000000000055
26-11-2024,P118,Fashion,893.7,781.11,10,2,1787.4,71,874.76,Normal,Tuesday,225.18000000000006,0.1259818731117825,18.940000000000055
26-11-2024,P119,Electronics,408.0,308.36,0,4,1632.0,348,425.08,Normal,Tuesday,398.55999999999995,0.24421568627450976,-17.079999999999984
27-11-2024,P100,Electronics,1150.9,1064.61,15,0,0.0,262,1095.24,Holiday,Wednesday,0.0,,55.66000000000008
27-11-2024,P101,Fashion,745.75,579.51,5,1,745.75,233,757.46,Holiday,Wednesday,166.24,0.22291652698625547,-11.710000000000036
27-11-2024,P102,Fashion,1126.8,858.65,10,0,0.0,337,1149.48,Normal,Wednesday,0.0,,-22.680000000000064
27-11-2024,P103,Electronics,424.65,285.76,5,5,2123.25,97,410.96,Festival,Wednesday,694.45,0.3270693512304251,13.689999999999998
27-11-2024,P104,Electronics,539.1,382.31,10,0,0.0,63,520.7,Normal,Wednesday,0.0,,18.399999999999977
27-11-2024,P105,Fashion,579.7,416.84,15,1,579.7,190,599.65,Normal,Wednesday,162.86000000000007,0.2809384164222875,-19.949999999999932
27-11-2024,P106,Fashion,350.55,235.99,5,2,701.1,492,333.35,Normal,Wednesday,229.12,0.3268007416916274,17.19999999999999
27-11-2024,P107,Sports,915.8,740.15,5,0,0.0,404,907.7,Normal,Wednesday,0.0,,8.099999999999909
27-11-2024,P108,Home,659.7,572.7,10,4,2638.8,217,677.83,Sale,Wednesday,348.0,0.1318781264211005,-18.129999999999995
27-11-2024,P109,Electronics,1152.0,797.21,10,0,0.0,85,1158.59,Normal,Wednesday,0.0,,-6.589999999999918
27-11-2024,P110,Fashion,712.0,441.94,0,5,3560.0,245,686.18,Normal,Wednesday,1350.3000000000002,0.3792977528089888,25.82000000000005
27-11-2024,P111,Home,1228.35,920.58,5,0,0.0,418,1210.14,Normal,Wednesday,0.0,,18.20999999999981
27-11-2024,P112,Home,1372.0,919.06,0,0,0.0,384,1324.75,Normal,Wednesday,0.0,,47.25
27-11-2024,P113,Sports,1091.0,693.95,0,0,0.0,335,1054.38,Normal,Wednesday,0.0,,36.61999999999989
27-11-2024,P114,Electronics,254.7,220.45,10,6,1528.2,253,247.03,Normal,Wednesday,205.50000000000023,0.13447192775814698,7.6699999999999875
27-11-2024,P115,Sports,362.9,285.42,5,2,725.8,429,360.31,Normal,Wednesday,154.95999999999992,0.21350234224304207,2.589999999999975
27-11-2024,P116,Home,810.35,568.2,5,3,2431.05,236,837.77,Normal,Wednesday,726.45,0.29882149688406245,-27.41999999999996
27-11-2024,P117,Sports,296.4,194.27,5,2,592.8,243,284.03,Holiday,Wednesday,204.25999999999993,0.34456815114709843,12.370000000000005
27-11-2024,P118,Electronics,869.25,676.32,5,4,3477.0,31,878.89,Normal,Wednesday,771.7199999999998,0.22194995685936147,-9.639999999999986
27-11-2024,P119,Home,1224.0,925.27,10,2,2448.0,250,1191.44,Normal,Wednesday,597.46,0.2440604575163399,32.559999999999945
28-11-2024,P100,Sports,311.0,218.93,0,7,2177.0,23,310.54,Festival,Thursday,644.49,0.29604501607717043,0.45999999999997954
28-11-2024,P101,Electronics,679.0,500.91,0,0,0.0,95,662.66,Normal,Thursday,0.0,,16.340000000000032
28-11-2024,P102,Electronics,783.7,689.71,15,0,0.0,344,779.73,Sale,Thursday,0.0,,3.9700000000000273
28-11-2024,P103,Electronics,1218.9,996.09,15,1,1218.9,256,1183.01,Holiday,Thursday,222.81000000000006,0.18279596357371403,35.8900000000001
28-11-2024,P104,Sports,1101.0,754.56,0,0,0.0,60,1129.52,Sale,Thursday,0.0,,-28.519999999999982
28-11-2024,P105,Fashion,1341.0,1147.82,10,0,0.0,337,1324.16,Sale,Thursday,0.0,,16.839999999999918
28-11-2024,P106,Fashion,1366.1,1017.34,5,3,4098.3,344,1324.83,Sale,Thursday,1046.2800000000002,0.2552960983822561,41.26999999999998
28-11-2024,P107,Sports,338.4,249.05,10,2,676.8,285,353.87,Normal,Thursday,178.69999999999993,0.26403664302600466,-15.470000000000027
28-11-2024,P108,Electronics,1065.9,894.28,15,0,0.0,204,1081.05,Holiday,Thursday,0.0,,-15.149999999999864
28-11-2024,P109,Fashion,633.0,417.83,0,1,633.0,164,623.39,Normal,Thursday,215.17000000000002,0.33992101105845185,9.610000000000014
28-11-2024,P110,Electronics,710.0,464.68,0,4,2840.0,158,703.95,Normal,Thursday,981.28,0.34552112676056335,6.0499999999999545
28-11-2024,P111,Fashion,911.0,690.08,0,0,0.0,303,933.77,Normal,Thursday,0.0,,-22.769999999999982
28-11-2024,P112,Electronics,1239.0,833.16,0,2,2478.0,33,1263.64,Normal,Thursday,811.6800000000001,0.3275544794188862,-24.6400000000001
28-11-2024,P113,Home,1332.0,1028.61,0,0,0.0,441,1369.5,Normal,Thursday,0.0,,-37.5
28-11-2024,P114,Electronics,418.0,279.85,0,0,0.0,119,414.84,Festival,Thursday,0.0,,3.160000000000025
28-11-2024,P115,Home,246.0,149.17,0,6,1476.0,196,253.13,Normal,Thursday,580.98,0.3936178861788618,-7.1299999999999955
28-11-2024,P116,Fashion,813.45,717.68,15,5,4067.25,30,812.02,Festival,Thursday,478.85000000000036,0.11773311205359896,1.4300000000000637
28-11-2024,P117,Sports,259.2,199.19,10,3,777.6,415,250.45,Sale,Thursday,180.0300000000001,0.23152006172839518,8.75
28-11-2024,P118,Fashion,950.95,696.04,5,3,2852.85,211,951.76,Normal,Thursday,764.73,0.26805825753194173,-0.8099999999999454
28-11-2024,P119,Sports,741.0,598.21,5,0,0.0,126,759.22,Normal,Thursday,0.0,,-18.220000000000027
29-11-2024,P100,Sports,1361.0,969.23,0,1,1361.0,87,1323.27,Sale,Friday,391.77,0.28785451873622336,37.73000000000002
29-11-2024,P101,Fashion,642.6,523.74,10,1,642.6,257,659.1,Normal,Friday,118.86000000000001,0.18496732026143792,-16.5
29-11-2024,P102,Sports,827.05,672.64,15,0,0.0,231,826.25,Normal,Friday,0.0,,0.7999999999999545
29-11-2024,P103,Sports,1026.0,819.64,0,0,0.0,229,1023.37,Holiday,Friday,0.0,,2.6299999999999955
29-11-2024,P104,Sports,1079.2,771.37,5,0,0.0,426,1085.69,Sale,Friday,0.0,,-6.490000000000009
29-11-2024,P105,Sports,409.45,280.82,5,1,409.45,131,417.92,Festival,Friday,128.63,0.31415313225058006,-8.470000000000027
29-11-2024,P106,Electronics,1047.85,791.9,5,0,0.0,243,1078.21,Sale,Friday,0.0,,-30.360000000000127
29-11-2024,P107,Home,579.0,377.7,0,0,0.0,233,597.07,Normal,Friday,0.0,,-18.07000000000005
29-11-2024,P108,Fashion,883.0,553.32,0,1,883.0,156,842.88,Normal,Friday,329.67999999999995,0.3733635334088335,40.120000000000005
29-11-2024,P109,Home,866.0,666.51,0,1,866.0,30,859.12,Normal,Friday,199.49,0.2303579676674365,6.8799999999999955
29-11-2024,P110,Sports,996.3,691.73,10,0,0.0,135,971.02,Normal,Friday,0.0,,25.279999999999973
29-11-2024,P111,Home,460.75,304.34,5,1,460.75,67,472.9,Normal,Friday,156.41000000000003,0.3394682582745524,-12.149999999999977
29-11-2024,P112,Electronics,845.1,579.12,10,0,0.0,232,843.69,Normal,Friday,0.0,,1.4099999999999682
29-11-2024,P113,Electronics,1092.0,668.99,0,1,1092.0,80,1138.34,Normal,Friday,423.01,0.38737179487179485,-46.33999999999992
29-11-2024,P114,Sports,368.6,277.25,5,1,368.6,105,381.22,Sale,Friday,91.35000000000002,0.24782962561041785,-12.620000000000005
29-11-2024,P115,Electronics,1074.0,727.76,0,0,0.0,425,1035.83,Festival,Friday,0.0,,38.17000000000007
29-11-2024,P116,Sports,378.9,267.54,10,3,1136.7,223,396.64,Normal,Friday,334.0799999999999,0.2939034045922406,-17.74000000000001
29-11-2024,P117,Fashion,192.85,145.07,5,4,771.4,350,187.39,Sale,Friday,191.12,0.24775732434534614,5.460000000000008
29-11-2024,P118,Home,1412.0,879.31,0,0,0.0,454,1437.96,Normal,Friday,0.0,,-25.960000000000036
29-11-2024,P119,Electronics,677.0,477.22,0,2,1354.0,264,706.82,Holiday,Friday,399.55999999999995,0.295096011816839,-29.82000000000005
30-11-2024,P100,Home,1261.0,767.63,0,0,0.0,309,1281.64,Normal,Saturday,0.0,,-20.6400000000001
30-11-2024,P101,Electronics,558.6,461.27,5,0,0.0,175,531.23,Normal,Saturday,0.0,,27.370000000000005
30-11-2024,P102,Electronics,302.6,278.28,15,1,302.6,206,297.29,Normal,Saturday,24.32000000000005,0.08037012557832138,5.310000000000002
30-11-2024,P103,Fashion,960.3,824.72,10,0,0.0,283,932.49,Normal,Saturday,0.0,,27.809999999999945
30-11-2024,P104,Sports,380.0,269.27,0,3,1140.0,115,371.22,Normal,Saturday,332.19000000000005,0.2913947368421053,8.779999999999973
30-11-2024,P105,Fashion,723.0,575.1,0,0,0.0,472,753.34,Holiday,Saturday,0.0,,-30.340000000000032
30-11-2024,P106,Home,475.0,327.23,5,3,1425.0,128,489.44,Normal,Saturday,443.30999999999995,0.3110947368421052,-14.439999999999998
30-11-2024,P107,Fashion,1320.0,983.72,0,1,1320.0,180,1362.25,Normal,Saturday,336.28,0.25475757575757574,-42.25
30-11-2024,P108,Fashion,1368.95,1127.32,5,0,0.0,403,1392.02,Normal,Saturday,0.0,,-23.069999999999936
30-11-2024,P109,Fashion,787.1,628.13,15,0,0.0,306,775.8,Normal,Saturday,0.0,,11.300000000000068
30-11-2024,P110,Sports,943.5,723.58,15,4,3774.0,389,938.54,Normal,Saturday,879.6799999999998,0.23308956014838364,4.960000000000036
30-11-2024,P111,Home,872.1,768.05,10,2,1744.2,177,902.54,Sale,Saturday,208.10000000000014,0.11930971218896923,-30.43999999999994
30-11-2024,P112,Sports,976.0,638.28,0,4,3904.0,56,1020.17,Festival,Saturday,1350.88,0.34602459016393444,-44.16999999999996
30-11-2024,P113,Sports,535.5,409.38,10,0,0.0,412,560.2,Sale,Saturday,0.0,,-24.700000000000045
30-11-2024,P114,Home,509.4,358.76,10,4,2037.6,45,488.72,Normal,Saturday,602.56,0.2957204554377699,20.67999999999995
30-11-2024,P115,Fashion,821.0,522.79,0,4,3284.0,61,811.7,Sale,Saturday,1192.8400000000001,0.36322777101096226,9.299999999999955
30-11-2024,P116,Home,262.8,219.34,10,5,1314.0,165,251.57,Normal,Saturday,217.29999999999995,0.16537290715372904,11.230000000000018
30-11-2024,P117,Sports,1170.0,1032.09,10,2,2340.0,220,1119.13,Festival,Saturday,275.82000000000016,0.11787179487179494,50.86999999999989
30-11-2024,P118,Fashion,1169.45,865.95,5,2,2338.9,61,1210.63,Normal,Saturday,607.0,0.25952370772585404,-41.180000000000064
30-11-2024,P119,Sports,855.9,700.54,10,4,3423.6,198,881.32,Festival,Saturday,621.44,0.18151653230517587,-25.420000000000073
01-12-2024,P100,Fashion,617.0,387.64,0,0,0.0,207,604.76,Normal,Sunday,0.0,,12.240000000000009
01-12-2024,P101,Home,295.2,254.72,10,2,590.4,267,306.46,Normal,Sunday,80.95999999999998,0.13712737127371272,-11.259999999999991
01-12-2024,P102,Home,261.9,224.59,10,1,261.9,459,270.6,Normal,Sunday,37.309999999999974,0.1424589537991599,-8.700000000000045
01-12-2024,P103,Electronics,341.0,207.28,0,2,682.0,113,332.91,Sale,Sunday,267.44,0.3921407624633431,8.089999999999975
01-12-2024,P104,Sports,466.0,318.23,0,2,932.0,188,467.13,Festival,Sunday,295.53999999999996,0.31710300429184546,-1.1299999999999955
01-12-2024,P105,Fashion,1042.2,706.01,10,0,0.0,286,1062.05,Normal,Sunday,0.0,,-19.84999999999991
01-12-2024,P106,Fashion,520.6,400.79,5,1,520.6,63,517.86,Normal,Sunday,119.81,0.23013830195927776,2.740000000000009
01-12-2024,P107,Sports,633.0,471.67,0,6,3798.0,130,607.57,Normal,Sunday,967.98,0.2548657187993681,25.42999999999995
01-12-2024,P108,Fashion,506.7,343.07,10,0,0.0,422,528.7,Normal,Sunday,0.0,,-22.000000000000057
01-12-2024,P109,Fashion,1107.0,862.69,10,3,3321.0,53,1108.52,Normal,Sunday,732.9299999999998,0.22069557362240283,-1.5199999999999818
01-12-2024,P110,Sports,683.05,447.24,5,4,2732.2,47,672.22,Normal,Sunday,943.2399999999998,0.3452309494180513,10.829999999999927
01-12-2024,P111,Fashion,1257.0,762.86,0,0,0.0,457,1306.86,Normal,Sunday,0.0,,-49.8599999999999
01-12-2024,P112,Home,644.1,503.56,5,4,2576.4,418,646.06,Festival,Sunday,562.1600000000001,0.21819593230864776,-1.9599999999999227
01-12-2024,P113,Home,1392.0,1054.2,0,1,1392.0,95,1385.56,Normal,Sunday,337.79999999999995,0.24267241379310342,6.440000000000055
01-12-2024,P114,Sports,211.0,154.56,0,6,1266.0,348,204.03,Normal,Sunday,338.64,0.26748815165876777,6.969999999999999
01-12-2024,P115,Sports,997.5,752.23,5,0,0.0,327,1029.21,Normal,Sunday,0.0,,-31.710000000000036
01-12-2024,P116,Fashion,1300.5,968.66,10,0,0.0,412,1264.53,Normal,Sunday,0.0,,35.97000000000003
01-12-2024,P117,Home,864.0,720.85,10,0,0.0,226,829.82,Normal,Sunday,0.0,,34.17999999999995
01-12-2024,P118,Fashion,665.0,517.9,0,0,0.0,75,646.05,Normal,Sunday,0.0,,18.950000000000045
01-12-2024,P119,Electronics,1259.0,863.46,0,3,3777.0,26,1250.68,Festival,Sunday,1186.62,0.3141699761715647,8.319999999999936
02-12-2024,P100,Electronics,212.0,146.61,0,3,636.0,148,206.74,Normal,Monday,196.16999999999996,0.30844339622641503,5.259999999999991
02-12-2024,P101,Electronics,841.5,719.66,10,0,0.0,440,878.63,Sale,Monday,0.0,,-37.129999999999995
02-12-2024,P102,Fashion,1253.0,910.14,0,0,0.0,130,1278.1,Normal,Monday,0.0,,-25.09999999999991
02-12-2024,P103,Electronics,711.0,488.78,10,4,2844.0,37,734.94,Normal,Monday,888.8800000000001,0.31254571026722927,-23.940000000000055
02-12-2024,P104,Electronics,272.65,184.51,5,4,1090.6,97,271.44,Holiday,Monday,352.55999999999995,0.3232715936181918,1.2099999999999795
02-12-2024,P105,Fashion,1198.9,931.02,5,4,4795.6,415,1179.99,Sale,Monday,1071.5200000000004,0.2234381516390025,18.910000000000082
02-12-2024,P106,Fashion,426.0,293.04,0,4,1704.0,37,435.88,Festival,Monday,531.8399999999999,0.31211267605633797,-9.879999999999995
02-12-2024,P107,Home,300.6,248.27,10,5,1503.0,186,289.73,Normal,Monday,261.64999999999986,0.1740851630073186,10.870000000000005
02-12-2024,P108,Fashion,366.0,245.72,0,2,732.0,307,350.14,Normal,Monday,240.56,0.3286338797814208,15.860000000000014
02-12-2024,P109,Home,377.15,241.07,5,3,1131.45,124,380.48,Festival,Monday,408.24,0.3608113482699191,-3.330000000000041
02-12-2024,P110,Fashion,690.0,426.97,0,0,0.0,270,711.43,Sale,Monday,0.0,,-21.42999999999995
02-12-2024,P111,Electronics,235.0,150.18,0,1,235.0,161,246.2,Normal,Monday,84.82,0.3609361702127659,-11.199999999999989
02-12-2024,P112,Electronics,644.1,524.67,5,3,1932.3,239,665.13,Holiday,Monday,358.2900000000002,0.1854215183977644,-21.029999999999973
02-12-2024,P113,Fashion,424.0,305.7,0,0,0.0,333,433.97,Normal,Monday,0.0,,-9.970000000000027
02-12-2024,P114,Electronics,283.0,196.15,0,4,1132.0,26,292.85,Normal,Monday,347.4,0.3068904593639576,-9.850000000000023
02-12-2024,P115,Fashion,707.2,586.03,15,2,1414.4,20,703.62,Normal,Monday,242.34000000000015,0.171337669683258,3.580000000000041
02-12-2024,P116,Electronics,1184.4,815.34,10,1,1184.4,160,1219.2,Festival,Monday,369.06000000000006,0.3116008105369808,-34.799999999999955
02-12-2024,P117,Fashion,341.0,227.51,0,5,1705.0,22,354.37,Normal,Monday,567.45,0.3328152492668622,-13.370000000000005
02-12-2024,P118,Fashion,1187.0,807.15,0,4,4748.0,403,1208.25,Sale,Monday,1519.4,0.32000842459983153,-21.25
02-12-2024,P119,Electronics,859.5,705.52,10,3,2578.5,254,823.27,Normal,Monday,461.94000000000005,0.17915066899360096,36.23000000000002
03-12-2024,P100,Home,289.0,207.23,0,6,1734.0,127,299.14,Normal,Tuesday,490.6200000000001,0.2829411764705883,-10.139999999999986
03-12-2024,P101,Fashion,699.0,440.07,0,0,0.0,336,704.79,Normal,Tuesday,0.0,,-5.789999999999964
03-12-2024,P102,Electronics,1061.0,811.15,0,2,2122.0,451,1084.44,Normal,Tuesday,499.70000000000005,0.23548539114043357,-23.440000000000055
03-12-2024,P103,Sports,962.0,752.96,0,0,0.0,132,914.53,Normal,Tuesday,0.0,,47.47000000000003
03-12-2024,P104,Electronics,1353.0,1032.17,0,4,5412.0,398,1309.04,Sale,Tuesday,1283.3199999999997,0.23712490761271243,43.960000000000036
03-12-2024,P105,Sports,232.75,174.08,5,4,931.0,93,232.25,Normal,Tuesday,234.67999999999995,0.2520730397422126,0.5
03-12-2024,P106,Fashion,1130.5,1014.3,15,0,0.0,176,1182.97,Holiday,Tuesday,0.0,,-52.47000000000003
03-12-2024,P107,Electronics,1279.0,808.88,0,1,1279.0,175,1275.96,Normal,Tuesday,470.12,0.3675684128225176,3.0399999999999636
03-12-2024,P108,Electronics,1310.0,920.05,0,0,0.0,406,1347.94,Festival,Tuesday,0.0,,-37.940000000000055
03-12-2024,P109,Sports,664.0,400.97,0,3,1992.0,179,645.42,Normal,Tuesday,789.0899999999999,0.39612951807228913,18.58000000000004
03-12-2024,P110,Sports,1376.0,925.33,0,2,2752.0,376,1382.47,Festival,Tuesday,901.3399999999999,0.32752180232558137,-6.470000000000027
03-12-2024,P111,Electronics,1036.15,744.73,15,0,0.0,365,1046.5,Normal,Tuesday,0.0,,-10.349999999999909
03-12-2024,P112,Sports,536.0,338.37,0,4,2144.0,426,529.51,Normal,Tuesday,790.52,0.36871268656716416,6.490000000000009
03-12-2024,P113,Sports,753.0,571.07,0,2,1506.0,315,740.28,Normal,Tuesday,363.8599999999999,0.2416069057104913,12.720000000000027
03-12-2024,P114,Sports,872.0,685.54,0,4,3488.0,352,908.6,Sale,Tuesday,745.8400000000001,0.21383027522935785,-36.60000000000002
03-12-2024,P115,Sports,1196.8,900.68,15,0,0.0,340,1189.8,Normal,Tuesday,0.0,,7.0
03-12-2024,P116,Electronics,1233.0,959.88,10,0,0.0,82,1193.92,Normal,Tuesday,0.0,,39.07999999999993
03-12-2024,P117,Electronics,1155.6,1009.56,10,1,1155.6,20,1175.32,Normal,Tuesday,146.03999999999996,0.12637590861889925,-19.720000000000027
03-12-2024,P118,Home,1224.9,822.77,10,0,0.0,495,1272.16,Sale,Tuesday,0.0,,-47.25999999999999
03-12-2024,P119,Home,720.0,520.44,0,2,1440.0,384,733.34,Festival,Tuesday,399.1199999999999,0.2771666666666666,-13.340000000000032
04-12-2024,P100,Electronics,948.0,607.62,0,3,2844.0,474,992.98,Normal,Wednesday,1021.1399999999999,0.3590506329113924,-44.98000000000002
04-12-2024,P101,Electronics,1259.0,766.22,0,0,0.0,407,1245.15,Normal,Wednesday,0.0,,13.849999999999909
04-12-2024,P102,Sports,1207.8,837.45,10,2,2415.6,374,1235.59,Festival,Wednesday,740.6999999999998,0.3066318926974664,-27.789999999999964
04-12-2024,P103,Home,1250.1,1007.99,10,3,3750.3,323,1255.76,Festival,Wednesday,726.3299999999999,0.19367250619950402,-5.660000000000082
04-12-2024,P104,Electronics,706.0,472.31,0,0,0.0,418,719.71,Normal,Wednesday,0.0,,-13.710000000000036
04-12-2024,P105,Home,373.0,234.86,0,2,746.0,60,369.19,Normal,Wednesday,276.28,0.37034852546916885,3.8100000000000023
04-12-2024,P106,Fashion,1040.0,723.87,0,0,0.0,114,1014.49,Sale,Wednesday,0.0,,25.50999999999999
04-12-2024,P107,Sports,679.0,504.2,0,4,2716.0,450,671.6,Normal,Wednesday,699.2,0.2574374079528719,7.399999999999977
04-12-2024,P108,Sports,1325.25,930.37,5,0,0.0,487,1280.89,Normal,Wednesday,0.0,,44.3599999999999
04-12-2024,P109,Fashion,1095.0,714.78,0,0,0.0,349,1068.7,Normal,Wednesday,0.0,,26.299999999999955
04-12-2024,P110,Electronics,994.65,755.67,5,0,0.0,77,1001.68,Normal,Wednesday,0.0,,-7.029999999999973
04-12-2024,P111,Home,1037.4,667.84,5,2,2074.8,425,1067.97,Sale,Wednesday,739.1200000000001,0.35623674571042996,-30.569999999999936
04-12-2024,P112,Home,855.0,586.87,0,0,0.0,43,892.0,Sale,Wednesday,0.0,,-37.0
04-12-2024,P113,Sports,677.45,537.87,15,0,0.0,121,677.14,Normal,Wednesday,0.0,,0.3100000000000591
04-12-2024,P114,Fashion,433.0,281.06,0,4,1732.0,44,435.64,Sale,Wednesday,607.76,0.3509006928406466,-2.6399999999999864
04-12-2024,P115,Home,840.0,593.08,0,1,840.0,222,879.17,Normal,Wednesday,246.91999999999996,0.2939523809523809,-39.16999999999996
04-12-2024,P116,Fashion,912.0,581.6,5,0,0.0,67,900.22,Normal,Wednesday,0.0,,11.779999999999973
04-12-2024,P117,Fashion,1064.95,875.45,5,2,2129.9,475,1034.32,Normal,Wednesday,379.0,0.17794262641438566,30.63000000000011
04-12-2024,P118,Fashion,1143.25,1020.71,15,0,0.0,451,1164.15,Normal,Wednesday,0.0,,-20.90000000000009
04-12-2024,P119,Fashion,1294.0,943.56,0,0,0.0,180,1351.42,Festival,Wednesday,0.0,,-57.42000000000007
05-12-2024,P100,Sports,1277.0,983.65,0,0,0.0,153,1255.9,Normal,Thursday,0.0,,21.09999999999991
05-12-2024,P101,Electronics,1035.0,748.88,0,1,1035.0,317,1040.19,Normal,Thursday,286.12,0.27644444444444444,-5.190000000000055
05-12-2024,P102,Electronics,733.0,568.9,0,0,0.0,488,709.56,Sale,Thursday,0.0,,23.440000000000055
05-12-2024,P103,Sports,950.0,721.89,5,1,950.0,44,905.48,Sale,Thursday,228.11,0.24011578947368423,44.51999999999998
05-12-2024,P104,Sports,1271.1,847.89,5,0,0.0,167,1300.23,Normal,Thursday,0.0,,-29.13000000000011
05-12-2024,P105,Home,361.95,233.05,5,3,1085.85,76,379.51,Sale,Thursday,386.6999999999998,0.356126536814477,-17.560000000000002
05-12-2024,P106,Sports,1220.0,814.9,0,0,0.0,442,1217.06,Normal,Thursday,0.0,,2.9400000000000546
05-12-2024,P107,Fashion,694.45,578.38,15,1,694.45,237,686.75,Festival,Thursday,116.07000000000005,0.16713946288429699,7.7000000000000455
05-12-2024,P108,Fashion,792.0,654.67,10,1,792.0,103,753.95,Festival,Thursday,137.33000000000004,0.1733964646464647,38.049999999999955
05-12-2024,P109,Fashion,1335.7,998.7,5,3,4007.1,492,1306.59,Festival,Thursday,1010.9999999999995,0.25230216365950425,29.110000000000127
05-12-2024,P110,Sports,450.9,342.89,10,4,1803.6,109,458.41,Normal,Thursday,432.03999999999996,0.23954313595032156,-7.510000000000048
05-12-2024,P111,Fashion,379.05,316.44,5,3,1137.15,239,375.72,Holiday,Thursday,187.83000000000015,0.16517609814008719,3.329999999999984
05-12-2024,P112,Electronics,570.6,381.9,10,0,0.0,196,581.82,Normal,Thursday,0.0,,-11.220000000000027
05-12-2024,P113,Home,358.0,256.64,0,6,2148.0,384,353.25,Festival,Thursday,608.1600000000001,0.2831284916201118,4.75
05-12-2024,P114,Fashion,742.9,495.34,5,4,2971.6,288,750.5,Normal,Thursday,990.24,0.3332346210795531,-7.600000000000023
05-12-2024,P115,Home,1219.0,907.62,0,0,0.0,477,1274.84,Normal,Thursday,0.0,,-55.83999999999992
05-12-2024,P116,Fashion,1308.6,918.31,10,0,0.0,53,1357.09,Sale,Thursday,0.0,,-48.49000000000001
05-12-2024,P117,Sports,197.1,149.18,10,7,1379.7,455,204.88,Normal,Thursday,335.44000000000005,0.24312531709791987,-7.780000000000001
05-12-2024,P118,Fashion,462.0,306.56,0,4,1848.0,152,468.47,Normal,Thursday,621.76,0.33645021645021644,-6.470000000000027
05-12-2024,P119,Electronics,992.0,704.65,0,0,0.0,48,958.31,Normal,Thursday,0.0,,33.690000000000055
06-12-2024,P100,Fashion,761.0,560.17,0,0,0.0,154,724.12,Normal,Friday,0.0,,36.879999999999995
06-12-2024,P101,Sports,1423.0,1082.86,0,1,1423.0,495,1414.84,Normal,Friday,340.1400000000001,0.23903021784961356,8.160000000000082
06-12-2024,P102,Fashion,1216.0,909.77,0,0,0.0,23,1194.28,Festival,Friday,0.0,,21.720000000000027
06-12-2024,P103,Fashion,867.0,607.39,0,3,2601.0,121,892.66,Festival,Friday,778.8299999999999,0.299434832756632,-25.659999999999968
06-12-2024,P104,Sports,248.0,172.92,0,9,2232.0,66,256.3,Sale,Friday,675.72,0.30274193548387096,-8.300000000000011
06-12-2024,P105,Electronics,867.6,595.24,10,2,1735.2,431,873.96,Normal,Friday,544.72,0.3139234670355002,-6.360000000000014
06-12-2024,P106,Sports,675.45,498.73,5,1,675.45,454,657.57,Sale,Friday,176.72000000000003,0.26163298541712937,17.879999999999995
06-12-2024,P107,Electronics,783.9,634.94,10,2,1567.8,132,798.91,Normal,Friday,297.91999999999985,0.19002423778543173,-15.009999999999991
06-12-2024,P108,Sports,831.0,642.51,0,1,831.0,250,872.28,Festival,Friday,188.49,0.2268231046931408,-41.27999999999997
06-12-2024,P109,Sports,307.8,201.85,5,2,615.6,217,299.01,Normal,Friday,211.90000000000003,0.3442170240415855,8.79000000000002
06-12-2024,P110,Fashion,1384.0,967.21,0,0,0.0,182,1335.89,Sale,Friday,0.0,,48.1099999999999
06-12-2024,P111,Electronics,1038.0,766.53,0,0,0.0,30,1066.52,Normal,Friday,0.0,,-28.519999999999982
06-12-2024,P112,Electronics,421.2,329.94,10,3,1263.6,271,431.15,Normal,Friday,273.78,0.21666666666666667,-9.949999999999989
06-12-2024,P113,Home,962.35,771.04,5,3,2887.05,372,990.1,Festival,Friday,573.9300000000003,0.19879461734296264,-27.75
06-12-2024,P114,Electronics,215.05,187.39,15,0,0.0,255,213.01,Normal,Friday,0.0,,2.0400000000000205
06-12-2024,P115,Electronics,1141.0,689.19,0,2,2282.0,327,1127.86,Normal,Friday,903.6199999999999,0.39597721297107796,13.1400000000001
06-12-2024,P116,Home,400.9,277.19,5,4,1603.6,331,406.92,Normal,Friday,494.8399999999999,0.3085806934397605,-6.020000000000039
06-12-2024,P117,Sports,1164.6,1030.15,10,4,4658.4,350,1140.38,Normal,Friday,537.7999999999993,0.1154473639017687,24.2199999999998
06-12-2024,P118,Home,1082.0,687.4,0,4,4328.0,368,1031.32,Sale,Friday,1578.4,0.3646950092421442,50.680000000000064
06-12-2024,P119,Sports,539.75,403.16,15,5,2698.75,35,537.52,Normal,Friday,682.9499999999998,0.25306160259379334,2.230000000000018
07-12-2024,P100,Electronics,785.0,531.79,0,0,0.0,320,779.35,Normal,Saturday,0.0,,5.649999999999977
07-12-2024,P101,Electronics,215.0,133.85,0,6,1290.0,339,216.33,Normal,Saturday,486.9000000000001,0.37744186046511635,-1.3300000000000125
07-12-2024,P102,Home,890.8,774.84,15,0,0.0,483,914.21,Sale,Saturday,0.0,,-23.410000000000082
07-12-2024,P103,Sports,224.4,162.24,15,5,1122.0,438,216.05,Sale,Saturday,310.79999999999995,0.27700534759358286,8.349999999999994
07-12-2024,P104,Fashion,439.85,363.27,5,2,879.7,313,453.03,Normal,Saturday,153.16000000000008,0.17410480845742876,-13.17999999999995
07-12-2024,P105,Home,1479.0,985.56,0,0,0.0,367,1511.25,Festival,Saturday,0.0,,-32.25
07-12-2024,P106,Electronics,1090.0,853.44,0,0,0.0,478,1100.62,Normal,Saturday,0.0,,-10.61999999999989
07-12-2024,P107,Sports,794.2,530.57,5,1,794.2,481,808.31,Normal,Saturday,263.63,0.33194409468647695,-14.1099999999999
07-12-2024,P108,Electronics,410.0,280.5,0,2,820.0,290,398.84,Normal,Saturday,259.0,0.31585365853658537,11.160000000000025
07-12-2024,P109,Electronics,431.3,278.82,5,2,862.6,263,430.67,Normal,Saturday,304.96000000000004,0.3535358219336889,0.6299999999999955
07-12-2024,P110,Electronics,567.9,448.58,10,1,567.9,169,561.49,Normal,Saturday,119.32,0.21010741327698537,6.409999999999968
07-12-2024,P111,Home,1028.0,704.99,0,0,0.0,247,1070.51,Holiday,Saturday,0.0,,-42.50999999999999
07-12-2024,P112,Electronics,880.0,586.53,0,4,3520.0,59,908.25,Normal,Saturday,1173.88,0.3334886363636364,-28.25
07-12-2024,P113,Electronics,1158.0,763.08,0,2,2316.0,228,1160.46,Holiday,Saturday,789.8399999999999,0.3410362694300518,-2.4600000000000364
07-12-2024,P114,Sports,777.0,593.81,0,4,3108.0,442,777.48,Festival,Saturday,732.7600000000002,0.23576576576576583,-0.4800000000000182
07-12-2024,P115,Fashion,1098.0,777.53,0,3,3294.0,365,1092.16,Holiday,Saturday,961.4099999999999,0.29186703096539157,5.839999999999918
07-12-2024,P116,Sports,1136.0,829.87,0,4,4544.0,190,1122.86,Sale,Saturday,1224.52,0.2694806338028169,13.1400000000001
07-12-2024,P117,Sports,816.0,547.26,0,2,1632.0,101,822.71,Normal,Saturday,537.48,0.32933823529411765,-6.710000000000036
07-12-2024,P118,Sports,829.0,581.53,0,0,0.0,46,835.0,Sale,Saturday,0.0,,-6.0
07-12-2024,P119,Fashion,1464.0,898.07,0,0,0.0,440,1528.51,Holiday,Saturday,0.0,,-64.50999999999999
08-12-2024,P100,Fashion,1205.0,744.76,0,4,4820.0,245,1254.78,Holiday,Sunday,1840.96,0.38194190871369293,-49.77999999999997
08-12-2024,P101,Electronics,1307.0,893.47,0,5,6535.0,356,1254.66,Normal,Sunday,2067.6499999999996,0.31639632746748275,52.33999999999992
08-12-2024,P102,Sports,284.4,228.27,10,4,1137.6,157,274.54,Normal,Sunday,224.51999999999987,0.19736286919831214,9.859999999999957
08-12-2024,P103,Electronics,229.5,169.69,15,7,1606.5,189,218.27,Festival,Sunday,418.6700000000001,0.2606100217864924,11.22999999999999
08-12-2024,P104,Electronics,1226.0,787.82,0,3,3678.0,153,1254.49,Festival,Sunday,1314.54,0.3574061990212072,-28.49000000000001
08-12-2024,P105,Electronics,1130.0,864.81,0,1,1130.0,345,1082.22,Normal,Sunday,265.19000000000005,0.23468141592920358,47.77999999999997
08-12-2024,P106,Electronics,1085.85,741.49,5,0,0.0,113,1136.92,Normal,Sunday,0.0,,-51.070000000000164
08-12-2024,P107,Fashion,624.0,470.63,0,1,624.0,132,616.07,Normal,Sunday,153.37,0.24578525641025642,7.92999999999995
08-12-2024,P108,Home,1152.0,900.39,0,2,2304.0,351,1198.01,Normal,Sunday,503.22,0.21841145833333334,-46.00999999999999
08-12-2024,P109,Sports,1187.45,1087.74,15,0,0.0,405,1208.72,Festival,Sunday,0.0,,-21.269999999999982
08-12-2024,P110,Home,1248.3,823.55,5,3,3744.9,240,1277.4,Sale,Sunday,1274.2500000000005,0.3402627573499961,-29.100000000000136
08-12-2024,P111,Sports,1467.0,1169.37,0,2,2934.0,261,1467.54,Sale,Sunday,595.2600000000002,0.20288343558282215,-0.5399999999999636
08-12-2024,P112,Electronics,912.0,550.72,0,0,0.0,283,886.86,Normal,Sunday,0.0,,25.139999999999986
08-12-2024,P113,Sports,1120.5,977.09,10,3,3361.5,282,1070.1,Normal,Sunday,430.23,0.12798750557786703,50.40000000000009
08-12-2024,P114,Electronics,248.9,190.98,5,4,995.6,249,238.89,Normal,Sunday,231.68000000000006,0.23270389714744882,10.01000000000002
08-12-2024,P115,Fashion,856.9,661.71,5,5,4284.5,137,877.2,Normal,Sunday,975.9499999999998,0.22778620609172595,-20.300000000000068
08-12-2024,P116,Home,1264.0,952.48,0,2,2528.0,249,1323.51,Normal,Sunday,623.04,0.24645569620253163,-59.50999999999999
08-12-2024,P117,Sports,1247.35,985.28,5,5,6236.75,199,1294.09,Normal,Sunday,1310.3500000000004,0.21010141499979965,-46.74000000000001
08-12-2024,P118,Sports,1402.0,849.71,0,1,1402.0,293,1332.59,Festival,Sunday,552.29,0.3939300998573466,69.41000000000008
08-12-2024,P119,Fashion,1189.15,924.36,15,2,2378.3,443,1204.28,Normal,Sunday,529.5800000000002,0.22267165622503474,-15.129999999999882
09-12-2024,P100,Sports,1260.0,837.74,0,2,2520.0,51,1273.37,Festival,Monday,844.52,0.3351269841269841,-13.36999999999989
09-12-2024,P101,Electronics,814.0,564.48,0,0,0.0,373,798.22,Normal,Monday,0.0,,15.779999999999973
09-12-2024,P102,Home,973.25,701.29,15,0,0.0,360,975.38,Normal,Monday,0.0,,-2.1299999999999955
09-12-2024,P103,Home,646.2,472.63,10,4,2584.8,42,665.33,Normal,Monday,694.2800000000002,0.26860105230578774,-19.129999999999995
09-12-2024,P104,Fashion,348.0,235.91,0,3,1044.0,58,337.57,Sale,Monday,336.27,0.32209770114942526,10.430000000000007
09-12-2024,P105,Home,190.95,149.23,5,4,763.8,360,191.98,Normal,Monday,166.88,0.2184865147944488,-1.0300000000000011
09-12-2024,P106,Fashion,1189.0,827.32,0,2,2378.0,131,1165.36,Normal,Monday,723.3599999999999,0.304188393608074,23.6400000000001
09-12-2024,P107,Home,507.6,425.97,10,1,507.6,443,497.51,Normal,Monday,81.63,0.16081560283687943,10.090000000000032
09-12-2024,P108,Fashion,576.65,401.86,5,0,0.0,292,549.68,Normal,Monday,0.0,,26.970000000000027
09-12-2024,P109,Fashion,305.0,236.81,0,2,610.0,254,307.17,Normal,Monday,136.38,0.22357377049180327,-2.170000000000016
09-12-2024,P110,Sports,1147.0,715.13,0,1,1147.0,255,1136.85,Normal,Monday,431.87,0.3765213600697472,10.150000000000091
09-12-2024,P111,Electronics,222.7,162.51,15,6,1336.2,266,233.38,Normal,Monday,361.1400000000001,0.27027391109115406,-10.680000000000007
09-12-2024,P112,Home,559.0,391.21,0,5,2795.0,369,574.38,Sale,Monday,838.95,0.30016100178890875,-15.379999999999995
09-12-2024,P113,Home,445.0,295.51,0,4,1780.0,355,466.58,Normal,Monday,597.96,0.33593258426966294,-21.579999999999984
09-12-2024,P114,Fashion,925.0,707.01,0,3,2775.0,474,936.93,Holiday,Monday,653.9700000000003,0.23566486486486496,-11.92999999999995
09-12-2024,P115,Home,706.5,582.96,10,2,1413.0,489,677.89,Normal,Monday,247.07999999999993,0.17486199575371544,28.610000000000014
09-12-2024,P116,Sports,723.0,456.61,0,0,0.0,211,739.39,Normal,Monday,0.0,,-16.389999999999986
09-12-2024,P117,Sports,967.5,851.56,10,0,0.0,66,1004.2,Sale,Monday,0.0,,-36.700000000000045
09-12-2024,P118,Home,1298.0,1032.65,0,0,0.0,440,1243.87,Normal,Monday,0.0,,54.13000000000011
09-12-2024,P119,Electronics,897.0,654.21,0,2,1794.0,371,875.2,Normal,Monday,485.5799999999999,0.2706688963210702,21.799999999999955
10-12-2024,P100,Electronics,1109.25,839.14,15,0,0.0,401,1140.76,Normal,Tuesday,0.0,,-31.50999999999999
10-12-2024,P101,Home,218.5,148.55,5,8,1748.0,228,225.15,Festival,Tuesday,559.5999999999999,0.320137299771167,-6.650000000000006
10-12-2024,P102,Home,599.45,462.74,5,0,0.0,279,605.38,Normal,Tuesday,0.0,,-5.92999999999995
10-12-2024,P103,Home,1078.2,873.84,10,0,0.0,173,1121.38,Normal,Tuesday,0.0,,-43.180000000000064
10-12-2024,P104,Electronics,1397.0,922.16,0,5,6985.0,370,1339.74,Holiday,Tuesday,2374.2,0.33989978525411596,57.25999999999999
10-12-2024,P105,Fashion,943.0,632.85,0,0,0.0,347,955.29,Normal,Tuesday,0.0,,-12.289999999999964
10-12-2024,P106,Home,192.85,159.99,5,3,578.55,269,193.41,Normal,Tuesday,98.57999999999993,0.17039149598133252,-0.5600000000000023
10-12-2024,P107,Electronics,504.45,320.16,5,1,504.45,354,521.97,Normal,Tuesday,184.28999999999996,0.36532857567647925,-17.52000000000004
10-12-2024,P108,Electronics,202.0,154.21,0,5,1010.0,282,200.15,Normal,Tuesday,238.94999999999993,0.23658415841584152,1.8499999999999943
10-12-2024,P109,Home,1123.0,787.0,0,2,2246.0,464,1101.09,Normal,Tuesday,672.0,0.2991985752448798,21.910000000000082
10-12-2024,P110,Electronics,659.0,409.94,0,0,0.0,62,670.68,Holiday,Tuesday,0.0,,-11.67999999999995
10-12-2024,P111,Fashion,988.2,860.92,10,0,0.0,268,1031.08,Festival,Tuesday,0.0,,-42.87999999999988
10-12-2024,P112,Home,616.0,452.33,0,2,1232.0,382,641.19,Normal,Tuesday,327.34000000000003,0.26569805194805196,-25.190000000000055
10-12-2024,P113,Sports,1015.0,723.95,0,0,0.0,303,1021.0,Normal,Tuesday,0.0,,-6.0
10-12-2024,P114,Fashion,205.0,152.28,0,6,1230.0,365,208.3,Normal,Tuesday,316.31999999999994,0.257170731707317,-3.3000000000000114
10-12-2024,P115,Sports,1466.0,1131.94,0,1,1466.0,116,1469.6,Normal,Tuesday,334.05999999999995,0.22787175989085945,-3.599999999999909
10-12-2024,P116,Sports,518.0,401.43,0,0,0.0,429,509.27,Normal,Tuesday,0.0,,8.730000000000018
10-12-2024,P117,Sports,791.35,553.67,5,0,0.0,152,767.82,Normal,Tuesday,0.0,,23.529999999999973
10-12-2024,P118,Electronics,1107.0,679.11,0,0,0.0,454,1088.25,Normal,Tuesday,0.0,,18.75
10-12-2024,P119,Home,201.4,151.52,5,9,1812.6,360,204.48,Sale,Tuesday,448.91999999999985,0.2476663356504468,-3.079999999999984
11-12-2024,P100,Electronics,1320.0,987.64,0,0,0.0,47,1373.56,Normal,Wednesday,0.0,,-53.559999999999945
11-12-2024,P101,Fashion,310.0,192.3,0,6,1860.0,222,313.47,Normal,Wednesday,706.1999999999998,0.3796774193548386,-3.4700000000000273
11-12-2024,P102,Fashion,803.0,608.2,0,0,0.0,365,809.77,Sale,Wednesday,0.0,,-6.769999999999982
11-12-2024,P103,Sports,869.0,546.41,0,0,0.0,58,857.21,Normal,Wednesday,0.0,,11.789999999999964
11-12-2024,P104,Sports,938.6,747.79,5,0,0.0,234,922.51,Normal,Wednesday,0.0,,16.090000000000032
11-12-2024,P105,Home,1459.0,983.77,0,2,2918.0,59,1505.84,Festival,Wednesday,950.46,0.32572309801233723,-46.83999999999992
11-12-2024,P106,Sports,603.9,504.64,10,0,0.0,68,621.26,Sale,Wednesday,0.0,,-17.360000000000014
11-12-2024,P107,Fashion,713.7,520.01,10,1,713.7,347,722.08,Festival,Wednesday,193.69000000000005,0.2713885386016534,-8.379999999999995
11-12-2024,P108,Home,772.35,644.58,5,1,772.35,128,734.3,Festival,Wednesday,127.76999999999998,0.16543018061759562,38.05000000000007
11-12-2024,P109,Electronics,1397.0,894.34,0,4,5588.0,286,1373.53,Normal,Wednesday,2010.6399999999999,0.35981388690050103,23.470000000000027
11-12-2024,P110,Home,1202.4,850.1,10,1,1202.4,44,1252.85,Festival,Wednesday,352.30000000000007,0.29299733865602134,-50.44999999999982
11-12-2024,P111,Electronics,619.0,425.98,0,1,619.0,275,618.38,Normal,Wednesday,193.01999999999998,0.3118255250403877,0.6200000000000045
11-12-2024,P112,Home,299.0,227.63,0,5,1495.0,252,286.24,Holiday,Wednesday,356.8499999999999,0.23869565217391298,12.759999999999991
11-12-2024,P113,Home,876.35,768.37,15,0,0.0,400,862.53,Holiday,Wednesday,0.0,,13.82000000000005
11-12-2024,P114,Home,1209.6,946.44,10,2,2419.2,239,1229.75,Normal,Wednesday,526.3199999999997,0.2175595238095237,-20.15000000000009
11-12-2024,P115,Fashion,1188.0,767.78,0,0,0.0,416,1203.66,Normal,Wednesday,0.0,,-15.660000000000082
11-12-2024,P116,Fashion,582.3,481.71,10,3,1746.9,271,568.4,Normal,Wednesday,301.7700000000002,0.17274600721277703,13.899999999999977
11-12-2024,P117,Fashion,389.3,298.04,15,3,1167.9,385,371.79,Normal,Wednesday,273.78,0.23442075520164393,17.50999999999999
11-12-2024,P118,Sports,217.8,174.75,10,2,435.6,464,218.35,Sale,Wednesday,86.10000000000002,0.1976584022038568,-0.549999999999983
11-12-2024,P119,Sports,1491.0,979.48,0,1,1491.0,250,1531.23,Normal,Wednesday,511.52,0.3430717639168343,-40.23000000000002
12-12-2024,P100,Sports,1333.8,1110.07,10,0,0.0,361,1319.18,Normal,Thursday,0.0,,14.61999999999989
12-12-2024,P101,Home,781.2,589.42,10,3,2343.6,432,769.84,Holiday,Thursday,575.3400000000001,0.24549411162314394,11.360000000000014
12-12-2024,P102,Sports,1229.0,964.53,0,4,4916.0,247,1167.89,Normal,Thursday,1057.88,0.21519121236777872,61.1099999999999
12-12-2024,P103,Electronics,351.5,290.88,5,1,351.5,259,349.76,Sale,Thursday,60.620000000000005,0.17246088193456616,1.740000000000009
12-12-2024,P104,Electronics,1375.0,1058.44,0,0,0.0,279,1397.24,Normal,Thursday,0.0,,-22.24000000000001
12-12-2024,P105,Fashion,964.25,719.76,5,0,0.0,279,982.44,Normal,Thursday,0.0,,-18.190000000000055
12-12-2024,P106,Electronics,585.65,425.08,15,1,585.65,46,594.0,Festival,Thursday,160.57,0.2741739947067361,-8.350000000000023
12-12-2024,P107,Home,593.0,396.34,0,4,2372.0,105,588.45,Sale,Thursday,786.6400000000001,0.3316357504215852,4.5499999999999545
12-12-2024,P108,Sports,1309.1,866.57,5,3,3927.3,42,1324.56,Normal,Thursday,1327.5900000000001,0.3380414024902605,-15.460000000000036
12-12-2024,P109,Sports,602.0,473.74,0,1,602.0,263,607.09,Normal,Thursday,128.26,0.2130564784053156,-5.090000000000032
12-12-2024,P110,Home,510.85,465.66,15,5,2554.25,409,500.05,Holiday,Thursday,225.94999999999982,0.08846040912205141,10.800000000000011
12-12-2024,P111,Electronics,565.25,415.86,5,0,0.0,217,571.09,Festival,Thursday,0.0,,-5.840000000000032
12-12-2024,P112,Electronics,594.9,482.58,10,5,2974.5,402,613.55,Normal,Thursday,561.5999999999999,0.18880484114977303,-18.649999999999977
12-12-2024,P113,Home,834.1,551.89,5,0,0.0,474,854.82,Normal,Thursday,0.0,,-20.720000000000027
12-12-2024,P114,Electronics,1047.0,659.3,0,3,3141.0,298,1050.21,Festival,Thursday,1163.1000000000001,0.37029608404966574,-3.2100000000000364
12-12-2024,P115,Fashion,779.0,479.0,0,4,3116.0,81,799.98,Sale,Thursday,1200.0,0.3851091142490372,-20.980000000000018
12-12-2024,P116,Fashion,320.0,226.18,0,3,960.0,187,324.25,Normal,Thursday,281.46000000000004,0.29318750000000005,-4.25
12-12-2024,P117,Fashion,756.0,544.15,10,0,0.0,26,762.24,Sale,Thursday,0.0,,-6.240000000000009
12-12-2024,P118,Fashion,260.1,194.52,10,3,780.3,211,264.94,Sale,Thursday,196.7399999999999,0.2521337946943482,-4.839999999999975
12-12-2024,P119,Electronics,1026.0,718.25,0,0,0.0,483,983.43,Normal,Thursday,0.0,,42.57000000000005
13-12-2024,P100,Electronics,1315.0,803.7,0,0,0.0,160,1349.42,Normal,Friday,0.0,,-34.42000000000007
13-12-2024,P101,Home,1171.35,922.86,5,0,0.0,128,1215.34,Sale,Friday,0.0,,-43.99000000000001
13-12-2024,P102,Fashion,1132.0,822.88,0,0,0.0,59,1105.03,Normal,Friday,0.0,,26.970000000000027
13-12-2024,P103,Sports,779.95,522.71,5,0,0.0,324,817.9,Normal,Friday,0.0,,-37.94999999999993
13-12-2024,P104,Fashion,984.0,706.2,0,2,1968.0,251,1024.65,Festival,Friday,555.5999999999999,0.2823170731707317,-40.65000000000009
13-12-2024,P105,Electronics,229.0,149.59,0,7,1603.0,330,234.33,Normal,Friday,555.8699999999999,0.346768558951965,-5.3300000000000125
13-12-2024,P106,Fashion,1414.0,985.67,0,0,0.0,56,1370.39,Normal,Friday,0.0,,43.6099999999999
13-12-2024,P107,Fashion,1107.9,819.52,10,0,0.0,368,1155.27,Holiday,Friday,0.0,,-47.36999999999989
13-12-2024,P108,Sports,459.9,313.93,10,4,1839.6,116,469.95,Normal,Friday,583.8799999999999,0.3173950858882365,-10.050000000000011
13-12-2024,P109,Fashion,231.2,178.97,15,11,2543.2,401,225.0,Festival,Friday,574.5299999999997,0.22590830449826982,6.199999999999989
13-12-2024,P110,Fashion,483.65,371.51,15,5,2418.25,435,489.74,Normal,Friday,560.7,0.23186188359350773,-6.090000000000032
13-12-2024,P111,Electronics,1393.0,1021.77,0,4,5572.0,411,1372.04,Normal,Friday,1484.92,0.2664967695620962,20.960000000000036
13-12-2024,P112,Home,304.2,214.24,10,5,1521.0,271,310.3,Normal,Friday,449.79999999999995,0.2957264957264957,-6.100000000000023
13-12-2024,P113,Sports,1372.0,916.65,0,0,0.0,283,1401.67,Normal,Friday,0.0,,-29.670000000000073
13-12-2024,P114,Electronics,730.0,445.04,0,1,730.0,29,702.84,Holiday,Friday,284.96,0.39035616438356163,27.159999999999968
13-12-2024,P115,Home,1233.0,786.01,0,0,0.0,163,1230.69,Normal,Friday,0.0,,2.3099999999999454
13-12-2024,P116,Sports,894.0,656.4,0,1,894.0,67,926.81,Normal,Friday,237.60000000000002,0.26577181208053696,-32.809999999999945
13-12-2024,P117,Sports,209.7,145.76,10,6,1258.2,495,205.28,Sale,Friday,383.6400000000001,0.3049117787315213,4.4199999999999875
13-12-2024,P118,Electronics,1437.0,1010.01,0,1,1437.0,84,1437.91,Normal,Friday,426.99,0.2971398747390397,-0.9100000000000819
13-12-2024,P119,Electronics,455.0,273.37,0,3,1365.0,160,467.45,Normal,Friday,544.89,0.39918681318681315,-12.449999999999989
14-12-2024,P100,Home,333.0,258.01,0,1,333.0,125,342.27,Normal,Saturday,74.99000000000001,0.22519519519519524,-9.269999999999982
14-12-2024,P101,Fashion,976.5,842.52,10,0,0.0,67,953.85,Normal,Saturday,0.0,,22.649999999999977
14-12-2024,P102,Electronics,1004.7,838.72,15,0,0.0,172,1034.36,Sale,Saturday,0.0,,-29.659999999999854
14-12-2024,P103,Electronics,483.0,383.51,0,5,2415.0,418,497.25,Normal,Saturday,497.45000000000005,0.20598343685300208,-14.25
14-12-2024,P104,Home,609.9,482.14,5,1,609.9,137,640.31,Normal,Saturday,127.75999999999999,0.20947696343662894,-30.409999999999968
14-12-2024,P105,Home,849.3,709.02,5,0,0.0,301,875.91,Normal,Saturday,0.0,,-26.610000000000014
14-12-2024,P106,Sports,923.4,758.53,5,1,923.4,497,901.98,Normal,Saturday,164.87,0.17854667533030108,21.41999999999996
14-12-2024,P107,Electronics,428.4,332.98,15,0,0.0,357,446.02,Normal,Saturday,0.0,,-17.620000000000005
14-12-2024,P108,Fashion,475.0,328.5,5,1,475.0,115,460.14,Normal,Saturday,146.5,0.30842105263157893,14.860000000000014
14-12-2024,P109,Electronics,1203.0,790.02,0,0,0.0,328,1228.81,Normal,Saturday,0.0,,-25.809999999999945
14-12-2024,P110,Fashion,1074.6,948.85,10,1,1074.6,169,1128.3,Normal,Saturday,125.74999999999989,0.11702028661827647,-53.700000000000045
14-12-2024,P111,Home,1370.0,946.11,0,1,1370.0,169,1348.36,Sale,Saturday,423.89,0.3094087591240876,21.6400000000001
14-12-2024,P112,Electronics,1001.7,721.73,10,2,2003.4,283,1035.92,Normal,Saturday,559.94,0.2794948587401418,-34.22000000000003
14-12-2024,P113,Electronics,914.85,748.47,5,3,2744.55,451,927.8,Normal,Saturday,499.1400000000003,0.18186587965240214,-12.949999999999932
14-12-2024,P114,Home,581.4,491.96,10,0,0.0,111,571.52,Normal,Saturday,0.0,,9.879999999999995
14-12-2024,P115,Sports,809.0,582.44,0,4,3236.0,211,829.91,Festival,Saturday,906.2399999999998,0.2800494437577255,-20.909999999999968
14-12-2024,P116,Sports,943.2,762.49,10,1,943.2,140,910.92,Sale,Saturday,180.71000000000004,0.19159245122985583,32.280000000000086
14-12-2024,P117,Home,1429.0,995.12,0,0,0.0,262,1478.38,Normal,Saturday,0.0,,-49.38000000000011
14-12-2024,P118,Electronics,377.0,295.89,0,2,754.0,151,388.45,Normal,Saturday,162.22000000000003,0.2151458885941645,-11.449999999999989
14-12-2024,P119,Sports,222.7,174.33,15,7,1558.9,189,217.81,Festival,Saturday,338.5899999999999,0.21719802424786702,4.889999999999986
15-12-2024,P100,Home,882.0,599.31,0,2,1764.0,90,850.66,Normal,Sunday,565.3800000000001,0.3205102040816327,31.340000000000032
15-12-2024,P101,Sports,1145.8,852.67,15,2,2291.6,470,1106.32,Normal,Sunday,586.26,0.25582998778146276,39.48000000000002
15-12-2024,P102,Sports,272.85,240.76,15,4,1091.4,368,262.71,Normal,Sunday,128.36000000000013,0.1176104086494412,10.140000000000043
15-12-2024,P103,Electronics,1021.5,691.81,10,3,3064.5,165,1013.52,Holiday,Sunday,989.0700000000002,0.32275085658345576,7.980000000000018
15-12-2024,P104,Sports,361.0,278.26,0,4,1444.0,360,374.3,Normal,Sunday,330.96000000000004,0.22919667590027704,-13.300000000000011
15-12-2024,P105,Home,1223.1,949.44,10,0,0.0,95,1223.42,Normal,Sunday,0.0,,-0.3200000000001637
15-12-2024,P106,Fashion,541.8,465.32,10,3,1625.4,454,522.48,Normal,Sunday,229.44000000000005,0.1411590992986342,19.319999999999936
15-12-2024,P107,Home,586.0,389.46,0,2,1172.0,181,606.22,Normal,Sunday,393.08000000000004,0.3353924914675768,-20.220000000000027
15-12-2024,P108,Home,1260.0,892.4,0,1,1260.0,293,1255.44,Normal,Sunday,367.6,0.29174603174603175,4.559999999999945
15-12-2024,P109,Electronics,346.75,239.84,5,0,0.0,266,347.13,Normal,Sunday,0.0,,-0.37999999999999545
15-12-2024,P110,Sports,871.0,557.89,0,8,6968.0,98,839.06,Festival,Sunday,2504.88,0.3594833524684271,31.940000000000055
15-12-2024,P111,Sports,641.0,484.9,0,3,1923.0,431,655.32,Festival,Sunday,468.3000000000002,0.24352574102964128,-14.32000000000005
15-12-2024,P112,Home,390.0,310.43,0,3,1170.0,488,395.28,Festival,Sunday,238.71000000000004,0.20402564102564105,-5.279999999999973
15-12-2024,P113,Home,284.75,228.54,15,6,1708.5,387,293.34,Sale,Sunday,337.26,0.19740122914837577,-8.589999999999975
15-12-2024,P114,Sports,921.0,558.28,0,0,0.0,468,914.54,Normal,Sunday,0.0,,6.460000000000036
15-12-2024,P115,Electronics,591.0,395.82,0,2,1182.0,33,566.21,Normal,Sunday,390.36,0.330253807106599,24.789999999999964
15-12-2024,P116,Home,307.0,189.01,0,3,921.0,256,317.83,Holiday,Sunday,353.97,0.3843322475570033,-10.829999999999984
15-12-2024,P117,Sports,1042.2,843.85,10,3,3126.6,314,1035.98,Normal,Sunday,595.0499999999997,0.1903185568988677,6.220000000000027
15-12-2024,P118,Fashion,1256.85,927.88,5,0,0.0,109,1311.11,Normal,Sunday,0.0,,-54.25999999999999
15-12-2024,P119,Home,1196.0,840.84,0,0,0.0,95,1166.68,Festival,Sunday,0.0,,29.319999999999936
16-12-2024,P100,Electronics,1463.0,1084.82,0,0,0.0,242,1506.27,Normal,Monday,0.0,,-43.26999999999998
16-12-2024,P101,Fashion,373.5,302.59,10,1,373.5,442,365.31,Normal,Monday,70.91000000000003,0.1898527443105757,8.189999999999998
16-12-2024,P102,Home,550.8,488.41,10,3,1652.4,486,564.53,Holiday,Monday,187.17000000000007,0.11327160493827164,-13.730000000000018
16-12-2024,P103,Sports,595.0,536.39,15,1,595.0,89,606.7,Normal,Monday,58.610000000000014,0.0985042016806723,-11.700000000000045
16-12-2024,P104,Fashion,1116.0,857.13,0,1,1116.0,375,1084.76,Festival,Monday,258.87,0.23196236559139785,31.24000000000001
16-12-2024,P105,Electronics,695.0,512.09,0,4,2780.0,366,704.28,Normal,Monday,731.6399999999999,0.26317985611510786,-9.279999999999973
16-12-2024,P106,Fashion,412.0,313.16,0,4,1648.0,68,412.75,Holiday,Monday,395.3599999999999,0.23990291262135915,-0.75
16-12-2024,P107,Electronics,945.0,681.14,0,1,945.0,91,962.69,Normal,Monday,263.86,0.27921693121693125,-17.690000000000055
16-12-2024,P108,Sports,345.1,253.77,15,1,345.1,153,335.92,Sale,Monday,91.33000000000001,0.26464792813677196,9.180000000000007
16-12-2024,P109,Sports,1131.0,757.11,0,0,0.0,381,1138.41,Normal,Monday,0.0,,-7.410000000000082
16-12-2024,P110,Home,842.0,578.45,0,3,2526.0,200,880.72,Sale,Monday,790.6499999999999,0.31300475059382415,-38.72000000000003
16-12-2024,P111,Home,680.2,429.91,5,3,2040.6,447,698.26,Normal,Monday,750.8699999999999,0.3679653043222581,-18.059999999999945
16-12-2024,P112,Sports,556.2,383.19,10,3,1668.6,44,562.36,Normal,Monday,519.03,0.3110571736785329,-6.159999999999968
16-12-2024,P113,Sports,444.6,339.12,5,0,0.0,322,426.72,Normal,Monday,0.0,,17.879999999999995
16-12-2024,P114,Home,1007.0,611.12,0,4,4028.0,333,1014.32,Sale,Monday,1583.52,0.39312810327706055,-7.32000000000005
16-12-2024,P115,Home,978.35,877.52,15,0,0.0,446,955.45,Festival,Monday,0.0,,22.899999999999977
16-12-2024,P116,Electronics,802.0,499.91,0,1,802.0,252,808.64,Normal,Monday,302.09,0.37667082294264337,-6.639999999999986
16-12-2024,P117,Home,1274.0,942.39,0,2,2548.0,135,1258.19,Holiday,Monday,663.22,0.26029042386185247,15.809999999999945
16-12-2024,P118,Home,1368.0,1122.47,5,3,4104.0,313,1300.5,Festival,Monday,736.5900000000001,0.17948099415204682,67.5
16-12-2024,P119,Fashion,335.35,249.31,5,6,2012.1,48,337.57,Holiday,Monday,516.2399999999998,0.2565677650216191,-2.2199999999999704
17-12-2024,P100,Sports,862.2,766.28,10,1,862.2,198,873.21,Festival,Tuesday,95.92000000000007,0.11125028995592678,-11.009999999999991
17-12-2024,P101,Home,363.6,316.08,10,2,727.2,477,377.94,Normal,Tuesday,95.04000000000008,0.13069306930693078,-14.339999999999975
17-12-2024,P102,Sports,230.4,159.61,10,7,1612.8,240,223.36,Festival,Tuesday,495.53,0.3072482638888889,7.039999999999992
17-12-2024,P103,Home,882.55,594.78,5,1,882.55,180,913.66,Normal,Tuesday,287.77,0.3260665118123619,-31.110000000000014
17-12-2024,P104,Fashion,333.0,238.53,0,3,999.0,150,321.42,Normal,Tuesday,283.40999999999997,0.2836936936936937,11.579999999999984
17-12-2024,P105,Electronics,440.8,282.8,5,1,440.8,77,446.14,Normal,Tuesday,158.0,0.3584392014519056,-5.339999999999975
17-12-2024,P106,Fashion,232.0,161.17,0,6,1392.0,291,231.49,Normal,Tuesday,424.98,0.30530172413793105,0.5099999999999909
17-12-2024,P107,Fashion,729.6,546.11,5,3,2188.8,426,757.48,Normal,Tuesday,550.4700000000003,0.2514939692982457,-27.879999999999995
17-12-2024,P108,Home,1109.7,943.26,10,0,0.0,34,1085.59,Normal,Tuesday,0.0,,24.110000000000127
17-12-2024,P109,Sports,494.0,329.33,0,0,0.0,273,503.07,Normal,Tuesday,0.0,,-9.069999999999993
17-12-2024,P110,Sports,434.0,341.11,0,4,1736.0,245,455.58,Holiday,Tuesday,371.55999999999995,0.2140322580645161,-21.579999999999984
17-12-2024,P111,Electronics,791.0,556.53,0,4,3164.0,275,797.65,Festival,Tuesday,937.8800000000001,0.2964222503160557,-6.649999999999977
17-12-2024,P112,Fashion,961.2,834.63,10,0,0.0,326,1000.32,Normal,Tuesday,0.0,,-39.120000000000005
17-12-2024,P113,Electronics,770.4,677.99,10,3,2311.2,258,746.3,Festival,Tuesday,277.2299999999998,0.11995067497403938,24.100000000000023
17-12-2024,P114,Electronics,1340.45,1119.2,5,0,0.0,154,1360.76,Festival,Tuesday,0.0,,-20.309999999999945
17-12-2024,P115,Sports,558.0,360.49,0,0,0.0,195,556.13,Sale,Tuesday,0.0,,1.8700000000000045
17-12-2024,P116,Sports,1099.0,867.61,0,0,0.0,70,1080.35,Sale,Tuesday,0.0,,18.65000000000009
17-12-2024,P117,Fashion,724.0,541.63,0,2,1448.0,247,719.37,Normal,Tuesday,364.74,0.25189226519337016,4.6299999999999955
17-12-2024,P118,Electronics,696.0,449.72,0,3,2088.0,492,726.9,Festival,Tuesday,738.8399999999999,0.35385057471264364,-30.899999999999977
17-12-2024,P119,Home,653.0,456.84,0,3,1959.0,91,630.68,Normal,Tuesday,588.48,0.3003981623277182,22.32000000000005
18-12-2024,P100,Fashion,608.6,438.13,15,0,0.0,393,580.55,Normal,Wednesday,0.0,,28.050000000000068
18-12-2024,P101,Fashion,1280.0,783.5,0,1,1280.0,354,1224.95,Normal,Wednesday,496.5,0.387890625,55.049999999999955
18-12-2024,P102,Home,684.0,446.46,5,0,0.0,361,698.59,Normal,Wednesday,0.0,,-14.590000000000032
18-12-2024,P103,Sports,1266.0,779.51,0,3,3798.0,42,1307.33,Normal,Wednesday,1459.4700000000003,0.38427330173775676,-41.32999999999993
18-12-2024,P104,Home,1334.75,922.13,5,1,1334.75,221,1397.0,Holiday,Wednesday,412.62,0.30913654242367483,-62.25
18-12-2024,P105,Sports,586.0,416.06,0,1,586.0,352,579.85,Normal,Wednesday,169.94,0.29,6.149999999999977
18-12-2024,P106,Electronics,264.1,212.25,5,2,528.2,476,252.61,Sale,Wednesday,103.70000000000005,0.19632714880727004,11.490000000000009
18-12-2024,P107,Sports,507.3,405.71,5,3,1521.9,151,513.45,Sale,Wednesday,304.7700000000002,0.20025625862408844,-6.150000000000034
18-12-2024,P108,Fashion,1416.0,1069.53,0,1,1416.0,92,1351.08,Normal,Wednesday,346.47,0.24468220338983052,64.92000000000007
18-12-2024,P109,Electronics,1032.3,849.91,10,2,2064.6,121,1046.27,Normal,Wednesday,364.78,0.17668313474765088,-13.970000000000027
18-12-2024,P110,Fashion,741.0,511.62,0,1,741.0,286,740.96,Normal,Wednesday,229.38,0.30955465587044534,0.03999999999996362
18-12-2024,P111,Fashion,763.2,652.34,10,1,763.2,191,796.96,Normal,Wednesday,110.86000000000001,0.1452568134171908,-33.75999999999999
18-12-2024,P112,Home,698.0,548.11,0,3,2094.0,173,721.77,Normal,Wednesday,449.6700000000001,0.21474212034383958,-23.769999999999982
18-12-2024,P113,Home,692.1,599.02,10,3,2076.3,180,704.98,Festival,Wednesday,279.24000000000024,0.13448923565958687,-12.879999999999995
18-12-2024,P114,Fashion,1056.6,718.37,10,0,0.0,39,1058.33,Sale,Wednesday,0.0,,-1.7300000000000182
18-12-2024,P115,Electronics,533.0,402.73,0,0,0.0,68,530.41,Normal,Wednesday,0.0,,2.590000000000032
18-12-2024,P116,Electronics,1072.0,783.86,0,0,0.0,38,1088.26,Sale,Wednesday,0.0,,-16.25999999999999
18-12-2024,P117,Sports,799.9,646.74,5,0,0.0,486,795.2,Festival,Wednesday,0.0,,4.699999999999932
18-12-2024,P118,Fashion,654.3,499.35,10,0,0.0,397,638.04,Normal,Wednesday,0.0,,16.25999999999999
18-12-2024,P119,Sports,1320.0,828.84,0,0,0.0,258,1291.04,Normal,Wednesday,0.0,,28.960000000000036
19-12-2024,P100,Electronics,237.15,196.41,15,4,948.6,318,233.52,Sale,Thursday,162.96000000000004,0.1717900063251107,3.6299999999999955
19-12-2024,P101,Sports,1220.0,947.48,0,0,0.0,107,1254.31,Festival,Thursday,0.0,,-34.309999999999945
19-12-2024,P102,Sports,1356.0,1011.68,0,1,1356.0,131,1354.05,Normal,Thursday,344.32000000000005,0.2539233038348083,1.9500000000000455
19-12-2024,P103,Fashion,842.65,576.07,5,3,2527.95,403,855.07,Sale,Thursday,799.7399999999998,0.3163591052038212,-12.420000000000073
19-12-2024,P104,Electronics,284.0,190.48,0,0,0.0,361,289.48,Normal,Thursday,0.0,,-5.480000000000018
19-12-2024,P105,Fashion,603.5,538.18,15,1,603.5,418,598.44,Normal,Thursday,65.32000000000005,0.10823529411764714,5.059999999999945
19-12-2024,P106,Electronics,730.15,538.23,15,2,1460.3,294,713.38,Holiday,Thursday,383.8399999999999,0.2628500992946654,16.769999999999982
19-12-2024,P107,Sports,1084.5,748.97,10,0,0.0,362,1131.33,Normal,Thursday,0.0,,-46.82999999999993
19-12-2024,P108,Electronics,1249.2,869.48,10,0,0.0,95,1297.97,Normal,Thursday,0.0,,-48.76999999999998
19-12-2024,P109,Sports,1070.0,785.39,0,0,0.0,423,1087.95,Normal,Thursday,0.0,,-17.950000000000045
19-12-2024,P110,Sports,277.95,249.11,15,3,833.85,422,274.88,Normal,Thursday,86.51999999999998,0.10375966900521674,3.069999999999993
19-12-2024,P111,Electronics,558.0,378.5,0,3,1674.0,304,579.44,Normal,Thursday,538.5,0.3216845878136201,-21.440000000000055
19-12-2024,P112,Sports,1465.0,919.45,0,3,4395.0,218,1485.51,Normal,Thursday,1636.6499999999996,0.37238907849829345,-20.50999999999999
19-12-2024,P113,Home,932.9,768.11,5,0,0.0,65,974.52,Holiday,Thursday,0.0,,-41.620000000000005
19-12-2024,P114,Fashion,512.0,313.86,0,0,0.0,194,519.56,Normal,Thursday,0.0,,-7.559999999999945
19-12-2024,P115,Fashion,1086.0,740.47,0,0,0.0,258,1106.61,Sale,Thursday,0.0,,-20.6099999999999
19-12-2024,P116,Fashion,762.0,562.83,0,4,3048.0,342,756.5,Sale,Thursday,796.6799999999998,0.2613779527559055,5.5
19-12-2024,P117,Electronics,1270.0,875.48,0,0,0.0,98,1310.67,Festival,Thursday,0.0,,-40.67000000000007
19-12-2024,P118,Fashion,717.25,505.27,5,2,1434.5,336,697.22,Festival,Thursday,423.96000000000004,0.29554548623213667,20.029999999999973
19-12-2024,P119,Home,976.0,626.44,0,0,0.0,408,936.95,Normal,Thursday,0.0,,39.049999999999955
20-12-2024,P100,Sports,569.5,438.81,15,0,0.0,262,588.63,Normal,Friday,0.0,,-19.129999999999995
20-12-2024,P101,Fashion,1183.7,759.08,5,0,0.0,284,1139.0,Normal,Friday,0.0,,44.700000000000045
20-12-2024,P102,Electronics,1417.4,1003.44,5,0,0.0,224,1441.06,Normal,Friday,0.0,,-23.659999999999854
20-12-2024,P103,Sports,1147.0,721.62,0,0,0.0,278,1157.65,Normal,Friday,0.0,,-10.650000000000091
20-12-2024,P104,Fashion,1482.0,1119.77,0,4,5928.0,466,1428.91,Normal,Friday,1448.92,0.24441970310391364,53.08999999999992
20-12-2024,P105,Fashion,1211.0,742.98,0,2,2422.0,136,1223.16,Normal,Friday,936.04,0.38647398843930636,-12.160000000000082
20-12-2024,P106,Sports,620.0,434.85,0,4,2480.0,267,620.24,Festival,Friday,740.5999999999999,0.2986290322580645,-0.2400000000000091
20-12-2024,P107,Fashion,570.0,381.36,0,1,570.0,89,596.12,Sale,Friday,188.64,0.3309473684210526,-26.120000000000005
20-12-2024,P108,Home,795.6,564.36,15,4,3182.4,451,815.75,Normal,Friday,924.96,0.2906485671191554,-20.149999999999977
20-12-2024,P109,Fashion,586.0,380.44,0,0,0.0,336,570.95,Holiday,Friday,0.0,,15.049999999999955
20-12-2024,P110,Sports,1416.0,1018.83,0,0,0.0,230,1396.78,Sale,Friday,0.0,,19.220000000000027
20-12-2024,P111,Fashion,1072.55,846.26,5,0,0.0,457,1073.9,Normal,Friday,0.0,,-1.3500000000001364
20-12-2024,P112,Sports,929.9,754.91,15,3,2789.7,467,945.58,Normal,Friday,524.9699999999998,0.18818152489514994,-15.680000000000064
20-12-2024,P113,Sports,1131.0,718.61,0,0,0.0,457,1105.89,Festival,Friday,0.0,,25.1099999999999
20-12-2024,P114,Electronics,696.6,543.6,10,0,0.0,144,701.44,Holiday,Friday,0.0,,-4.840000000000032
20-12-2024,P115,Home,1265.4,850.25,5,0,0.0,171,1269.8,Normal,Friday,0.0,,-4.399999999999864
20-12-2024,P116,Sports,374.4,264.6,10,0,0.0,121,377.46,Normal,Friday,0.0,,-3.0600000000000023
20-12-2024,P117,Electronics,764.75,643.93,5,1,764.75,132,769.95,Normal,Friday,120.82000000000005,0.15798627002288337,-5.2000000000000455
20-12-2024,P118,Electronics,206.15,148.87,5,5,1030.75,269,210.62,Normal,Friday,286.4,0.2778559301479505,-4.469999999999999
20-12-2024,P119,Sports,1089.0,810.06,0,3,3267.0,144,1062.56,Normal,Friday,836.8200000000002,0.2561432506887053,26.440000000000055
21-12-2024,P100,Sports,270.9,194.18,10,6,1625.4,453,274.64,Normal,Saturday,460.32000000000016,0.28320413436692515,-3.740000000000009
21-12-2024,P101,Fashion,728.65,567.52,5,0,0.0,214,738.15,Normal,Saturday,0.0,,-9.5
21-12-2024,P102,Sports,540.0,350.62,0,0,0.0,130,515.66,Festival,Saturday,0.0,,24.340000000000032
21-12-2024,P103,Electronics,535.0,390.22,0,1,535.0,387,535.11,Sale,Saturday,144.77999999999997,0.2706168224299065,-0.11000000000001364
21-12-2024,P104,Electronics,619.2,548.18,10,1,619.2,44,610.2,Normal,Saturday,71.0200000000001,0.11469638242894072,9.0
21-12-2024,P105,Home,1236.75,1120.67,15,0,0.0,242,1274.81,Normal,Saturday,0.0,,-38.059999999999945
21-12-2024,P106,Fashion,466.0,331.48,0,2,932.0,25,454.42,Normal,Saturday,269.03999999999996,0.2886695278969957,11.579999999999984
21-12-2024,P107,Electronics,1254.0,983.95,0,0,0.0,473,1316.21,Normal,Saturday,0.0,,-62.210000000000036
21-12-2024,P108,Home,508.0,356.05,0,0,0.0,464,506.38,Normal,Saturday,0.0,,1.6200000000000045
21-12-2024,P109,Home,774.0,636.25,10,0,0.0,363,777.36,Normal,Saturday,0.0,,-3.3600000000000136
21-12-2024,P110,Home,1320.0,958.23,0,3,3960.0,369,1263.8,Normal,Saturday,1085.31,0.2740681818181818,56.200000000000045
21-12-2024,P111,Sports,912.95,648.48,5,3,2738.85,341,883.27,Normal,Saturday,793.4099999999999,0.2896872775069828,29.680000000000064
21-12-2024,P112,Electronics,1007.1,882.29,10,2,2014.2,319,1046.7,Normal,Saturday,249.62000000000012,0.12393009631615536,-39.60000000000002
21-12-2024,P113,Home,623.0,399.51,0,0,0.0,30,620.91,Sale,Saturday,0.0,,2.090000000000032
21-12-2024,P114,Sports,615.0,373.23,0,1,615.0,264,635.59,Normal,Saturday,241.76999999999998,0.39312195121951216,-20.590000000000032
21-12-2024,P115,Home,731.5,603.94,5,0,0.0,394,732.72,Normal,Saturday,0.0,,-1.2200000000000273
21-12-2024,P116,Sports,933.3,797.85,10,1,933.3,332,949.2,Normal,Saturday,135.44999999999993,0.14513018322082924,-15.900000000000091
21-12-2024,P117,Sports,1204.45,923.55,15,4,4817.8,74,1154.02,Normal,Saturday,1123.6000000000004,0.23321848146456894,50.430000000000064
21-12-2024,P118,Sports,668.0,490.92,0,0,0.0,57,652.67,Normal,Saturday,0.0,,15.330000000000041
21-12-2024,P119,Sports,1254.6,1065.86,10,0,0.0,304,1295.51,Normal,Saturday,0.0,,-40.91000000000008
22-12-2024,P100,Home,731.0,523.97,0,3,2193.0,470,714.62,Festival,Sunday,621.0899999999999,0.2832147742818057,16.379999999999995
22-12-2024,P101,Home,796.1,624.77,5,5,3980.5,460,781.91,Normal,Sunday,856.6500000000001,0.2152116568270318,14.190000000000055
22-12-2024,P102,Sports,1056.4,745.83,5,1,1056.4,100,1036.56,Normal,Sunday,310.57000000000005,0.29398901931086713,19.840000000000146
22-12-2024,P103,Sports,1335.7,970.65,5,0,0.0,393,1332.75,Normal,Sunday,0.0,,2.9500000000000455
22-12-2024,P104,Sports,903.0,689.32,0,0,0.0,403,945.57,Normal,Sunday,0.0,,-42.57000000000005
22-12-2024,P105,Electronics,1055.0,652.67,0,0,0.0,172,1073.36,Holiday,Sunday,0.0,,-18.3599999999999
22-12-2024,P106,Fashion,969.0,744.58,5,0,0.0,103,954.38,Sale,Sunday,0.0,,14.620000000000005
22-12-2024,P107,Sports,400.0,291.19,0,5,2000.0,410,415.2,Normal,Sunday,544.05,0.27202499999999996,-15.199999999999989
22-12-2024,P108,Fashion,1188.0,868.24,10,2,2376.0,392,1174.43,Festival,Sunday,639.52,0.26915824915824915,13.569999999999936
22-12-2024,P109,Electronics,603.0,425.6,10,4,2412.0,114,621.78,Holiday,Sunday,709.5999999999999,0.29419568822553893,-18.779999999999973
22-12-2024,P110,Sports,988.95,670.69,5,0,0.0,427,1010.06,Normal,Sunday,0.0,,-21.1099999999999
22-12-2024,P111,Home,543.0,334.87,0,0,0.0,221,567.86,Normal,Sunday,0.0,,-24.860000000000014
22-12-2024,P112,Electronics,190.95,158.53,5,8,1527.6,278,186.9,Festival,Sunday,259.3599999999999,0.169782665619272,4.049999999999983
22-12-2024,P113,Home,1134.9,973.7,10,1,1134.9,47,1081.35,Normal,Sunday,161.20000000000005,0.14203894616265753,53.55000000000018
22-12-2024,P114,Sports,710.6,584.03,5,5,3553.0,247,743.73,Holiday,Sunday,632.8500000000004,0.17811708415423597,-33.129999999999995
22-12-2024,P115,Electronics,807.5,633.55,15,2,1615.0,459,826.46,Festival,Sunday,347.9000000000001,0.2154179566563468,-18.960000000000036
22-12-2024,P116,Electronics,1159.95,885.72,5,0,0.0,422,1199.71,Sale,Sunday,0.0,,-39.75999999999999
22-12-2024,P117,Fashion,256.5,204.66,10,9,2308.5,345,268.13,Normal,Sunday,466.55999999999995,0.2021052631578947,-11.629999999999995
22-12-2024,P118,Fashion,372.4,272.85,5,1,372.4,486,366.33,Sale,Sunday,99.54999999999995,0.2673200859291084,6.069999999999993
22-12-2024,P119,Home,262.0,184.98,0,2,524.0,380,269.07,Holiday,Sunday,154.04000000000002,0.293969465648855,-7.069999999999993
23-12-2024,P100,Fashion,964.25,658.96,5,3,2892.75,419,1010.31,Normal,Monday,915.8699999999999,0.3166087632875291,-46.059999999999945
23-12-2024,P101,Fashion,828.0,606.3,0,2,1656.0,462,855.99,Sale,Monday,443.4000000000001,0.26775362318840584,-27.99000000000001
23-12-2024,P102,Home,269.0,206.04,0,4,1076.0,21,279.24,Normal,Monday,251.84000000000003,0.23405204460966544,-10.240000000000009
23-12-2024,P103,Sports,1083.0,781.26,0,0,0.0,174,1094.82,Normal,Monday,0.0,,-11.819999999999936
23-12-2024,P104,Sports,1082.7,896.87,10,0,0.0,115,1041.39,Normal,Monday,0.0,,41.309999999999945
23-12-2024,P105,Sports,380.7,294.81,10,1,380.7,345,376.2,Sale,Monday,85.88999999999999,0.22561071710007877,4.5
23-12-2024,P106,Sports,933.85,592.45,5,0,0.0,76,966.67,Normal,Monday,0.0,,-32.819999999999936
23-12-2024,P107,Electronics,574.0,351.84,0,0,0.0,410,596.11,Festival,Monday,0.0,,-22.110000000000014
23-12-2024,P108,Home,1083.6,728.0,10,2,2167.2,460,1134.99,Normal,Monday,711.1999999999998,0.3281653746770025,-51.3900000000001
23-12-2024,P109,Sports,273.0,207.29,0,4,1092.0,273,272.74,Normal,Monday,262.84000000000003,0.24069597069597073,0.2599999999999909
23-12-2024,P110,Sports,1127.95,837.07,15,4,4511.8,191,1072.54,Normal,Monday,1163.52,0.25788377144376967,55.41000000000008
23-12-2024,P111,Electronics,648.9,543.43,10,0,0.0,107,623.07,Normal,Monday,0.0,,25.829999999999927
23-12-2024,P112,Electronics,268.0,166.37,0,2,536.0,41,281.39,Sale,Monday,203.26,0.37921641791044775,-13.389999999999986
23-12-2024,P113,Sports,959.5,701.06,5,7,6716.5,101,1004.32,Normal,Monday,1809.08,0.26934861907243357,-44.82000000000005
23-12-2024,P114,Fashion,1129.55,818.14,5,4,4518.2,173,1168.24,Festival,Monday,1245.6399999999999,0.2756938603868797,-38.690000000000055
23-12-2024,P115,Sports,1327.0,1037.91,0,0,0.0,250,1392.03,Festival,Monday,0.0,,-65.02999999999997
23-12-2024,P116,Home,927.0,631.68,0,0,0.0,497,913.66,Sale,Monday,0.0,,13.340000000000032
23-12-2024,P117,Sports,1266.3,1051.1,10,0,0.0,404,1213.34,Normal,Monday,0.0,,52.960000000000036
23-12-2024,P118,Home,380.95,314.21,5,2,761.9,462,377.61,Normal,Monday,133.48000000000002,0.17519359495996853,3.339999999999975
23-12-2024,P119,Fashion,1278.7,844.67,5,0,0.0,285,1260.85,Normal,Monday,0.0,,17.850000000000136
24-12-2024,P100,Electronics,1281.55,849.53,5,0,0.0,195,1330.65,Normal,Tuesday,0.0,,-49.100000000000136
24-12-2024,P101,Home,757.0,459.28,0,1,757.0,213,723.35,Sale,Tuesday,297.72,0.3932892998678996,33.64999999999998
24-12-2024,P102,Electronics,866.0,662.84,0,5,4330.0,296,842.24,Festival,Tuesday,1015.7999999999997,0.23459584295612004,23.75999999999999
24-12-2024,P103,Home,1061.0,654.63,0,2,2122.0,49,1026.35,Normal,Tuesday,812.74,0.38300659754948163,34.65000000000009
24-12-2024,P104,Electronics,877.0,639.67,0,2,1754.0,100,892.26,Normal,Tuesday,474.6600000000001,0.2706157354618016,-15.259999999999991
24-12-2024,P105,Sports,1359.45,942.31,5,4,5437.8,76,1359.64,Normal,Tuesday,1668.5600000000004,0.30684467983375635,-0.19000000000005457
24-12-2024,P106,Fashion,1106.0,862.97,0,0,0.0,237,1058.13,Normal,Tuesday,0.0,,47.86999999999989
24-12-2024,P107,Electronics,339.3,297.94,10,3,1017.9,60,328.44,Normal,Tuesday,124.08000000000004,0.12189802534630124,10.860000000000014
24-12-2024,P108,Fashion,676.0,427.76,0,0,0.0,433,705.69,Holiday,Tuesday,0.0,,-29.690000000000055
24-12-2024,P109,Electronics,747.0,552.7,10,0,0.0,354,721.99,Normal,Tuesday,0.0,,25.00999999999999
24-12-2024,P110,Sports,369.75,282.8,15,2,739.5,292,386.96,Normal,Tuesday,173.89999999999998,0.23515889114266394,-17.20999999999998
24-12-2024,P111,Electronics,804.6,603.36,10,0,0.0,339,779.01,Normal,Tuesday,0.0,,25.590000000000032
24-12-2024,P112,Fashion,615.0,477.95,0,0,0.0,355,609.68,Normal,Tuesday,0.0,,5.32000000000005
24-12-2024,P113,Electronics,1337.4,1086.04,10,0,0.0,135,1301.14,Sale,Tuesday,0.0,,36.25999999999999
24-12-2024,P114,Electronics,807.0,622.82,0,1,807.0,317,777.35,Normal,Tuesday,184.17999999999995,0.22822800495662943,29.649999999999977
24-12-2024,P115,Home,1163.7,1025.32,10,0,0.0,155,1174.8,Normal,Tuesday,0.0,,-11.099999999999909
24-12-2024,P116,Home,340.0,206.41,0,1,340.0,485,352.3,Normal,Tuesday,133.59,0.39291176470588235,-12.300000000000011
24-12-2024,P117,Electronics,1094.4,744.58,10,3,3283.2,385,1063.26,Sale,Tuesday,1049.4599999999996,0.3196454678362572,31.1400000000001
24-12-2024,P118,Sports,1412.0,939.59,0,0,0.0,83,1452.58,Sale,Tuesday,0.0,,-40.57999999999993
24-12-2024,P119,Fashion,1082.0,723.48,0,2,2164.0,253,1083.73,Festival,Tuesday,717.04,0.33134935304990754,-1.7300000000000182
25-12-2024,P100,Electronics,416.0,277.7,0,1,416.0,432,417.82,Festival,Wednesday,138.3,0.3324519230769231,-1.8199999999999932
25-12-2024,P101,Sports,615.6,457.75,5,3,1846.8,447,621.48,Sale,Wednesday,473.54999999999995,0.25641650422352175,-5.8799999999999955
25-12-2024,P102,Sports,1293.9,910.35,5,2,2587.8,31,1331.27,Normal,Wednesday,767.1000000000001,0.29642939948991426,-37.36999999999989
25-12-2024,P103,Home,1270.0,939.19,0,1,1270.0,307,1223.0,Normal,Wednesday,330.80999999999995,0.2604803149606299,47.0
25-12-2024,P104,Fashion,354.6,310.35,10,4,1418.4,210,341.79,Holiday,Wednesday,177.0,0.12478849407783417,12.810000000000002
25-12-2024,P105,Home,1217.9,916.11,5,0,0.0,236,1197.72,Normal,Wednesday,0.0,,20.180000000000064
25-12-2024,P106,Fashion,268.85,183.1,5,2,537.7,272,279.08,Normal,Wednesday,171.50000000000006,0.31895108796726807,-10.229999999999961
25-12-2024,P107,Sports,1320.5,931.27,5,0,0.0,479,1334.97,Sale,Wednesday,0.0,,-14.470000000000027
25-12-2024,P108,Home,588.0,379.85,0,1,588.0,126,614.1,Normal,Wednesday,208.14999999999998,0.35399659863945576,-26.100000000000023
25-12-2024,P109,Fashion,1271.0,773.86,0,0,0.0,88,1321.82,Festival,Wednesday,0.0,,-50.819999999999936
25-12-2024,P110,Sports,491.0,298.57,0,4,1964.0,404,501.5,Normal,Wednesday,769.72,0.3919144602851324,-10.5
25-12-2024,P111,Electronics,200.0,148.44,0,5,1000.0,116,209.3,Normal,Wednesday,257.79999999999995,0.2578,-9.300000000000011
25-12-2024,P112,Electronics,1138.0,778.34,0,0,0.0,317,1107.74,Sale,Wednesday,0.0,,30.25999999999999
25-12-2024,P113,Home,766.0,487.31,0,0,0.0,121,764.58,Normal,Wednesday,0.0,,1.419999999999959
25-12-2024,P114,Fashion,770.0,582.29,0,2,1540.0,168,756.31,Normal,Wednesday,375.4200000000001,0.24377922077922082,13.690000000000055
25-12-2024,P115,Home,1223.6,918.92,5,0,0.0,47,1176.13,Sale,Wednesday,0.0,,47.4699999999998
25-12-2024,P116,Sports,1269.0,857.92,0,4,5076.0,485,1285.89,Sale,Wednesday,1644.3200000000002,0.32394011032308906,-16.8900000000001
25-12-2024,P117,Home,603.9,448.48,10,0,0.0,354,613.88,Sale,Wednesday,0.0,,-9.980000000000018
25-12-2024,P118,Home,799.85,635.08,15,0,0.0,254,831.86,Festival,Wednesday,0.0,,-32.00999999999999
25-12-2024,P119,Home,743.85,527.66,5,1,743.85,121,713.34,Festival,Wednesday,216.19000000000005,0.29063655306849506,30.50999999999999
26-12-2024,P100,Home,504.0,401.32,10,1,504.0,50,529.13,Normal,Thursday,102.68,0.20373015873015873,-25.129999999999995
26-12-2024,P101,Sports,301.5,210.64,10,2,603.0,237,299.01,Normal,Thursday,181.72000000000003,0.30135986733001663,2.490000000000009
26-12-2024,P102,Home,547.2,419.74,5,1,547.2,137,573.37,Normal,Thursday,127.46000000000004,0.23293128654970766,-26.16999999999996
26-12-2024,P103,Fashion,1167.0,711.52,0,2,2334.0,441,1179.65,Normal,Thursday,910.96,0.3902999143101971,-12.650000000000091
26-12-2024,P104,Home,1261.0,970.83,0,1,1261.0,263,1252.6,Normal,Thursday,290.16999999999996,0.2301110229976209,8.400000000000091
26-12-2024,P105,Electronics,191.7,166.78,10,3,575.1,461,191.22,Normal,Thursday,74.75999999999999,0.12999478351591026,0.47999999999998977
26-12-2024,P106,Home,1218.0,910.09,0,1,1218.0,219,1259.99,Normal,Thursday,307.90999999999997,0.252799671592775,-41.99000000000001
26-12-2024,P107,Electronics,584.1,410.02,10,3,1752.3,200,581.7,Normal,Thursday,522.24,0.29803115904810823,2.3999999999999773
26-12-2024,P108,Sports,1059.0,768.15,0,4,4236.0,411,1013.28,Normal,Thursday,1163.4,0.2746458923512748,45.72000000000003
26-12-2024,P109,Home,402.0,256.21,0,6,2412.0,203,399.03,Normal,Thursday,874.7400000000002,0.36266169154228867,2.9700000000000273
26-12-2024,P110,Electronics,488.0,351.77,0,0,0.0,241,474.99,Normal,Thursday,0.0,,13.009999999999991
26-12-2024,P111,Electronics,1256.85,841.3,5,2,2513.7,117,1242.05,Normal,Thursday,831.0999999999999,0.3306281576958269,14.799999999999955
26-12-2024,P112,Electronics,908.1,794.14,10,1,908.1,249,896.5,Holiday,Thursday,113.96000000000004,0.12549278713798043,11.600000000000023
26-12-2024,P113,Sports,587.0,427.94,0,2,1174.0,246,561.19,Festival,Thursday,318.12,0.2709710391822828,25.809999999999945
26-12-2024,P114,Electronics,1391.0,897.79,0,1,1391.0,357,1436.46,Holiday,Thursday,493.21000000000004,0.3545722501797268,-45.460000000000036
26-12-2024,P115,Home,373.0,245.87,0,2,746.0,82,390.42,Normal,Thursday,254.26,0.3408310991957104,-17.420000000000016
26-12-2024,P116,Fashion,814.15,634.53,5,2,1628.3,499,829.52,Normal,Thursday,359.24,0.22062273536817542,-15.370000000000005
26-12-2024,P117,Home,1182.75,911.06,5,2,2365.5,280,1215.28,Normal,Thursday,543.3800000000001,0.22971042062988803,-32.52999999999997
26-12-2024,P118,Fashion,517.5,390.51,10,0,0.0,392,493.46,Normal,Thursday,0.0,,24.04000000000002
26-12-2024,P119,Electronics,209.95,141.63,5,8,1679.6,156,203.46,Festival,Thursday,546.56,0.32541081209811856,6.489999999999981
27-12-2024,P100,Electronics,1024.25,791.0,15,1,1024.25,301,1008.16,Normal,Friday,233.25,0.2277276055650476,16.090000000000032
27-12-2024,P101,Electronics,715.0,547.39,0,0,0.0,453,704.38,Festival,Friday,0.0,,10.620000000000005
27-12-2024,P102,Sports,472.0,329.05,0,1,472.0,280,453.83,Normal,Friday,142.95,0.3028601694915254,18.170000000000016
27-12-2024,P103,Electronics,491.4,380.57,10,2,982.8,252,511.15,Sale,Friday,221.65999999999997,0.22553927553927552,-19.75
27-12-2024,P104,Fashion,1220.75,844.38,5,0,0.0,84,1198.33,Festival,Friday,0.0,,22.420000000000073
27-12-2024,P105,Sports,1003.0,741.9,0,1,1003.0,118,1034.27,Holiday,Friday,261.1,0.26031904287138585,-31.269999999999982
27-12-2024,P106,Home,245.0,181.49,0,2,490.0,48,249.03,Normal,Friday,127.01999999999998,0.25922448979591833,-4.030000000000001
27-12-2024,P107,Home,845.75,649.38,15,2,1691.5,348,879.04,Normal,Friday,392.74,0.23218445167011528,-33.289999999999964
27-12-2024,P108,Fashion,1300.0,929.28,0,1,1300.0,155,1345.71,Normal,Friday,370.72,0.2851692307692308,-45.710000000000036
27-12-2024,P109,Home,425.6,323.48,5,3,1276.8,21,416.38,Normal,Friday,306.3599999999999,0.23994360902255632,9.220000000000027
27-12-2024,P110,Home,425.0,319.81,0,0,0.0,138,418.54,Normal,Friday,0.0,,6.4599999999999795
27-12-2024,P111,Sports,478.0,369.8,0,2,956.0,112,455.38,Normal,Friday,216.39999999999998,0.22635983263598325,22.620000000000005
27-12-2024,P112,Fashion,345.0,274.97,0,1,345.0,497,353.72,Normal,Friday,70.02999999999997,0.20298550724637673,-8.720000000000027
27-12-2024,P113,Fashion,494.95,356.33,5,2,989.9,268,508.01,Normal,Friday,277.24,0.2800686938074553,-13.060000000000002
27-12-2024,P114,Sports,1014.0,797.35,0,0,0.0,45,1022.68,Normal,Friday,0.0,,-8.67999999999995
27-12-2024,P115,Electronics,478.0,311.25,0,0,0.0,481,467.57,Normal,Friday,0.0,,10.430000000000007
27-12-2024,P116,Sports,533.9,392.89,5,2,1067.8,348,519.89,Festival,Friday,282.02,0.26411312979958795,14.009999999999991
27-12-2024,P117,Fashion,206.0,141.35,0,5,1030.0,59,210.71,Normal,Friday,323.25,0.3138349514563107,-4.710000000000008
27-12-2024,P118,Fashion,922.5,630.26,10,3,2767.5,412,921.92,Festival,Friday,876.72,0.31679132791327913,0.5800000000000409
27-12-2024,P119,Fashion,917.7,696.24,5,4,3670.8,219,913.35,Normal,Friday,885.8400000000001,0.2413206930369402,4.350000000000023
28-12-2024,P100,Home,842.0,664.2,0,0,0.0,291,837.4,Normal,Saturday,0.0,,4.600000000000023
28-12-2024,P101,Electronics,1214.1,929.67,10,0,0.0,116,1173.54,Normal,Saturday,0.0,,40.559999999999945
28-12-2024,P102,Sports,1486.0,1070.67,0,2,2972.0,360,1518.72,Holiday,Saturday,830.6599999999999,0.2794952893674293,-32.72000000000003
28-12-2024,P103,Electronics,887.0,700.76,0,2,1774.0,176,844.66,Normal,Saturday,372.48,0.2099661781285231,42.34000000000003
28-12-2024,P104,Sports,1250.1,1085.88,10,0,0.0,95,1256.62,Festival,Saturday,0.0,,-6.519999999999982
28-12-2024,P105,Sports,771.4,611.43,5,0,0.0,238,763.02,Normal,Saturday,0.0,,8.379999999999995
28-12-2024,P106,Home,422.75,341.99,5,5,2113.75,403,429.99,Normal,Saturday,403.79999999999995,0.19103489059727968,-7.240000000000009
28-12-2024,P107,Electronics,1205.0,839.78,0,0,0.0,384,1259.05,Normal,Saturday,0.0,,-54.049999999999955
28-12-2024,P108,Home,796.0,603.59,0,2,1592.0,404,774.35,Sale,Saturday,384.81999999999994,0.24172110552763815,21.649999999999977
28-12-2024,P109,Home,1207.0,932.1,0,1,1207.0,168,1256.54,Sale,Saturday,274.9,0.22775476387738192,-49.539999999999964
28-12-2024,P110,Sports,869.4,734.05,10,0,0.0,195,882.18,Normal,Saturday,0.0,,-12.779999999999973
28-12-2024,P111,Electronics,437.0,312.43,5,1,437.0,54,458.59,Holiday,Saturday,124.57,0.28505720823798625,-21.589999999999975
28-12-2024,P112,Home,973.0,661.7,0,0,0.0,218,971.81,Normal,Saturday,0.0,,1.1900000000000546
28-12-2024,P113,Sports,1214.1,809.47,10,0,0.0,393,1219.19,Sale,Saturday,0.0,,-5.0900000000001455
28-12-2024,P114,Fashion,948.6,804.16,10,0,0.0,28,963.69,Sale,Saturday,0.0,,-15.090000000000032
28-12-2024,P115,Sports,222.3,176.61,5,6,1333.8,224,220.27,Festival,Saturday,274.1399999999999,0.20553306342780017,2.030000000000001
28-12-2024,P116,Electronics,1104.0,829.85,0,0,0.0,403,1138.83,Normal,Saturday,0.0,,-34.82999999999993
28-12-2024,P117,Sports,438.6,353.37,15,4,1754.4,478,456.29,Sale,Saturday,340.9200000000001,0.19432284541723668,-17.689999999999998
28-12-2024,P118,Sports,670.7,501.99,5,2,1341.4,200,650.1,Sale,Saturday,337.4200000000001,0.25154316385865516,20.600000000000023
28-12-2024,P119,Home,382.5,336.11,10,3,1147.5,120,389.94,Holiday,Saturday,139.16999999999996,0.12128104575163395,-7.439999999999998
29-12-2024,P100,Home,627.0,398.56,0,3,1881.0,444,649.38,Normal,Sunday,685.3199999999999,0.3643381180223285,-22.379999999999995
29-12-2024,P101,Sports,425.0,293.35,0,2,850.0,439,410.42,Sale,Sunday,263.29999999999995,0.3097647058823529,14.579999999999984
29-12-2024,P102,Electronics,1269.0,852.46,10,0,0.0,127,1219.07,Normal,Sunday,0.0,,49.930000000000064
29-12-2024,P103,Home,1008.9,878.2,10,0,0.0,440,1020.95,Holiday,Sunday,0.0,,-12.050000000000068
29-12-2024,P104,Fashion,779.0,532.89,0,0,0.0,419,804.86,Normal,Sunday,0.0,,-25.860000000000014
29-12-2024,P105,Home,272.7,202.17,10,0,0.0,330,269.98,Normal,Sunday,0.0,,2.7199999999999704
29-12-2024,P106,Home,229.0,159.96,0,4,916.0,420,234.19,Normal,Sunday,276.15999999999997,0.3014847161572052,-5.189999999999998
29-12-2024,P107,Home,834.1,556.67,5,0,0.0,481,804.42,Festival,Sunday,0.0,,29.680000000000064
29-12-2024,P108,Fashion,689.0,481.88,0,2,1378.0,438,708.04,Festival,Sunday,414.24,0.30060957910014513,-19.039999999999964
29-12-2024,P109,Home,1216.0,733.79,0,4,4864.0,227,1252.88,Normal,Sunday,1928.8400000000001,0.3965542763157895,-36.88000000000011
29-12-2024,P110,Electronics,1311.0,889.27,0,2,2622.0,188,1288.54,Holiday,Sunday,843.46,0.32168573607932877,22.460000000000036
29-12-2024,P111,Electronics,930.6,787.36,10,0,0.0,81,899.74,Sale,Sunday,0.0,,30.860000000000014
29-12-2024,P112,Fashion,1204.0,746.79,0,0,0.0,333,1211.22,Holiday,Sunday,0.0,,-7.220000000000027
29-12-2024,P113,Fashion,1093.0,785.96,0,0,0.0,344,1089.77,Normal,Sunday,0.0,,3.230000000000018
29-12-2024,P114,Fashion,672.0,509.56,0,1,672.0,299,672.53,Normal,Sunday,162.44,0.24172619047619048,-0.5299999999999727
29-12-2024,P115,Home,1210.0,829.96,0,4,4840.0,103,1230.72,Holiday,Sunday,1520.1599999999999,0.31408264462809915,-20.720000000000027
29-12-2024,P116,Fashion,450.0,302.15,10,3,1350.0,108,468.52,Normal,Sunday,443.55000000000007,0.3285555555555556,-18.519999999999982
29-12-2024,P117,Home,876.0,575.11,0,2,1752.0,196,839.12,Normal,Sunday,601.78,0.34348173515981734,36.879999999999995
29-12-2024,P118,Electronics,1317.0,1026.72,0,0,0.0,285,1360.33,Sale,Sunday,0.0,,-43.32999999999993
29-12-2024,P119,Home,880.0,619.76,0,0,0.0,369,848.01,Festival,Sunday,0.0,,31.99000000000001
30-12-2024,P100,Home,691.0,532.01,0,0,0.0,174,691.56,Normal,Monday,0.0,,-0.5599999999999454
30-12-2024,P101,Home,1422.0,1070.47,0,0,0.0,157,1377.65,Sale,Monday,0.0,,44.34999999999991
30-12-2024,P102,Sports,549.0,475.3,10,5,2745.0,197,522.06,Holiday,Monday,368.5,0.13424408014571948,26.940000000000055
30-12-2024,P103,Fashion,1422.0,1055.08,0,0,0.0,153,1484.65,Normal,Monday,0.0,,-62.65000000000009
30-12-2024,P104,Home,1092.5,909.65,5,2,2185.0,109,1108.49,Holiday,Monday,365.70000000000005,0.1673684210526316,-15.990000000000009
30-12-2024,P105,Sports,311.6,219.04,5,2,623.2,70,305.18,Sale,Monday,185.12000000000006,0.2970474967907575,6.420000000000016
30-12-2024,P106,Fashion,559.3,416.67,15,0,0.0,378,533.19,Normal,Monday,0.0,,26.1099999999999
30-12-2024,P107,Electronics,1074.0,657.92,0,2,2148.0,288,1029.49,Sale,Monday,832.1600000000001,0.3874115456238362,44.50999999999999
30-12-2024,P108,Home,784.0,606.6,0,1,784.0,250,790.15,Holiday,Monday,177.39999999999998,0.2262755102040816,-6.149999999999977
30-12-2024,P109,Electronics,878.0,627.31,0,0,0.0,278,874.24,Normal,Monday,0.0,,3.759999999999991
30-12-2024,P110,Fashion,448.8,404.4,15,1,448.8,378,454.43,Normal,Monday,44.400000000000034,0.09893048128342254,-5.6299999999999955
30-12-2024,P111,Home,1110.55,884.64,5,2,2221.1,172,1094.64,Sale,Monday,451.81999999999994,0.20342172797262614,15.909999999999854
30-12-2024,P112,Electronics,539.0,412.25,0,3,1617.0,124,543.6,Normal,Monday,380.25,0.23515769944341372,-4.600000000000023
30-12-2024,P113,Fashion,1053.0,708.82,0,2,2106.0,216,1064.04,Normal,Monday,688.3599999999999,0.32685660018993345,-11.039999999999964
30-12-2024,P114,Fashion,814.0,572.66,0,0,0.0,427,849.45,Normal,Monday,0.0,,-35.450000000000045
30-12-2024,P115,Home,1291.0,917.3,0,3,3873.0,229,1333.5,Festival,Monday,1121.1000000000004,0.289465530596437,-42.5
30-12-2024,P116,Sports,764.0,602.33,0,0,0.0,349,727.31,Normal,Monday,0.0,,36.690000000000055
30-12-2024,P117,Sports,491.15,332.5,5,5,2455.75,401,490.29,Holiday,Monday,793.25,0.3230174081237911,0.8599999999999568
30-12-2024,P118,Home,863.6,742.27,15,0,0.0,237,860.63,Normal,Monday,0.0,,2.9700000000000273
30-12-2024,P119,Sports,662.15,476.85,5,0,0.0,390,675.24,Normal,Monday,0.0,,-13.090000000000032
