date,product_id,category,price,cost,discount_pct,units_sold,revenue,inventory_level,competitor_price,season,day_of_week
01-01-2024,P100,Home,954,674.89,10,1,954,141,963.24,Normal,Monday
01-01-2024,P101,Sports,280.5,199.36,15,6,1683,313,289.83,Normal,Monday
01-01-2024,P102,Electronics,659,476.02,0,0,0,494,627.57,Festival,Monday
01-01-2024,P103,Fashion,1157,875.89,0,0,0,339,1158.65,Normal,Monday
01-01-2024,P104,Home,220,151.82,0,6,1320,33,229.73,Sale,Monday
01-01-2024,P105,Home,1155,721.19,0,0,0,225,1101.22,Normal,Monday
01-01-2024,P106,Sports,1225,839.16,0,2,2450,496,1233.29,Holiday,Monday
01-01-2024,P107,Sports,1475,898.34,0,1,1475,357,1458.58,Normal,Monday
01-01-2024,P108,Electronics,963,694.71,0,0,0,320,943.38,Normal,Monday
01-01-2024,P109,Sports,1157.4,981.34,10,2,2314.8,308,1183.91,Festival,Monday
01-01-2024,P110,Fashion,216,187.92,10,6,1296,52,214.91,Normal,Monday
01-01-2024,P111,Sports,925,719.13,0,0,0,481,889.81,Sale,Monday
01-01-2024,P112,Home,966,629.07,0,1,966,365,986.35,Normal,Monday
01-01-2024,P113,Sports,1037,856.09,15,0,0,256,1011,Normal,Monday
01-01-2024,P114,Electronics,1313.85,995.45,5,1,1313.85,189,1363.84,Sale,Monday
01-01-2024,P115,Sports,1454,1136.11,0,1,1454,140,1475.47,Sale,Monday
01-01-2024,P116,Home,909,638.25,0,0,0,326,883.74,Normal,Monday
01-01-2024,P117,Sports,1456,991.2,0,0,0,287,1420.17,Normal,Monday
01-01-2024,P118,Electronics,1093.45,699.09,5,3,3280.35,73,1093.74,Normal,Monday
01-01-2024,P119,Electronics,929,740.53,0,3,2787,222,944.99,Normal,Monday
02-01-2024,P100,Fashion,407.15,332.45,15,6,2442.9,259,403.03,Sale,Tuesday
02-01-2024,P101,Home,859,571.4,0,1,859,166,877.14,Normal,Tuesday
02-01-2024,P102,Electronics,1071.6,766.49,5,2,2143.2,286,1107.79,Normal,Tuesday
02-01-2024,P103,Fashion,781.85,585.19,5,0,0,323,761.67,Holiday,Tuesday
02-01-2024,P104,Sports,1214,810.72,0,2,2428,150,1241.43,Sale,Tuesday
02-01-2024,P105,Sports,602.65,558.71,15,5,3013.25,385,589.63,Normal,Tuesday
02-01-2024,P106,Sports,1040.4,745.45,10,2,2080.8,296,1013.06,Normal,Tuesday
02-01-2024,P107,Sports,1193.2,889.89,5,2,2386.4,41,1209.47,Normal,Tuesday
02-01-2024,P108,Electronics,723.9,593.15,5,1,723.9,305,745.24,Festival,Tuesday
02-01-2024,P109,Sports,772.2,612.96,10,3,2316.6,191,736.96,Holiday,Tuesday
02-01-2024,P110,Electronics,717,483.28,0,1,717,321,747.71,Holiday,Tuesday
02-01-2024,P111,Electronics,1127,868.05,0,2,2254,300,1089.75,Normal,Tuesday
02-01-2024,P112,Home,840.75,548.2,5,2,1681.5,469,881.95,Normal,Tuesday
02-01-2024,P113,Electronics,445,298.99,0,1,445,374,458.77,Normal,Tuesday
02-01-2024,P114,Sports,991.8,771.73,10,1,991.8,419,1006.67,Normal,Tuesday
02-01-2024,P115,Sports,926,680.06,0,0,0,209,894.06,Normal,Tuesday
02-01-2024,P116,Fashion,453.6,306.16,10,4,1814.4,463,447.26,Normal,Tuesday
02-01-2024,P117,Sports,1028.85,738.9,5,1,1028.85,163,991.64,Holiday,Tuesday
02-01-2024,P118,Fashion,856,581.88,0,2,1712,365,876.89,Normal,Tuesday
02-01-2024,P119,Electronics,1281,1003.08,0,2,2562,137,1247.67,Festival,Tuesday
03-01-2024,P100,Electronics,986.4,866.91,10,0,0,297,991.76,Festival,Wednesday
03-01-2024,P101,Fashion,896,598.86,0,2,1792,113,859.64,Sale,Wednesday
03-01-2024,P102,Sports,1111,688.34,0,0,0,308,1108.05,Normal,Wednesday
03-01-2024,P103,Fashion,912.95,756.01,5,2,1825.9,23,916.54,Festival,Wednesday
03-01-2024,P104,Fashion,661.2,538.31,5,5,3306,415,681.1,Normal,Wednesday
03-01-2024,P105,Electronics,1267.35,1009.74,15,0,0,63,1318.72,Normal,Wednesday
03-01-2024,P106,Fashion,1402.2,913.48,5,0,0,283,1342.07,Normal,Wednesday
03-01-2024,P107,Home,1419,1048.04,0,0,0,395,1480.96,Festival,Wednesday
03-01-2024,P108,Electronics,787.5,556.05,10,2,1575,196,811.66,Festival,Wednesday
03-01-2024,P109,Home,1413,1006.58,0,0,0,298,1438.41,Sale,Wednesday
03-01-2024,P110,Electronics,261,182.52,0,3,783,38,255.72,Normal,Wednesday
03-01-2024,P111,Sports,1050,733.54,0,0,0,415,1007.13,Normal,Wednesday
03-01-2024,P112,Sports,1374,1039.1,0,2,2748,205,1433.21,Normal,Wednesday
03-01-2024,P113,Home,814.15,680.23,5,0,0,420,841.58,Normal,Wednesday
03-01-2024,P114,Electronics,1251.9,854.84,10,2,2503.8,24,1277.72,Normal,Wednesday
03-01-2024,P115,Fashion,594.15,452.49,15,1,594.15,311,599.61,Normal,Wednesday
03-01-2024,P116,Electronics,1075,765.06,0,3,3225,58,1118.68,Normal,Wednesday
03-01-2024,P117,Sports,607.5,508.57,10,0,0,406,622.34,Normal,Wednesday
03-01-2024,P118,Home,1023,721.9,0,1,1023,192,1053.91,Holiday,Wednesday
03-01-2024,P119,Home,914.85,592.01,5,2,1829.7,421,957.78,Normal,Wednesday
04-01-2024,P100,Home,1482,1156.3,0,0,0,243,1449.54,Normal,Thursday
04-01-2024,P101,Fashion,875,606.15,0,0,0,239,882.32,Normal,Thursday
04-01-2024,P102,Home,701,425.13,0,0,0,480,694.78,Festival,Thursday
04-01-2024,P103,Sports,997,770.89,0,4,3988,308,949.78,Sale,Thursday
04-01-2024,P104,Home,338.4,253.93,10,0,0,334,334.78,Sale,Thursday
04-01-2024,P105,Electronics,543.6,369.21,10,1,543.6,370,560.61,Festival,Thursday
04-01-2024,P106,Home,1076.4,891.29,10,1,1076.4,104,1063.25,Normal,Thursday
04-01-2024,P107,Fashion,615.6,475.85,5,2,1231.2,91,606.87,Normal,Thursday
04-01-2024,P108,Fashion,317,242.91,0,1,317,255,327.03,Normal,Thursday
04-01-2024,P109,Home,1062.1,839.65,5,0,0,454,1083.78,Holiday,Thursday
04-01-2024,P110,Fashion,954.75,725.23,5,4,3819,454,959.98,Holiday,Thursday
04-01-2024,P111,Sports,666.9,536.79,10,1,666.9,407,696.88,Normal,Thursday
04-01-2024,P112,Electronics,1123.85,720.65,5,1,1123.85,145,1106.7,Festival,Thursday
04-01-2024,P113,Sports,989.1,735.38,10,0,0,112,986.52,Holiday,Thursday
04-01-2024,P114,Home,1228,821.55,0,0,0,345,1170.51,Normal,Thursday
04-01-2024,P115,Fashion,1296,801.52,0,0,0,75,1320.34,Sale,Thursday
04-01-2024,P116,Electronics,482.4,351.28,10,2,964.8,272,494.38,Holiday,Thursday
04-01-2024,P117,Sports,249.3,191.82,10,4,997.2,331,237.75,Normal,Thursday
04-01-2024,P118,Home,949,711.68,0,0,0,313,983.85,Normal,Thursday
04-01-2024,P119,Fashion,1262,838.49,0,0,0,319,1240.23,Normal,Thursday
05-01-2024,P100,Electronics,266,194.12,0,2,532,489,268.24,Normal,Friday
05-01-2024,P101,Electronics,771.4,546.16,5,0,0,459,776.86,Normal,Friday
05-01-2024,P102,Electronics,861,555.4,0,1,861,369,859.95,Normal,Friday
05-01-2024,P103,Sports,428,340.89,0,0,0,239,423.63,Holiday,Friday
05-01-2024,P104,Fashion,972,754,10,2,1944,213,1003.19,Normal,Friday
05-01-2024,P105,Fashion,1341,995.28,0,0,0,159,1372.68,Normal,Friday
05-01-2024,P106,Sports,338,265.8,0,4,1352,409,341.17,Normal,Friday
05-01-2024,P107,Electronics,501.6,397.08,5,1,501.6,438,500.17,Normal,Friday
05-01-2024,P108,Fashion,369.75,296.54,15,3,1109.25,437,387.9,Normal,Friday
05-01-2024,P109,Sports,964.8,804.11,10,4,3859.2,184,996.17,Sale,Friday
05-01-2024,P110,Fashion,695.7,519.28,10,2,1391.4,315,688.22,Normal,Friday
05-01-2024,P111,Electronics,1183.7,856.94,5,2,2367.4,469,1166.58,Normal,Friday
05-01-2024,P112,Home,1072.7,786.71,15,1,1072.7,475,1086.4,Festival,Friday
05-01-2024,P113,Fashion,1235.9,1039.07,15,3,3707.7,430,1267.09,Festival,Friday
05-01-2024,P114,Fashion,716,555.15,0,1,716,178,739,Normal,Friday
05-01-2024,P115,Sports,1484,1034.75,0,6,8904,430,1524.35,Festival,Friday
05-01-2024,P116,Sports,993,645.81,0,0,0,349,961.38,Normal,Friday
05-01-2024,P117,Home,595,465.51,0,1,595,130,571.25,Festival,Friday
05-01-2024,P118,Sports,499.5,434.98,10,0,0,146,475.67,Normal,Friday
05-01-2024,P119,Electronics,978,674.98,0,4,3912,129,1025.42,Normal,Friday
06-01-2024,P100,Electronics,727.7,494.44,5,3,2183.1,328,718.92,Normal,Saturday
06-01-2024,P101,Home,585,405.49,0,0,0,147,609.48,Normal,Saturday
06-01-2024,P102,Home,1405,892.56,0,0,0,363,1393.61,Normal,Saturday
06-01-2024,P103,Fashion,1081.2,808.49,15,0,0,137,1043.21,Sale,Saturday
06-01-2024,P104,Sports,760,501.54,0,0,0,454,752.2,Normal,Saturday
06-01-2024,P105,Electronics,460.75,372.15,5,1,460.75,390,451.26,Normal,Saturday
06-01-2024,P106,Sports,1269.2,908.68,5,0,0,404,1225.44,Normal,Saturday
06-01-2024,P107,Home,361,246.11,0,5,1805,197,348.59,Sale,Saturday
06-01-2024,P108,Electronics,958,623.45,0,2,1916,347,958.53,Normal,Saturday
06-01-2024,P109,Home,1487,921.77,0,0,0,139,1520.05,Sale,Saturday
06-01-2024,P110,Sports,364,228.67,0,2,728,485,357.59,Normal,Saturday
06-01-2024,P111,Sports,252.9,218.77,10,2,505.8,253,248.9,Sale,Saturday
06-01-2024,P112,Home,595,455.85,0,3,1785,412,611.29,Normal,Saturday
06-01-2024,P113,Sports,935,640.51,0,1,935,59,913.37,Festival,Saturday
06-01-2024,P114,Electronics,1458,997.77,0,0,0,117,1516.4,Normal,Saturday
06-01-2024,P115,Electronics,1238.4,962.5,10,2,2476.8,361,1189.68,Normal,Saturday
06-01-2024,P116,Fashion,883.5,669.12,5,4,3534,474,898.08,Normal,Saturday
06-01-2024,P117,Fashion,296.1,208.34,10,2,592.2,311,283.75,Sale,Saturday
06-01-2024,P118,Home,189,140.94,10,3,567,246,185.17,Holiday,Saturday
06-01-2024,P119,Home,1233.9,867.02,10,0,0,384,1276.64,Normal,Saturday
07-01-2024,P100,Fashion,244.8,167.29,10,5,1224,446,244.69,Normal,Sunday
07-01-2024,P101,Electronics,1098.2,876.25,5,0,0,31,1100.54,Normal,Sunday
07-01-2024,P102,Sports,774,646.55,10,2,1548,219,784.62,Normal,Sunday
07-01-2024,P103,Home,1180,819.68,0,1,1180,26,1135.22,Normal,Sunday
07-01-2024,P104,Fashion,1026,809.36,0,3,3078,442,1063.15,Normal,Sunday
07-01-2024,P105,Sports,1194,850.29,0,3,3582,190,1239.97,Normal,Sunday
07-01-2024,P106,Sports,226.1,157.81,5,8,1808.8,428,232.67,Festival,Sunday
07-01-2024,P107,Fashion,433.5,353.12,15,2,867,288,411.84,Normal,Sunday
07-01-2024,P108,Home,1262,759.59,0,0,0,337,1210.07,Normal,Sunday
07-01-2024,P109,Home,539,402.91,0,5,2695,161,518,Normal,Sunday
07-01-2024,P110,Fashion,492,299.34,0,0,0,92,516,Normal,Sunday
07-01-2024,P111,Sports,818.1,723.99,10,3,2454.3,81,826.35,Festival,Sunday
07-01-2024,P112,Sports,825.35,627.59,15,1,825.35,392,837.7,Sale,Sunday
07-01-2024,P113,Electronics,856.8,753.46,10,0,0,73,882.57,Holiday,Sunday
07-01-2024,P114,Home,1243,993.13,0,0,0,197,1230.1,Normal,Sunday
07-01-2024,P115,Electronics,1343,1006.68,0,2,2686,376,1396.04,Normal,Sunday
07-01-2024,P116,Home,750.6,522,10,1,750.6,351,784.8,Normal,Sunday
07-01-2024,P117,Fashion,1183,769.58,0,1,1183,195,1206.15,Normal,Sunday
07-01-2024,P118,Sports,996.2,912.87,15,0,0,320,952.52,Normal,Sunday
07-01-2024,P119,Fashion,239,170.44,0,6,1434,166,248.05,Sale,Sunday
08-01-2024,P100,Home,913.5,752.8,10,1,913.5,189,931.54,Normal,Monday
08-01-2024,P101,Electronics,922.5,710.42,10,0,0,179,876.85,Normal,Monday
08-01-2024,P102,Home,252.9,214.57,10,4,1011.6,314,253.09,Normal,Monday
08-01-2024,P103,Sports,1446,976.54,0,0,0,345,1492.08,Normal,Monday
08-01-2024,P104,Electronics,1447,1111.33,0,0,0,56,1400.62,Normal,Monday
08-01-2024,P105,Home,391,289.98,0,2,782,212,394.21,Normal,Monday
08-01-2024,P106,Fashion,479.75,403,5,2,959.5,270,477.16,Normal,Monday
08-01-2024,P107,Home,658,484.72,0,0,0,304,643.1,Holiday,Monday
08-01-2024,P108,Electronics,214.2,167.89,10,2,428.4,307,209.88,Normal,Monday
08-01-2024,P109,Electronics,852.3,574.13,10,3,2556.9,376,887.2,Festival,Monday
08-01-2024,P110,Electronics,1332,982.94,10,2,2664,182,1364.75,Normal,Monday
08-01-2024,P111,Sports,1154.7,817.41,10,0,0,98,1186.64,Normal,Monday
08-01-2024,P112,Home,586,444.98,0,0,0,397,610.13,Festival,Monday
08-01-2024,P113,Electronics,1386.05,947.63,5,0,0,463,1348.01,Normal,Monday
08-01-2024,P114,Electronics,585,444.31,0,2,1170,91,582.38,Normal,Monday
08-01-2024,P115,Fashion,189,155.19,10,8,1512,411,194.29,Festival,Monday
08-01-2024,P116,Electronics,570,372.34,5,2,1140,329,542.55,Festival,Monday
08-01-2024,P117,Sports,180.9,142.08,10,5,904.5,96,173.35,Normal,Monday
08-01-2024,P118,Fashion,1319.55,991.06,5,3,3958.65,125,1359.21,Normal,Monday
08-01-2024,P119,Fashion,208,163.75,0,9,1872,389,208.86,Holiday,Monday
09-01-2024,P100,Sports,1176.3,872.93,10,0,0,103,1126.91,Normal,Tuesday
09-01-2024,P101,Home,1008,637.86,0,3,3024,31,1030.66,Normal,Tuesday
09-01-2024,P102,Electronics,1246.1,943.87,15,2,2492.2,411,1225.78,Sale,Tuesday
09-01-2024,P103,Home,1066.85,718.62,5,0,0,466,1021.21,Normal,Tuesday
09-01-2024,P104,Electronics,1061,840.48,0,1,1061,312,1097.74,Normal,Tuesday
09-01-2024,P105,Sports,1473,1097.46,0,3,4419,437,1528.01,Sale,Tuesday
09-01-2024,P106,Home,385,301.25,0,2,770,59,389.73,Sale,Tuesday
09-01-2024,P107,Fashion,1082.05,768.33,5,3,3246.15,441,1072.64,Normal,Tuesday
09-01-2024,P108,Sports,551,399.66,5,0,0,149,543.24,Normal,Tuesday
09-01-2024,P109,Home,1379.4,873.82,5,0,0,183,1393.02,Holiday,Tuesday
09-01-2024,P110,Home,1233,757.92,0,5,6165,285,1235.44,Festival,Tuesday
09-01-2024,P111,Sports,712,463.16,0,0,0,126,703.41,Festival,Tuesday
09-01-2024,P112,Electronics,453.6,387.49,10,1,453.6,226,457.47,Normal,Tuesday
09-01-2024,P113,Fashion,996,725.09,0,0,0,78,964.13,Normal,Tuesday
09-01-2024,P114,Fashion,1049.75,777.64,15,1,1049.75,318,1098.58,Normal,Tuesday
09-01-2024,P115,Sports,694,488.82,0,2,1388,170,696.24,Normal,Tuesday
09-01-2024,P116,Sports,945,705.52,0,0,0,283,915.55,Normal,Tuesday
09-01-2024,P117,Fashion,1231.2,1048.13,10,1,1231.2,494,1264.26,Holiday,Tuesday
09-01-2024,P118,Electronics,1162.8,787.2,5,1,1162.8,88,1150.46,Normal,Tuesday
09-01-2024,P119,Home,1245.6,943.03,10,0,0,96,1280.77,Normal,Tuesday
10-01-2024,P100,Fashion,1258.75,881.66,5,0,0,101,1297.5,Sale,Wednesday
10-01-2024,P101,Fashion,1021,745.14,0,2,2042,218,1034.29,Normal,Wednesday
10-01-2024,P102,Electronics,504,357.41,0,1,504,286,479.54,Festival,Wednesday
10-01-2024,P103,Home,269.8,219.44,5,8,2158.4,136,269.24,Sale,Wednesday
10-01-2024,P104,Electronics,477.85,360.17,5,2,955.7,451,483.01,Normal,Wednesday
10-01-2024,P105,Electronics,545.4,415.82,10,5,2727,418,522.02,Normal,Wednesday
10-01-2024,P106,Home,523,411.54,0,3,1569,400,502.15,Festival,Wednesday
10-01-2024,P107,Sports,490,350.93,0,2,980,21,500.66,Normal,Wednesday
10-01-2024,P108,Electronics,521.55,349.29,5,0,0,416,504.94,Normal,Wednesday
10-01-2024,P109,Sports,235,160.95,0,5,1175,191,242.42,Normal,Wednesday
10-01-2024,P110,Home,306,244.91,10,3,918,412,317.76,Sale,Wednesday
10-01-2024,P111,Fashion,743.85,590.37,5,0,0,87,725.67,Normal,Wednesday
10-01-2024,P112,Sports,1390,1019.58,0,1,1390,458,1407.22,Normal,Wednesday
10-01-2024,P113,Home,860,532.46,0,2,1720,495,872.21,Normal,Wednesday
10-01-2024,P114,Electronics,789,573.13,0,0,0,339,760.74,Normal,Wednesday
10-01-2024,P115,Home,658,525.25,0,0,0,237,631.95,Normal,Wednesday
10-01-2024,P116,Electronics,1144.75,786.84,5,0,0,92,1155.71,Normal,Wednesday
10-01-2024,P117,Electronics,924.3,630.09,10,0,0,168,899.69,Normal,Wednesday
10-01-2024,P118,Home,1213,783.8,0,4,4852,149,1175.44,Holiday,Wednesday
10-01-2024,P119,Fashion,299.25,192.79,5,6,1795.5,352,312.94,Festival,Wednesday
11-01-2024,P100,Home,407,277.53,0,1,407,31,420.1,Normal,Thursday
11-01-2024,P101,Sports,704.65,661.95,15,0,0,140,707.47,Festival,Thursday
11-01-2024,P102,Fashion,1059.3,891.67,10,0,0,479,1070.79,Sale,Thursday
11-01-2024,P103,Electronics,920.55,762.98,5,0,0,199,902.65,Normal,Thursday
11-01-2024,P104,Fashion,459,322.5,10,1,459,335,462.42,Sale,Thursday
11-01-2024,P105,Sports,333,209.21,0,4,1332,418,343.61,Normal,Thursday
11-01-2024,P106,Fashion,960.5,756.22,15,2,1921,44,974.04,Normal,Thursday
11-01-2024,P107,Electronics,1199.7,1039.28,10,0,0,444,1177.81,Sale,Thursday
11-01-2024,P108,Fashion,1116,675.36,0,2,2232,463,1167.68,Sale,Thursday
11-01-2024,P109,Sports,1128.6,737.91,5,1,1128.6,273,1096.55,Festival,Thursday
11-01-2024,P110,Home,1210,862.59,0,0,0,401,1175.12,Holiday,Thursday
11-01-2024,P111,Electronics,1379,911.04,0,0,0,271,1405.5,Festival,Thursday
11-01-2024,P112,Sports,984,636.18,0,0,0,439,951.9,Normal,Thursday
11-01-2024,P113,Home,318.6,241.72,10,3,955.8,105,326.04,Holiday,Thursday
11-01-2024,P114,Fashion,604,364.72,0,3,1812,333,619.72,Normal,Thursday
11-01-2024,P115,Electronics,1436,918.71,0,0,0,484,1370.32,Normal,Thursday
11-01-2024,P116,Home,507,331.17,0,0,0,53,488.1,Normal,Thursday
11-01-2024,P117,Sports,677.7,570.02,10,1,677.7,36,708.56,Festival,Thursday
11-01-2024,P118,Fashion,771,474.38,0,0,0,463,804.18,Sale,Thursday
11-01-2024,P119,Fashion,359.1,257.51,10,2,718.2,192,357.33,Normal,Thursday
12-01-2024,P100,Electronics,286,210.51,0,1,286,62,274.13,Festival,Friday
12-01-2024,P101,Home,480.25,451.05,15,2,960.5,47,501.49,Normal,Friday
12-01-2024,P102,Electronics,549,420.59,0,4,2196,130,544.84,Normal,Friday
12-01-2024,P103,Electronics,528,357.13,0,0,0,401,508.01,Normal,Friday
12-01-2024,P104,Electronics,519.3,401.39,10,5,2596.5,183,510.07,Normal,Friday
12-01-2024,P105,Home,1091,688.78,0,4,4364,421,1048.54,Normal,Friday
12-01-2024,P106,Home,992.75,718.84,5,0,0,433,1036.74,Holiday,Friday
12-01-2024,P107,Electronics,288.9,244.98,10,3,866.7,252,298.91,Normal,Friday
12-01-2024,P108,Fashion,774,684.28,10,2,1548,170,778.47,Festival,Friday
12-01-2024,P109,Fashion,1059,644.54,0,1,1059,482,1020,Normal,Friday
12-01-2024,P110,Home,287,191.85,0,6,1722,372,294.41,Normal,Friday
12-01-2024,P111,Home,276.3,223.27,10,5,1381.5,381,266.91,Normal,Friday
12-01-2024,P112,Sports,1484,1152.01,0,4,5936,339,1438.58,Sale,Friday
12-01-2024,P113,Home,1122,827.56,0,1,1122,439,1126.34,Normal,Friday
12-01-2024,P114,Fashion,1235,925.2,0,1,1235,396,1291.57,Festival,Friday
12-01-2024,P115,Home,1324,827.42,0,3,3972,413,1342.98,Sale,Friday
12-01-2024,P116,Electronics,1021,754.65,0,2,2042,279,1033.21,Normal,Friday
12-01-2024,P117,Electronics,725,539.89,0,0,0,407,705.09,Normal,Friday
12-01-2024,P118,Fashion,793,571.3,0,3,2379,338,778.89,Normal,Friday
12-01-2024,P119,Fashion,1273,1015.35,5,0,0,247,1265.39,Normal,Friday
13-01-2024,P100,Electronics,1369,923.1,0,0,0,322,1410.26,Holiday,Saturday
13-01-2024,P101,Sports,859,650.37,0,5,4295,97,851.26,Festival,Saturday
13-01-2024,P102,Fashion,1036,659.82,0,4,4144,480,1018.86,Festival,Saturday
13-01-2024,P103,Home,762,600.56,0,2,1524,88,756.64,Sale,Saturday
13-01-2024,P104,Electronics,1116,771.87,0,1,1116,279,1075.1,Normal,Saturday
13-01-2024,P105,Sports,957.6,636.84,5,1,957.6,50,922.68,Holiday,Saturday
13-01-2024,P106,Electronics,1125,738.62,0,0,0,410,1072.83,Normal,Saturday
13-01-2024,P107,Fashion,404,264.07,0,1,404,126,418.26,Normal,Saturday
13-01-2024,P108,Electronics,355.5,261.9,10,3,1066.5,418,340.8,Normal,Saturday
13-01-2024,P109,Home,656.45,523.46,5,2,1312.9,40,656.09,Normal,Saturday
13-01-2024,P110,Fashion,1183,789.83,0,0,0,415,1235.88,Normal,Saturday
13-01-2024,P111,Fashion,1155.2,936.47,5,0,0,80,1157.9,Normal,Saturday
13-01-2024,P112,Home,590.9,461.25,5,2,1181.8,217,566.18,Sale,Saturday
13-01-2024,P113,Electronics,1160.1,798.55,10,0,0,186,1155.48,Normal,Saturday
13-01-2024,P114,Sports,770,532.72,0,4,3080,467,792.04,Normal,Saturday
13-01-2024,P115,Sports,413,249.28,0,3,1239,135,419.59,Sale,Saturday
13-01-2024,P116,Electronics,791.1,700.56,10,0,0,428,753.69,Normal,Saturday
13-01-2024,P117,Home,973,656.18,0,0,0,446,963.02,Sale,Saturday
13-01-2024,P118,Sports,467,329.08,0,0,0,183,480.68,Normal,Saturday
13-01-2024,P119,Fashion,1327,934.26,0,1,1327,405,1334.67,Normal,Saturday
14-01-2024,P100,Home,409.7,315.89,15,3,1229.1,148,394.98,Normal,Sunday
14-01-2024,P101,Electronics,390.15,348.71,15,4,1560.6,156,404.07,Sale,Sunday
14-01-2024,P102,Sports,1149.2,924.16,15,1,1149.2,288,1168.5,Normal,Sunday
14-01-2024,P103,Home,496.8,334.44,10,1,496.8,152,482.38,Holiday,Sunday
14-01-2024,P104,Electronics,845,627.03,0,3,2535,450,842.56,Festival,Sunday
14-01-2024,P105,Sports,675,475.93,0,0,0,237,648.87,Normal,Sunday
14-01-2024,P106,Sports,745,498.84,0,2,1490,460,763.54,Normal,Sunday
14-01-2024,P107,Fashion,1017,685.03,10,2,2034,443,976.97,Normal,Sunday
14-01-2024,P108,Fashion,340,292.42,15,0,0,147,325.47,Festival,Sunday
14-01-2024,P109,Home,732,444.06,0,1,732,161,743.21,Holiday,Sunday
14-01-2024,P110,Electronics,991.8,814.08,5,0,0,238,1028.92,Normal,Sunday
14-01-2024,P111,Sports,700,496.53,0,0,0,353,733.38,Normal,Sunday
14-01-2024,P112,Sports,896.75,638.73,15,3,2690.25,102,863.34,Holiday,Sunday
14-01-2024,P113,Electronics,1221.7,915.42,5,1,1221.7,294,1225.69,Sale,Sunday
14-01-2024,P114,Fashion,875,541.89,0,2,1750,395,832.34,Normal,Sunday
14-01-2024,P115,Home,240.3,207.04,10,7,1682.1,105,236.22,Sale,Sunday
14-01-2024,P116,Home,1115.1,802.75,10,4,4460.4,54,1063.21,Normal,Sunday
14-01-2024,P117,Sports,1499,965.42,0,2,2998,220,1534.61,Holiday,Sunday
14-01-2024,P118,Electronics,646.95,528.32,5,0,0,450,648.08,Normal,Sunday
14-01-2024,P119,Home,225,142.42,0,4,900,57,235.08,Normal,Sunday
15-01-2024,P100,Sports,547,339.6,0,2,1094,361,546.33,Normal,Monday
15-01-2024,P101,Sports,1179,892.63,10,0,0,80,1120.39,Normal,Monday
15-01-2024,P102,Sports,561,445.61,0,6,3366,443,559.99,Normal,Monday
15-01-2024,P103,Electronics,1197,922.68,0,0,0,423,1236.9,Normal,Monday
15-01-2024,P104,Electronics,903,634.39,0,1,903,284,941.99,Sale,Monday
15-01-2024,P105,Home,382,295.99,0,5,1910,166,389.73,Normal,Monday
15-01-2024,P106,Electronics,180,135.59,10,10,1800,464,186.88,Festival,Monday
15-01-2024,P107,Home,1187,907.15,0,0,0,362,1203.19,Festival,Monday
15-01-2024,P108,Electronics,996.55,683.25,5,3,2989.65,439,1026.48,Normal,Monday
15-01-2024,P109,Electronics,531,327.12,0,2,1062,466,554.46,Festival,Monday
15-01-2024,P110,Home,1489,1042.94,0,1,1489,58,1431.78,Sale,Monday
15-01-2024,P111,Sports,457,275.27,0,0,0,340,447.63,Normal,Monday
15-01-2024,P112,Electronics,1436,1093.66,0,0,0,427,1431.2,Festival,Monday
15-01-2024,P113,Home,516.6,406.68,10,6,3099.6,383,521.26,Sale,Monday
15-01-2024,P114,Sports,1395,1092.74,0,0,0,67,1369.73,Normal,Monday
15-01-2024,P115,Sports,878,616.65,0,0,0,440,890.8,Sale,Monday
15-01-2024,P116,Sports,1353.75,1039.06,5,3,4061.25,498,1332.17,Sale,Monday
15-01-2024,P117,Sports,1427,1015.94,0,0,0,453,1379.53,Normal,Monday
15-01-2024,P118,Home,274,171.84,0,0,0,382,266.02,Normal,Monday
15-01-2024,P119,Electronics,272.85,200.06,15,3,818.55,106,267.77,Normal,Monday
16-01-2024,P100,Electronics,539.6,350.82,5,0,0,420,520.8,Normal,Tuesday
16-01-2024,P101,Electronics,873,553.19,0,1,873,406,902.56,Normal,Tuesday
16-01-2024,P102,Home,961,587.68,0,1,961,319,938.92,Sale,Tuesday
16-01-2024,P103,Electronics,613.8,429.73,10,0,0,292,595.83,Festival,Tuesday
16-01-2024,P104,Fashion,864.9,665.29,10,1,864.9,24,834.45,Normal,Tuesday
16-01-2024,P105,Electronics,1226.7,828.15,10,1,1226.7,24,1232.75,Sale,Tuesday
16-01-2024,P106,Fashion,1217,959.98,0,0,0,323,1212.46,Normal,Tuesday
16-01-2024,P107,Sports,1258.75,933.45,5,0,0,430,1251.35,Normal,Tuesday
16-01-2024,P108,Fashion,1173,810.77,0,0,0,258,1184.98,Normal,Tuesday
16-01-2024,P109,Sports,1026,784.13,10,0,0,166,1066.33,Normal,Tuesday
16-01-2024,P110,Electronics,1236,981.76,0,2,2472,133,1264.93,Normal,Tuesday
16-01-2024,P111,Fashion,519,342.48,0,5,2595,171,534.8,Festival,Tuesday
16-01-2024,P112,Fashion,1316.7,1108.2,5,3,3950.1,346,1359.95,Normal,Tuesday
16-01-2024,P113,Home,306,255.23,10,1,306,146,310.85,Sale,Tuesday
16-01-2024,P114,Home,1194.3,902.12,10,0,0,279,1168.07,Normal,Tuesday
16-01-2024,P115,Sports,231.8,193.01,5,4,927.2,443,227.15,Normal,Tuesday
16-01-2024,P116,Sports,1269.9,887.57,10,2,2539.8,434,1291.09,Normal,Tuesday
16-01-2024,P117,Electronics,1454,1010.95,0,0,0,456,1474.43,Normal,Tuesday
16-01-2024,P118,Home,832.5,589.75,10,1,832.5,93,863.05,Normal,Tuesday
16-01-2024,P119,Fashion,1260.9,1040.65,10,0,0,41,1299.23,Normal,Tuesday
17-01-2024,P100,Home,975,637.92,0,0,0,357,953.97,Sale,Wednesday
17-01-2024,P101,Electronics,1071,758.99,10,0,0,233,1094.03,Festival,Wednesday
17-01-2024,P102,Fashion,530.1,382.48,10,4,2120.4,158,520.36,Sale,Wednesday
17-01-2024,P103,Sports,689.35,633.75,15,2,1378.7,217,684,Normal,Wednesday
17-01-2024,P104,Electronics,600,442.44,0,1,600,494,593.26,Sale,Wednesday
17-01-2024,P105,Home,1236,786.79,0,0,0,471,1190.22,Festival,Wednesday
17-01-2024,P106,Electronics,1001.3,856.25,15,0,0,323,961.73,Normal,Wednesday
17-01-2024,P107,Sports,426,287.11,0,2,852,229,437.4,Normal,Wednesday
17-01-2024,P108,Fashion,848,620.29,0,0,0,119,880.24,Festival,Wednesday
17-01-2024,P109,Home,402.05,353.53,15,2,804.1,47,384.05,Festival,Wednesday
17-01-2024,P110,Sports,1401.25,897.69,5,0,0,73,1446.55,Normal,Wednesday
17-01-2024,P111,Fashion,1067,842.68,0,0,0,121,1092.2,Normal,Wednesday
17-01-2024,P112,Sports,629,512.69,15,0,0,249,630.2,Sale,Wednesday
17-01-2024,P113,Sports,852.15,691.97,5,0,0,194,816.05,Sale,Wednesday
17-01-2024,P114,Fashion,820.8,652,5,2,1641.6,145,808.33,Normal,Wednesday
17-01-2024,P115,Sports,780.9,604.27,5,5,3904.5,490,806.65,Sale,Wednesday
17-01-2024,P116,Fashion,1282,846.87,0,1,1282,117,1247.16,Festival,Wednesday
17-01-2024,P117,Sports,1194.3,1046.4,10,0,0,453,1252.98,Festival,Wednesday
17-01-2024,P118,Fashion,388.8,276.91,10,2,777.6,460,393.46,Festival,Wednesday
17-01-2024,P119,Electronics,655,476.31,0,2,1310,340,666.41,Normal,Wednesday
18-01-2024,P100,Sports,720.1,463.99,5,0,0,389,733.79,Normal,Thursday
18-01-2024,P101,Fashion,621,438.38,0,2,1242,296,621.04,Holiday,Thursday
18-01-2024,P102,Fashion,757.15,599.48,5,0,0,242,732.94,Normal,Thursday
18-01-2024,P103,Home,696.15,629.59,15,0,0,30,716.56,Normal,Thursday
18-01-2024,P104,Electronics,471,342.56,0,2,942,206,466.6,Holiday,Thursday
18-01-2024,P105,Home,510,327.82,0,0,0,127,485.22,Sale,Thursday
18-01-2024,P106,Fashion,1421.2,1184.87,5,0,0,266,1489.03,Normal,Thursday
18-01-2024,P107,Fashion,928.8,713.78,10,3,2786.4,261,971.54,Sale,Thursday
18-01-2024,P108,Electronics,620,373.12,0,0,0,445,646.42,Sale,Thursday
18-01-2024,P109,Home,655,498.88,0,2,1310,368,638.35,Normal,Thursday
18-01-2024,P110,Fashion,939,617.65,0,0,0,148,978.39,Normal,Thursday
18-01-2024,P111,Electronics,779.45,664.28,15,0,0,200,770.59,Normal,Thursday
18-01-2024,P112,Fashion,1088.85,993.38,15,0,0,334,1037.4,Normal,Thursday
18-01-2024,P113,Electronics,862.6,675.4,5,2,1725.2,95,856.35,Sale,Thursday
18-01-2024,P114,Sports,338.3,309.97,15,4,1353.2,424,351.58,Sale,Thursday
18-01-2024,P115,Electronics,420,273.45,0,3,1260,65,423.94,Normal,Thursday
18-01-2024,P116,Sports,470,364.67,0,4,1880,302,450.97,Sale,Thursday
18-01-2024,P117,Fashion,1104.3,773.4,10,2,2208.6,267,1108.62,Normal,Thursday
18-01-2024,P118,Home,430.35,321.33,5,0,0,207,434.24,Normal,Thursday
18-01-2024,P119,Home,524.7,349.97,10,0,0,57,549.2,Festival,Thursday
19-01-2024,P100,Electronics,454.5,393.5,10,5,2272.5,454,443.27,Normal,Friday
19-01-2024,P101,Electronics,447.45,289.99,5,0,0,462,456.82,Normal,Friday
19-01-2024,P102,Electronics,209,145.54,0,7,1463,130,218.39,Festival,Friday
19-01-2024,P103,Electronics,647.7,513.48,15,0,0,123,668.91,Normal,Friday
19-01-2024,P104,Fashion,1224,764.27,0,0,0,332,1266.9,Normal,Friday
19-01-2024,P105,Fashion,399.6,342.46,10,0,0,194,408.67,Normal,Friday
19-01-2024,P106,Electronics,1103.9,809.33,5,0,0,471,1091.45,Normal,Friday
19-01-2024,P107,Home,1067.8,858.09,5,0,0,358,1117.67,Normal,Friday
19-01-2024,P108,Sports,500.65,367.36,15,0,0,166,511.38,Normal,Friday
19-01-2024,P109,Sports,1120.5,914.5,10,0,0,459,1092.54,Holiday,Friday
19-01-2024,P110,Home,794,576.13,0,0,0,132,767.23,Normal,Friday
19-01-2024,P111,Fashion,1188,905.66,10,0,0,395,1200.53,Sale,Friday
19-01-2024,P112,Sports,218,160.34,0,9,1962,186,211.58,Holiday,Friday
19-01-2024,P113,Fashion,372.6,283.04,10,6,2235.6,48,357.75,Normal,Friday
19-01-2024,P114,Electronics,768,462.56,0,4,3072,341,804.64,Holiday,Friday
19-01-2024,P115,Fashion,592.8,399.91,5,0,0,406,567.55,Normal,Friday
19-01-2024,P116,Sports,785,579.3,0,0,0,238,792.49,Normal,Friday
19-01-2024,P117,Sports,571.9,436.29,5,1,571.9,309,558.6,Festival,Friday
19-01-2024,P118,Home,258.4,201.64,5,7,1808.8,119,253.57,Normal,Friday
19-01-2024,P119,Home,861,678.31,0,0,0,375,884.45,Festival,Friday
20-01-2024,P100,Sports,918,731.29,15,0,0,102,921.85,Holiday,Saturday
20-01-2024,P101,Sports,461,366.68,0,3,1383,73,438.33,Normal,Saturday
20-01-2024,P102,Electronics,1215,1027.94,10,4,4860,398,1253.55,Festival,Saturday
20-01-2024,P103,Electronics,1137.6,819.58,10,3,3412.8,388,1091.12,Sale,Saturday
20-01-2024,P104,Sports,1270,769.49,0,4,5080,318,1208.51,Normal,Saturday
20-01-2024,P105,Fashion,1384,1016.65,0,0,0,157,1446.49,Sale,Saturday
20-01-2024,P106,Sports,518,367.18,0,4,2072,340,524.05,Normal,Saturday
20-01-2024,P107,Electronics,1166.4,831.05,10,0,0,463,1146.99,Normal,Saturday
20-01-2024,P108,Electronics,767,580.98,0,5,3835,142,795.66,Festival,Saturday
20-01-2024,P109,Electronics,276.45,199.01,5,1,276.45,205,284.33,Normal,Saturday
20-01-2024,P110,Sports,334,204.15,0,3,1002,226,348.27,Normal,Saturday
20-01-2024,P111,Fashion,1197.95,784.82,5,1,1197.95,367,1232.27,Festival,Saturday
20-01-2024,P112,Electronics,502,369.99,0,0,0,215,491.42,Holiday,Saturday
20-01-2024,P113,Electronics,225.9,194.41,10,6,1355.4,74,219.49,Holiday,Saturday
20-01-2024,P114,Fashion,1190,981.58,15,0,0,232,1234.78,Holiday,Saturday
20-01-2024,P115,Electronics,746.1,629.13,10,4,2984.4,483,734.52,Festival,Saturday
20-01-2024,P116,Fashion,623.2,414.64,5,4,2492.8,65,603.21,Normal,Saturday
20-01-2024,P117,Electronics,584.1,458.44,10,0,0,265,572.23,Normal,Saturday
20-01-2024,P118,Home,615,478.58,0,0,0,134,606.04,Normal,Saturday
20-01-2024,P119,Home,957,625.42,0,2,1914,171,980.87,Festival,Saturday
21-01-2024,P100,Home,1099.15,895.86,5,5,5495.75,468,1089.46,Normal,Sunday
21-01-2024,P101,Electronics,416.1,272.91,5,5,2080.5,432,400.17,Normal,Sunday
21-01-2024,P102,Electronics,243,168.17,10,3,729,333,247.35,Normal,Sunday
21-01-2024,P103,Home,703,537.01,5,0,0,44,685.66,Festival,Sunday
21-01-2024,P104,Sports,1184.4,1005.79,10,3,3553.2,454,1182.63,Normal,Sunday
21-01-2024,P105,Electronics,628,437.63,0,2,1256,76,622.33,Sale,Sunday
21-01-2024,P106,Sports,353.7,241.06,10,5,1768.5,204,349.79,Festival,Sunday
21-01-2024,P107,Fashion,878.05,725.86,15,1,878.05,240,854.48,Normal,Sunday
21-01-2024,P108,Home,202,135.36,0,4,808,81,193.29,Normal,Sunday
21-01-2024,P109,Sports,1312.2,1117.23,10,0,0,178,1295.57,Sale,Sunday
21-01-2024,P110,Home,1143.9,779.49,10,3,3431.7,376,1153.48,Normal,Sunday
21-01-2024,P111,Home,615.6,438.75,10,3,1846.8,111,608.62,Normal,Sunday
21-01-2024,P112,Electronics,570,390.99,5,0,0,365,566.19,Sale,Sunday
21-01-2024,P113,Fashion,1492,1107.89,0,1,1492,332,1505.2,Normal,Sunday
21-01-2024,P114,Fashion,886.35,729.2,5,0,0,100,858.69,Normal,Sunday
21-01-2024,P115,Fashion,888.25,641.61,5,0,0,214,891.2,Holiday,Sunday
21-01-2024,P116,Electronics,1189,777.49,0,1,1189,288,1212.14,Festival,Sunday
21-01-2024,P117,Home,933.3,785.36,10,3,2799.9,180,956.43,Normal,Sunday
21-01-2024,P118,Home,659.7,444.74,10,1,659.7,24,642.77,Festival,Sunday
21-01-2024,P119,Fashion,588.6,522.7,10,5,2943,350,608.9,Sale,Sunday
22-01-2024,P100,Fashion,753.95,678.85,15,1,753.95,110,786.64,Sale,Monday
22-01-2024,P101,Electronics,1002,605.69,0,0,0,478,1030.43,Normal,Monday
22-01-2024,P102,Electronics,1002,604.35,0,1,1002,452,1043.74,Sale,Monday
22-01-2024,P103,Home,642.6,517.59,10,3,1927.8,44,648.19,Normal,Monday
22-01-2024,P104,Home,882,648.47,0,0,0,67,888.95,Normal,Monday
22-01-2024,P105,Electronics,1201.9,908.25,15,2,2403.8,407,1259.73,Sale,Monday
22-01-2024,P106,Fashion,1237,755.4,0,1,1237,74,1258.62,Sale,Monday
22-01-2024,P107,Home,731.5,569.36,5,3,2194.5,358,715.06,Festival,Monday
22-01-2024,P108,Electronics,815,603.94,0,1,815,112,828.67,Holiday,Monday
22-01-2024,P109,Sports,1139.85,988.5,15,0,0,109,1155.7,Normal,Monday
22-01-2024,P110,Electronics,972.4,749.78,15,0,0,475,980.49,Normal,Monday
22-01-2024,P111,Fashion,1068.75,881.03,5,1,1068.75,449,1041.63,Festival,Monday
22-01-2024,P112,Electronics,1154,896.91,0,0,0,107,1181.4,Sale,Monday
22-01-2024,P113,Electronics,1446,1149.1,0,0,0,241,1496.23,Normal,Monday
22-01-2024,P114,Electronics,1341.9,1138.22,10,0,0,422,1400.67,Normal,Monday
22-01-2024,P115,Home,403.75,290.25,15,2,807.5,290,386.58,Normal,Monday
22-01-2024,P116,Fashion,783,538.66,0,0,0,129,806.36,Festival,Monday
22-01-2024,P117,Electronics,211.5,150.89,10,3,634.5,467,204.03,Normal,Monday
22-01-2024,P118,Sports,989,689.24,0,0,0,115,995.27,Normal,Monday
22-01-2024,P119,Sports,1201.5,847.52,10,2,2403,242,1194.5,Normal,Monday
23-01-2024,P100,Fashion,380,259.81,0,0,0,195,388.55,Normal,Tuesday
23-01-2024,P101,Home,978.5,644.03,5,2,1957,59,1004.45,Normal,Tuesday
23-01-2024,P102,Fashion,1044,781.25,0,0,0,230,1042.24,Festival,Tuesday
23-01-2024,P103,Home,386,290.46,0,3,1158,356,374.28,Sale,Tuesday
23-01-2024,P104,Electronics,1094.4,854.34,10,0,0,58,1083.76,Holiday,Tuesday
23-01-2024,P105,Sports,377.1,265.25,10,2,754.2,265,376.75,Sale,Tuesday
23-01-2024,P106,Electronics,589.95,493.06,5,1,589.95,225,568.89,Normal,Tuesday
23-01-2024,P107,Home,548,416.03,0,3,1644,444,557.47,Normal,Tuesday
23-01-2024,P108,Sports,582,379.84,0,0,0,133,603.57,Normal,Tuesday
23-01-2024,P109,Electronics,1110,710.29,0,0,0,238,1080.82,Normal,Tuesday
23-01-2024,P110,Sports,436.9,332.88,15,0,0,175,435.5,Sale,Tuesday
23-01-2024,P111,Electronics,1070,842.13,0,0,0,357,1092.27,Normal,Tuesday
23-01-2024,P112,Electronics,995.6,735.82,5,0,0,221,1036.48,Sale,Tuesday
23-01-2024,P113,Electronics,430.95,398.34,15,3,1292.85,350,443.71,Normal,Tuesday
23-01-2024,P114,Home,339,252.53,0,1,339,91,342.67,Holiday,Tuesday
23-01-2024,P115,Home,321.1,241.23,5,5,1605.5,240,311.81,Sale,Tuesday
23-01-2024,P116,Sports,589,396.5,0,0,0,329,603.69,Normal,Tuesday
23-01-2024,P117,Electronics,1338,881.41,0,0,0,292,1356.34,Festival,Tuesday
23-01-2024,P118,Sports,1274.9,966.14,5,2,2549.8,196,1255.83,Normal,Tuesday
23-01-2024,P119,Fashion,282,186.79,0,6,1692,303,270.13,Normal,Tuesday
24-01-2024,P100,Sports,808,635.97,0,2,1616,407,797.7,Normal,Wednesday
24-01-2024,P101,Home,671,448.42,0,0,0,86,698.73,Normal,Wednesday
24-01-2024,P102,Fashion,1166.4,972.31,10,2,2332.8,342,1175.49,Normal,Wednesday
24-01-2024,P103,Sports,361,278.41,0,2,722,151,370.29,Normal,Wednesday
24-01-2024,P104,Electronics,1469,937.4,0,0,0,492,1445.81,Sale,Wednesday
24-01-2024,P105,Sports,419.05,363.06,15,0,0,482,403.84,Normal,Wednesday
24-01-2024,P106,Electronics,925.65,772.47,15,4,3702.6,322,911.21,Normal,Wednesday
24-01-2024,P107,Sports,1245.25,1043.25,15,1,1245.25,222,1193.29,Sale,Wednesday
24-01-2024,P108,Electronics,510,342.88,0,2,1020,216,514.34,Normal,Wednesday
24-01-2024,P109,Sports,916,653.65,0,5,4580,457,956.15,Normal,Wednesday
24-01-2024,P110,Home,897,615.56,0,0,0,71,856.67,Normal,Wednesday
24-01-2024,P111,Fashion,803.7,696.14,10,1,803.7,118,769.66,Normal,Wednesday
24-01-2024,P112,Home,728,517.94,0,1,728,97,752.36,Holiday,Wednesday
24-01-2024,P113,Home,468,323.77,0,2,936,25,488.24,Festival,Wednesday
24-01-2024,P114,Home,1224,1037.28,15,0,0,409,1200.96,Normal,Wednesday
24-01-2024,P115,Fashion,212,136.7,0,7,1484,82,212.26,Holiday,Wednesday
24-01-2024,P116,Electronics,587.1,414.64,5,3,1761.3,451,581.42,Normal,Wednesday
24-01-2024,P117,Fashion,1159.2,887.2,10,0,0,147,1162.87,Festival,Wednesday
24-01-2024,P118,Home,906.3,635.78,10,0,0,448,864.78,Normal,Wednesday
24-01-2024,P119,Sports,991,786.59,0,2,1982,469,972.47,Sale,Wednesday
25-01-2024,P100,Home,286.9,219.58,5,1,286.9,477,284.12,Normal,Thursday
25-01-2024,P101,Fashion,351.5,288.13,5,6,2109,459,334.21,Sale,Thursday
25-01-2024,P102,Sports,1316,1030.44,0,0,0,443,1361.3,Normal,Thursday
25-01-2024,P103,Sports,646,422.74,0,1,646,407,676.9,Normal,Thursday
25-01-2024,P104,Home,553.5,451.54,10,4,2214,487,578.23,Normal,Thursday
25-01-2024,P105,Electronics,261.25,201.27,5,2,522.5,252,251.33,Normal,Thursday
25-01-2024,P106,Electronics,1398,956.19,0,3,4194,300,1456.29,Normal,Thursday
25-01-2024,P107,Fashion,1216,897.51,0,0,0,44,1253.08,Festival,Thursday
25-01-2024,P108,Fashion,268.2,192.81,10,2,536.4,410,280.22,Normal,Thursday
25-01-2024,P109,Home,983,702.64,0,1,983,365,936.67,Holiday,Thursday
25-01-2024,P110,Home,598.5,409.23,5,4,2394,407,590.37,Holiday,Thursday
25-01-2024,P111,Home,271,211.61,0,2,542,399,272.35,Normal,Thursday
25-01-2024,P112,Electronics,1286,829.29,0,0,0,344,1326.81,Normal,Thursday
25-01-2024,P113,Electronics,1125,737.94,0,0,0,199,1143.31,Normal,Thursday
25-01-2024,P114,Home,405.65,315.45,5,3,1216.95,40,394.14,Sale,Thursday
25-01-2024,P115,Fashion,1030,692.38,0,0,0,472,1048.51,Sale,Thursday
25-01-2024,P116,Home,670,509.58,0,0,0,375,701.89,Sale,Thursday
25-01-2024,P117,Home,702.9,605.29,10,0,0,307,677.67,Sale,Thursday
25-01-2024,P118,Sports,837,591.78,0,3,2511,319,798.07,Normal,Thursday
25-01-2024,P119,Electronics,614,403.94,0,5,3070,391,621.33,Normal,Thursday
26-01-2024,P100,Sports,343,250.04,0,1,343,107,340.59,Sale,Friday
26-01-2024,P101,Fashion,819,592.05,10,0,0,429,786.47,Normal,Friday
26-01-2024,P102,Home,692,433.9,0,0,0,201,718.96,Festival,Friday
26-01-2024,P103,Fashion,1253.05,851.09,5,4,5012.2,352,1219.64,Festival,Friday
26-01-2024,P104,Home,620,452.65,0,1,620,261,596.56,Normal,Friday
26-01-2024,P105,Fashion,211,140.61,0,2,422,371,200.74,Sale,Friday
26-01-2024,P106,Home,246.05,195.67,5,9,2214.45,430,251.57,Festival,Friday
26-01-2024,P107,Electronics,1379,873.16,0,0,0,129,1360.07,Normal,Friday
26-01-2024,P108,Fashion,873,683.96,0,0,0,55,841.86,Holiday,Friday
26-01-2024,P109,Electronics,344.85,262.41,5,4,1379.4,384,336.35,Normal,Friday
26-01-2024,P110,Sports,817,625,5,2,1634,217,777.48,Festival,Friday
26-01-2024,P111,Electronics,880,609.08,0,0,0,302,864.01,Normal,Friday
26-01-2024,P112,Home,405,252.58,0,2,810,292,413.59,Normal,Friday
26-01-2024,P113,Home,1036,702.14,0,2,2072,231,994.04,Normal,Friday
26-01-2024,P114,Home,726.75,526.95,5,1,726.75,118,753.9,Sale,Friday
26-01-2024,P115,Electronics,859.75,664.72,5,0,0,454,843.87,Normal,Friday
26-01-2024,P116,Electronics,1427,1019.63,0,0,0,262,1470.39,Normal,Friday
26-01-2024,P117,Sports,1309,865.91,0,1,1309,62,1347.81,Normal,Friday
26-01-2024,P118,Fashion,1057,657.04,0,0,0,431,1066.04,Sale,Friday
26-01-2024,P119,Home,735.25,570.15,15,1,735.25,294,736.96,Festival,Friday
27-01-2024,P100,Fashion,1298.7,1124.94,10,2,2597.4,393,1309.5,Sale,Saturday
27-01-2024,P101,Sports,208.25,182.89,15,8,1666,400,218.15,Festival,Saturday
27-01-2024,P102,Fashion,413.1,311.75,10,1,413.1,30,411.21,Normal,Saturday
27-01-2024,P103,Home,509.4,378.72,10,3,1528.2,372,507.71,Normal,Saturday
27-01-2024,P104,Fashion,547,437.35,0,5,2735,112,539.05,Sale,Saturday
27-01-2024,P105,Fashion,443,300.97,0,6,2658,26,439.23,Festival,Saturday
27-01-2024,P106,Electronics,502.55,367.91,5,3,1507.65,249,506.66,Sale,Saturday
27-01-2024,P107,Sports,1056.4,805.08,5,0,0,90,1026.28,Normal,Saturday
27-01-2024,P108,Home,1063.05,851.11,5,2,2126.1,302,1018.33,Normal,Saturday
27-01-2024,P109,Home,436.05,331.8,5,2,872.1,451,428.16,Normal,Saturday
27-01-2024,P110,Fashion,1212.1,1081.31,15,1,1212.1,109,1195.11,Normal,Saturday
27-01-2024,P111,Home,208.8,146.12,10,0,0,442,211.26,Holiday,Saturday
27-01-2024,P112,Home,1384,987.32,0,0,0,392,1399.28,Normal,Saturday
27-01-2024,P113,Fashion,1409,970.12,0,0,0,87,1454.16,Normal,Saturday
27-01-2024,P114,Fashion,804,493.35,0,2,1608,445,839,Sale,Saturday
27-01-2024,P115,Fashion,401.85,272.45,5,3,1205.55,448,404.73,Sale,Saturday
27-01-2024,P116,Electronics,1276,899.17,0,1,1276,290,1297.25,Festival,Saturday
27-01-2024,P117,Electronics,1174,844.81,0,0,0,368,1215.65,Normal,Saturday
27-01-2024,P118,Home,304.95,201.93,5,2,609.9,64,291.59,Normal,Saturday
27-01-2024,P119,Home,192.6,161.69,10,5,963,132,200.36,Festival,Saturday
28-01-2024,P100,Home,1431,1099.63,0,2,2862,31,1370.5,Holiday,Sunday
28-01-2024,P101,Sports,1033.6,665.66,5,3,3100.8,44,1057.25,Normal,Sunday
28-01-2024,P102,Fashion,857,629.45,0,0,0,75,818.9,Normal,Sunday
28-01-2024,P103,Electronics,1291,820.32,0,0,0,411,1349.96,Normal,Sunday
28-01-2024,P104,Home,805,561.96,0,0,0,357,768.85,Sale,Sunday
28-01-2024,P105,Home,787,483.65,0,6,4722,222,775.19,Sale,Sunday
28-01-2024,P106,Fashion,854.1,751.91,10,2,1708.2,212,853.23,Normal,Sunday
28-01-2024,P107,Fashion,275,205.2,0,1,275,422,277.15,Normal,Sunday
28-01-2024,P108,Fashion,1260,1108.02,10,1,1260,187,1279.19,Normal,Sunday
28-01-2024,P109,Sports,739,543.23,0,2,1478,255,711.88,Festival,Sunday
28-01-2024,P110,Fashion,284,226.72,0,7,1988,83,279.89,Festival,Sunday
28-01-2024,P111,Fashion,1448,1058.75,0,1,1448,447,1421.21,Normal,Sunday
28-01-2024,P112,Sports,570.6,425.39,10,0,0,153,574.25,Normal,Sunday
28-01-2024,P113,Sports,311,194.72,0,2,622,265,305.32,Normal,Sunday
28-01-2024,P114,Electronics,257,154.53,0,2,514,57,251.49,Normal,Sunday
28-01-2024,P115,Home,345,256.29,0,3,1035,54,332.08,Sale,Sunday
28-01-2024,P116,Electronics,671.65,441.41,5,2,1343.3,240,659.3,Sale,Sunday
28-01-2024,P117,Electronics,1265,804.74,0,1,1265,458,1226.88,Normal,Sunday
28-01-2024,P118,Electronics,209,150.77,5,9,1881,58,200.25,Festival,Sunday
28-01-2024,P119,Sports,580,442.18,0,4,2320,28,588.66,Normal,Sunday
29-01-2024,P100,Electronics,447.45,313.95,5,3,1342.35,280,456.71,Normal,Monday
29-01-2024,P101,Fashion,1270.8,928.31,10,1,1270.8,385,1213.51,Normal,Monday
29-01-2024,P102,Home,615.6,429.3,10,1,615.6,287,615.6,Normal,Monday
29-01-2024,P103,Fashion,655.35,494.93,15,0,0,170,664.89,Normal,Monday
29-01-2024,P104,Electronics,793.9,689.6,15,5,3969.5,228,785.45,Normal,Monday
29-01-2024,P105,Home,897,564.61,0,0,0,344,880.25,Normal,Monday
29-01-2024,P106,Home,983.7,699.22,10,0,0,343,1023.96,Sale,Monday
29-01-2024,P107,Home,1069,778.57,0,1,1069,163,1099.78,Normal,Monday
29-01-2024,P108,Sports,794,615.43,0,0,0,174,822.48,Sale,Monday
29-01-2024,P109,Home,840.75,645.29,5,3,2522.25,303,808.8,Sale,Monday
29-01-2024,P110,Fashion,1146,905.89,0,3,3438,241,1164.6,Holiday,Monday
29-01-2024,P111,Home,1048.8,880.23,5,0,0,215,1004.96,Festival,Monday
29-01-2024,P112,Electronics,692.75,629.13,15,1,692.75,474,673.19,Normal,Monday
29-01-2024,P113,Fashion,735.3,575.92,5,4,2941.2,246,742.97,Sale,Monday
29-01-2024,P114,Home,571,449.25,0,3,1713,387,569.22,Festival,Monday
29-01-2024,P115,Home,1273,841.78,0,2,2546,46,1218.38,Festival,Monday
29-01-2024,P116,Sports,527.4,425.39,10,2,1054.8,371,508.01,Normal,Monday
29-01-2024,P117,Fashion,278,186.66,0,4,1112,474,278.57,Sale,Monday
29-01-2024,P118,Electronics,952,703,15,0,0,228,928.2,Normal,Monday
29-01-2024,P119,Electronics,860.4,729.93,10,5,4302,147,890.79,Normal,Monday
30-01-2024,P100,Fashion,666.9,526.8,5,3,2000.7,409,654.95,Normal,Tuesday
30-01-2024,P101,Electronics,908,701.35,0,0,0,361,912.89,Sale,Tuesday
30-01-2024,P102,Home,356,222.17,0,0,0,468,363.98,Normal,Tuesday
30-01-2024,P103,Home,232.2,186.86,10,3,696.6,247,223.16,Holiday,Tuesday
30-01-2024,P104,Fashion,1019.35,702.71,5,1,1019.35,201,976.66,Normal,Tuesday
30-01-2024,P105,Home,857,662.64,0,5,4285,333,880.83,Normal,Tuesday
30-01-2024,P106,Fashion,741.95,507.43,5,3,2225.85,71,778.46,Sale,Tuesday
30-01-2024,P107,Home,756.5,537.25,15,1,756.5,347,723.87,Normal,Tuesday
30-01-2024,P108,Sports,282,193.35,0,4,1128,81,274.21,Normal,Tuesday
30-01-2024,P109,Electronics,640.05,467.88,15,3,1920.15,266,611.9,Holiday,Tuesday
30-01-2024,P110,Home,1006.4,910.33,15,1,1006.4,394,1028.33,Normal,Tuesday
30-01-2024,P111,Electronics,520,411.37,0,4,2080,398,538.7,Sale,Tuesday
30-01-2024,P112,Sports,1008.95,894.87,15,1,1008.95,396,1050.24,Sale,Tuesday
30-01-2024,P113,Fashion,911.7,800.78,10,6,5470.2,115,906.73,Festival,Tuesday
30-01-2024,P114,Electronics,1173.6,913.67,10,3,3520.8,359,1201.7,Festival,Tuesday
30-01-2024,P115,Fashion,207.4,155.47,15,5,1037,354,201.38,Holiday,Tuesday
30-01-2024,P116,Home,747,474.96,0,6,4482,336,780.45,Normal,Tuesday
30-01-2024,P117,Sports,1308.15,1037.7,5,1,1308.15,116,1325.58,Holiday,Tuesday
30-01-2024,P118,Home,196.35,170.78,15,3,589.05,80,202.64,Normal,Tuesday
30-01-2024,P119,Fashion,869,662.94,0,0,0,93,837.04,Holiday,Tuesday
31-01-2024,P100,Home,242.25,182.91,5,3,726.75,303,248.53,Normal,Wednesday
31-01-2024,P101,Sports,313,243.12,0,4,1252,297,318.76,Normal,Wednesday
31-01-2024,P102,Home,273,203.4,0,2,546,60,261.73,Normal,Wednesday
31-01-2024,P103,Electronics,1024,615.64,0,0,0,156,985.42,Normal,Wednesday
31-01-2024,P104,Fashion,510.3,406.15,10,0,0,421,497.04,Sale,Wednesday
31-01-2024,P105,Sports,300,215.96,0,4,1200,176,311.71,Normal,Wednesday
31-01-2024,P106,Sports,758,588.34,0,1,758,290,739.59,Normal,Wednesday
31-01-2024,P107,Fashion,335.35,230.28,5,1,335.35,150,346.4,Normal,Wednesday
31-01-2024,P108,Electronics,787,599.98,0,2,1574,74,781.78,Sale,Wednesday
31-01-2024,P109,Fashion,501,355.17,0,4,2004,148,513.27,Normal,Wednesday
31-01-2024,P110,Sports,308.7,236.69,10,2,617.4,419,304.29,Normal,Wednesday
31-01-2024,P111,Fashion,398,277.38,0,3,1194,470,393.24,Holiday,Wednesday
31-01-2024,P112,Home,597,454.39,0,0,0,436,624.59,Festival,Wednesday
31-01-2024,P113,Sports,1195,729.85,0,1,1195,224,1178.03,Festival,Wednesday
31-01-2024,P114,Sports,296.1,207.48,10,2,592.2,287,299.07,Festival,Wednesday
31-01-2024,P115,Sports,393.3,268.18,10,1,393.3,31,378.33,Sale,Wednesday
31-01-2024,P116,Electronics,1210.3,813.25,5,1,1210.3,103,1220.46,Sale,Wednesday
31-01-2024,P117,Home,342,234.64,0,3,1026,312,349.07,Normal,Wednesday
31-01-2024,P118,Fashion,655.2,512.23,10,3,1965.6,441,677.25,Sale,Wednesday
31-01-2024,P119,Fashion,928.15,767.95,5,1,928.15,188,905.77,Sale,Wednesday
01-02-2024,P100,Home,1157,882,0,1,1157,445,1105.78,Normal,Thursday
01-02-2024,P101,Electronics,196.2,171.03,10,5,981,411,198,Normal,Thursday
01-02-2024,P102,Electronics,1094,710.84,0,0,0,143,1069.89,Normal,Thursday
01-02-2024,P103,Electronics,1019.35,737.42,5,2,2038.7,488,1013,Sale,Thursday
01-02-2024,P104,Fashion,878,683.68,0,0,0,429,859.38,Festival,Thursday
01-02-2024,P105,Home,548.15,351.93,5,1,548.15,70,524.2,Normal,Thursday
01-02-2024,P106,Sports,269,194.44,0,7,1883,462,268.56,Sale,Thursday
01-02-2024,P107,Fashion,433.8,313.82,10,1,433.8,253,428.51,Normal,Thursday
01-02-2024,P108,Fashion,230.4,156.3,10,4,921.6,83,221.6,Normal,Thursday
01-02-2024,P109,Electronics,1304.1,1048.12,10,0,0,421,1284.04,Normal,Thursday
01-02-2024,P110,Electronics,457.2,314.91,10,2,914.4,205,478.52,Normal,Thursday
01-02-2024,P111,Fashion,1114,821.06,0,0,0,270,1080.74,Normal,Thursday
01-02-2024,P112,Sports,745,455.38,0,0,0,24,775.75,Normal,Thursday
01-02-2024,P113,Sports,981,676.32,10,0,0,127,1020.85,Holiday,Thursday
01-02-2024,P114,Fashion,1112.45,721.27,5,2,2224.9,107,1160.57,Normal,Thursday
01-02-2024,P115,Home,1196,846.13,0,2,2392,188,1222.22,Normal,Thursday
01-02-2024,P116,Fashion,863.1,749.71,10,0,0,274,878.32,Festival,Thursday
01-02-2024,P117,Sports,191.25,177.49,15,5,956.25,256,190.3,Normal,Thursday
01-02-2024,P118,Sports,660,413.21,0,0,0,87,677.76,Sale,Thursday
01-02-2024,P119,Electronics,686.85,492.08,5,0,0,118,695.17,Normal,Thursday
02-02-2024,P100,Electronics,773.3,641.65,5,2,1546.6,61,762.74,Normal,Friday
02-02-2024,P101,Electronics,967,773.12,0,0,0,418,941.43,Normal,Friday
02-02-2024,P102,Home,612.85,476.51,15,1,612.85,311,621.6,Holiday,Friday
02-02-2024,P103,Electronics,814.15,641.18,5,4,3256.6,245,826.65,Sale,Friday
02-02-2024,P104,Electronics,1330.2,1018.22,10,3,3990.6,95,1294.06,Normal,Friday
02-02-2024,P105,Electronics,510.3,448.38,10,0,0,265,514.24,Normal,Friday
02-02-2024,P106,Fashion,1006.2,764.56,10,1,1006.2,218,997.22,Normal,Friday
02-02-2024,P107,Home,1126,844.57,0,0,0,458,1127.63,Holiday,Friday
02-02-2024,P108,Sports,806.4,680.57,10,2,1612.8,467,802.92,Normal,Friday
02-02-2024,P109,Fashion,1216,972.02,0,3,3648,488,1168.72,Normal,Friday
02-02-2024,P110,Home,1469,1045.25,0,1,1469,184,1538.31,Normal,Friday
02-02-2024,P111,Electronics,405,253.45,0,3,1215,384,416.34,Normal,Friday
02-02-2024,P112,Electronics,701.1,525.96,10,1,701.1,499,666.55,Normal,Friday
02-02-2024,P113,Fashion,1351,824.16,0,3,4053,250,1380.78,Festival,Friday
02-02-2024,P114,Electronics,1368,1032.7,0,2,2736,464,1363.58,Holiday,Friday
02-02-2024,P115,Electronics,1215,946.07,0,0,0,397,1219.32,Normal,Friday
02-02-2024,P116,Electronics,1096,829.71,0,0,0,99,1144.81,Holiday,Friday
02-02-2024,P117,Sports,831,577.09,0,0,0,38,868.57,Normal,Friday
02-02-2024,P118,Home,476,322.94,0,0,0,256,486.95,Normal,Friday
02-02-2024,P119,Electronics,1195.95,1116.19,15,0,0,480,1176.2,Normal,Friday
03-02-2024,P100,Electronics,474,374.31,0,3,1422,61,457.95,Holiday,Saturday
03-02-2024,P101,Fashion,811,608.04,0,0,0,265,840.78,Normal,Saturday
03-02-2024,P102,Sports,529.55,394.88,15,0,0,223,548.26,Sale,Saturday
03-02-2024,P103,Electronics,1300.55,846.2,5,0,0,305,1252.86,Sale,Saturday
03-02-2024,P104,Electronics,840,562.29,0,0,0,427,863.67,Normal,Saturday
03-02-2024,P105,Sports,877.8,595.87,5,3,2633.4,334,856.81,Normal,Saturday
03-02-2024,P106,Fashion,1369,1052.71,0,2,2738,186,1397.33,Sale,Saturday
03-02-2024,P107,Fashion,1131,699.51,0,0,0,220,1119.07,Normal,Saturday
03-02-2024,P108,Home,793,515.07,0,0,0,487,824.37,Normal,Saturday
03-02-2024,P109,Home,1015,758.5,0,0,0,107,969.25,Normal,Saturday
03-02-2024,P110,Home,305.1,267.71,10,8,2440.8,399,290.05,Holiday,Saturday
03-02-2024,P111,Fashion,205.2,140.04,5,1,205.2,271,209.63,Normal,Saturday
03-02-2024,P112,Fashion,772.65,634.86,15,1,772.65,437,755.52,Sale,Saturday
03-02-2024,P113,Home,606.9,447.5,15,3,1820.7,351,580.97,Normal,Saturday
03-02-2024,P114,Electronics,1104.3,758.18,10,0,0,230,1079.03,Normal,Saturday
03-02-2024,P115,Sports,315.9,277.62,10,1,315.9,187,307.74,Festival,Saturday
03-02-2024,P116,Sports,819,562.2,0,0,0,160,839.2,Normal,Saturday
03-02-2024,P117,Electronics,969,583.3,0,0,0,190,952.47,Sale,Saturday
03-02-2024,P118,Home,574.2,492.82,10,4,2296.8,88,601.99,Festival,Saturday
03-02-2024,P119,Sports,1343,928.81,0,0,0,147,1333.76,Normal,Saturday
04-02-2024,P100,Electronics,836.1,665.04,10,1,836.1,381,841.89,Festival,Sunday
04-02-2024,P101,Electronics,1289,1013.06,0,0,0,245,1308.65,Normal,Sunday
04-02-2024,P102,Home,594,375.83,0,3,1782,185,601.19,Sale,Sunday
04-02-2024,P103,Electronics,248,180.86,0,3,744,293,248.71,Festival,Sunday
04-02-2024,P104,Fashion,678,447.01,0,1,678,319,673.39,Sale,Sunday
04-02-2024,P105,Electronics,1183.5,1017.28,10,2,2367,366,1198.42,Normal,Sunday
04-02-2024,P106,Fashion,294.3,225.29,10,5,1471.5,472,283.51,Holiday,Sunday
04-02-2024,P107,Home,1370,1023.64,0,2,2740,198,1389.06,Normal,Sunday
04-02-2024,P108,Sports,249.85,189.51,5,9,2248.65,222,262.3,Festival,Sunday
04-02-2024,P109,Home,783,566.39,10,3,2349,103,802.72,Normal,Sunday
04-02-2024,P110,Fashion,325,240.6,0,4,1300,277,310.54,Normal,Sunday
04-02-2024,P111,Home,881.45,811.74,15,1,881.45,237,895.71,Festival,Sunday
04-02-2024,P112,Fashion,454,296.75,0,2,908,142,436.99,Normal,Sunday
04-02-2024,P113,Electronics,1087,865.92,0,0,0,174,1127.15,Sale,Sunday
04-02-2024,P114,Home,501.3,427.65,10,4,2005.2,136,488.43,Festival,Sunday
04-02-2024,P115,Electronics,402.3,272.56,10,0,0,268,399.81,Normal,Sunday
04-02-2024,P116,Fashion,701,446.76,0,2,1402,361,678.87,Holiday,Sunday
04-02-2024,P117,Sports,745.45,561.78,15,0,0,268,748.53,Normal,Sunday
04-02-2024,P118,Fashion,1068.3,850.07,10,0,0,154,1087.02,Festival,Sunday
04-02-2024,P119,Electronics,1065.9,889.24,5,3,3197.7,201,1032.23,Normal,Sunday
05-02-2024,P100,Fashion,687.6,577.81,10,1,687.6,223,710.6,Festival,Monday
05-02-2024,P101,Electronics,1432,982.92,0,1,1432,124,1497,Normal,Monday
05-02-2024,P102,Home,1439,931.14,0,2,2878,468,1498.69,Normal,Monday
05-02-2024,P103,Home,1358.5,902.83,5,0,0,354,1371.23,Normal,Monday
05-02-2024,P104,Electronics,596,474.9,0,1,596,197,583.77,Normal,Monday
05-02-2024,P105,Fashion,342,223.45,5,3,1026,474,355.92,Normal,Monday
05-02-2024,P106,Electronics,831.25,558.29,5,3,2493.75,54,828.68,Normal,Monday
05-02-2024,P107,Sports,480.7,316.79,5,1,480.7,200,466.14,Normal,Monday
05-02-2024,P108,Sports,380,240.53,0,1,380,85,374.9,Festival,Monday
05-02-2024,P109,Fashion,720.9,553.58,10,2,1441.8,92,725.91,Normal,Monday
05-02-2024,P110,Fashion,318.75,275.57,15,1,318.75,378,334.23,Normal,Monday
05-02-2024,P111,Home,1452,1108.49,0,0,0,289,1450.44,Normal,Monday
05-02-2024,P112,Electronics,599.25,555,15,3,1797.75,320,579.76,Normal,Monday
05-02-2024,P113,Fashion,896,538.26,0,1,896,409,882.52,Festival,Monday
05-02-2024,P114,Electronics,459,332.94,0,3,1377,227,473.83,Holiday,Monday
05-02-2024,P115,Fashion,1073,838.99,0,1,1073,492,1107.3,Sale,Monday
05-02-2024,P116,Home,1315,851.28,0,0,0,408,1350.51,Normal,Monday
05-02-2024,P117,Sports,1252,955.52,0,0,0,429,1200.47,Normal,Monday
05-02-2024,P118,Sports,1364,1065.58,0,1,1364,149,1303.21,Normal,Monday
05-02-2024,P119,Fashion,495.9,385.34,10,1,495.9,319,493.22,Festival,Monday
06-02-2024,P100,Home,1385,1007.53,0,2,2770,74,1365.82,Normal,Tuesday
06-02-2024,P101,Fashion,909,684.84,10,2,1818,469,937.51,Normal,Tuesday
06-02-2024,P102,Fashion,796,577.38,0,0,0,200,807.44,Normal,Tuesday
06-02-2024,P103,Sports,1024,810.82,0,3,3072,294,1046.26,Normal,Tuesday
06-02-2024,P104,Sports,410,246.71,0,3,1230,209,413.55,Normal,Tuesday
06-02-2024,P105,Electronics,428,319.48,0,3,1284,45,441.4,Normal,Tuesday
06-02-2024,P106,Fashion,884.45,571.51,5,0,0,482,893.09,Sale,Tuesday
06-02-2024,P107,Fashion,316,229.21,0,0,0,173,331.66,Normal,Tuesday
06-02-2024,P108,Fashion,845,642.34,0,3,2535,430,863.48,Festival,Tuesday
06-02-2024,P109,Fashion,827.05,678.54,15,0,0,70,838.39,Normal,Tuesday
06-02-2024,P110,Fashion,800,579.67,0,0,0,270,822.24,Normal,Tuesday
06-02-2024,P111,Home,985.15,696.61,5,1,985.15,229,1006.32,Holiday,Tuesday
06-02-2024,P112,Electronics,930.6,671.16,10,1,930.6,110,956.36,Normal,Tuesday
06-02-2024,P113,Electronics,1396,951.21,0,0,0,158,1400.65,Festival,Tuesday
06-02-2024,P114,Home,695,456.1,0,0,0,318,676.54,Normal,Tuesday
06-02-2024,P115,Sports,1294.2,1149.82,10,2,2588.4,48,1282.29,Normal,Tuesday
06-02-2024,P116,Electronics,980.4,644.3,5,2,1960.8,313,1019.52,Sale,Tuesday
06-02-2024,P117,Fashion,1214,915.8,0,0,0,146,1262.26,Festival,Tuesday
06-02-2024,P118,Home,275,209.75,0,4,1100,234,276.16,Sale,Tuesday
06-02-2024,P119,Electronics,622,453.46,0,0,0,50,650.63,Normal,Tuesday
07-02-2024,P100,Sports,816,491.95,0,1,816,77,824.11,Normal,Wednesday
07-02-2024,P101,Fashion,816.05,632.99,5,0,0,473,837.69,Normal,Wednesday
07-02-2024,P102,Electronics,1018,785.88,0,1,1018,332,1028.97,Holiday,Wednesday
07-02-2024,P103,Electronics,806.4,681.62,10,0,0,434,845.02,Normal,Wednesday
07-02-2024,P104,Electronics,379.05,280.97,5,2,758.1,391,390.99,Normal,Wednesday
07-02-2024,P105,Home,1255.5,872.96,10,0,0,96,1205.43,Holiday,Wednesday
07-02-2024,P106,Home,1003,621.19,0,1,1003,349,984.95,Sale,Wednesday
07-02-2024,P107,Sports,727,501.82,0,3,2181,264,723.6,Normal,Wednesday
07-02-2024,P108,Electronics,600,416.95,0,0,0,112,591.52,Normal,Wednesday
07-02-2024,P109,Home,580.5,496.24,10,0,0,436,574.9,Holiday,Wednesday
07-02-2024,P110,Home,883.5,726.95,5,0,0,428,885.95,Normal,Wednesday
07-02-2024,P111,Fashion,644,445.73,0,2,1288,291,614.06,Sale,Wednesday
07-02-2024,P112,Fashion,686.85,476.96,5,3,2060.55,292,675.09,Normal,Wednesday
07-02-2024,P113,Electronics,636,384.29,0,0,0,74,653.55,Normal,Wednesday
07-02-2024,P114,Fashion,1027.8,697.14,10,0,0,201,996.78,Normal,Wednesday
07-02-2024,P115,Electronics,776.15,533.91,5,0,0,461,755.53,Normal,Wednesday
07-02-2024,P116,Fashion,224,148.8,0,6,1344,56,215.65,Festival,Wednesday
07-02-2024,P117,Electronics,900.15,636.23,15,1,900.15,119,927.36,Festival,Wednesday
07-02-2024,P118,Home,614,450.3,0,0,0,126,637.34,Normal,Wednesday
07-02-2024,P119,Fashion,1250.1,1010.47,10,0,0,213,1245.9,Normal,Wednesday
08-02-2024,P100,Electronics,1422.15,948.53,5,0,0,412,1420.35,Holiday,Thursday
08-02-2024,P101,Fashion,1151,733.73,0,1,1151,190,1179.01,Holiday,Thursday
08-02-2024,P102,Electronics,571,376.99,0,2,1142,279,563.71,Normal,Thursday
08-02-2024,P103,Electronics,1167,846.27,0,0,0,245,1206.26,Sale,Thursday
08-02-2024,P104,Sports,811,579.33,0,2,1622,432,829.09,Normal,Thursday
08-02-2024,P105,Home,1485,967.28,0,2,2970,377,1425.74,Sale,Thursday
08-02-2024,P106,Home,1437,906.99,0,0,0,332,1486.17,Holiday,Thursday
08-02-2024,P107,Sports,804,631.41,0,1,804,239,789.17,Normal,Thursday
08-02-2024,P108,Electronics,508,345.54,0,1,508,324,521.86,Normal,Thursday
08-02-2024,P109,Electronics,937,629.97,0,1,937,378,965.99,Normal,Thursday
08-02-2024,P110,Fashion,616.5,546.07,10,0,0,26,609.73,Normal,Thursday
08-02-2024,P111,Fashion,1463,981.43,0,0,0,426,1447.01,Holiday,Thursday
08-02-2024,P112,Fashion,541.8,450.36,10,1,541.8,323,547.58,Normal,Thursday
08-02-2024,P113,Home,318,209.06,0,1,318,343,305.78,Normal,Thursday
08-02-2024,P114,Electronics,1128,875.96,0,2,2256,376,1130.22,Holiday,Thursday
08-02-2024,P115,Home,913.9,635.51,5,1,913.9,220,900.19,Festival,Thursday
08-02-2024,P116,Fashion,843.3,742.41,10,1,843.3,372,853.58,Sale,Thursday
08-02-2024,P117,Home,456,338.68,0,4,1824,216,459.14,Normal,Thursday
08-02-2024,P118,Fashion,336,211.2,0,6,2016,456,351.18,Holiday,Thursday
08-02-2024,P119,Fashion,351,236.7,0,0,0,314,358.13,Normal,Thursday
09-02-2024,P100,Fashion,1359,935.84,0,1,1359,371,1340.97,Festival,Friday
09-02-2024,P101,Fashion,1175,779.37,0,2,2350,224,1139.1,Normal,Friday
09-02-2024,P102,Fashion,298.3,220.4,5,5,1491.5,321,294.11,Normal,Friday
09-02-2024,P103,Fashion,952,725.2,15,0,0,183,941.18,Normal,Friday
09-02-2024,P104,Home,1023,648.22,0,3,3069,305,1018.98,Festival,Friday
09-02-2024,P105,Home,816.3,693.9,10,4,3265.2,459,809.29,Normal,Friday
09-02-2024,P106,Home,1326,933.03,0,0,0,381,1335.18,Normal,Friday
09-02-2024,P107,Electronics,819.85,674.18,5,0,0,133,830.46,Normal,Friday
09-02-2024,P108,Home,848.7,660.8,10,1,848.7,220,862.62,Normal,Friday
09-02-2024,P109,Home,241.4,203.43,15,10,2414,329,230.63,Festival,Friday
09-02-2024,P110,Electronics,268.2,231.97,10,3,804.6,81,268.42,Festival,Friday
09-02-2024,P111,Electronics,1211.25,956.29,5,1,1211.25,387,1270.68,Normal,Friday
09-02-2024,P112,Sports,972,766.54,10,0,0,35,980.07,Normal,Friday
09-02-2024,P113,Electronics,1060,835.43,0,0,0,351,1044.34,Normal,Friday
09-02-2024,P114,Home,753.95,600.6,15,0,0,243,773.7,Normal,Friday
09-02-2024,P115,Sports,342.9,236.44,10,1,342.9,364,339.03,Normal,Friday
09-02-2024,P116,Fashion,552.6,483.99,10,3,1657.8,111,553.44,Festival,Friday
09-02-2024,P117,Electronics,1057.5,871.37,10,0,0,295,1031.32,Normal,Friday
09-02-2024,P118,Fashion,361,286.55,0,8,2888,73,345.25,Festival,Friday
09-02-2024,P119,Fashion,900,613.03,0,1,900,63,886.26,Festival,Friday
10-02-2024,P100,Home,945.9,778.23,10,3,2837.7,337,932.34,Holiday,Saturday
10-02-2024,P101,Fashion,933.3,823.16,10,2,1866.6,376,972.93,Festival,Saturday
10-02-2024,P102,Sports,1364.2,1070.56,5,1,1364.2,339,1345.07,Normal,Saturday
10-02-2024,P103,Sports,793.8,604.06,10,1,793.8,157,802.04,Festival,Saturday
10-02-2024,P104,Electronics,988,618.61,0,1,988,146,941.15,Normal,Saturday
10-02-2024,P105,Sports,199.5,127.51,5,8,1596,239,195.25,Holiday,Saturday
10-02-2024,P106,Fashion,385.2,261.28,10,5,1926,474,398.51,Normal,Saturday
10-02-2024,P107,Home,653.4,513.58,10,3,1960.2,48,661.72,Sale,Saturday
10-02-2024,P108,Electronics,1004,802.91,0,0,0,121,1037.66,Normal,Saturday
10-02-2024,P109,Fashion,656.2,497.24,15,1,656.2,382,680.35,Sale,Saturday
10-02-2024,P110,Home,470.7,333.52,10,4,1882.8,111,492.7,Normal,Saturday
10-02-2024,P111,Fashion,656.1,545.82,10,3,1968.3,376,644.11,Normal,Saturday
10-02-2024,P112,Fashion,871.15,602.51,5,0,0,439,827.73,Holiday,Saturday
10-02-2024,P113,Home,1167.55,908.73,5,0,0,108,1154.29,Festival,Saturday
10-02-2024,P114,Electronics,445.55,297.29,5,4,1782.2,257,466.7,Holiday,Saturday
10-02-2024,P115,Electronics,426.6,373.69,10,0,0,485,408.97,Normal,Saturday
10-02-2024,P116,Electronics,929,603.83,0,0,0,342,899.01,Normal,Saturday
10-02-2024,P117,Fashion,179.35,137.23,15,8,1434.8,196,180.81,Normal,Saturday
10-02-2024,P118,Sports,402,283.02,0,4,1608,399,392.29,Normal,Saturday
10-02-2024,P119,Fashion,448,291,0,2,896,41,430.16,Festival,Saturday
11-02-2024,P100,Home,1057,676.67,0,0,0,473,1059.59,Normal,Sunday
11-02-2024,P101,Sports,880.2,654.41,10,2,1760.4,311,874.75,Normal,Sunday
11-02-2024,P102,Fashion,513,314.91,0,3,1539,272,518.63,Normal,Sunday
11-02-2024,P103,Home,397,309.24,0,4,1588,135,393.45,Festival,Sunday
11-02-2024,P104,Electronics,1088.1,746.87,10,0,0,107,1068.58,Normal,Sunday
11-02-2024,P105,Fashion,958.55,752.6,5,1,958.55,486,945.03,Normal,Sunday
11-02-2024,P106,Home,348,261.47,0,5,1740,101,356.51,Sale,Sunday
11-02-2024,P107,Home,211.85,170.85,5,5,1059.25,224,214.13,Normal,Sunday
11-02-2024,P108,Sports,621,454.01,0,0,0,318,643.63,Normal,Sunday
11-02-2024,P109,Electronics,1024.2,730.09,10,0,0,223,1055.24,Festival,Sunday
11-02-2024,P110,Sports,593.75,467.61,5,0,0,141,585.17,Normal,Sunday
11-02-2024,P111,Fashion,784,512.29,0,0,0,64,762.62,Normal,Sunday
11-02-2024,P112,Fashion,310.5,263.84,10,9,2794.5,230,307.86,Festival,Sunday
11-02-2024,P113,Home,686,525.14,0,0,0,237,692.59,Sale,Sunday
11-02-2024,P114,Electronics,872,672.79,0,1,872,382,828.76,Holiday,Sunday
11-02-2024,P115,Electronics,819.4,624.31,15,0,0,486,792.45,Sale,Sunday
11-02-2024,P116,Home,563.35,473.76,5,2,1126.7,290,539.36,Holiday,Sunday
11-02-2024,P117,Home,1099.9,821.49,15,0,0,409,1064.22,Normal,Sunday
11-02-2024,P118,Sports,1092,716.45,0,3,3276,306,1055.32,Holiday,Sunday
11-02-2024,P119,Electronics,1251,952.43,0,6,7506,326,1263.94,Normal,Sunday
12-02-2024,P100,Electronics,838,668.6,0,0,0,314,825.85,Normal,Monday
12-02-2024,P101,Home,273.6,239.63,10,1,273.6,250,275.36,Sale,Monday
12-02-2024,P102,Electronics,532,352.92,0,6,3192,242,520.59,Holiday,Monday
12-02-2024,P103,Sports,268.2,210.71,10,5,1341,476,276.73,Normal,Monday
12-02-2024,P104,Home,908,562.92,0,1,908,67,923.12,Normal,Monday
12-02-2024,P105,Home,850.85,795.84,15,2,1701.7,149,826.62,Normal,Monday
12-02-2024,P106,Sports,170,136.2,15,4,680,72,163.01,Normal,Monday
12-02-2024,P107,Fashion,1157.7,860.62,15,0,0,332,1205.72,Festival,Monday
12-02-2024,P108,Fashion,1281.6,948.67,10,0,0,464,1257.23,Normal,Monday
12-02-2024,P109,Electronics,676,490.5,0,1,676,147,703.69,Normal,Monday
12-02-2024,P110,Electronics,730,556.93,0,2,1460,66,708.15,Normal,Monday
12-02-2024,P111,Home,836,542.59,5,1,836,475,822.64,Normal,Monday
12-02-2024,P112,Fashion,1187.1,919.51,10,2,2374.2,212,1131.28,Normal,Monday
12-02-2024,P113,Home,469,300.8,0,3,1407,469,452.56,Festival,Monday
12-02-2024,P114,Electronics,1347.3,1148.17,10,0,0,50,1345.06,Sale,Monday
12-02-2024,P115,Home,452,289.24,0,0,0,470,458.48,Sale,Monday
12-02-2024,P116,Sports,1112,845.38,0,0,0,479,1156.85,Holiday,Monday
12-02-2024,P117,Home,974.95,775.23,15,0,0,66,986.2,Sale,Monday
12-02-2024,P118,Home,370.8,317.28,10,4,1483.2,400,372.63,Normal,Monday
12-02-2024,P119,Fashion,305,188.7,0,5,1525,230,293.68,Normal,Monday
13-02-2024,P100,Sports,399.6,300.39,10,3,1198.8,220,391.83,Sale,Tuesday
13-02-2024,P101,Electronics,351,220.18,0,2,702,131,364.43,Sale,Tuesday
13-02-2024,P102,Home,463,286.42,0,2,926,353,480.94,Normal,Tuesday
13-02-2024,P103,Home,1248.65,998.84,15,0,0,274,1266.39,Normal,Tuesday
13-02-2024,P104,Fashion,1029,702.67,0,0,0,83,985.33,Normal,Tuesday
13-02-2024,P105,Home,1184,794.13,0,4,4736,169,1204.4,Normal,Tuesday
13-02-2024,P106,Fashion,272,209.03,0,5,1360,364,270.08,Sale,Tuesday
13-02-2024,P107,Electronics,861,636.09,0,2,1722,380,895.12,Normal,Tuesday
13-02-2024,P108,Home,780.9,532.05,5,2,1561.8,152,772.47,Sale,Tuesday
13-02-2024,P109,Electronics,1086,704,0,0,0,141,1058.9,Normal,Tuesday
13-02-2024,P110,Home,478,288.81,0,4,1912,430,497.24,Normal,Tuesday
13-02-2024,P111,Home,1210.3,966.37,5,1,1210.3,446,1209.49,Festival,Tuesday
13-02-2024,P112,Sports,347,252.35,0,6,2082,209,359.61,Normal,Tuesday
13-02-2024,P113,Sports,1234,899.84,0,2,2468,108,1287.39,Festival,Tuesday
13-02-2024,P114,Fashion,1480,928.11,0,0,0,124,1528.76,Holiday,Tuesday
13-02-2024,P115,Electronics,213,151.48,0,4,852,226,212.15,Normal,Tuesday
13-02-2024,P116,Fashion,1371.8,904.24,5,0,0,437,1307.91,Normal,Tuesday
13-02-2024,P117,Home,779,618.99,0,1,779,343,802.81,Normal,Tuesday
13-02-2024,P118,Electronics,545,407.47,0,1,545,226,559.45,Normal,Tuesday
13-02-2024,P119,Home,386,253.45,0,3,1158,92,405.09,Holiday,Tuesday
14-02-2024,P100,Electronics,1452,1113.85,0,0,0,260,1413.76,Holiday,Wednesday
14-02-2024,P101,Home,1216.95,938.74,5,0,0,175,1274.08,Festival,Wednesday
14-02-2024,P102,Fashion,473.1,317.85,5,0,0,343,492.41,Normal,Wednesday
14-02-2024,P103,Electronics,464.4,360.36,10,2,928.8,237,468.3,Normal,Wednesday
14-02-2024,P104,Electronics,652.8,510.64,15,2,1305.6,109,638.61,Normal,Wednesday
14-02-2024,P105,Electronics,467.5,359.13,15,5,2337.5,395,477.78,Sale,Wednesday
14-02-2024,P106,Electronics,524.4,365,5,2,1048.8,488,510.73,Sale,Wednesday
14-02-2024,P107,Home,559.55,390.44,5,4,2238.2,45,572.41,Sale,Wednesday
14-02-2024,P108,Home,1231.2,935.98,5,2,2462.4,97,1185.9,Normal,Wednesday
14-02-2024,P109,Home,348,260.98,0,4,1392,175,347.17,Festival,Wednesday
14-02-2024,P110,Sports,1124,726.92,0,0,0,368,1155.48,Normal,Wednesday
14-02-2024,P111,Electronics,537.2,411.4,15,1,537.2,165,516.41,Normal,Wednesday
14-02-2024,P112,Home,1098,777.77,0,2,2196,27,1127.22,Normal,Wednesday
14-02-2024,P113,Fashion,1392,916.87,0,1,1392,230,1383.45,Normal,Wednesday
14-02-2024,P114,Sports,1183.7,814.19,5,1,1183.7,375,1141.97,Normal,Wednesday
14-02-2024,P115,Electronics,940.1,783.22,15,1,940.1,240,917.08,Sale,Wednesday
14-02-2024,P116,Fashion,473,336.93,0,6,2838,29,485.52,Normal,Wednesday
14-02-2024,P117,Home,981,718.47,0,0,0,339,1012.34,Normal,Wednesday
14-02-2024,P118,Sports,1318.6,845.86,5,3,3955.8,301,1366.43,Normal,Wednesday
14-02-2024,P119,Fashion,564.3,394.49,5,2,1128.6,130,538.94,Holiday,Wednesday
15-02-2024,P100,Electronics,304.2,224.82,10,2,608.4,233,301.43,Sale,Thursday
15-02-2024,P101,Fashion,839,562.97,0,0,0,245,877.92,Normal,Thursday
15-02-2024,P102,Fashion,697,510.19,0,0,0,84,715.37,Festival,Thursday
15-02-2024,P103,Fashion,768,544.49,0,2,1536,84,802.44,Normal,Thursday
15-02-2024,P104,Fashion,942.4,722.73,5,0,0,166,979.7,Normal,Thursday
15-02-2024,P105,Sports,588.05,417.64,5,2,1176.1,453,562.88,Sale,Thursday
15-02-2024,P106,Sports,999.6,712.94,15,0,0,355,1002.26,Normal,Thursday
15-02-2024,P107,Sports,1311,1014.1,0,1,1311,495,1325.12,Festival,Thursday
15-02-2024,P108,Home,371.7,265.52,10,2,743.4,321,360.15,Normal,Thursday
15-02-2024,P109,Fashion,582,398.65,0,0,0,425,560.05,Festival,Thursday
15-02-2024,P110,Home,1013,616.35,0,2,2026,429,1017.5,Normal,Thursday
15-02-2024,P111,Home,262,194.12,0,2,524,440,263.06,Normal,Thursday
15-02-2024,P112,Electronics,660,463.94,0,0,0,125,672.81,Festival,Thursday
15-02-2024,P113,Home,394,264.99,0,2,788,486,401.23,Normal,Thursday
15-02-2024,P114,Fashion,733.4,549.84,5,4,2933.6,308,720.6,Sale,Thursday
15-02-2024,P115,Home,842.65,675.94,5,0,0,126,823.96,Sale,Thursday
15-02-2024,P116,Fashion,333,245.73,0,0,0,287,337.2,Normal,Thursday
15-02-2024,P117,Sports,1025,683.21,0,0,0,471,982.93,Normal,Thursday
15-02-2024,P118,Electronics,251,177.88,0,1,251,319,243.01,Normal,Thursday
15-02-2024,P119,Sports,1210.3,905.64,5,0,0,93,1238.65,Festival,Thursday
16-02-2024,P100,Fashion,328,226.98,0,2,656,20,318.5,Sale,Friday
16-02-2024,P101,Electronics,1188,864.69,0,0,0,238,1144.54,Holiday,Friday
16-02-2024,P102,Home,1052,791.23,0,2,2104,242,1087.09,Normal,Friday
16-02-2024,P103,Electronics,703,591.84,5,0,0,80,696.3,Normal,Friday
16-02-2024,P104,Fashion,533,384.93,0,4,2132,372,554.4,Normal,Friday
16-02-2024,P105,Electronics,996,664.56,0,4,3984,131,948.2,Normal,Friday
16-02-2024,P106,Fashion,603.9,404.31,10,2,1207.8,389,600.68,Normal,Friday
16-02-2024,P107,Electronics,842.4,725.91,10,0,0,80,880.97,Sale,Friday
16-02-2024,P108,Fashion,657.4,461.82,5,2,1314.8,331,681.14,Festival,Friday
16-02-2024,P109,Electronics,1015.2,739.12,10,0,0,404,987.31,Normal,Friday
16-02-2024,P110,Fashion,1245.6,1087.95,10,0,0,267,1307.32,Normal,Friday
16-02-2024,P111,Sports,1032,781.63,0,3,3096,156,1018.52,Festival,Friday
16-02-2024,P112,Fashion,940.5,791.98,10,1,940.5,476,919.25,Festival,Friday
16-02-2024,P113,Sports,284,215.22,0,0,0,28,281.29,Normal,Friday
16-02-2024,P114,Home,1243,991.72,0,0,0,399,1186.65,Normal,Friday
16-02-2024,P115,Fashion,1239.3,964.06,10,1,1239.3,440,1243.1,Normal,Friday
16-02-2024,P116,Electronics,182.7,143.26,10,6,1096.2,374,187,Festival,Friday
16-02-2024,P117,Home,543,416.18,0,0,0,38,555.66,Holiday,Friday
16-02-2024,P118,Electronics,1233,813.3,0,3,3699,367,1198.94,Festival,Friday
16-02-2024,P119,Electronics,1339.2,1093.98,10,3,4017.6,320,1337.76,Normal,Friday
17-02-2024,P100,Home,1256,772.23,0,1,1256,462,1298.7,Sale,Saturday
17-02-2024,P101,Sports,527.4,378.71,10,2,1054.8,486,517.09,Normal,Saturday
17-02-2024,P102,Electronics,780.9,545.84,5,0,0,355,756.53,Sale,Saturday
17-02-2024,P103,Sports,544,417.86,0,3,1632,48,518.93,Normal,Saturday
17-02-2024,P104,Sports,516.8,347.02,5,4,2067.2,278,495.73,Festival,Saturday
17-02-2024,P105,Electronics,828.9,718.6,10,2,1657.8,36,827.96,Normal,Saturday
17-02-2024,P106,Electronics,1034,629.47,0,0,0,426,1046.75,Normal,Saturday
17-02-2024,P107,Fashion,967,704.01,0,0,0,455,965.41,Normal,Saturday
17-02-2024,P108,Electronics,289.8,197.92,10,1,289.8,484,297.11,Normal,Saturday
17-02-2024,P109,Fashion,185.4,153.52,10,5,927,49,181.67,Normal,Saturday
17-02-2024,P110,Sports,370.8,304.29,10,4,1483.2,96,364.95,Normal,Saturday
17-02-2024,P111,Electronics,1380,908.48,0,0,0,86,1439.27,Normal,Saturday
17-02-2024,P112,Sports,354.6,243.78,10,4,1418.4,335,363.37,Normal,Saturday
17-02-2024,P113,Home,898.7,646.01,5,0,0,103,884.68,Festival,Saturday
17-02-2024,P114,Fashion,882.9,724.93,10,0,0,73,868.79,Sale,Saturday
17-02-2024,P115,Fashion,823,502.91,0,0,0,469,839.07,Normal,Saturday
17-02-2024,P116,Fashion,1347,1058.97,0,4,5388,496,1380.44,Holiday,Saturday
17-02-2024,P117,Home,306,232.96,0,2,612,156,320.06,Sale,Saturday
17-02-2024,P118,Fashion,760.95,514.03,5,0,0,131,728.89,Festival,Saturday
17-02-2024,P119,Sports,587.35,416.5,15,0,0,95,565.54,Festival,Saturday
18-02-2024,P100,Sports,369,276.63,0,2,738,89,383.09,Normal,Sunday
18-02-2024,P101,Home,328.95,299.28,15,0,0,425,329.87,Normal,Sunday
18-02-2024,P102,Home,257.4,200.42,10,6,1544.4,67,250.94,Holiday,Sunday
18-02-2024,P103,Fashion,742.9,600.85,15,4,2971.6,247,752.74,Sale,Sunday
18-02-2024,P104,Sports,1362.3,1104.88,5,4,5449.2,398,1386.67,Normal,Sunday
18-02-2024,P105,Sports,844.2,590.36,10,0,0,490,859.47,Normal,Sunday
18-02-2024,P106,Sports,1164,928.02,0,3,3492,376,1119.22,Holiday,Sunday
18-02-2024,P107,Fashion,942,575.85,0,1,942,75,935.55,Normal,Sunday
18-02-2024,P108,Fashion,1077.3,885.87,5,3,3231.9,420,1061.62,Normal,Sunday
18-02-2024,P109,Sports,746,475.09,0,1,746,451,737.97,Normal,Sunday
18-02-2024,P110,Sports,701,543.49,0,0,0,248,697.89,Holiday,Sunday
18-02-2024,P111,Home,1473,1098.86,0,0,0,224,1499.55,Festival,Sunday
18-02-2024,P112,Sports,590,461.71,0,0,0,410,598.6,Sale,Sunday
18-02-2024,P113,Sports,939.6,764.51,10,0,0,242,931.09,Normal,Sunday
18-02-2024,P114,Sports,761.6,594.29,15,4,3046.4,165,738.27,Holiday,Sunday
18-02-2024,P115,Home,228,159.78,5,7,1596,240,236.46,Festival,Sunday
18-02-2024,P116,Sports,398.7,302.66,10,1,398.7,235,382.51,Sale,Sunday
18-02-2024,P117,Home,1369,908.09,0,2,2738,430,1321.15,Sale,Sunday
18-02-2024,P118,Fashion,671.4,574.24,10,3,2014.2,418,670.76,Normal,Sunday
18-02-2024,P119,Home,532,370.13,0,0,0,355,521.87,Sale,Sunday
19-02-2024,P100,Home,390.6,318.49,10,0,0,154,387.95,Normal,Monday
19-02-2024,P101,Home,520.6,373.84,5,2,1041.2,435,531.64,Normal,Monday
19-02-2024,P102,Electronics,235,170.77,0,5,1175,187,238.02,Normal,Monday
19-02-2024,P103,Sports,1101,758.61,0,3,3303,464,1084.64,Normal,Monday
19-02-2024,P104,Home,373.15,319.68,15,3,1119.45,459,360.61,Normal,Monday
19-02-2024,P105,Electronics,875,554.99,0,1,875,57,891.91,Sale,Monday
19-02-2024,P106,Fashion,294,225.3,0,4,1176,218,280.43,Normal,Monday
19-02-2024,P107,Home,1186,731.62,0,3,3558,141,1128.94,Normal,Monday
19-02-2024,P108,Electronics,446.4,370.19,10,2,892.8,240,433.02,Sale,Monday
19-02-2024,P109,Electronics,1414,1085.66,0,0,0,114,1436.59,Festival,Monday
19-02-2024,P110,Sports,978,648.38,0,3,2934,355,955.82,Normal,Monday
19-02-2024,P111,Fashion,420,335.25,0,4,1680,455,416,Sale,Monday
19-02-2024,P112,Sports,1065.9,685.87,5,0,0,247,1102.46,Normal,Monday
19-02-2024,P113,Home,691,538.16,0,4,2764,167,714.62,Normal,Monday
19-02-2024,P114,Home,361,276.25,0,5,1805,345,361.88,Normal,Monday
19-02-2024,P115,Electronics,1042.2,891.89,10,0,0,29,1018.13,Normal,Monday
19-02-2024,P116,Electronics,1273.5,1115.63,10,2,2547,52,1222.85,Normal,Monday
19-02-2024,P117,Electronics,1359,879.13,0,1,1359,298,1366.04,Normal,Monday
19-02-2024,P118,Home,962,757.68,0,0,0,282,914.85,Normal,Monday
19-02-2024,P119,Fashion,1071.6,842.1,5,4,4286.4,489,1107.31,Normal,Monday
20-02-2024,P100,Fashion,834.7,772.05,15,3,2504.1,463,823.14,Normal,Tuesday
20-02-2024,P101,Electronics,1318,1014.96,0,3,3954,96,1283.69,Normal,Tuesday
20-02-2024,P102,Fashion,517.65,430.23,15,3,1552.95,144,496.07,Festival,Tuesday
20-02-2024,P103,Sports,898.7,719.18,5,0,0,247,871.61,Festival,Tuesday
20-02-2024,P104,Fashion,1034.45,804.49,15,2,2068.9,297,1051.35,Normal,Tuesday
20-02-2024,P105,Fashion,516.8,461.34,15,1,516.8,58,526.06,Festival,Tuesday
20-02-2024,P106,Sports,565.2,409.75,10,2,1130.4,373,538.77,Sale,Tuesday
20-02-2024,P107,Sports,541,331.47,0,2,1082,169,566.09,Normal,Tuesday
20-02-2024,P108,Electronics,480.7,307.26,5,0,0,473,490.73,Normal,Tuesday
20-02-2024,P109,Home,1098,780.01,10,0,0,198,1054.69,Normal,Tuesday
20-02-2024,P110,Sports,702.9,531.44,10,4,2811.6,245,735.43,Normal,Tuesday
20-02-2024,P111,Fashion,531.05,362.27,5,4,2124.2,148,552.81,Normal,Tuesday
20-02-2024,P112,Electronics,671,415.32,0,1,671,102,647.71,Normal,Tuesday
20-02-2024,P113,Electronics,1476,984.44,0,1,1476,345,1405.11,Normal,Tuesday
20-02-2024,P114,Fashion,856.8,637.98,10,0,0,435,863.86,Normal,Tuesday
20-02-2024,P115,Fashion,1318.6,937.53,5,0,0,467,1286.31,Holiday,Tuesday
20-02-2024,P116,Home,395.25,354.41,15,8,3162,432,412.11,Normal,Tuesday
20-02-2024,P117,Fashion,855,626.07,10,1,855,457,886.74,Normal,Tuesday
20-02-2024,P118,Home,797.3,671.92,15,3,2391.9,270,818.15,Normal,Tuesday
20-02-2024,P119,Electronics,432.25,281.82,5,1,432.25,88,441.01,Normal,Tuesday
21-02-2024,P100,Home,752.4,527.17,5,2,1504.8,337,769.74,Normal,Wednesday
21-02-2024,P101,Home,851.7,761.08,15,0,0,293,892.45,Normal,Wednesday
21-02-2024,P102,Sports,1377,854.67,0,1,1377,27,1326.05,Sale,Wednesday
21-02-2024,P103,Sports,778.05,543.8,5,0,0,376,786.2,Festival,Wednesday
21-02-2024,P104,Fashion,1189.4,898.67,5,0,0,230,1218.21,Normal,Wednesday
21-02-2024,P105,Sports,1339.2,900.28,10,1,1339.2,158,1380.76,Normal,Wednesday
21-02-2024,P106,Fashion,454,313,0,3,1362,107,466.92,Normal,Wednesday
21-02-2024,P107,Sports,1260.9,1072.75,10,2,2521.8,147,1230.52,Normal,Wednesday
21-02-2024,P108,Electronics,861,547.36,0,3,2583,214,853.98,Festival,Wednesday
21-02-2024,P109,Home,321,252.3,0,4,1284,77,307.48,Sale,Wednesday
21-02-2024,P110,Home,551.95,388.24,5,5,2759.75,392,563.63,Sale,Wednesday
21-02-2024,P111,Fashion,780,593.28,0,1,780,279,802.29,Holiday,Wednesday
21-02-2024,P112,Fashion,486,408.79,10,2,972,238,488.65,Normal,Wednesday
21-02-2024,P113,Fashion,1020,781.33,0,2,2040,275,1055.95,Sale,Wednesday
21-02-2024,P114,Home,434,337.84,0,2,868,268,435.21,Sale,Wednesday
21-02-2024,P115,Electronics,1099,827.24,0,0,0,417,1130.86,Normal,Wednesday
21-02-2024,P116,Electronics,481.65,374.09,5,2,963.3,261,483.49,Normal,Wednesday
21-02-2024,P117,Sports,442,310.72,0,0,0,159,449.2,Sale,Wednesday
21-02-2024,P118,Fashion,371,274.77,0,4,1484,257,369.9,Festival,Wednesday
21-02-2024,P119,Fashion,1096.2,797.9,10,3,3288.6,457,1081.62,Holiday,Wednesday
22-02-2024,P100,Fashion,213,147.16,0,0,0,72,202.43,Normal,Thursday
22-02-2024,P101,Sports,912.6,765.04,10,1,912.6,271,954.15,Normal,Thursday
22-02-2024,P102,Electronics,330,222.97,0,1,330,45,334.3,Normal,Thursday
22-02-2024,P103,Electronics,788,521.44,0,0,0,30,764.29,Normal,Thursday
22-02-2024,P104,Sports,739,479.87,0,0,0,494,703.69,Festival,Thursday
22-02-2024,P105,Sports,1024.25,785.98,15,1,1024.25,468,1004.76,Sale,Thursday
22-02-2024,P106,Sports,1400,1034.55,0,0,0,75,1462.3,Festival,Thursday
22-02-2024,P107,Electronics,372.6,305.17,10,4,1490.4,289,373.82,Holiday,Thursday
22-02-2024,P108,Home,300.9,255.68,15,3,902.7,319,288.73,Normal,Thursday
22-02-2024,P109,Electronics,836.1,654.49,10,0,0,48,807.31,Normal,Thursday
22-02-2024,P110,Electronics,200.7,175.37,10,5,1003.5,346,206.03,Sale,Thursday
22-02-2024,P111,Electronics,676,522.88,0,1,676,363,664.72,Normal,Thursday
22-02-2024,P112,Electronics,458,313.68,0,2,916,477,447.95,Festival,Thursday
22-02-2024,P113,Sports,607,399.16,0,2,1214,459,616.21,Sale,Thursday
22-02-2024,P114,Sports,493,458.89,15,3,1479,344,490.9,Normal,Thursday
22-02-2024,P115,Home,213.75,156.94,5,9,1923.75,40,214.39,Festival,Thursday
22-02-2024,P116,Home,811.3,515.48,5,2,1622.6,204,834.61,Normal,Thursday
22-02-2024,P117,Sports,817.2,567.97,10,3,2451.6,311,824.95,Normal,Thursday
22-02-2024,P118,Fashion,1118,757.58,0,4,4472,382,1164.35,Festival,Thursday
22-02-2024,P119,Home,389.7,311.21,10,1,389.7,328,402.49,Normal,Thursday
23-02-2024,P100,Electronics,1343,1018.54,0,0,0,279,1286.48,Sale,Friday
23-02-2024,P101,Fashion,1189,781.62,0,0,0,168,1231.93,Normal,Friday
23-02-2024,P102,Sports,652,429.53,0,0,0,150,629.74,Sale,Friday
23-02-2024,P103,Home,950.95,753.31,5,0,0,230,967.19,Normal,Friday
23-02-2024,P104,Sports,1204.6,948.54,5,0,0,28,1208.17,Normal,Friday
23-02-2024,P105,Fashion,1253,790.56,0,0,0,418,1241.47,Normal,Friday
23-02-2024,P106,Fashion,859,578.9,0,1,859,277,852.43,Normal,Friday
23-02-2024,P107,Home,686.7,585.09,10,0,0,429,676.09,Normal,Friday
23-02-2024,P108,Home,433,278.98,0,7,3031,310,429.07,Sale,Friday
23-02-2024,P109,Home,289,221.21,0,1,289,32,282.51,Normal,Friday
23-02-2024,P110,Sports,467.4,386.44,5,2,934.8,168,463.09,Normal,Friday
23-02-2024,P111,Fashion,406.8,314.5,10,0,0,285,402.52,Sale,Friday
23-02-2024,P112,Fashion,474,287.78,0,1,474,29,476.57,Normal,Friday
23-02-2024,P113,Home,225,141.12,0,4,900,154,218.57,Normal,Friday
23-02-2024,P114,Home,1379,868.33,0,0,0,288,1434.77,Sale,Friday
23-02-2024,P115,Sports,666,441.65,0,3,1998,309,647.55,Normal,Friday
23-02-2024,P116,Electronics,1107,666.83,0,6,6642,109,1052.31,Holiday,Friday
23-02-2024,P117,Sports,432,330.77,0,2,864,233,420.65,Festival,Friday
23-02-2024,P118,Sports,534,392.39,0,3,1602,383,541.35,Normal,Friday
23-02-2024,P119,Sports,1138.1,844.69,5,0,0,364,1181.73,Sale,Friday
24-02-2024,P100,Fashion,848.3,743.84,15,0,0,326,876.48,Normal,Saturday
24-02-2024,P101,Electronics,802,600.43,0,0,0,347,798.32,Normal,Saturday
24-02-2024,P102,Fashion,1088,679.08,0,0,0,310,1064.89,Normal,Saturday
24-02-2024,P103,Sports,704,443.46,0,0,0,194,677.5,Festival,Saturday
24-02-2024,P104,Sports,630.9,529.58,10,1,630.9,86,622.15,Normal,Saturday
24-02-2024,P105,Home,399.95,309.13,5,0,0,429,415.89,Normal,Saturday
24-02-2024,P106,Electronics,748.6,513.94,5,2,1497.2,498,779.11,Normal,Saturday
24-02-2024,P107,Electronics,1367,1086.41,0,0,0,447,1404.3,Normal,Saturday
24-02-2024,P108,Sports,737,466.31,0,1,737,298,733.48,Normal,Saturday
24-02-2024,P109,Electronics,1421.2,1049.96,5,0,0,39,1400.79,Normal,Saturday
24-02-2024,P110,Home,1433,896.07,0,3,4299,251,1470.78,Normal,Saturday
24-02-2024,P111,Sports,1152.35,780.88,5,1,1152.35,227,1112.63,Normal,Saturday
24-02-2024,P112,Home,1301,942,0,0,0,386,1247.2,Normal,Saturday
24-02-2024,P113,Fashion,269,168.24,0,3,807,349,279.18,Normal,Saturday
24-02-2024,P114,Electronics,377.15,305.05,5,9,3394.35,203,360.61,Festival,Saturday
24-02-2024,P115,Fashion,421.8,270.77,5,2,843.6,497,436.72,Normal,Saturday
24-02-2024,P116,Sports,620.5,512.75,15,0,0,285,629.97,Holiday,Saturday
24-02-2024,P117,Home,1075.4,693.8,5,0,0,474,1088.52,Normal,Saturday
24-02-2024,P118,Fashion,681.3,563.75,10,1,681.3,47,660.92,Festival,Saturday
24-02-2024,P119,Home,1130.5,765,5,0,0,308,1124.05,Holiday,Saturday
25-02-2024,P100,Sports,546.25,428.36,5,2,1092.5,331,535.92,Normal,Sunday
25-02-2024,P101,Sports,408.5,309.48,5,2,817,180,390.19,Normal,Sunday
25-02-2024,P102,Electronics,987.3,858.42,10,0,0,390,1012.52,Normal,Sunday
25-02-2024,P103,Fashion,481,329.79,0,2,962,153,458.29,Normal,Sunday
25-02-2024,P104,Home,881.6,737.7,5,3,2644.8,447,902.32,Normal,Sunday
25-02-2024,P105,Fashion,1081.1,818.07,5,1,1081.1,298,1044.8,Normal,Sunday
25-02-2024,P106,Electronics,1259.7,841.04,5,0,0,273,1273.49,Sale,Sunday
25-02-2024,P107,Sports,662,524.88,0,4,2648,362,649.71,Normal,Sunday
25-02-2024,P108,Fashion,332,261.01,0,4,1328,483,334.56,Normal,Sunday
25-02-2024,P109,Electronics,1304.1,1056.29,10,2,2608.2,362,1318.34,Sale,Sunday
25-02-2024,P110,Home,1210.4,1040.82,15,0,0,132,1243.71,Normal,Sunday
25-02-2024,P111,Electronics,779,560.33,0,1,779,39,746.25,Normal,Sunday
25-02-2024,P112,Sports,1300,947.38,0,0,0,236,1333.13,Sale,Sunday
25-02-2024,P113,Home,570.6,499.92,10,5,2853,404,575.6,Festival,Sunday
25-02-2024,P114,Sports,1054,764.14,0,4,4216,128,1101.62,Holiday,Sunday
25-02-2024,P115,Electronics,918,666.47,0,1,918,39,899.75,Normal,Sunday
25-02-2024,P116,Electronics,871.15,634.25,5,0,0,430,907.26,Sale,Sunday
25-02-2024,P117,Fashion,250,189.74,0,5,1250,486,250.84,Normal,Sunday
25-02-2024,P118,Sports,1285,1027.23,0,0,0,45,1265.5,Normal,Sunday
25-02-2024,P119,Fashion,400.5,342.3,10,1,400.5,243,388.95,Normal,Sunday
26-02-2024,P100,Fashion,371,271.85,0,4,1484,495,371.65,Holiday,Monday
26-02-2024,P101,Fashion,726.75,507.2,5,4,2907,421,759.5,Holiday,Monday
26-02-2024,P102,Fashion,678.3,571.54,15,0,0,466,699.45,Normal,Monday
26-02-2024,P103,Electronics,819,496.4,0,0,0,494,850.66,Normal,Monday
26-02-2024,P104,Home,776.7,645.66,10,3,2330.1,274,797.15,Holiday,Monday
26-02-2024,P105,Home,813.6,622.15,10,2,1627.2,137,823.77,Holiday,Monday
26-02-2024,P106,Electronics,839,509.23,0,0,0,379,847.51,Normal,Monday
26-02-2024,P107,Home,1304.35,927.65,5,0,0,118,1342.44,Normal,Monday
26-02-2024,P108,Sports,641.7,560.49,10,7,4491.9,140,637.39,Festival,Monday
26-02-2024,P109,Home,823,547.44,0,5,4115,422,831.46,Festival,Monday
26-02-2024,P110,Home,429.4,313.49,5,6,2576.4,468,446.36,Sale,Monday
26-02-2024,P111,Home,828,597.01,10,2,1656,327,829.72,Normal,Monday
26-02-2024,P112,Home,1239.3,957.04,10,0,0,379,1221.94,Normal,Monday
26-02-2024,P113,Sports,1325,903.93,0,2,2650,144,1312.7,Sale,Monday
26-02-2024,P114,Fashion,391.5,316.19,10,1,391.5,350,397.01,Festival,Monday
26-02-2024,P115,Fashion,340,248.66,15,3,1020,292,334.34,Holiday,Monday
26-02-2024,P116,Electronics,578,366.71,0,2,1156,154,565.61,Normal,Monday
26-02-2024,P117,Sports,191.9,143.26,5,7,1343.3,416,200.24,Normal,Monday
26-02-2024,P118,Home,1018.4,667.63,5,0,0,337,1038.98,Holiday,Monday
26-02-2024,P119,Home,648.9,549.37,10,3,1946.7,159,622.51,Normal,Monday
27-02-2024,P100,Fashion,785,619.46,0,2,1570,131,792.79,Normal,Tuesday
27-02-2024,P101,Fashion,986,665.62,0,0,0,436,991.41,Normal,Tuesday
27-02-2024,P102,Sports,1017.45,846.73,15,0,0,128,1052.71,Festival,Tuesday
27-02-2024,P103,Sports,1202,944.14,0,0,0,415,1248.91,Normal,Tuesday
27-02-2024,P104,Home,1226,921.33,0,0,0,491,1171.53,Normal,Tuesday
27-02-2024,P105,Electronics,1386.05,973.08,5,0,0,233,1413.58,Normal,Tuesday
27-02-2024,P106,Home,1155,736.63,0,0,0,366,1158.97,Normal,Tuesday
27-02-2024,P107,Home,741,493.09,0,0,0,236,716.48,Normal,Tuesday
27-02-2024,P108,Electronics,1238,850.42,0,0,0,420,1198.22,Normal,Tuesday
27-02-2024,P109,Fashion,1209.35,842.67,5,0,0,458,1229.15,Normal,Tuesday
27-02-2024,P110,Sports,1250.35,964.35,15,3,3751.05,57,1299.52,Sale,Tuesday
27-02-2024,P111,Sports,1404.1,952.28,5,3,4212.3,485,1410.96,Normal,Tuesday
27-02-2024,P112,Fashion,640,464.63,0,3,1920,479,642.63,Normal,Tuesday
27-02-2024,P113,Sports,447,335.07,0,2,894,415,435.93,Sale,Tuesday
27-02-2024,P114,Sports,468.35,366.08,5,5,2341.75,427,487.28,Normal,Tuesday
27-02-2024,P115,Home,917.1,654.13,10,0,0,101,927.76,Normal,Tuesday
27-02-2024,P116,Sports,314,201.46,0,1,314,130,323.72,Normal,Tuesday
27-02-2024,P117,Electronics,1100,818.86,0,1,1100,89,1109.93,Normal,Tuesday
27-02-2024,P118,Electronics,577.8,493.5,10,1,577.8,190,552.28,Festival,Tuesday
27-02-2024,P119,Home,567,403.8,0,0,0,365,585.27,Normal,Tuesday
28-02-2024,P100,Sports,808.2,568.01,10,0,0,430,823.29,Normal,Wednesday
28-02-2024,P101,Sports,569.7,447.07,10,1,569.7,115,586.3,Normal,Wednesday
28-02-2024,P102,Fashion,303,234.74,0,7,2121,62,295.32,Festival,Wednesday
28-02-2024,P103,Home,1089.9,939.52,10,4,4359.6,261,1107.86,Normal,Wednesday
28-02-2024,P104,Electronics,896,667.87,0,0,0,430,851.93,Normal,Wednesday
28-02-2024,P105,Home,970,690.62,0,2,1940,489,937.71,Normal,Wednesday
28-02-2024,P106,Sports,1307.7,897.04,10,1,1307.7,68,1249.2,Normal,Wednesday
28-02-2024,P107,Sports,764.75,567.95,5,0,0,474,797.2,Festival,Wednesday
28-02-2024,P108,Electronics,521.05,371.52,15,1,521.05,333,527.49,Normal,Wednesday
28-02-2024,P109,Electronics,1170,935.88,0,1,1170,359,1178.9,Normal,Wednesday
28-02-2024,P110,Sports,311,197.25,0,6,1866,298,302.84,Holiday,Wednesday
28-02-2024,P111,Fashion,342,239.47,10,6,2052,233,355.25,Normal,Wednesday
28-02-2024,P112,Sports,452,294.37,0,1,452,100,468.78,Holiday,Wednesday
28-02-2024,P113,Sports,898.45,806.11,15,5,4492.25,23,936.7,Normal,Wednesday
28-02-2024,P114,Sports,1076.4,882.62,10,0,0,249,1044.86,Normal,Wednesday
28-02-2024,P115,Fashion,577,359.15,0,1,577,480,583.59,Sale,Wednesday
28-02-2024,P116,Home,1350.9,976.23,5,1,1350.9,295,1369.5,Normal,Wednesday
28-02-2024,P117,Electronics,1006,645.81,0,0,0,187,1002.45,Normal,Wednesday
28-02-2024,P118,Sports,179.35,149.62,15,7,1255.45,97,173.6,Festival,Wednesday
28-02-2024,P119,Electronics,1207.45,781.89,5,0,0,478,1222.39,Normal,Wednesday
29-02-2024,P100,Fashion,664,427.28,0,2,1328,66,663.38,Holiday,Thursday
29-02-2024,P101,Sports,641.75,467.26,15,0,0,490,670.57,Holiday,Thursday
29-02-2024,P102,Electronics,1258,811.58,0,0,0,97,1271.1,Sale,Thursday
29-02-2024,P103,Sports,574,434.7,0,2,1148,408,547.83,Normal,Thursday
29-02-2024,P104,Fashion,1043,824.9,0,2,2086,165,1089.55,Normal,Thursday
29-02-2024,P105,Sports,1185.3,923.78,10,0,0,231,1230.55,Normal,Thursday
29-02-2024,P106,Electronics,947,570.23,0,1,947,212,979.51,Sale,Thursday
29-02-2024,P107,Fashion,345,217.88,0,1,345,81,333.15,Normal,Thursday
29-02-2024,P108,Electronics,314.5,231.91,15,4,1258,107,324.07,Normal,Thursday
29-02-2024,P109,Fashion,791.1,566.9,10,3,2373.3,234,807.54,Normal,Thursday
29-02-2024,P110,Fashion,1105,716.46,0,0,0,314,1051.87,Sale,Thursday
29-02-2024,P111,Home,1017,614.8,0,1,1017,27,981.67,Festival,Thursday
29-02-2024,P112,Sports,1125,995.67,10,0,0,441,1146.14,Normal,Thursday
29-02-2024,P113,Home,1344,1005.74,0,0,0,417,1321.19,Normal,Thursday
29-02-2024,P114,Sports,334.8,294.37,10,4,1339.2,85,341.11,Festival,Thursday
29-02-2024,P115,Fashion,455.05,305.9,5,1,455.05,426,436.55,Normal,Thursday
29-02-2024,P116,Sports,222.3,165.24,5,9,2000.7,298,215.64,Normal,Thursday
29-02-2024,P117,Sports,1398,1103.01,0,0,0,341,1417.81,Normal,Thursday
29-02-2024,P118,Sports,1456,1048.39,0,0,0,63,1391.39,Normal,Thursday
29-02-2024,P119,Electronics,794,538.01,0,4,3176,395,785.91,Normal,Thursday
01-03-2024,P100,Home,1294,899.72,0,0,0,151,1322.68,Normal,Friday
01-03-2024,P101,Fashion,1447,954.45,0,4,5788,260,1495.56,Normal,Friday
01-03-2024,P102,Home,785.4,592.64,15,0,0,326,787.2,Normal,Friday
01-03-2024,P103,Sports,1037,854.53,15,2,2074,257,1082.8,Normal,Friday
01-03-2024,P104,Fashion,848,618.64,0,0,0,197,818.05,Normal,Friday
01-03-2024,P105,Home,499,376.25,0,0,0,280,509.68,Normal,Friday
01-03-2024,P106,Sports,1199,768.44,0,2,2398,287,1154.12,Normal,Friday
01-03-2024,P107,Home,393.3,290.63,5,1,393.3,274,389.18,Normal,Friday
01-03-2024,P108,Sports,395.2,318.81,5,1,395.2,353,389.24,Normal,Friday
01-03-2024,P109,Sports,756.9,587.33,10,2,1513.8,223,735.83,Normal,Friday
01-03-2024,P110,Electronics,1270.75,1088.37,15,0,0,412,1207.46,Holiday,Friday
01-03-2024,P111,Home,577.15,510.73,15,2,1154.3,132,558.71,Normal,Friday
01-03-2024,P112,Home,831,630.54,0,0,0,122,834.12,Normal,Friday
01-03-2024,P113,Electronics,519.65,338.65,5,0,0,475,527.29,Normal,Friday
01-03-2024,P114,Electronics,500,358.46,0,0,0,103,499.4,Normal,Friday
01-03-2024,P115,Sports,1424,911.36,0,4,5696,215,1449.04,Normal,Friday
01-03-2024,P116,Home,1457,1047.22,0,1,1457,161,1421.97,Normal,Friday
01-03-2024,P117,Home,289,194.46,0,3,867,349,292.94,Sale,Friday
01-03-2024,P118,Home,541.8,479.19,10,3,1625.4,35,545.86,Normal,Friday
01-03-2024,P119,Electronics,817,639.94,0,0,0,419,788.84,Normal,Friday
02-03-2024,P100,Sports,454.75,412.91,15,1,454.75,82,445.38,Normal,Saturday
02-03-2024,P101,Home,851.2,627.88,5,4,3404.8,264,891.45,Festival,Saturday
02-03-2024,P102,Home,330.6,214.27,5,6,1983.6,473,325.05,Normal,Saturday
02-03-2024,P103,Fashion,551.95,433.24,5,3,1655.85,250,542.85,Holiday,Saturday
02-03-2024,P104,Sports,1153,810.98,0,3,3459,213,1119.55,Normal,Saturday
02-03-2024,P105,Sports,353.7,280.96,10,2,707.4,233,355.92,Holiday,Saturday
02-03-2024,P106,Sports,306,264.61,10,4,1224,106,296.33,Normal,Saturday
02-03-2024,P107,Electronics,838.8,685.92,10,2,1677.6,183,800.35,Normal,Saturday
02-03-2024,P108,Sports,444,348.98,0,0,0,76,464.58,Normal,Saturday
02-03-2024,P109,Fashion,277,172.99,0,8,2216,389,263.97,Normal,Saturday
02-03-2024,P110,Electronics,1010.8,769.08,5,0,0,175,969.54,Festival,Saturday
02-03-2024,P111,Electronics,324,286.67,10,5,1620,490,338.67,Normal,Saturday
02-03-2024,P112,Electronics,251.1,216.2,10,2,502.2,368,262.11,Normal,Saturday
02-03-2024,P113,Fashion,497.25,417.59,15,1,497.25,301,498.75,Normal,Saturday
02-03-2024,P114,Sports,380.95,301.29,5,1,380.95,357,370.82,Normal,Saturday
02-03-2024,P115,Sports,1161,870.66,0,7,8127,446,1110.69,Sale,Saturday
02-03-2024,P116,Electronics,398,253.63,0,6,2388,306,411.14,Festival,Saturday
02-03-2024,P117,Fashion,1077.3,896.58,5,2,2154.6,194,1047.14,Normal,Saturday
02-03-2024,P118,Fashion,1326,915.04,0,2,2652,48,1322.17,Holiday,Saturday
02-03-2024,P119,Electronics,1412,908.52,0,0,0,56,1388.41,Holiday,Saturday
03-03-2024,P100,Home,1174.7,916.84,15,1,1174.7,87,1159.25,Sale,Sunday
03-03-2024,P101,Home,1129,791.02,0,1,1129,57,1073.34,Normal,Sunday
03-03-2024,P102,Fashion,1008.1,718.36,15,2,2016.2,309,958.52,Normal,Sunday
03-03-2024,P103,Home,574.75,395.7,5,0,0,277,602.08,Sale,Sunday
03-03-2024,P104,Sports,794,618.31,0,0,0,27,798.98,Normal,Sunday
03-03-2024,P105,Fashion,399,268.75,0,7,2793,140,404.7,Sale,Sunday
03-03-2024,P106,Electronics,475,334.87,0,6,2850,259,472.51,Sale,Sunday
03-03-2024,P107,Home,271,200.69,0,5,1355,487,264.04,Sale,Sunday
03-03-2024,P108,Home,346,276.13,0,3,1038,151,331.7,Holiday,Sunday
03-03-2024,P109,Home,1448,1132,0,0,0,43,1425.99,Normal,Sunday
03-03-2024,P110,Fashion,1101,818.3,0,0,0,484,1129.33,Festival,Sunday
03-03-2024,P111,Home,1077,854.16,0,0,0,68,1051.74,Normal,Sunday
03-03-2024,P112,Home,1321,921.74,0,0,0,167,1282.86,Normal,Sunday
03-03-2024,P113,Electronics,757,494,0,2,1514,398,772.47,Festival,Sunday
03-03-2024,P114,Electronics,1054.85,930.01,15,1,1054.85,495,1103.18,Normal,Sunday
03-03-2024,P115,Home,950,726.01,0,2,1900,249,982.94,Festival,Sunday
03-03-2024,P116,Fashion,1407,1019.78,0,0,0,279,1342.2,Festival,Sunday
03-03-2024,P117,Home,1007.25,779.25,15,2,2014.5,416,1044.29,Festival,Sunday
03-03-2024,P118,Sports,800.1,625.73,10,0,0,37,791.41,Normal,Sunday
03-03-2024,P119,Sports,668,435.22,0,0,0,220,663.6,Sale,Sunday
04-03-2024,P100,Home,759,534.16,0,3,2277,98,772.24,Normal,Monday
04-03-2024,P101,Home,357.3,271.9,10,0,0,474,358.81,Normal,Monday
04-03-2024,P102,Sports,784.7,563.48,5,1,784.7,393,765.12,Festival,Monday
04-03-2024,P103,Fashion,538.65,399.17,5,2,1077.3,360,516.34,Holiday,Monday
04-03-2024,P104,Electronics,1378,882.32,0,1,1378,118,1380.93,Normal,Monday
04-03-2024,P105,Sports,304.2,246.37,10,4,1216.8,455,303.53,Holiday,Monday
04-03-2024,P106,Sports,1263.1,1061.12,15,0,0,313,1298.98,Normal,Monday
04-03-2024,P107,Fashion,1218.6,876.93,10,2,2437.2,392,1263.44,Normal,Monday
04-03-2024,P108,Home,1145,731.37,0,1,1145,312,1146.44,Normal,Monday
04-03-2024,P109,Sports,1306,874.25,0,0,0,410,1242.91,Normal,Monday
04-03-2024,P110,Sports,306,203.07,0,4,1224,487,320.29,Sale,Monday
04-03-2024,P111,Sports,526.5,378.57,10,1,526.5,266,509.88,Normal,Monday
04-03-2024,P112,Home,182.75,157.77,15,8,1462,374,188.65,Holiday,Monday
04-03-2024,P113,Fashion,1298.7,1042.3,10,0,0,380,1327.15,Holiday,Monday
04-03-2024,P114,Sports,701,480.95,0,1,701,356,692.22,Festival,Monday
04-03-2024,P115,Home,802.75,656.25,5,2,1605.5,72,791.03,Holiday,Monday
04-03-2024,P116,Sports,377.1,255.21,10,2,754.2,299,392.61,Normal,Monday
04-03-2024,P117,Electronics,537,327.2,0,1,537,415,544.8,Normal,Monday
04-03-2024,P118,Sports,646,515.18,15,2,1292,475,641.29,Normal,Monday
04-03-2024,P119,Electronics,661,522.93,0,0,0,378,641.15,Normal,Monday
05-03-2024,P100,Electronics,859.5,739.64,10,0,0,427,866.37,Normal,Tuesday
05-03-2024,P101,Fashion,805,638.93,0,0,0,117,831.53,Sale,Tuesday
05-03-2024,P102,Sports,445.55,327.56,5,1,445.55,487,432.24,Normal,Tuesday
05-03-2024,P103,Fashion,1085,732.8,0,0,0,497,1099.52,Normal,Tuesday
05-03-2024,P104,Home,687,464.84,0,0,0,47,683.43,Normal,Tuesday
05-03-2024,P105,Electronics,205,143.63,0,8,1640,66,215.2,Festival,Tuesday
05-03-2024,P106,Sports,1204.2,1010.69,10,0,0,387,1229.25,Normal,Tuesday
05-03-2024,P107,Sports,183.6,142.68,10,6,1101.6,245,183.06,Festival,Tuesday
05-03-2024,P108,Sports,1199,839.93,0,0,0,63,1159.65,Festival,Tuesday
05-03-2024,P109,Fashion,222,158.41,0,9,1998,188,214.82,Sale,Tuesday
05-03-2024,P110,Electronics,1203.6,931.35,15,1,1203.6,405,1242.8,Normal,Tuesday
05-03-2024,P111,Home,674.1,521.27,10,6,4044.6,273,654.23,Sale,Tuesday
05-03-2024,P112,Home,963,664.17,10,0,0,192,929.56,Holiday,Tuesday
05-03-2024,P113,Fashion,1024.2,715.61,10,4,4096.8,78,1068.35,Sale,Tuesday
05-03-2024,P114,Sports,1107.7,791.54,5,2,2215.4,44,1105.04,Normal,Tuesday
05-03-2024,P115,Fashion,1193,780.11,0,0,0,156,1202.73,Normal,Tuesday
05-03-2024,P116,Electronics,1231.2,781.96,5,0,0,130,1255.34,Normal,Tuesday
05-03-2024,P117,Fashion,355.3,287.27,5,1,355.3,329,344.94,Normal,Tuesday
05-03-2024,P118,Sports,986,687.69,0,1,986,454,961.5,Normal,Tuesday
05-03-2024,P119,Sports,346.5,295.37,10,0,0,293,347.66,Normal,Tuesday
06-03-2024,P100,Sports,556,412.66,0,3,1668,117,556.53,Normal,Wednesday
06-03-2024,P101,Sports,1084.5,846.6,10,0,0,330,1059.94,Sale,Wednesday
06-03-2024,P102,Electronics,1296,979.84,0,1,1296,28,1272.97,Normal,Wednesday
06-03-2024,P103,Fashion,226,175.08,0,9,2034,485,224.03,Sale,Wednesday
06-03-2024,P104,Home,1212,937.5,0,0,0,379,1220.96,Holiday,Wednesday
06-03-2024,P105,Electronics,1369,975.45,0,4,5476,222,1314.86,Normal,Wednesday
06-03-2024,P106,Electronics,554.8,387.86,5,0,0,412,561.63,Normal,Wednesday
06-03-2024,P107,Fashion,1442,1052.52,0,0,0,449,1424.44,Sale,Wednesday
06-03-2024,P108,Sports,755.65,554.36,15,6,4533.9,313,724.74,Normal,Wednesday
06-03-2024,P109,Electronics,668.7,539.42,10,4,2674.8,155,655.11,Normal,Wednesday
06-03-2024,P110,Home,245,188.95,0,8,1960,447,237.25,Holiday,Wednesday
06-03-2024,P111,Fashion,909.9,621.77,10,6,5459.4,250,937.44,Normal,Wednesday
06-03-2024,P112,Electronics,807.3,583.77,10,1,807.3,239,823.46,Normal,Wednesday
06-03-2024,P113,Fashion,697,550.47,0,0,0,51,684.82,Normal,Wednesday
06-03-2024,P114,Fashion,720.1,501.24,5,1,720.1,38,748.25,Normal,Wednesday
06-03-2024,P115,Sports,1251,969.35,0,0,0,215,1210.07,Normal,Wednesday
06-03-2024,P116,Sports,1431,865.4,0,5,7155,361,1402.86,Normal,Wednesday
06-03-2024,P117,Sports,662,426.31,0,5,3310,367,653,Festival,Wednesday
06-03-2024,P118,Home,1392,1048.07,0,1,1392,20,1380.8,Normal,Wednesday
06-03-2024,P119,Electronics,1334,1049.74,0,3,4002,45,1339.18,Festival,Wednesday
07-03-2024,P100,Fashion,684.95,537.9,5,2,1369.9,46,699.48,Normal,Thursday
07-03-2024,P101,Home,395.1,285.91,10,0,0,218,378.25,Normal,Thursday
07-03-2024,P102,Home,1110.95,932.54,15,0,0,78,1121.81,Normal,Thursday
07-03-2024,P103,Electronics,455,363.26,0,1,455,366,438.09,Normal,Thursday
07-03-2024,P104,Electronics,1023,811.82,0,0,0,236,1046.26,Normal,Thursday
07-03-2024,P105,Home,536.75,399.8,5,0,0,450,516.15,Normal,Thursday
07-03-2024,P106,Fashion,377,293.9,0,3,1131,300,371.46,Normal,Thursday
07-03-2024,P107,Electronics,735.3,573.37,10,0,0,309,749.55,Normal,Thursday
07-03-2024,P108,Electronics,488,354.68,0,2,976,399,505.2,Normal,Thursday
07-03-2024,P109,Sports,763,492.1,0,3,2289,359,737.47,Normal,Thursday
07-03-2024,P110,Sports,932,681.57,0,4,3728,387,962.93,Normal,Thursday
07-03-2024,P111,Fashion,1467,1071.3,0,0,0,456,1488.5,Normal,Thursday
07-03-2024,P112,Electronics,1271.6,953.26,15,3,3814.8,211,1332.23,Normal,Thursday
07-03-2024,P113,Electronics,300.05,227.67,15,6,1800.3,408,299.92,Normal,Thursday
07-03-2024,P114,Fashion,887,533.23,0,0,0,352,909.08,Normal,Thursday
07-03-2024,P115,Electronics,625.1,442.27,5,0,0,92,633.39,Normal,Thursday
07-03-2024,P116,Fashion,356,269.61,0,1,356,222,367.37,Festival,Thursday
07-03-2024,P117,Sports,544.5,405.5,10,3,1633.5,157,520.91,Normal,Thursday
07-03-2024,P118,Home,1319.4,988.79,10,0,0,152,1332.06,Normal,Thursday
07-03-2024,P119,Home,914,664.56,0,0,0,211,934.31,Normal,Thursday
08-03-2024,P100,Fashion,506,400.21,0,4,2024,377,515.99,Normal,Friday
08-03-2024,P101,Electronics,1411.7,1156.09,5,1,1411.7,437,1408.21,Normal,Friday
08-03-2024,P102,Electronics,1445,895.08,0,0,0,261,1470.58,Holiday,Friday
08-03-2024,P103,Electronics,943,650.54,0,1,943,393,905.72,Normal,Friday
08-03-2024,P104,Sports,873,604.17,0,0,0,221,888.1,Normal,Friday
08-03-2024,P105,Fashion,1216.35,1144.61,15,1,1216.35,88,1246.07,Normal,Friday
08-03-2024,P106,Sports,1165,923.14,0,3,3495,455,1157.53,Normal,Friday
08-03-2024,P107,Sports,265,197.78,0,5,1325,117,256.39,Sale,Friday
08-03-2024,P108,Sports,947,597.16,0,2,1894,294,920.1,Holiday,Friday
08-03-2024,P109,Sports,459,331.28,0,6,2754,379,457.8,Holiday,Friday
08-03-2024,P110,Home,1269.9,903.73,10,1,1269.9,447,1315.5,Normal,Friday
08-03-2024,P111,Home,869,639.33,0,0,0,167,867.35,Normal,Friday
08-03-2024,P112,Fashion,266.4,211.76,10,4,1065.6,74,276.09,Normal,Friday
08-03-2024,P113,Fashion,946.8,755.64,10,1,946.8,64,944.98,Festival,Friday
08-03-2024,P114,Home,798,529.87,0,2,1596,325,812.38,Normal,Friday
08-03-2024,P115,Sports,247.35,176.5,15,2,494.7,216,257.88,Festival,Friday
08-03-2024,P116,Sports,373.35,260.56,5,4,1493.4,146,372.8,Holiday,Friday
08-03-2024,P117,Fashion,1048,827.2,0,0,0,115,1065.64,Normal,Friday
08-03-2024,P118,Home,456.3,336.34,10,5,2281.5,156,445.02,Normal,Friday
08-03-2024,P119,Sports,1408.85,928.57,5,0,0,345,1374.15,Festival,Friday
09-03-2024,P100,Electronics,883.8,683.52,10,4,3535.2,390,871.38,Festival,Saturday
09-03-2024,P101,Sports,689,483.12,0,7,4823,29,692.09,Festival,Saturday
09-03-2024,P102,Home,1300.55,919.14,5,0,0,197,1323.41,Normal,Saturday
09-03-2024,P103,Electronics,190.8,167.61,10,7,1335.6,391,182.06,Normal,Saturday
09-03-2024,P104,Electronics,1353,1039.77,0,2,2706,154,1297.99,Normal,Saturday
09-03-2024,P105,Sports,711,501.95,0,3,2133,189,744.31,Festival,Saturday
09-03-2024,P106,Sports,273.6,204.8,10,5,1368,340,261.02,Sale,Saturday
09-03-2024,P107,Sports,1361.35,897.67,5,2,2722.7,426,1354.45,Normal,Saturday
09-03-2024,P108,Electronics,550,357.68,0,1,550,290,562.14,Normal,Saturday
09-03-2024,P109,Fashion,418,296.95,0,1,418,469,437.48,Normal,Saturday
09-03-2024,P110,Sports,489,333.32,0,2,978,494,470.97,Normal,Saturday
09-03-2024,P111,Electronics,1133.1,873.81,10,0,0,42,1088.37,Festival,Saturday
09-03-2024,P112,Electronics,1476,1024.52,0,2,2952,491,1481.41,Festival,Saturday
09-03-2024,P113,Fashion,1207.8,902.41,10,0,0,86,1159.98,Festival,Saturday
09-03-2024,P114,Fashion,1090,699.67,0,2,2180,460,1082.76,Normal,Saturday
09-03-2024,P115,Electronics,348,223.05,0,3,1044,40,352.67,Sale,Saturday
09-03-2024,P116,Electronics,1169.1,895.78,10,1,1169.1,75,1201.33,Festival,Saturday
09-03-2024,P117,Electronics,434.15,297.6,5,4,1736.6,106,428.27,Sale,Saturday
09-03-2024,P118,Electronics,229,172.73,0,4,916,53,232.91,Normal,Saturday
09-03-2024,P119,Sports,498,335.44,0,3,1494,226,514.54,Normal,Saturday
10-03-2024,P100,Fashion,907,666.12,0,3,2721,191,891.1,Normal,Sunday
10-03-2024,P101,Electronics,1274,888.19,0,0,0,363,1317.74,Normal,Sunday
10-03-2024,P102,Fashion,1457,1047.03,0,1,1457,163,1424.95,Festival,Sunday
10-03-2024,P103,Electronics,445,301.05,0,3,1335,451,433.32,Festival,Sunday
10-03-2024,P104,Electronics,645,406.8,0,3,1935,404,652.85,Normal,Sunday
10-03-2024,P105,Sports,841.7,622.4,5,3,2525.1,20,868.59,Sale,Sunday
10-03-2024,P106,Home,802,522.27,0,0,0,329,835,Normal,Sunday
10-03-2024,P107,Home,564,366.46,0,2,1128,443,573.47,Holiday,Sunday
10-03-2024,P108,Electronics,505,313.3,0,4,2020,74,514.93,Normal,Sunday
10-03-2024,P109,Electronics,615.6,403.13,5,1,615.6,258,596.32,Normal,Sunday
10-03-2024,P110,Fashion,647.9,411.84,5,2,1295.8,230,653.62,Festival,Sunday
10-03-2024,P111,Home,232.75,188.76,5,3,698.25,264,237.82,Normal,Sunday
10-03-2024,P112,Home,357,254.91,0,4,1428,411,368.75,Normal,Sunday
10-03-2024,P113,Home,1012.5,838.52,10,0,0,97,1030.14,Festival,Sunday
10-03-2024,P114,Home,394.2,329.3,10,3,1182.6,266,400.68,Normal,Sunday
10-03-2024,P115,Home,718,540.13,0,0,0,295,699.71,Sale,Sunday
10-03-2024,P116,Sports,335.35,215.57,5,5,1676.75,71,320.17,Festival,Sunday
10-03-2024,P117,Home,1049,638.28,0,0,0,388,1044.6,Normal,Sunday
10-03-2024,P118,Fashion,1355,844.54,0,0,0,262,1385.43,Normal,Sunday
10-03-2024,P119,Sports,719,504.58,0,2,1438,123,751.47,Sale,Sunday
11-03-2024,P100,Sports,984.3,777.29,15,0,0,261,994.43,Normal,Monday
11-03-2024,P101,Electronics,1170.9,798.38,10,1,1170.9,131,1143.02,Sale,Monday
11-03-2024,P102,Electronics,867,618.31,0,2,1734,370,839.1,Festival,Monday
11-03-2024,P103,Sports,211,160.39,0,6,1266,287,202.89,Normal,Monday
11-03-2024,P104,Fashion,876,594.41,0,2,1752,198,856.19,Festival,Monday
11-03-2024,P105,Home,822,545.82,0,0,0,151,810.56,Sale,Monday
11-03-2024,P106,Home,201.45,162.09,15,4,805.8,45,198.42,Normal,Monday
11-03-2024,P107,Sports,600.3,460.25,10,0,0,135,598.32,Sale,Monday
11-03-2024,P108,Home,472,319.13,0,1,472,20,482.61,Normal,Monday
11-03-2024,P109,Sports,294,234.65,0,4,1176,234,297.94,Sale,Monday
11-03-2024,P110,Sports,580,411.28,0,2,1160,37,577.25,Sale,Monday
11-03-2024,P111,Home,407.7,352.43,10,4,1630.8,429,399.42,Normal,Monday
11-03-2024,P112,Electronics,392,267.81,0,4,1568,382,408.68,Normal,Monday
11-03-2024,P113,Electronics,507,374.65,0,0,0,208,511.79,Festival,Monday
11-03-2024,P114,Electronics,787.1,579.79,15,1,787.1,467,797.71,Normal,Monday
11-03-2024,P115,Home,1028.5,798.44,15,2,2057,363,1042.19,Sale,Monday
11-03-2024,P116,Electronics,863.1,578.8,10,5,4315.5,51,834.99,Normal,Monday
11-03-2024,P117,Sports,445.55,325.47,5,0,0,186,429.63,Normal,Monday
11-03-2024,P118,Electronics,1379,1012.76,0,3,4137,330,1328.45,Festival,Monday
11-03-2024,P119,Sports,1402.2,1128.49,5,0,0,267,1363.36,Festival,Monday
12-03-2024,P100,Fashion,1174.2,946.5,5,1,1174.2,257,1161.18,Normal,Tuesday
12-03-2024,P101,Home,421,316.69,0,5,2105,170,439.54,Holiday,Tuesday
12-03-2024,P102,Home,1156.85,911.23,15,2,2313.7,421,1155.66,Normal,Tuesday
12-03-2024,P103,Sports,811.3,570.63,5,1,811.3,193,838.93,Holiday,Tuesday
12-03-2024,P104,Home,454.1,290.82,5,1,454.1,432,470.21,Festival,Tuesday
12-03-2024,P105,Home,589,477.97,5,1,589,50,560.6,Normal,Tuesday
12-03-2024,P106,Fashion,580.5,401.26,10,1,580.5,324,583.72,Normal,Tuesday
12-03-2024,P107,Electronics,935,602.96,0,0,0,442,948.59,Normal,Tuesday
12-03-2024,P108,Fashion,1003,622.25,0,1,1003,391,999.21,Normal,Tuesday
12-03-2024,P109,Electronics,1193.4,843.41,10,2,2386.8,289,1230.66,Sale,Tuesday
12-03-2024,P110,Electronics,377,251.66,0,2,754,168,370.1,Normal,Tuesday
12-03-2024,P111,Sports,498,325.03,0,5,2490,290,497.77,Sale,Tuesday
12-03-2024,P112,Home,910,677.81,0,1,910,433,867.85,Normal,Tuesday
12-03-2024,P113,Fashion,1130,702.63,0,2,2260,370,1174.58,Festival,Tuesday
12-03-2024,P114,Home,1147.5,850.45,10,0,0,443,1150.43,Normal,Tuesday
12-03-2024,P115,Sports,857.85,685.74,5,0,0,162,826.17,Normal,Tuesday
12-03-2024,P116,Home,1071,710.78,0,2,2142,174,1092.77,Festival,Tuesday
12-03-2024,P117,Fashion,1196,908.71,0,1,1196,442,1162.21,Normal,Tuesday
12-03-2024,P118,Fashion,1131.45,747.86,5,0,0,439,1105.89,Sale,Tuesday
12-03-2024,P119,Fashion,487,337.4,0,7,3409,155,491.08,Holiday,Tuesday
13-03-2024,P100,Home,909,603.51,0,1,909,313,919.34,Sale,Wednesday
13-03-2024,P101,Sports,1266.3,1093.39,10,0,0,122,1206.05,Normal,Wednesday
13-03-2024,P102,Sports,313,238.81,0,3,939,98,315.52,Holiday,Wednesday
13-03-2024,P103,Electronics,1340.1,1029.17,10,0,0,178,1324.11,Holiday,Wednesday
13-03-2024,P104,Electronics,550.05,388.55,5,2,1100.1,326,568.37,Normal,Wednesday
13-03-2024,P105,Electronics,344,233.7,0,5,1720,206,332.73,Festival,Wednesday
13-03-2024,P106,Electronics,1161,902.56,0,1,1161,40,1189.86,Holiday,Wednesday
13-03-2024,P107,Home,901,658.36,0,1,901,351,907.37,Sale,Wednesday
13-03-2024,P108,Home,1064.2,867.45,15,1,1064.2,369,1106.92,Normal,Wednesday
13-03-2024,P109,Home,901.85,771.57,15,1,901.85,426,946.65,Normal,Wednesday
13-03-2024,P110,Home,1379,1017.58,0,4,5516,116,1338.48,Festival,Wednesday
13-03-2024,P111,Sports,1412,1062.05,0,0,0,200,1344.05,Normal,Wednesday
13-03-2024,P112,Home,674,421.53,0,2,1348,487,688.16,Normal,Wednesday
13-03-2024,P113,Electronics,1151,904.49,0,0,0,324,1181.91,Normal,Wednesday
13-03-2024,P114,Electronics,1391,880.41,0,0,0,323,1327.4,Sale,Wednesday
13-03-2024,P115,Electronics,588.6,514.81,10,1,588.6,194,578.75,Holiday,Wednesday
13-03-2024,P116,Electronics,454.1,297.49,5,3,1362.3,378,442.69,Normal,Wednesday
13-03-2024,P117,Sports,562,338.14,0,2,1124,323,547.36,Normal,Wednesday
13-03-2024,P118,Fashion,974.7,767.97,10,3,2924.1,337,992.06,Normal,Wednesday
13-03-2024,P119,Electronics,1264.45,1030.22,5,2,2528.9,383,1255.58,Normal,Wednesday
14-03-2024,P100,Sports,1175.15,923.49,5,0,0,435,1169.23,Normal,Thursday
14-03-2024,P101,Electronics,603,491.41,10,0,0,48,607.7,Festival,Thursday
14-03-2024,P102,Sports,571,453.03,0,7,3997,191,585.64,Normal,Thursday
14-03-2024,P103,Electronics,299,184.93,0,6,1794,131,301.59,Sale,Thursday
14-03-2024,P104,Electronics,861.9,677.29,15,2,1723.8,186,833,Normal,Thursday
14-03-2024,P105,Home,646.2,521.85,10,3,1938.6,283,630.76,Festival,Thursday
14-03-2024,P106,Home,832,662.61,0,1,832,374,865.53,Holiday,Thursday
14-03-2024,P107,Home,519.3,450.33,10,3,1557.9,289,514.49,Normal,Thursday
14-03-2024,P108,Sports,1312,1026.14,0,3,3936,160,1352.55,Normal,Thursday
14-03-2024,P109,Electronics,728.1,598.9,10,2,1456.2,452,724.78,Normal,Thursday
14-03-2024,P110,Electronics,852.3,597.47,10,1,852.3,228,833.12,Normal,Thursday
14-03-2024,P111,Fashion,600.1,543.57,15,1,600.1,340,627.63,Normal,Thursday
14-03-2024,P112,Electronics,812.7,553.42,10,0,0,160,791.64,Normal,Thursday
14-03-2024,P113,Sports,940,692.06,0,2,1880,454,958.96,Holiday,Thursday
14-03-2024,P114,Home,1196,741.97,0,2,2392,94,1238.65,Normal,Thursday
14-03-2024,P115,Electronics,1069,690.78,0,0,0,497,1120.25,Festival,Thursday
14-03-2024,P116,Fashion,607.05,492.88,5,0,0,236,608.14,Normal,Thursday
14-03-2024,P117,Sports,289,197.45,0,0,0,489,288.55,Normal,Thursday
14-03-2024,P118,Electronics,700,525.19,0,3,2100,206,677.14,Normal,Thursday
14-03-2024,P119,Sports,1248.65,1080.73,15,1,1248.65,85,1250.02,Normal,Thursday
15-03-2024,P100,Home,1193.2,802.89,5,0,0,370,1187.59,Normal,Friday
15-03-2024,P101,Fashion,765.7,546.01,5,0,0,383,739.52,Normal,Friday
15-03-2024,P102,Sports,824.6,660.98,5,3,2473.8,242,795.85,Normal,Friday
15-03-2024,P103,Fashion,992.8,881.77,15,0,0,144,953.13,Sale,Friday
15-03-2024,P104,Fashion,1243.55,886.91,15,0,0,453,1304.03,Holiday,Friday
15-03-2024,P105,Electronics,598,368.96,0,2,1196,381,575.72,Sale,Friday
15-03-2024,P106,Home,788,624.07,0,0,0,293,818.41,Sale,Friday
15-03-2024,P107,Electronics,705,552.1,0,0,0,35,719.48,Sale,Friday
15-03-2024,P108,Home,299.7,203.83,10,4,1198.8,478,301.65,Festival,Friday
15-03-2024,P109,Sports,266,199.63,0,3,798,51,257.93,Normal,Friday
15-03-2024,P110,Home,405,301.84,0,0,0,278,400.79,Sale,Friday
15-03-2024,P111,Home,810.9,677.01,10,0,0,350,811.7,Normal,Friday
15-03-2024,P112,Home,877,627.04,0,0,0,92,851.42,Normal,Friday
15-03-2024,P113,Sports,1017.45,870.69,15,4,4069.8,361,973.52,Normal,Friday
15-03-2024,P114,Home,862,668.11,0,4,3448,348,866.13,Festival,Friday
15-03-2024,P115,Fashion,1030.5,733.15,10,5,5152.5,180,984.53,Normal,Friday
15-03-2024,P116,Fashion,244,159.72,0,4,976,394,235.14,Festival,Friday
15-03-2024,P117,Electronics,1259,767.94,0,0,0,421,1210.99,Holiday,Friday
15-03-2024,P118,Home,711,607.92,10,3,2133,360,696.57,Holiday,Friday
15-03-2024,P119,Fashion,910.8,677.11,10,1,910.8,321,903.93,Sale,Friday
16-03-2024,P100,Fashion,1057.4,894.43,15,0,0,118,1039.16,Normal,Saturday
16-03-2024,P101,Fashion,1245,814.86,0,1,1245,142,1196.89,Sale,Saturday
16-03-2024,P102,Sports,450,310.26,10,2,900,413,454.56,Normal,Saturday
16-03-2024,P103,Electronics,864.9,760.64,10,0,0,89,885.37,Normal,Saturday
16-03-2024,P104,Home,294.5,227.75,5,4,1178,226,288.45,Normal,Saturday
16-03-2024,P105,Fashion,1000,789.3,0,4,4000,183,1030.31,Festival,Saturday
16-03-2024,P106,Electronics,1467,1042.57,0,0,0,75,1447.2,Normal,Saturday
16-03-2024,P107,Sports,663.1,473.52,5,2,1326.2,402,683.63,Normal,Saturday
16-03-2024,P108,Home,922.5,704.66,10,5,4612.5,362,961.6,Festival,Saturday
16-03-2024,P109,Fashion,802.75,666.07,5,0,0,347,787.59,Sale,Saturday
16-03-2024,P110,Sports,756,556.34,0,3,2268,112,778.11,Festival,Saturday
16-03-2024,P111,Home,980.05,920.46,15,2,1960.1,80,993.28,Normal,Saturday
16-03-2024,P112,Fashion,712,505.51,0,1,712,473,688.43,Normal,Saturday
16-03-2024,P113,Sports,920,708.44,0,3,2760,134,895.12,Normal,Saturday
16-03-2024,P114,Electronics,304.2,268.28,10,1,304.2,36,316.31,Sale,Saturday
16-03-2024,P115,Electronics,1350,947.89,0,1,1350,390,1365.76,Holiday,Saturday
16-03-2024,P116,Electronics,980.4,779.4,5,0,0,451,1009.57,Normal,Saturday
16-03-2024,P117,Electronics,595,432.29,0,1,595,455,591.24,Normal,Saturday
16-03-2024,P118,Fashion,1057.35,843.94,5,0,0,45,1064.73,Normal,Saturday
16-03-2024,P119,Sports,256.5,194.48,5,6,1539,70,253.66,Normal,Saturday
17-03-2024,P100,Sports,1068.3,781.48,10,0,0,204,1096.5,Normal,Sunday
17-03-2024,P101,Electronics,1319,915.33,0,2,2638,292,1370.6,Normal,Sunday
17-03-2024,P102,Sports,619.4,514.33,5,1,619.4,398,609.77,Normal,Sunday
17-03-2024,P103,Sports,301.5,255.95,10,5,1507.5,145,312.27,Festival,Sunday
17-03-2024,P104,Home,232.05,164.25,15,3,696.15,498,230.47,Sale,Sunday
17-03-2024,P105,Sports,724.5,576.11,10,2,1449,240,735.7,Festival,Sunday
17-03-2024,P106,Fashion,1338,831.05,0,2,2676,442,1338.07,Normal,Sunday
17-03-2024,P107,Electronics,360,278.26,0,2,720,462,365.41,Sale,Sunday
17-03-2024,P108,Electronics,396.9,322.47,10,2,793.8,61,387.08,Holiday,Sunday
17-03-2024,P109,Fashion,1103,834.59,0,0,0,423,1075.65,Normal,Sunday
17-03-2024,P110,Home,425,325.6,0,0,0,238,415.72,Normal,Sunday
17-03-2024,P111,Sports,1216,912.23,0,0,0,372,1242.11,Festival,Sunday
17-03-2024,P112,Fashion,320,224.05,0,4,1280,68,318.6,Normal,Sunday
17-03-2024,P113,Electronics,1441,1141.48,0,2,2882,444,1475.28,Sale,Sunday
17-03-2024,P114,Home,652,461.03,0,0,0,54,667.89,Festival,Sunday
17-03-2024,P115,Home,906.3,682.41,5,2,1812.6,199,871.9,Festival,Sunday
17-03-2024,P116,Sports,1349,1071.66,0,1,1349,318,1295.19,Sale,Sunday
17-03-2024,P117,Electronics,292.6,242.44,5,8,2340.8,313,285.73,Sale,Sunday
17-03-2024,P118,Electronics,1156.15,939.23,5,0,0,40,1120.17,Sale,Sunday
17-03-2024,P119,Fashion,810.9,584.65,10,0,0,298,820.18,Normal,Sunday
18-03-2024,P100,Electronics,1066.5,847.67,10,0,0,459,1017.71,Normal,Monday
18-03-2024,P101,Sports,875,564.61,0,3,2625,150,868.43,Holiday,Monday
18-03-2024,P102,Home,1126,850.76,0,0,0,393,1097.27,Normal,Monday
18-03-2024,P103,Fashion,260,171.2,0,6,1560,151,264.72,Normal,Monday
18-03-2024,P104,Fashion,598,453.94,0,0,0,149,591.04,Normal,Monday
18-03-2024,P105,Home,1124.1,805.92,10,0,0,231,1158.32,Festival,Monday
18-03-2024,P106,Sports,766,600.03,0,2,1532,417,775.7,Sale,Monday
18-03-2024,P107,Fashion,1150,741.71,0,0,0,401,1121.31,Sale,Monday
18-03-2024,P108,Fashion,1075.4,714.9,5,1,1075.4,97,1106.89,Sale,Monday
18-03-2024,P109,Electronics,490.2,396.52,5,5,2451,498,485.5,Holiday,Monday
18-03-2024,P110,Home,549,365,0,0,0,472,539.71,Festival,Monday
18-03-2024,P111,Electronics,795.6,647.4,10,0,0,103,776.13,Sale,Monday
18-03-2024,P112,Fashion,1213,879.64,0,3,3639,288,1202.71,Festival,Monday
18-03-2024,P113,Sports,573.8,397.36,5,3,1721.4,73,580.29,Festival,Monday
18-03-2024,P114,Electronics,649.8,475.63,10,5,3249,106,642.16,Festival,Monday
18-03-2024,P115,Fashion,1164,908.06,0,0,0,462,1182.57,Sale,Monday
18-03-2024,P116,Home,487,350.1,0,3,1461,174,464.35,Normal,Monday
18-03-2024,P117,Fashion,1407.9,910.51,5,0,0,406,1433.86,Holiday,Monday
18-03-2024,P118,Sports,890,647.69,0,4,3560,101,883.39,Normal,Monday
18-03-2024,P119,Sports,232,152.07,0,0,0,375,231.32,Normal,Monday
19-03-2024,P100,Home,727.6,616.12,15,0,0,46,747.78,Normal,Tuesday
19-03-2024,P101,Fashion,1135,699.55,0,0,0,476,1095.92,Festival,Tuesday
19-03-2024,P102,Electronics,383,245.25,0,2,766,92,373.05,Normal,Tuesday
19-03-2024,P103,Fashion,1074,765.29,0,0,0,312,1030.57,Normal,Tuesday
19-03-2024,P104,Electronics,1295.1,981.94,10,0,0,277,1282.67,Normal,Tuesday
19-03-2024,P105,Electronics,1383,849.03,0,1,1383,327,1322.3,Normal,Tuesday
19-03-2024,P106,Home,273.6,173.25,5,8,2188.8,390,281.64,Festival,Tuesday
19-03-2024,P107,Fashion,1266,951.64,0,0,0,200,1215.74,Festival,Tuesday
19-03-2024,P108,Electronics,1014.6,825.2,5,3,3043.8,267,1037.04,Sale,Tuesday
19-03-2024,P109,Sports,598,406.34,0,0,0,87,599.27,Sale,Tuesday
19-03-2024,P110,Home,278.1,198.63,10,3,834.3,249,270.52,Normal,Tuesday
19-03-2024,P111,Electronics,923,625.83,0,0,0,35,944.5,Normal,Tuesday
19-03-2024,P112,Fashion,407.7,284.56,10,0,0,251,394.69,Normal,Tuesday
19-03-2024,P113,Home,401,275.62,0,1,401,270,417.68,Normal,Tuesday
19-03-2024,P114,Home,1040.25,669.8,5,4,4161,23,997.05,Normal,Tuesday
19-03-2024,P115,Fashion,889,572.74,0,1,889,43,863.94,Normal,Tuesday
19-03-2024,P116,Fashion,304,198.13,0,6,1824,104,295.88,Holiday,Tuesday
19-03-2024,P117,Electronics,1077,699.73,0,4,4308,473,1103.93,Normal,Tuesday
19-03-2024,P118,Electronics,739.8,629.56,10,1,739.8,247,756.58,Sale,Tuesday
19-03-2024,P119,Sports,919.6,609.98,5,1,919.6,328,912.23,Normal,Tuesday
20-03-2024,P100,Home,723,471.22,0,1,723,446,698.53,Festival,Wednesday
20-03-2024,P101,Home,627.3,445.86,10,0,0,232,634.46,Normal,Wednesday
20-03-2024,P102,Electronics,907,547.52,0,0,0,466,924.36,Holiday,Wednesday
20-03-2024,P103,Electronics,1341,1060.84,0,0,0,148,1401.67,Normal,Wednesday
20-03-2024,P104,Sports,1254,807.32,5,4,5016,203,1197.92,Normal,Wednesday
20-03-2024,P105,Electronics,313,194.1,0,3,939,214,313.23,Normal,Wednesday
20-03-2024,P106,Home,724.85,522.96,5,0,0,42,699.25,Normal,Wednesday
20-03-2024,P107,Sports,984.3,718.05,15,0,0,384,942.77,Normal,Wednesday
20-03-2024,P108,Home,1379,1080.82,0,1,1379,79,1336.57,Normal,Wednesday
20-03-2024,P109,Electronics,1096,691.32,0,3,3288,49,1100.12,Normal,Wednesday
20-03-2024,P110,Sports,312,220.12,0,4,1248,290,302.89,Normal,Wednesday
20-03-2024,P111,Electronics,1208.7,1067.03,10,1,1208.7,363,1165.15,Sale,Wednesday
20-03-2024,P112,Home,207,168.6,10,10,2070,116,214.91,Normal,Wednesday
20-03-2024,P113,Sports,1299,941.67,0,3,3897,347,1272.51,Sale,Wednesday
20-03-2024,P114,Sports,912,567.98,0,1,912,306,897.37,Sale,Wednesday
20-03-2024,P115,Fashion,510,378.94,0,0,0,263,506.19,Normal,Wednesday
20-03-2024,P116,Home,1032.3,690.72,10,2,2064.6,482,1008.71,Normal,Wednesday
20-03-2024,P117,Fashion,720.9,606.57,10,0,0,95,724.7,Normal,Wednesday
20-03-2024,P118,Electronics,926.1,667.6,10,0,0,126,914.61,Normal,Wednesday
20-03-2024,P119,Fashion,252,198.55,0,4,1008,166,248.43,Normal,Wednesday
21-03-2024,P100,Sports,1122.3,889.11,10,1,1122.3,175,1154.97,Normal,Thursday
21-03-2024,P101,Fashion,531.25,441.27,15,5,2656.25,479,542.16,Normal,Thursday
21-03-2024,P102,Home,899.65,626.92,5,0,0,96,874.09,Normal,Thursday
21-03-2024,P103,Home,1181.7,819.3,10,0,0,121,1189.94,Holiday,Thursday
21-03-2024,P104,Sports,1369,998.69,0,1,1369,210,1381.24,Festival,Thursday
21-03-2024,P105,Fashion,676,515.79,0,0,0,409,708.6,Normal,Thursday
21-03-2024,P106,Sports,280.5,217.36,15,5,1402.5,234,271.29,Normal,Thursday
21-03-2024,P107,Sports,1417,851.94,0,0,0,221,1349.64,Normal,Thursday
21-03-2024,P108,Fashion,253.3,233.67,15,9,2279.7,279,244.57,Holiday,Thursday
21-03-2024,P109,Home,1339,1020.85,0,3,4017,297,1303.74,Holiday,Thursday
21-03-2024,P110,Fashion,842.65,564.35,5,3,2527.95,23,854.22,Normal,Thursday
21-03-2024,P111,Home,242.25,194.61,15,4,969,349,244.24,Festival,Thursday
21-03-2024,P112,Sports,850,510.6,0,0,0,437,824.57,Normal,Thursday
21-03-2024,P113,Home,1292,827.52,5,0,0,327,1296.82,Festival,Thursday
21-03-2024,P114,Sports,243.1,202.68,15,4,972.4,251,239.87,Normal,Thursday
21-03-2024,P115,Fashion,277.95,230.1,15,0,0,398,275.37,Normal,Thursday
21-03-2024,P116,Home,563,368.72,0,2,1126,444,581.06,Normal,Thursday
21-03-2024,P117,Electronics,605.7,435.17,10,0,0,434,580.72,Holiday,Thursday
21-03-2024,P118,Electronics,1087,839.68,0,2,2174,247,1091.81,Normal,Thursday
21-03-2024,P119,Sports,823.5,584,10,0,0,353,855.01,Normal,Thursday
22-03-2024,P100,Home,763.8,604.3,5,0,0,353,746.57,Normal,Friday
22-03-2024,P101,Home,701.1,534.18,10,1,701.1,68,719.76,Festival,Friday
22-03-2024,P102,Home,691.05,635.61,15,1,691.05,340,668.5,Normal,Friday
22-03-2024,P103,Fashion,1492,1064.36,0,0,0,426,1515.1,Normal,Friday
22-03-2024,P104,Fashion,526.3,339.76,5,3,1578.9,250,505.51,Normal,Friday
22-03-2024,P105,Electronics,1403.15,997.46,5,0,0,88,1336.81,Festival,Friday
22-03-2024,P106,Fashion,1063.8,710.21,10,1,1063.8,122,1017.68,Normal,Friday
22-03-2024,P107,Sports,1093,767.4,0,1,1093,323,1079.03,Sale,Friday
22-03-2024,P108,Sports,371,222.74,0,6,2226,238,361.41,Normal,Friday
22-03-2024,P109,Home,922.5,726.57,10,3,2767.5,205,925.91,Normal,Friday
22-03-2024,P110,Electronics,1369,967.09,0,3,4107,171,1353.58,Sale,Friday
22-03-2024,P111,Home,1300,1029.89,0,0,0,92,1280.67,Normal,Friday
22-03-2024,P112,Electronics,716,551.2,0,0,0,57,747.16,Holiday,Friday
22-03-2024,P113,Home,883,674.88,0,0,0,34,866.8,Normal,Friday
22-03-2024,P114,Electronics,874,552.88,5,0,0,276,878.85,Normal,Friday
22-03-2024,P115,Home,766,598.15,0,1,766,412,744.29,Normal,Friday
22-03-2024,P116,Fashion,441,305.4,0,2,882,405,448.28,Sale,Friday
22-03-2024,P117,Fashion,1105,664.3,0,0,0,203,1080.43,Festival,Friday
22-03-2024,P118,Home,1357,977.91,0,2,2714,494,1387.73,Festival,Friday
22-03-2024,P119,Fashion,787,623.66,0,0,0,65,755.55,Normal,Friday
23-03-2024,P100,Electronics,1278.7,925.04,5,0,0,265,1230.25,Normal,Saturday
23-03-2024,P101,Home,281,180.48,0,2,562,249,269.61,Holiday,Saturday
23-03-2024,P102,Electronics,463,316.17,0,1,463,471,448.38,Normal,Saturday
23-03-2024,P103,Electronics,258.3,196.23,10,3,774.9,325,269.47,Festival,Saturday
23-03-2024,P104,Electronics,1218,816.76,0,0,0,167,1211.58,Normal,Saturday
23-03-2024,P105,Home,858.8,584.78,5,3,2576.4,403,825.67,Festival,Saturday
23-03-2024,P106,Electronics,972,729.96,10,3,2916,29,953.84,Normal,Saturday
23-03-2024,P107,Home,793.05,732.83,15,2,1586.1,272,794.06,Festival,Saturday
23-03-2024,P108,Electronics,1288,901.62,0,0,0,266,1249.06,Normal,Saturday
23-03-2024,P109,Home,1312,1030.63,0,2,2624,441,1289.58,Normal,Saturday
23-03-2024,P110,Fashion,1071,848.43,0,2,2142,125,1050.78,Sale,Saturday
23-03-2024,P111,Electronics,1008,683.98,0,1,1008,249,1041.55,Normal,Saturday
23-03-2024,P112,Sports,394,280.13,0,4,1576,375,382.09,Normal,Saturday
23-03-2024,P113,Sports,982,731.52,0,0,0,75,1030.84,Normal,Saturday
23-03-2024,P114,Fashion,739,572.45,0,1,739,43,768.25,Normal,Saturday
23-03-2024,P115,Electronics,677.35,430.3,5,4,2709.4,34,674.5,Sale,Saturday
23-03-2024,P116,Fashion,249.85,185.67,5,1,249.85,270,239.34,Normal,Saturday
23-03-2024,P117,Home,1468,1096.21,0,1,1468,467,1453.98,Sale,Saturday
23-03-2024,P118,Home,592,420.17,0,4,2368,413,565.11,Normal,Saturday
23-03-2024,P119,Electronics,426.55,320.18,5,4,1706.2,57,437.97,Normal,Saturday
24-03-2024,P100,Electronics,901.55,718.91,5,2,1803.1,312,875.01,Normal,Sunday
24-03-2024,P101,Sports,232.2,199.68,10,3,696.6,405,228.64,Normal,Sunday
24-03-2024,P102,Fashion,1115.3,772.73,5,2,2230.6,372,1103.18,Normal,Sunday
24-03-2024,P103,Electronics,782.85,690.33,15,0,0,51,802.81,Sale,Sunday
24-03-2024,P104,Fashion,342,262.07,0,1,342,47,351.73,Normal,Sunday
24-03-2024,P105,Fashion,871,614.19,0,1,871,54,879.26,Normal,Sunday
24-03-2024,P106,Fashion,330.6,254.58,5,0,0,163,331.59,Normal,Sunday
24-03-2024,P107,Home,1376,917.47,0,4,5504,172,1310.88,Sale,Sunday
24-03-2024,P108,Fashion,1290,978.71,0,0,0,345,1352.25,Normal,Sunday
24-03-2024,P109,Fashion,602,389.77,0,3,1806,248,623.44,Festival,Sunday
24-03-2024,P110,Home,592,359.2,0,2,1184,40,608.86,Holiday,Sunday
24-03-2024,P111,Home,496.85,381.47,5,0,0,273,505.14,Sale,Sunday
24-03-2024,P112,Sports,211.5,185.45,10,4,846,241,216.38,Normal,Sunday
24-03-2024,P113,Home,1190.7,826.15,10,1,1190.7,38,1138.27,Normal,Sunday
24-03-2024,P114,Sports,1312,890.5,0,0,0,408,1306.84,Sale,Sunday
24-03-2024,P115,Fashion,1344,878.44,0,0,0,204,1401.04,Normal,Sunday
24-03-2024,P116,Electronics,1143.9,903.16,10,1,1143.9,75,1098.32,Normal,Sunday
24-03-2024,P117,Home,1076.4,762.79,10,1,1076.4,395,1032.36,Normal,Sunday
24-03-2024,P118,Fashion,1053,698.38,0,1,1053,420,1086.07,Normal,Sunday
24-03-2024,P119,Home,899,679.77,0,2,1798,271,897.37,Normal,Sunday
25-03-2024,P100,Electronics,738.9,526.14,10,3,2216.7,340,723.78,Normal,Monday
25-03-2024,P101,Electronics,1060,675.58,0,4,4240,356,1057.08,Normal,Monday
25-03-2024,P102,Electronics,486,347.92,0,0,0,462,476.73,Normal,Monday
25-03-2024,P103,Sports,452,338.7,0,1,452,335,448.6,Normal,Monday
25-03-2024,P104,Electronics,305.9,248.17,5,5,1529.5,154,317.33,Normal,Monday
25-03-2024,P105,Sports,708,531.26,0,4,2832,152,715.99,Festival,Monday
25-03-2024,P106,Fashion,1015,709.03,0,5,5075,465,983.05,Festival,Monday
25-03-2024,P107,Sports,759,492.09,0,1,759,92,763.55,Normal,Monday
25-03-2024,P108,Sports,868,587.06,0,0,0,26,898.63,Normal,Monday
25-03-2024,P109,Home,681,443.25,0,5,3405,72,697.66,Normal,Monday
25-03-2024,P110,Home,1056.4,844.72,5,1,1056.4,175,1017.16,Sale,Monday
25-03-2024,P111,Sports,444.6,347.01,10,1,444.6,395,430.34,Normal,Monday
25-03-2024,P112,Sports,1377,1063.91,0,0,0,66,1358.21,Normal,Monday
25-03-2024,P113,Home,768.6,673.98,10,0,0,62,787.17,Normal,Monday
25-03-2024,P114,Fashion,562.7,429.89,15,0,0,291,579.39,Normal,Monday
25-03-2024,P115,Home,812.7,642.37,10,0,0,485,797.61,Normal,Monday
25-03-2024,P116,Electronics,425,321.99,15,0,0,434,444.3,Normal,Monday
25-03-2024,P117,Electronics,772,549.43,0,2,1544,189,749.33,Normal,Monday
25-03-2024,P118,Home,595.8,418.87,10,2,1191.6,336,582.23,Normal,Monday
25-03-2024,P119,Fashion,564.3,461.27,10,3,1692.9,485,548.1,Normal,Monday
26-03-2024,P100,Fashion,1480,982.19,0,0,0,207,1547.32,Sale,Tuesday
26-03-2024,P101,Home,688,432.28,0,1,688,50,673.01,Normal,Tuesday
26-03-2024,P102,Electronics,317.3,226.37,5,4,1269.2,278,329.79,Sale,Tuesday
26-03-2024,P103,Sports,1363.25,1087.92,5,1,1363.25,253,1430.8,Normal,Tuesday
26-03-2024,P104,Fashion,567.9,432.56,10,1,567.9,430,584.08,Festival,Tuesday
26-03-2024,P105,Sports,691.2,577.87,10,0,0,133,715.54,Normal,Tuesday
26-03-2024,P106,Fashion,584.1,466.61,10,1,584.1,274,555.41,Normal,Tuesday
26-03-2024,P107,Electronics,655,512.01,0,0,0,124,650.03,Normal,Tuesday
26-03-2024,P108,Sports,721.65,540.44,15,4,2886.6,439,746.36,Normal,Tuesday
26-03-2024,P109,Sports,649,453.06,0,0,0,458,618.8,Normal,Tuesday
26-03-2024,P110,Home,880,702.75,0,0,0,387,890.96,Normal,Tuesday
26-03-2024,P111,Home,1095,838.99,0,0,0,454,1055.08,Normal,Tuesday
26-03-2024,P112,Home,502.55,360.94,5,0,0,423,485.48,Normal,Tuesday
26-03-2024,P113,Home,1299.6,954.72,10,1,1299.6,416,1328.68,Normal,Tuesday
26-03-2024,P114,Home,1215.9,934.91,10,0,0,148,1192.71,Festival,Tuesday
26-03-2024,P115,Home,804.1,694.79,15,0,0,63,802.94,Normal,Tuesday
26-03-2024,P116,Sports,204,151.43,0,6,1224,284,203.1,Normal,Tuesday
26-03-2024,P117,Home,212.8,176.11,5,5,1064,234,216.98,Normal,Tuesday
26-03-2024,P118,Fashion,595.65,388.45,5,0,0,240,608.78,Normal,Tuesday
26-03-2024,P119,Fashion,1149,734.93,0,2,2298,88,1104.02,Sale,Tuesday
27-03-2024,P100,Electronics,412,324.17,0,0,0,437,395.67,Normal,Wednesday
27-03-2024,P101,Sports,667.8,450.54,10,2,1335.6,141,673.91,Festival,Wednesday
27-03-2024,P102,Fashion,904.5,665.27,10,0,0,339,889.75,Sale,Wednesday
27-03-2024,P103,Electronics,1420,1062.97,0,0,0,69,1485.17,Normal,Wednesday
27-03-2024,P104,Home,1018,628.46,0,4,4072,219,1039.91,Festival,Wednesday
27-03-2024,P105,Fashion,789.45,544.04,5,0,0,123,823.67,Normal,Wednesday
27-03-2024,P106,Fashion,538.2,470.11,10,3,1614.6,239,539.3,Sale,Wednesday
27-03-2024,P107,Home,1064.95,761.13,5,2,2129.9,97,1015.98,Normal,Wednesday
27-03-2024,P108,Sports,924,602.17,0,2,1848,492,966.5,Festival,Wednesday
27-03-2024,P109,Electronics,1482,898.36,0,0,0,402,1447.55,Normal,Wednesday
27-03-2024,P110,Fashion,177.65,137.4,15,11,1954.15,214,177.7,Festival,Wednesday
27-03-2024,P111,Electronics,1163.65,1048.95,15,0,0,185,1135.06,Normal,Wednesday
27-03-2024,P112,Home,782,618.13,0,2,1564,121,796.92,Normal,Wednesday
27-03-2024,P113,Electronics,478,302.48,0,0,0,253,483.05,Normal,Wednesday
27-03-2024,P114,Fashion,977.55,667.78,5,1,977.55,463,1003.78,Sale,Wednesday
27-03-2024,P115,Fashion,205.2,161.97,10,3,615.6,470,211.4,Normal,Wednesday
27-03-2024,P116,Sports,697.3,539.11,5,3,2091.9,267,680.94,Festival,Wednesday
27-03-2024,P117,Home,325,237.69,0,3,975,397,336.08,Holiday,Wednesday
27-03-2024,P118,Sports,531,443.14,10,0,0,380,555.65,Normal,Wednesday
27-03-2024,P119,Home,329,237.36,0,3,987,455,339.05,Normal,Wednesday
28-03-2024,P100,Home,857,610.7,0,3,2571,450,882.76,Holiday,Thursday
28-03-2024,P101,Electronics,779,484.41,0,0,0,107,743.27,Normal,Thursday
28-03-2024,P102,Sports,1267.35,1103.92,15,0,0,405,1259.11,Festival,Thursday
28-03-2024,P103,Home,589,355.25,0,0,0,166,597.33,Normal,Thursday
28-03-2024,P104,Sports,1303.4,874.49,5,0,0,358,1275.05,Festival,Thursday
28-03-2024,P105,Electronics,583.3,413.99,5,1,583.3,42,574.91,Holiday,Thursday
28-03-2024,P106,Electronics,1432,921.14,0,4,5728,297,1468.66,Normal,Thursday
28-03-2024,P107,Fashion,535,337.21,0,2,1070,153,516.42,Festival,Thursday
28-03-2024,P108,Electronics,592.8,438.21,5,1,592.8,456,602.28,Holiday,Thursday
28-03-2024,P109,Home,989.1,729.76,10,0,0,373,1021.98,Sale,Thursday
28-03-2024,P110,Home,513.9,353.17,10,1,513.9,100,491.78,Normal,Thursday
28-03-2024,P111,Electronics,543.15,388.49,15,1,543.15,59,548.7,Sale,Thursday
28-03-2024,P112,Fashion,814,558.95,0,1,814,384,852.22,Sale,Thursday
28-03-2024,P113,Sports,1394,1033.9,0,0,0,375,1414.19,Sale,Thursday
28-03-2024,P114,Electronics,719.1,554.22,10,0,0,170,738.28,Normal,Thursday
28-03-2024,P115,Home,836,618.95,0,0,0,431,874.22,Normal,Thursday
28-03-2024,P116,Fashion,1334,832.18,0,3,4002,44,1288.18,Sale,Thursday
28-03-2024,P117,Home,1247.4,1010.42,10,0,0,53,1259.72,Normal,Thursday
28-03-2024,P118,Fashion,1116,826.93,0,1,1116,258,1160.05,Sale,Thursday
28-03-2024,P119,Fashion,501.5,378.65,15,1,501.5,348,520.67,Sale,Thursday
29-03-2024,P100,Fashion,788,591.51,0,2,1576,269,827.05,Sale,Friday
29-03-2024,P101,Home,1021.5,746.6,10,1,1021.5,395,998.78,Normal,Friday
29-03-2024,P102,Home,395.1,304.97,10,1,395.1,362,404.17,Normal,Friday
29-03-2024,P103,Fashion,1209.6,910.12,10,0,0,20,1248.46,Normal,Friday
29-03-2024,P104,Home,970.2,752.23,10,1,970.2,471,976.89,Holiday,Friday
29-03-2024,P105,Fashion,799,565.35,0,0,0,156,837.19,Normal,Friday
29-03-2024,P106,Fashion,886,570.1,0,4,3544,387,910.83,Sale,Friday
29-03-2024,P107,Home,314,229.21,0,4,1256,288,303.99,Festival,Friday
29-03-2024,P108,Sports,1021,654.35,0,2,2042,92,993.08,Festival,Friday
29-03-2024,P109,Sports,811,602.4,0,3,2433,135,801.1,Normal,Friday
29-03-2024,P110,Sports,1445,1123.32,0,3,4335,201,1426.44,Normal,Friday
29-03-2024,P111,Home,748.8,647.01,10,3,2246.4,57,770.17,Holiday,Friday
29-03-2024,P112,Fashion,542.7,480.3,10,0,0,247,554.09,Normal,Friday
29-03-2024,P113,Sports,855,535.08,0,0,0,318,835.48,Normal,Friday
29-03-2024,P114,Home,454.5,336.21,10,4,1818,466,470.1,Sale,Friday
29-03-2024,P115,Home,633.6,458.72,10,2,1267.2,456,651.04,Sale,Friday
29-03-2024,P116,Sports,290.7,230.14,5,2,581.4,51,303.03,Normal,Friday
29-03-2024,P117,Fashion,235.6,181.58,5,0,0,317,228.69,Sale,Friday
29-03-2024,P118,Home,400,291.61,0,3,1200,326,392.16,Sale,Friday
29-03-2024,P119,Home,1412,857.97,0,0,0,153,1350.31,Normal,Friday
30-03-2024,P100,Home,409,255.38,0,0,0,82,416.36,Normal,Saturday
30-03-2024,P101,Sports,1274,903.22,0,2,2548,262,1315.75,Normal,Saturday
30-03-2024,P102,Fashion,726,533.17,0,0,0,80,717.33,Normal,Saturday
30-03-2024,P103,Sports,823,549.51,0,1,823,225,810.45,Holiday,Saturday
30-03-2024,P104,Sports,875.9,634.72,5,0,0,454,861.91,Normal,Saturday
30-03-2024,P105,Electronics,522,406.54,0,3,1566,449,524.31,Normal,Saturday
30-03-2024,P106,Electronics,226,179.5,0,5,1130,85,223.1,Festival,Saturday
30-03-2024,P107,Fashion,1213.2,1076.52,10,0,0,176,1255.89,Holiday,Saturday
30-03-2024,P108,Fashion,997.05,912.38,15,0,0,473,955.84,Normal,Saturday
30-03-2024,P109,Electronics,1159,825.33,0,0,0,42,1106.64,Normal,Saturday
30-03-2024,P110,Electronics,1320,819.8,0,1,1320,207,1278.66,Festival,Saturday
30-03-2024,P111,Electronics,1184,891.81,0,0,0,163,1165.77,Sale,Saturday
30-03-2024,P112,Electronics,998,609.79,0,1,998,212,1016.92,Sale,Saturday
30-03-2024,P113,Electronics,888,667.27,0,2,1776,213,864.13,Sale,Saturday
30-03-2024,P114,Home,744.3,498.28,10,0,0,63,730.1,Normal,Saturday
30-03-2024,P115,Electronics,1315,1006.33,0,0,0,410,1318.12,Normal,Saturday
30-03-2024,P116,Sports,281.2,215.38,5,6,1687.2,403,273.59,Sale,Saturday
30-03-2024,P117,Fashion,1477,970.36,0,0,0,120,1455.38,Festival,Saturday
30-03-2024,P118,Sports,842.35,706.61,15,1,842.35,284,881.8,Sale,Saturday
30-03-2024,P119,Sports,1182,865.1,0,0,0,253,1208.18,Sale,Saturday
31-03-2024,P100,Sports,421,268.35,0,3,1263,379,428.57,Normal,Sunday
31-03-2024,P101,Electronics,675,463.48,0,1,675,416,652.6,Normal,Sunday
31-03-2024,P102,Fashion,287.3,246.08,15,2,574.6,198,298.19,Holiday,Sunday
31-03-2024,P103,Sports,765,679.11,10,2,1530,118,769.26,Festival,Sunday
31-03-2024,P104,Home,1116,762.32,0,2,2232,244,1071.63,Normal,Sunday
31-03-2024,P105,Sports,918.65,730.84,5,0,0,267,919.93,Normal,Sunday
31-03-2024,P106,Home,1321,1013.91,0,0,0,430,1301.34,Holiday,Sunday
31-03-2024,P107,Home,259,190.59,0,4,1036,277,257.54,Normal,Sunday
31-03-2024,P108,Electronics,495,361.67,0,0,0,226,479.76,Normal,Sunday
31-03-2024,P109,Home,736.2,530.91,10,2,1472.4,210,700.69,Sale,Sunday
31-03-2024,P110,Fashion,399,296.57,0,0,0,305,404.61,Normal,Sunday
31-03-2024,P111,Home,564.3,435.86,10,3,1692.9,487,574.35,Normal,Sunday
31-03-2024,P112,Sports,520,414.61,0,5,2600,253,519.48,Normal,Sunday
31-03-2024,P113,Home,468.9,364.55,10,3,1406.7,468,450.55,Normal,Sunday
31-03-2024,P114,Electronics,461.7,364.74,10,0,0,234,444.01,Normal,Sunday
31-03-2024,P115,Fashion,917,581.03,0,2,1834,430,940.96,Sale,Sunday
31-03-2024,P116,Fashion,887.4,668.93,10,0,0,152,914.63,Normal,Sunday
31-03-2024,P117,Sports,912.95,686.71,5,0,0,113,901.05,Holiday,Sunday
31-03-2024,P118,Fashion,1317.6,995.27,10,1,1317.6,126,1379.06,Normal,Sunday
31-03-2024,P119,Fashion,536,417.49,0,0,0,210,527.61,Holiday,Sunday
01-04-2024,P100,Fashion,1495,1079.31,0,1,1495,172,1524.69,Normal,Monday
01-04-2024,P101,Fashion,335,236.06,0,7,2345,357,321.7,Sale,Monday
01-04-2024,P102,Electronics,1361,932.95,0,1,1361,392,1351.98,Holiday,Monday
01-04-2024,P103,Electronics,1242.9,964.4,10,3,3728.7,471,1218.22,Sale,Monday
01-04-2024,P104,Sports,673,501.22,0,2,1346,460,677.75,Normal,Monday
01-04-2024,P105,Home,306,241.55,10,4,1224,71,305.53,Sale,Monday
01-04-2024,P106,Fashion,1208.7,1046.49,15,0,0,21,1248.58,Normal,Monday
01-04-2024,P107,Electronics,1000.35,819.19,5,5,5001.75,396,1004.05,Normal,Monday
01-04-2024,P108,Home,1019,748.73,0,1,1019,318,1053.33,Holiday,Monday
01-04-2024,P109,Electronics,1082,852.69,0,1,1082,352,1035.6,Normal,Monday
01-04-2024,P110,Sports,285,226.33,0,5,1425,486,284.59,Normal,Monday
01-04-2024,P111,Sports,722.95,459.18,5,1,722.95,463,711.04,Sale,Monday
01-04-2024,P112,Electronics,1387,890.86,0,3,4161,169,1384.9,Festival,Monday
01-04-2024,P113,Home,869.4,658.87,10,0,0,370,870.51,Sale,Monday
01-04-2024,P114,Sports,714,460.41,0,0,0,387,694.75,Normal,Monday
01-04-2024,P115,Home,451.8,307.95,10,3,1355.4,488,460.98,Normal,Monday
01-04-2024,P116,Fashion,680.2,501.78,5,0,0,498,686.18,Normal,Monday
01-04-2024,P117,Fashion,852.3,743.13,10,0,0,74,836.63,Normal,Monday
01-04-2024,P118,Electronics,864,597.95,10,0,0,304,838.02,Normal,Monday
01-04-2024,P119,Sports,592,466.66,0,3,1776,346,567.46,Normal,Monday
02-04-2024,P100,Home,1255,924.79,0,0,0,371,1203.9,Normal,Tuesday
02-04-2024,P101,Electronics,557,378.15,0,2,1114,20,548.53,Normal,Tuesday
02-04-2024,P102,Fashion,1194.15,867.97,5,2,2388.3,385,1138.34,Normal,Tuesday
02-04-2024,P103,Fashion,1297.7,886.86,5,3,3893.1,204,1274.82,Normal,Tuesday
02-04-2024,P104,Home,683.05,467.22,5,0,0,221,650.15,Normal,Tuesday
02-04-2024,P105,Electronics,289.85,230.93,15,4,1159.4,165,294.25,Sale,Tuesday
02-04-2024,P106,Home,599,450.55,0,7,4193,468,581.09,Holiday,Tuesday
02-04-2024,P107,Home,363,220.59,0,3,1089,104,369.3,Sale,Tuesday
02-04-2024,P108,Home,754.3,605.28,5,1,754.3,159,734.83,Sale,Tuesday
02-04-2024,P109,Electronics,1485,1019.2,0,0,0,168,1471.83,Normal,Tuesday
02-04-2024,P110,Electronics,1444,1076.91,0,2,2888,493,1499.98,Normal,Tuesday
02-04-2024,P111,Home,1112.65,875.49,15,2,2225.3,386,1098.66,Normal,Tuesday
02-04-2024,P112,Electronics,315.9,257.48,10,2,631.8,379,329.77,Normal,Tuesday
02-04-2024,P113,Fashion,441,298.35,10,2,882,431,436.43,Sale,Tuesday
02-04-2024,P114,Sports,499.5,382.04,10,4,1998,366,501.85,Normal,Tuesday
02-04-2024,P115,Electronics,1122.3,875.77,10,1,1122.3,60,1087.82,Festival,Tuesday
02-04-2024,P116,Home,648,508.63,0,0,0,212,650.79,Normal,Tuesday
02-04-2024,P117,Electronics,287.3,205.59,15,2,574.6,142,290.43,Normal,Tuesday
02-04-2024,P118,Home,306,279.2,15,4,1224,246,299.96,Normal,Tuesday
02-04-2024,P119,Home,545.3,396.5,5,5,2726.5,326,547.46,Sale,Tuesday
03-04-2024,P100,Fashion,253.65,167.68,5,5,1268.25,276,246.96,Normal,Wednesday
03-04-2024,P101,Sports,425.7,359.67,10,0,0,92,434.04,Normal,Wednesday
03-04-2024,P102,Sports,945.25,641.88,5,3,2835.75,458,900.63,Normal,Wednesday
03-04-2024,P103,Sports,1079,847.58,0,1,1079,247,1084.9,Normal,Wednesday
03-04-2024,P104,Sports,206.15,140.01,5,4,824.6,273,205.26,Normal,Wednesday
03-04-2024,P105,Fashion,1454,988.83,0,1,1454,493,1499.38,Sale,Wednesday
03-04-2024,P106,Sports,670,480.12,0,2,1340,437,687.78,Normal,Wednesday
03-04-2024,P107,Fashion,804,621.35,0,0,0,232,789.44,Normal,Wednesday
03-04-2024,P108,Sports,257,185.53,0,6,1542,437,251.17,Holiday,Wednesday
03-04-2024,P109,Electronics,1155.15,1059.39,15,2,2310.3,90,1139.24,Normal,Wednesday
03-04-2024,P110,Sports,246.6,179.16,10,5,1233,383,251.8,Normal,Wednesday
03-04-2024,P111,Electronics,1164,706.59,0,0,0,56,1149.28,Festival,Wednesday
03-04-2024,P112,Electronics,915.8,619.07,5,3,2747.4,404,932.34,Normal,Wednesday
03-04-2024,P113,Sports,756,498.75,0,0,0,343,721.78,Sale,Wednesday
03-04-2024,P114,Home,610.2,421.52,10,3,1830.6,410,598.31,Holiday,Wednesday
03-04-2024,P115,Home,1003,714.06,0,0,0,154,981.05,Normal,Wednesday
03-04-2024,P116,Fashion,454,318.79,0,4,1816,402,456.35,Normal,Wednesday
03-04-2024,P117,Electronics,1381,984.08,0,0,0,347,1395.65,Festival,Wednesday
03-04-2024,P118,Home,1202,767.35,0,0,0,92,1190.13,Holiday,Wednesday
03-04-2024,P119,Home,1100.7,805.16,10,1,1100.7,161,1076.82,Normal,Wednesday
04-04-2024,P100,Home,422,273.49,0,3,1266,81,437.44,Normal,Thursday
04-04-2024,P101,Sports,710.1,528.45,10,1,710.1,310,737.98,Normal,Thursday
04-04-2024,P102,Sports,1455,903.13,0,0,0,252,1436.93,Sale,Thursday
04-04-2024,P103,Fashion,726,458.23,0,3,2178,365,748.36,Holiday,Thursday
04-04-2024,P104,Sports,1177.05,824.31,5,0,0,112,1155.5,Festival,Thursday
04-04-2024,P105,Electronics,456.95,350.34,5,4,1827.8,103,472.13,Sale,Thursday
04-04-2024,P106,Electronics,243,153.36,0,0,0,497,248.79,Normal,Thursday
04-04-2024,P107,Fashion,297,200.49,0,5,1485,498,294.24,Normal,Thursday
04-04-2024,P108,Electronics,1281,926.24,0,2,2562,308,1267.43,Normal,Thursday
04-04-2024,P109,Home,1472,1176.98,0,1,1472,23,1521.02,Sale,Thursday
04-04-2024,P110,Home,955,705.12,0,0,0,130,999.23,Normal,Thursday
04-04-2024,P111,Electronics,1140,758.49,5,0,0,205,1122.73,Sale,Thursday
04-04-2024,P112,Electronics,1448,1071.15,0,0,0,484,1377.4,Normal,Thursday
04-04-2024,P113,Home,235,158.38,0,3,705,260,244.04,Normal,Thursday
04-04-2024,P114,Electronics,880,576.75,0,3,2640,456,892.22,Normal,Thursday
04-04-2024,P115,Home,1111,726.23,0,0,0,187,1063.96,Normal,Thursday
04-04-2024,P116,Sports,1365,1088.89,0,0,0,61,1319.56,Normal,Thursday
04-04-2024,P117,Electronics,776.7,583.62,10,1,776.7,138,784.29,Festival,Thursday
04-04-2024,P118,Home,1401.25,1026.04,5,0,0,404,1411.33,Sale,Thursday
04-04-2024,P119,Fashion,890,605.49,0,3,2670,323,901.07,Normal,Thursday
05-04-2024,P100,Sports,721.65,581.3,15,2,1443.3,94,701.28,Sale,Friday
05-04-2024,P101,Home,580,377.2,0,2,1160,52,603.07,Normal,Friday
05-04-2024,P102,Sports,401,284.95,0,5,2005,93,390.29,Sale,Friday
05-04-2024,P103,Electronics,457,351.41,0,5,2285,180,476.76,Normal,Friday
05-04-2024,P104,Home,839,592.68,0,3,2517,221,807.47,Sale,Friday
05-04-2024,P105,Home,1110,754.93,0,2,2220,165,1093.98,Sale,Friday
05-04-2024,P106,Fashion,627,408.12,5,3,1881,447,605.91,Normal,Friday
05-04-2024,P107,Home,386.1,308.49,10,0,0,228,383.99,Normal,Friday
05-04-2024,P108,Home,1172.7,787.77,10,0,0,185,1132.55,Normal,Friday
05-04-2024,P109,Electronics,1290,887.04,0,0,0,285,1298.54,Normal,Friday
05-04-2024,P110,Electronics,973,757.84,0,2,1946,242,942.8,Festival,Friday
05-04-2024,P111,Home,909.9,666.01,10,0,0,202,922.5,Normal,Friday
05-04-2024,P112,Sports,545.3,435.19,5,2,1090.6,63,522.19,Normal,Friday
05-04-2024,P113,Sports,675,533.73,0,0,0,332,682.16,Normal,Friday
05-04-2024,P114,Fashion,305,194.06,0,5,1525,91,306.17,Festival,Friday
05-04-2024,P115,Sports,695.7,524.1,10,0,0,274,689.27,Festival,Friday
05-04-2024,P116,Home,243.2,157.34,5,5,1216,388,252.59,Sale,Friday
05-04-2024,P117,Electronics,285.3,208.71,10,0,0,284,296.54,Normal,Friday
05-04-2024,P118,Sports,1107.9,809.65,10,3,3323.7,126,1084.64,Normal,Friday
05-04-2024,P119,Home,309.6,215.37,10,4,1238.4,294,316.1,Holiday,Friday
06-04-2024,P100,Home,1143,894.11,0,2,2286,489,1115.97,Normal,Saturday
06-04-2024,P101,Fashion,232.75,170.96,5,3,698.25,284,229.76,Festival,Saturday
06-04-2024,P102,Fashion,431,273.13,0,2,862,482,442.49,Normal,Saturday
06-04-2024,P103,Fashion,681,517.29,0,3,2043,65,665.15,Normal,Saturday
06-04-2024,P104,Home,1284,959,0,0,0,22,1334.76,Normal,Saturday
06-04-2024,P105,Electronics,1010.7,852.27,10,5,5053.5,473,1055.4,Normal,Saturday
06-04-2024,P106,Electronics,483.55,405.54,5,3,1450.65,119,481.41,Normal,Saturday
06-04-2024,P107,Electronics,694,508.06,0,5,3470,364,679.5,Sale,Saturday
06-04-2024,P108,Fashion,1252.05,984.35,15,0,0,160,1263.84,Normal,Saturday
06-04-2024,P109,Electronics,571.2,467.3,15,2,1142.4,76,583.62,Normal,Saturday
06-04-2024,P110,Fashion,760,537.79,0,2,1520,221,757.12,Normal,Saturday
06-04-2024,P111,Electronics,938,649.7,0,2,1876,384,948.2,Festival,Saturday
06-04-2024,P112,Electronics,988.55,805.89,15,0,0,289,1006.15,Sale,Saturday
06-04-2024,P113,Electronics,222,173.13,0,4,888,207,225.62,Normal,Saturday
06-04-2024,P114,Home,743.4,629.29,10,2,1486.8,479,720.74,Normal,Saturday
06-04-2024,P115,Home,1049,671.66,0,1,1049,383,1098.34,Normal,Saturday
06-04-2024,P116,Electronics,392,243.79,0,4,1568,195,387.24,Sale,Saturday
06-04-2024,P117,Home,411.35,313.18,5,0,0,356,398.92,Normal,Saturday
06-04-2024,P118,Home,914,603.64,0,2,1828,171,947.31,Sale,Saturday
06-04-2024,P119,Home,1290,804.42,0,2,2580,356,1342.08,Festival,Saturday
07-04-2024,P100,Fashion,685.9,517.93,5,0,0,73,659.96,Festival,Sunday
07-04-2024,P101,Electronics,769,465.79,0,0,0,404,763.81,Holiday,Sunday
07-04-2024,P102,Home,1090,858.48,0,0,0,303,1039.29,Sale,Sunday
07-04-2024,P103,Fashion,1185.3,808.88,10,3,3555.9,466,1134.48,Sale,Sunday
07-04-2024,P104,Sports,408,291.68,0,3,1224,413,404.14,Sale,Sunday
07-04-2024,P105,Home,646.85,570.85,15,0,0,161,637.06,Festival,Sunday
07-04-2024,P106,Sports,981,708.7,0,3,2943,246,1014.04,Normal,Sunday
07-04-2024,P107,Electronics,502.35,400.01,15,2,1004.7,492,519.27,Festival,Sunday
07-04-2024,P108,Fashion,1406,873.69,0,5,7030,323,1413.28,Festival,Sunday
07-04-2024,P109,Electronics,1100,759.87,0,0,0,365,1129.86,Normal,Sunday
07-04-2024,P110,Sports,1424,883.47,0,0,0,33,1432.87,Holiday,Sunday
07-04-2024,P111,Electronics,534,397.46,0,3,1602,355,549.44,Normal,Sunday
07-04-2024,P112,Sports,457,316.11,0,3,1371,115,471.21,Normal,Sunday
07-04-2024,P113,Electronics,1371,958.05,0,2,2742,81,1380.42,Festival,Sunday
07-04-2024,P114,Home,1491,1181,0,3,4473,107,1462.86,Normal,Sunday
07-04-2024,P115,Electronics,554.4,453.34,10,3,1663.2,302,578.54,Normal,Sunday
07-04-2024,P116,Electronics,555.3,450.43,10,0,0,255,534.87,Normal,Sunday
07-04-2024,P117,Electronics,1451,1082.67,0,2,2902,187,1444.09,Festival,Sunday
07-04-2024,P118,Home,418,279.84,0,0,0,198,428.54,Normal,Sunday
07-04-2024,P119,Home,388.8,310.11,10,0,0,68,399.43,Normal,Sunday
08-04-2024,P100,Electronics,334.05,248.21,15,2,668.1,230,325.05,Normal,Monday
08-04-2024,P101,Sports,917,696.38,0,2,1834,127,887.87,Sale,Monday
08-04-2024,P102,Fashion,1447,967.1,0,0,0,159,1379.73,Normal,Monday
08-04-2024,P103,Sports,335,205.91,0,0,0,420,319.37,Normal,Monday
08-04-2024,P104,Sports,868,581.32,0,1,868,338,860.76,Normal,Monday
08-04-2024,P105,Fashion,438,314.31,0,1,438,389,433.52,Normal,Monday
08-04-2024,P106,Sports,1186,788.7,0,1,1186,165,1158.12,Normal,Monday
08-04-2024,P107,Home,1008.95,770.66,15,0,0,183,1034.75,Normal,Monday
08-04-2024,P108,Home,1410.75,969.06,5,0,0,340,1456.2,Festival,Monday
08-04-2024,P109,Electronics,774,510.23,0,0,0,310,811.39,Normal,Monday
08-04-2024,P110,Sports,1235,862.94,0,0,0,496,1189.9,Normal,Monday
08-04-2024,P111,Home,227,156,0,2,454,317,229.03,Normal,Monday
08-04-2024,P112,Fashion,941,692.41,0,0,0,378,966.59,Normal,Monday
08-04-2024,P113,Home,609,457.95,0,1,609,239,611.3,Holiday,Monday
08-04-2024,P114,Fashion,1072.55,737.31,5,0,0,234,1057.69,Normal,Monday
08-04-2024,P115,Sports,1115,755.33,0,2,2230,61,1104.15,Sale,Monday
08-04-2024,P116,Sports,349,221.8,0,4,1396,312,354.5,Normal,Monday
08-04-2024,P117,Fashion,185.4,136.77,10,8,1483.2,278,185.99,Normal,Monday
08-04-2024,P118,Fashion,593.75,388.34,5,1,593.75,268,597.81,Festival,Monday
08-04-2024,P119,Sports,230,148.21,0,4,920,297,219.91,Normal,Monday
09-04-2024,P100,Home,1269,932.37,0,0,0,276,1263.58,Normal,Tuesday
09-04-2024,P101,Sports,257,183.56,0,7,1799,197,260.93,Festival,Tuesday
09-04-2024,P102,Home,1335,1034.81,0,2,2670,314,1296.31,Normal,Tuesday
09-04-2024,P103,Sports,781,516.97,0,2,1562,368,753.67,Normal,Tuesday
09-04-2024,P104,Electronics,909.5,778.82,15,0,0,167,877.82,Festival,Tuesday
09-04-2024,P105,Fashion,640.8,434.49,10,4,2563.2,335,610.25,Holiday,Tuesday
09-04-2024,P106,Sports,231,144.5,0,4,924,80,225.95,Normal,Tuesday
09-04-2024,P107,Sports,893,593.8,0,1,893,67,855.93,Sale,Tuesday
09-04-2024,P108,Home,517.5,353.79,10,0,0,412,495.24,Normal,Tuesday
09-04-2024,P109,Fashion,885.4,691.46,5,0,0,66,925.34,Normal,Tuesday
09-04-2024,P110,Home,931,689.26,0,0,0,81,911.24,Normal,Tuesday
09-04-2024,P111,Sports,286.2,191.9,10,5,1431,379,281.29,Sale,Tuesday
09-04-2024,P112,Home,634,430.86,0,2,1268,331,623.72,Normal,Tuesday
09-04-2024,P113,Electronics,1113.5,868.95,15,0,0,242,1148.04,Normal,Tuesday
09-04-2024,P114,Sports,943,733.41,0,0,0,245,981.52,Normal,Tuesday
09-04-2024,P115,Home,1174.7,1006.34,15,0,0,128,1129.17,Normal,Tuesday
09-04-2024,P116,Home,769,463.26,0,5,3845,177,795.89,Festival,Tuesday
09-04-2024,P117,Fashion,723,518.32,0,5,3615,153,708.7,Normal,Tuesday
09-04-2024,P118,Electronics,1077,785.66,0,1,1077,365,1040.53,Normal,Tuesday
09-04-2024,P119,Fashion,929,678.09,0,1,929,148,943.25,Normal,Tuesday
10-04-2024,P100,Sports,1106.1,911.71,10,0,0,36,1159.95,Normal,Wednesday
10-04-2024,P101,Fashion,291.65,192.85,5,5,1458.25,283,286.17,Normal,Wednesday
10-04-2024,P102,Fashion,754,457.57,0,1,754,499,790.94,Holiday,Wednesday
10-04-2024,P103,Electronics,1026.9,859.09,10,1,1026.9,162,1054.64,Normal,Wednesday
10-04-2024,P104,Home,289,208.68,0,0,0,60,281.22,Holiday,Wednesday
10-04-2024,P105,Sports,1169,852.33,0,1,1169,497,1194.33,Holiday,Wednesday
10-04-2024,P106,Sports,1432,910.62,0,0,0,481,1409.45,Normal,Wednesday
10-04-2024,P107,Fashion,400,284.41,0,5,2000,173,417.29,Sale,Wednesday
10-04-2024,P108,Fashion,637.2,518.9,10,1,637.2,425,667.91,Normal,Wednesday
10-04-2024,P109,Sports,1410,962.12,0,1,1410,420,1372.76,Festival,Wednesday
10-04-2024,P110,Electronics,675.9,498.52,10,0,0,42,663.37,Sale,Wednesday
10-04-2024,P111,Fashion,708.7,590.21,5,2,1417.4,493,721.6,Sale,Wednesday
10-04-2024,P112,Sports,224,176.16,0,5,1120,397,229.43,Normal,Wednesday
10-04-2024,P113,Sports,1200.6,1011.58,10,0,0,277,1196.25,Festival,Wednesday
10-04-2024,P114,Fashion,530,321.79,0,3,1590,333,520.48,Festival,Wednesday
10-04-2024,P115,Sports,220.4,181.35,5,6,1322.4,198,223.84,Festival,Wednesday
10-04-2024,P116,Home,775.8,545.23,10,4,3103.2,333,754.29,Normal,Wednesday
10-04-2024,P117,Sports,775,470.61,0,0,0,488,751.26,Normal,Wednesday
10-04-2024,P118,Electronics,211.65,150.04,15,6,1269.9,398,217.93,Holiday,Wednesday
10-04-2024,P119,Home,1075.5,923.52,10,2,2151,206,1024.19,Festival,Wednesday
11-04-2024,P100,Sports,499.8,428.87,15,0,0,163,492.04,Sale,Thursday
11-04-2024,P101,Home,409,288.12,0,5,2045,400,389.21,Normal,Thursday
11-04-2024,P102,Electronics,890.1,693.61,10,0,0,369,884.22,Holiday,Thursday
11-04-2024,P103,Fashion,557,374.44,0,5,2785,498,576.92,Festival,Thursday
11-04-2024,P104,Electronics,1426,928.14,0,0,0,488,1362.79,Normal,Thursday
11-04-2024,P105,Home,1148,898.92,0,0,0,493,1139.85,Normal,Thursday
11-04-2024,P106,Home,895,693.3,0,0,0,87,853.9,Normal,Thursday
11-04-2024,P107,Fashion,973,617.39,0,1,973,263,971.29,Normal,Thursday
11-04-2024,P108,Home,1397,1060.53,0,0,0,158,1390.55,Sale,Thursday
11-04-2024,P109,Electronics,807.3,665.24,10,0,0,376,812.46,Festival,Thursday
11-04-2024,P110,Sports,341.05,240.17,5,2,682.1,455,332.79,Festival,Thursday
11-04-2024,P111,Home,915.8,663.99,5,3,2747.4,354,896.65,Sale,Thursday
11-04-2024,P112,Electronics,189.55,157.61,15,4,758.2,79,193.82,Festival,Thursday
11-04-2024,P113,Fashion,288,191.63,0,3,864,207,275.57,Sale,Thursday
11-04-2024,P114,Sports,786,604.7,0,2,1572,119,748.4,Festival,Thursday
11-04-2024,P115,Fashion,315,196.76,0,4,1260,379,323.9,Normal,Thursday
11-04-2024,P116,Fashion,1454,892.31,0,0,0,358,1405.91,Sale,Thursday
11-04-2024,P117,Fashion,1311,830.83,0,0,0,452,1356.01,Normal,Thursday
11-04-2024,P118,Fashion,375.3,279.72,10,2,750.6,295,367.83,Normal,Thursday
11-04-2024,P119,Sports,1083,715.27,0,2,2166,412,1046.79,Normal,Thursday
12-04-2024,P100,Fashion,216.6,166.46,5,7,1516.2,269,209.65,Sale,Friday
12-04-2024,P101,Fashion,1084,702.22,0,3,3252,133,1093.98,Normal,Friday
12-04-2024,P102,Sports,301.15,218.12,5,1,301.15,246,300.86,Festival,Friday
12-04-2024,P103,Electronics,449,280.42,0,3,1347,407,440.94,Normal,Friday
12-04-2024,P104,Electronics,605.15,438.14,5,4,2420.6,398,581.46,Sale,Friday
12-04-2024,P105,Fashion,1048,749.93,0,2,2096,37,1097.65,Festival,Friday
12-04-2024,P106,Fashion,1251.2,979.57,15,0,0,371,1234.71,Holiday,Friday
12-04-2024,P107,Sports,878,594.06,0,1,878,152,918.71,Festival,Friday
12-04-2024,P108,Sports,685.9,550.97,5,0,0,414,651.62,Normal,Friday
12-04-2024,P109,Fashion,1055,827.11,0,0,0,80,1043.98,Normal,Friday
12-04-2024,P110,Fashion,1393,1043.21,0,0,0,129,1460.11,Festival,Friday
12-04-2024,P111,Sports,1286,773.3,0,1,1286,245,1299.53,Sale,Friday
12-04-2024,P112,Electronics,894,544.15,0,6,5364,208,883.26,Holiday,Friday
12-04-2024,P113,Sports,1387,1059.07,5,1,1387,42,1425.02,Normal,Friday
12-04-2024,P114,Fashion,906,618.81,0,0,0,58,917.86,Holiday,Friday
12-04-2024,P115,Electronics,1003,653.4,0,1,1003,495,974.3,Normal,Friday
12-04-2024,P116,Sports,1254,947.94,0,4,5016,262,1210.15,Normal,Friday
12-04-2024,P117,Sports,619,405.02,0,1,619,285,625.57,Normal,Friday
12-04-2024,P118,Sports,1277,977.39,0,1,1277,386,1257.65,Festival,Friday
12-04-2024,P119,Electronics,654.5,612.39,15,0,0,120,645.24,Normal,Friday
13-04-2024,P100,Electronics,1008.9,758.19,5,0,0,155,1019.53,Normal,Saturday
13-04-2024,P101,Sports,198.05,169.05,15,9,1782.45,137,202.37,Festival,Saturday
13-04-2024,P102,Fashion,1175.15,936.46,5,1,1175.15,42,1211.94,Festival,Saturday
13-04-2024,P103,Electronics,523,379.31,0,1,523,388,543.14,Normal,Saturday
13-04-2024,P104,Home,1106,784.09,0,2,2212,479,1130.06,Sale,Saturday
13-04-2024,P105,Electronics,1306.25,957.43,5,3,3918.75,289,1251.36,Normal,Saturday
13-04-2024,P106,Home,573.3,459.73,10,0,0,413,566.07,Festival,Saturday
13-04-2024,P107,Sports,521.05,484.96,15,4,2084.2,345,508.67,Normal,Saturday
13-04-2024,P108,Home,223.25,158.59,5,7,1562.75,242,229.11,Normal,Saturday
13-04-2024,P109,Sports,817.95,581.58,5,1,817.95,128,850.72,Festival,Saturday
13-04-2024,P110,Electronics,1211.25,892.61,5,0,0,37,1251.59,Normal,Saturday
13-04-2024,P111,Home,706,528.78,0,3,2118,251,681.56,Normal,Saturday
13-04-2024,P112,Electronics,1310.4,1012.8,10,1,1310.4,216,1331.51,Normal,Saturday
13-04-2024,P113,Fashion,654.55,518.09,5,0,0,215,677.85,Festival,Saturday
13-04-2024,P114,Sports,233,185.41,0,1,233,459,223.77,Normal,Saturday
13-04-2024,P115,Home,1377,963.47,0,0,0,50,1389.18,Normal,Saturday
13-04-2024,P116,Electronics,1286,947.4,0,0,0,333,1279.44,Normal,Saturday
13-04-2024,P117,Sports,1079.2,796.72,5,0,0,375,1032.43,Sale,Saturday
13-04-2024,P118,Electronics,546.55,442.26,15,3,1639.65,389,558.75,Holiday,Saturday
13-04-2024,P119,Sports,848,618.63,0,2,1696,191,850.6,Normal,Saturday
14-04-2024,P100,Fashion,269.8,215.2,5,2,539.6,424,281.94,Normal,Sunday
14-04-2024,P101,Sports,695.7,583.38,10,2,1391.4,118,675.81,Normal,Sunday
14-04-2024,P102,Sports,285.6,259.08,15,3,856.8,88,295.61,Normal,Sunday
14-04-2024,P103,Fashion,602.65,500.59,15,2,1205.3,77,590.02,Festival,Sunday
14-04-2024,P104,Fashion,1237,962.99,0,0,0,434,1262.81,Normal,Sunday
14-04-2024,P105,Fashion,206.15,146.64,5,3,618.45,174,212.61,Normal,Sunday
14-04-2024,P106,Home,332.5,228.8,5,2,665,469,342.71,Normal,Sunday
14-04-2024,P107,Sports,1254,859.12,5,0,0,359,1293.18,Normal,Sunday
14-04-2024,P108,Sports,286,203.64,0,2,572,472,278.28,Sale,Sunday
14-04-2024,P109,Sports,1385.1,1045.23,5,3,4155.3,72,1401.62,Sale,Sunday
14-04-2024,P110,Sports,839.8,593.31,5,1,839.8,464,878.97,Sale,Sunday
14-04-2024,P111,Sports,351,273.98,0,5,1755,493,351.53,Normal,Sunday
14-04-2024,P112,Home,1220.4,1073.32,10,1,1220.4,189,1240.12,Sale,Sunday
14-04-2024,P113,Sports,993,648.89,0,2,1986,405,1022.34,Normal,Sunday
14-04-2024,P114,Fashion,1214,768.89,0,0,0,149,1183.31,Sale,Sunday
14-04-2024,P115,Electronics,1044,723.88,10,0,0,252,1089.88,Holiday,Sunday
14-04-2024,P116,Fashion,798.15,684.28,15,0,0,420,836.32,Sale,Sunday
14-04-2024,P117,Electronics,217.55,169.38,5,6,1305.3,93,216.43,Sale,Sunday
14-04-2024,P118,Sports,1182.75,901.81,5,0,0,22,1238.39,Sale,Sunday
14-04-2024,P119,Home,1418.35,925.51,5,2,2836.7,355,1459.64,Normal,Sunday
15-04-2024,P100,Sports,917,698.92,0,1,917,448,887.06,Sale,Monday
15-04-2024,P101,Fashion,1464,988.93,0,0,0,170,1469.28,Normal,Monday
15-04-2024,P102,Sports,461,358.57,0,2,922,391,479.16,Festival,Monday
15-04-2024,P103,Home,1408,964.62,0,2,2816,442,1475.29,Normal,Monday
15-04-2024,P104,Sports,1250.1,859.31,10,0,0,489,1279.35,Festival,Monday
15-04-2024,P105,Electronics,877.5,702.43,10,0,0,66,887.23,Normal,Monday
15-04-2024,P106,Sports,709.2,549,10,0,0,347,681.2,Festival,Monday
15-04-2024,P107,Fashion,898,675.3,0,4,3592,128,915.55,Normal,Monday
15-04-2024,P108,Electronics,424.65,280.45,5,6,2547.9,321,407.3,Normal,Monday
15-04-2024,P109,Electronics,1246.4,1047,5,0,0,447,1188.47,Festival,Monday
15-04-2024,P110,Sports,1353.75,1086.55,5,1,1353.75,208,1359.99,Normal,Monday
15-04-2024,P111,Sports,1288.2,1036.32,5,2,2576.4,212,1262.99,Normal,Monday
15-04-2024,P112,Electronics,624.15,513.05,5,1,624.15,460,641.65,Normal,Monday
15-04-2024,P113,Home,565.25,513.57,15,2,1130.5,304,579.22,Normal,Monday
15-04-2024,P114,Sports,308,223.77,0,0,0,79,294.97,Normal,Monday
15-04-2024,P115,Home,272,202.41,0,3,816,173,262.67,Normal,Monday
15-04-2024,P116,Sports,1007,710.42,0,0,0,299,1037.25,Sale,Monday
15-04-2024,P117,Sports,518,399.11,0,0,0,378,495.27,Normal,Monday
15-04-2024,P118,Electronics,755.25,566.56,5,1,755.25,56,778.02,Sale,Monday
15-04-2024,P119,Sports,610,455.42,0,0,0,121,602.15,Holiday,Monday
16-04-2024,P100,Sports,772.2,619.68,10,0,0,457,759.38,Normal,Tuesday
16-04-2024,P101,Fashion,869,630.42,0,1,869,377,840.54,Holiday,Tuesday
16-04-2024,P102,Home,526,360.57,0,2,1052,153,499.92,Normal,Tuesday
16-04-2024,P103,Home,1209,815.57,0,3,3627,89,1172.37,Normal,Tuesday
16-04-2024,P104,Fashion,419,269.24,0,0,0,196,439.61,Normal,Tuesday
16-04-2024,P105,Home,932,634.65,0,0,0,236,887.83,Sale,Tuesday
16-04-2024,P106,Sports,1117.2,834.32,5,2,2234.4,148,1168.32,Normal,Tuesday
16-04-2024,P107,Electronics,840.75,556.46,5,1,840.75,70,805.47,Normal,Tuesday
16-04-2024,P108,Home,1162,779.64,0,1,1162,49,1166.34,Normal,Tuesday
16-04-2024,P109,Home,373.35,242.96,5,1,373.35,126,377.52,Festival,Tuesday
16-04-2024,P110,Sports,724,465.65,0,0,0,133,743.99,Normal,Tuesday
16-04-2024,P111,Home,1102.95,755.7,5,0,0,108,1102.01,Holiday,Tuesday
16-04-2024,P112,Fashion,688.75,483.6,5,2,1377.5,200,704.78,Normal,Tuesday
16-04-2024,P113,Electronics,1044.05,769.1,5,2,2088.1,336,1060.42,Normal,Tuesday
16-04-2024,P114,Electronics,315,251.33,0,1,315,327,317.73,Normal,Tuesday
16-04-2024,P115,Home,707,529.7,0,0,0,380,687.32,Normal,Tuesday
16-04-2024,P116,Fashion,325,226.64,0,7,2275,282,322.84,Festival,Tuesday
16-04-2024,P117,Fashion,692.55,566.17,5,1,692.55,359,700.11,Normal,Tuesday
16-04-2024,P118,Fashion,404,272.14,0,4,1616,365,401.27,Normal,Tuesday
16-04-2024,P119,Home,682.1,490.18,5,0,0,37,685.06,Festival,Tuesday
17-04-2024,P100,Home,390.6,270.55,10,0,0,330,404.89,Normal,Wednesday
17-04-2024,P101,Fashion,1331,961.05,0,2,2662,127,1384.92,Normal,Wednesday
17-04-2024,P102,Electronics,965.7,647.57,10,5,4828.5,185,977.09,Sale,Wednesday
17-04-2024,P103,Sports,724.85,564.21,5,0,0,321,696.92,Normal,Wednesday
17-04-2024,P104,Sports,298,194.77,0,1,298,147,291.44,Festival,Wednesday
17-04-2024,P105,Electronics,642.6,566.44,10,1,642.6,309,674.27,Festival,Wednesday
17-04-2024,P106,Fashion,1480,1131.52,0,1,1480,165,1529.67,Sale,Wednesday
17-04-2024,P107,Sports,1010.7,835.79,10,1,1010.7,61,982.5,Normal,Wednesday
17-04-2024,P108,Home,475,360.81,0,3,1425,479,485.51,Sale,Wednesday
17-04-2024,P109,Electronics,1079,859.27,0,1,1079,107,1093.96,Normal,Wednesday
17-04-2024,P110,Fashion,636.5,462.19,5,0,0,189,639.01,Festival,Wednesday
17-04-2024,P111,Fashion,1399,907.62,0,0,0,494,1351.8,Normal,Wednesday
17-04-2024,P112,Home,638,508.5,0,1,638,421,647.22,Normal,Wednesday
17-04-2024,P113,Home,497.25,354.08,15,2,994.5,90,486.25,Normal,Wednesday
17-04-2024,P114,Fashion,1442,888.73,0,5,7210,422,1428.47,Festival,Wednesday
17-04-2024,P115,Sports,1054,680.83,0,0,0,426,1016.02,Normal,Wednesday
17-04-2024,P116,Electronics,283,200.41,0,4,1132,93,277.86,Holiday,Wednesday
17-04-2024,P117,Electronics,1296,795.08,0,5,6480,350,1310.19,Holiday,Wednesday
17-04-2024,P118,Fashion,1366,875.72,0,0,0,355,1340.4,Normal,Wednesday
17-04-2024,P119,Electronics,917,676.82,0,1,917,468,925.36,Sale,Wednesday
18-04-2024,P100,Fashion,1482,994.61,0,0,0,332,1527.81,Holiday,Thursday
18-04-2024,P101,Fashion,623.9,510.78,15,6,3743.4,389,607.71,Sale,Thursday
18-04-2024,P102,Electronics,1111.5,783.67,10,2,2223,267,1071.49,Festival,Thursday
18-04-2024,P103,Fashion,972,668.99,0,0,0,289,936.89,Normal,Thursday
18-04-2024,P104,Fashion,1307,1003.38,0,1,1307,356,1314.17,Festival,Thursday
18-04-2024,P105,Electronics,1096.3,746.67,5,1,1096.3,359,1112.01,Sale,Thursday
18-04-2024,P106,Electronics,1498,1182.93,0,0,0,384,1500.79,Normal,Thursday
18-04-2024,P107,Sports,408,250.52,0,1,408,90,401.28,Festival,Thursday
18-04-2024,P108,Fashion,838,578.33,0,1,838,168,860.67,Normal,Thursday
18-04-2024,P109,Electronics,1166.6,968.31,5,2,2333.2,235,1125.85,Festival,Thursday
18-04-2024,P110,Home,1156,1028.41,15,0,0,20,1212.64,Normal,Thursday
18-04-2024,P111,Home,1111,829.3,0,4,4444,71,1084.93,Normal,Thursday
18-04-2024,P112,Electronics,1201.5,873.42,10,0,0,92,1168.98,Normal,Thursday
18-04-2024,P113,Electronics,774.9,656.76,10,0,0,91,749.27,Normal,Thursday
18-04-2024,P114,Fashion,1216,824.84,0,3,3648,31,1212.98,Normal,Thursday
18-04-2024,P115,Electronics,1204.6,765.38,5,0,0,121,1244.41,Normal,Thursday
18-04-2024,P116,Sports,495.55,378.91,15,3,1486.65,281,516.73,Normal,Thursday
18-04-2024,P117,Sports,231.3,199.12,10,8,1850.4,499,231.23,Normal,Thursday
18-04-2024,P118,Sports,602,363.16,0,0,0,229,601.31,Normal,Thursday
18-04-2024,P119,Electronics,1385,870.8,0,0,0,46,1437.24,Normal,Thursday
19-04-2024,P100,Electronics,864.5,589.45,5,1,864.5,180,893.47,Normal,Friday
19-04-2024,P101,Fashion,456.45,343.6,15,1,456.45,236,438.03,Holiday,Friday
19-04-2024,P102,Sports,1435,1113.05,0,0,0,403,1472.6,Normal,Friday
19-04-2024,P103,Sports,660.25,496,5,2,1320.5,345,632.88,Normal,Friday
19-04-2024,P104,Electronics,274,178.26,0,5,1370,258,284.55,Holiday,Friday
19-04-2024,P105,Sports,596,391.21,0,3,1788,466,620.2,Sale,Friday
19-04-2024,P106,Sports,1381.3,1149.55,5,3,4143.9,251,1376.41,Sale,Friday
19-04-2024,P107,Home,622.25,413.02,5,0,0,448,628.62,Normal,Friday
19-04-2024,P108,Home,932.9,759.08,5,0,0,215,913.22,Normal,Friday
19-04-2024,P109,Fashion,439,290.36,0,3,1317,338,453.86,Normal,Friday
19-04-2024,P110,Fashion,463.6,345.64,5,0,0,194,462.68,Normal,Friday
19-04-2024,P111,Sports,848.35,662.42,5,0,0,455,874,Normal,Friday
19-04-2024,P112,Fashion,690,462.94,0,2,1380,175,723.59,Festival,Friday
19-04-2024,P113,Electronics,661,451.54,0,1,661,284,649.78,Normal,Friday
19-04-2024,P114,Home,614.7,497.32,10,3,1844.1,285,605.45,Normal,Friday
19-04-2024,P115,Home,1318,1032.16,0,0,0,80,1265.64,Normal,Friday
19-04-2024,P116,Electronics,540,446.08,10,0,0,325,513.71,Normal,Friday
19-04-2024,P117,Home,1095.3,867.42,10,3,3285.9,251,1119.96,Festival,Friday
19-04-2024,P118,Electronics,855,666.6,0,1,855,233,845.78,Normal,Friday
19-04-2024,P119,Home,646.95,443.35,5,0,0,21,625.97,Normal,Friday
20-04-2024,P100,Fashion,692.1,493.44,10,0,0,81,677.18,Sale,Saturday
20-04-2024,P101,Electronics,693.9,563.04,10,0,0,470,677.76,Normal,Saturday
20-04-2024,P102,Fashion,372.6,257.9,10,6,2235.6,356,362.08,Holiday,Saturday
20-04-2024,P103,Sports,638.35,454.9,15,0,0,355,633.93,Normal,Saturday
20-04-2024,P104,Home,999.9,825.54,10,4,3999.6,405,950.86,Holiday,Saturday
20-04-2024,P105,Electronics,1407,1021.22,0,3,4221,218,1402.57,Normal,Saturday
20-04-2024,P106,Sports,459.9,362.97,10,4,1839.6,199,455.61,Holiday,Saturday
20-04-2024,P107,Fashion,1284,934.67,0,0,0,26,1306.44,Holiday,Saturday
20-04-2024,P108,Fashion,960.45,754.51,5,2,1920.9,220,935.24,Normal,Saturday
20-04-2024,P109,Fashion,1094,799.68,0,2,2188,217,1097.67,Holiday,Saturday
20-04-2024,P110,Home,1413.6,998.22,5,0,0,378,1475.98,Holiday,Saturday
20-04-2024,P111,Fashion,1332.85,1092.63,5,2,2665.7,448,1348.16,Holiday,Saturday
20-04-2024,P112,Fashion,860,676.16,0,0,0,296,853.82,Normal,Saturday
20-04-2024,P113,Sports,990,601.05,0,1,990,197,1009.16,Sale,Saturday
20-04-2024,P114,Home,229.5,156.63,10,6,1377,374,235.81,Normal,Saturday
20-04-2024,P115,Fashion,804.65,595.81,5,0,0,347,774.87,Normal,Saturday
20-04-2024,P116,Sports,1027.8,847.37,10,0,0,164,987.16,Normal,Saturday
20-04-2024,P117,Home,1387.95,995.53,5,3,4163.85,21,1377.98,Holiday,Saturday
20-04-2024,P118,Sports,373.35,286.9,5,0,0,232,380.95,Normal,Saturday
20-04-2024,P119,Sports,182.7,154.15,10,3,548.1,274,180.9,Normal,Saturday
21-04-2024,P100,Home,784.7,520.2,5,0,0,99,774.24,Normal,Sunday
21-04-2024,P101,Fashion,479,331.65,0,0,0,44,489.72,Normal,Sunday
21-04-2024,P102,Electronics,1122,674.18,0,1,1122,382,1075.98,Normal,Sunday
21-04-2024,P103,Sports,1047.6,843.17,10,0,0,130,1071.24,Festival,Sunday
21-04-2024,P104,Sports,754.2,581.89,10,1,754.2,411,782.58,Holiday,Sunday
21-04-2024,P105,Sports,1342.35,1025.69,5,0,0,455,1347.28,Normal,Sunday
21-04-2024,P106,Home,828,606.38,10,1,828,491,811.83,Normal,Sunday
21-04-2024,P107,Home,590.9,477.07,5,2,1181.8,161,601.26,Normal,Sunday
21-04-2024,P108,Electronics,987.3,713.73,10,0,0,145,1031.76,Sale,Sunday
21-04-2024,P109,Sports,869,599.42,0,1,869,379,898.94,Normal,Sunday
21-04-2024,P110,Sports,1185.75,1061.46,15,1,1185.75,49,1194.35,Sale,Sunday
21-04-2024,P111,Fashion,650,445.32,0,0,0,350,646.29,Normal,Sunday
21-04-2024,P112,Fashion,1136.7,990.37,10,2,2273.4,232,1163.65,Festival,Sunday
21-04-2024,P113,Electronics,616.55,396.74,5,4,2466.2,399,605.96,Normal,Sunday
21-04-2024,P114,Sports,687,465.48,0,4,2748,339,678.24,Sale,Sunday
21-04-2024,P115,Sports,678,540.21,0,0,0,427,677.03,Normal,Sunday
21-04-2024,P116,Home,509.4,400.31,10,0,0,408,525.22,Normal,Sunday
21-04-2024,P117,Electronics,514,317.16,0,1,514,293,515.02,Normal,Sunday
21-04-2024,P118,Home,587.7,503.89,10,0,0,331,562.93,Holiday,Sunday
21-04-2024,P119,Sports,743.75,645.17,15,4,2975,293,741.32,Normal,Sunday
22-04-2024,P100,Home,694,449.39,0,2,1388,316,669.61,Sale,Monday
22-04-2024,P101,Fashion,1257.3,924.62,10,0,0,220,1232.74,Festival,Monday
22-04-2024,P102,Sports,1239,822.48,0,0,0,491,1179.23,Sale,Monday
22-04-2024,P103,Sports,338.4,291.73,10,3,1015.2,360,335.76,Festival,Monday
22-04-2024,P104,Electronics,917,675.31,0,1,917,256,961.35,Normal,Monday
22-04-2024,P105,Sports,990.9,678.73,10,1,990.9,348,1032.05,Normal,Monday
22-04-2024,P106,Fashion,473,370.78,0,4,1892,418,468.35,Normal,Monday
22-04-2024,P107,Electronics,967,768.5,0,0,0,394,979.8,Sale,Monday
22-04-2024,P108,Home,487.35,399.18,5,0,0,120,511.24,Normal,Monday
22-04-2024,P109,Home,795,535.05,0,3,2385,375,796.55,Normal,Monday
22-04-2024,P110,Electronics,1300,785.1,0,3,3900,360,1238.11,Festival,Monday
22-04-2024,P111,Electronics,709.2,588.47,10,2,1418.4,184,729.39,Normal,Monday
22-04-2024,P112,Sports,1311.95,835.64,5,0,0,80,1280.98,Normal,Monday
22-04-2024,P113,Sports,548,368.08,0,0,0,436,525.91,Sale,Monday
22-04-2024,P114,Sports,403,251.46,0,6,2418,343,389.79,Festival,Monday
22-04-2024,P115,Fashion,996.3,759.38,10,0,0,496,1002.27,Normal,Monday
22-04-2024,P116,Electronics,1162.8,916.94,10,0,0,295,1181.21,Holiday,Monday
22-04-2024,P117,Fashion,445,286.5,0,1,445,54,447.03,Normal,Monday
22-04-2024,P118,Home,1233,974.71,0,0,0,85,1182.16,Sale,Monday
22-04-2024,P119,Electronics,460,317.46,0,2,920,305,458.21,Normal,Monday
23-04-2024,P100,Home,772.2,609.44,10,1,772.2,238,774.64,Sale,Tuesday
23-04-2024,P101,Fashion,1100,765.43,0,5,5500,36,1084.97,Normal,Tuesday
23-04-2024,P102,Sports,1347,1014.1,0,2,2694,488,1367.23,Festival,Tuesday
23-04-2024,P103,Sports,1076,697.04,0,0,0,345,1055.25,Normal,Tuesday
23-04-2024,P104,Sports,576,421.38,0,0,0,313,578.83,Normal,Tuesday
23-04-2024,P105,Fashion,1141.2,938.91,10,0,0,284,1123.35,Normal,Tuesday
23-04-2024,P106,Fashion,425,377.86,15,0,0,302,415.07,Normal,Tuesday
23-04-2024,P107,Home,174.25,149.48,15,0,0,268,167.29,Normal,Tuesday
23-04-2024,P108,Electronics,1254,842.44,0,0,0,416,1231.78,Normal,Tuesday
23-04-2024,P109,Home,759.05,571.88,5,2,1518.1,447,731.37,Normal,Tuesday
23-04-2024,P110,Fashion,780.9,590.03,5,2,1561.8,31,792.52,Normal,Tuesday
23-04-2024,P111,Fashion,1091.7,777.46,10,5,5458.5,394,1067.22,Festival,Tuesday
23-04-2024,P112,Electronics,1372,884.64,0,1,1372,486,1319.14,Normal,Tuesday
23-04-2024,P113,Sports,1226,775.71,0,4,4904,43,1269.46,Normal,Tuesday
23-04-2024,P114,Sports,351.5,247.6,5,6,2109,87,351.13,Normal,Tuesday
23-04-2024,P115,Electronics,1105.2,940.9,10,0,0,292,1156.35,Festival,Tuesday
23-04-2024,P116,Sports,1168.75,892.97,15,2,2337.5,488,1216.61,Normal,Tuesday
23-04-2024,P117,Home,508.25,360.55,5,3,1524.75,334,505.85,Normal,Tuesday
23-04-2024,P118,Electronics,1188.9,856.55,10,0,0,438,1146.47,Normal,Tuesday
23-04-2024,P119,Home,581,435.93,0,1,581,219,607.16,Festival,Tuesday
24-04-2024,P100,Fashion,1187,916.35,0,0,0,358,1242.18,Normal,Wednesday
24-04-2024,P101,Electronics,231.2,204.49,15,5,1156,412,233.53,Normal,Wednesday
24-04-2024,P102,Home,704,502.12,0,0,0,100,711.58,Normal,Wednesday
24-04-2024,P103,Electronics,1063.05,696.76,5,2,2126.1,293,1115.95,Normal,Wednesday
24-04-2024,P104,Fashion,780,622.37,0,2,1560,475,751.14,Normal,Wednesday
24-04-2024,P105,Sports,618.8,495.74,15,3,1856.4,396,597.64,Normal,Wednesday
24-04-2024,P106,Electronics,861.9,791.08,15,0,0,222,889.65,Holiday,Wednesday
24-04-2024,P107,Fashion,1448,1114.36,0,0,0,308,1461.68,Normal,Wednesday
24-04-2024,P108,Home,950,703.8,5,1,950,489,906.71,Normal,Wednesday
24-04-2024,P109,Home,1323.9,1097.7,10,1,1323.9,373,1385.22,Normal,Wednesday
24-04-2024,P110,Sports,296.4,245.76,5,2,592.8,418,282.98,Normal,Wednesday
24-04-2024,P111,Fashion,252.7,208.09,5,7,1768.9,76,246.77,Festival,Wednesday
24-04-2024,P112,Electronics,855,623.1,0,0,0,60,844.2,Sale,Wednesday
24-04-2024,P113,Fashion,847.8,664.06,10,0,0,145,858.55,Festival,Wednesday
24-04-2024,P114,Electronics,608,448.98,0,4,2432,380,585.82,Festival,Wednesday
24-04-2024,P115,Sports,1269,898.54,10,0,0,111,1290.38,Normal,Wednesday
24-04-2024,P116,Home,826.2,617.97,10,0,0,351,845.86,Normal,Wednesday
24-04-2024,P117,Home,634.6,445.06,5,3,1903.8,420,647.51,Normal,Wednesday
24-04-2024,P118,Electronics,868.7,648.18,15,0,0,134,871.37,Festival,Wednesday
24-04-2024,P119,Fashion,508,379.27,0,0,0,361,530.77,Normal,Wednesday
25-04-2024,P100,Electronics,549,382.59,0,1,549,100,530.44,Normal,Thursday
25-04-2024,P101,Home,357,265.18,0,5,1785,214,358.81,Festival,Thursday
25-04-2024,P102,Home,1095.3,937.24,10,1,1095.3,189,1093.99,Festival,Thursday
25-04-2024,P103,Fashion,1337.4,1133.88,10,0,0,96,1298.14,Holiday,Thursday
25-04-2024,P104,Home,658.8,530.51,10,1,658.8,482,675.87,Normal,Thursday
25-04-2024,P105,Fashion,210,151.43,0,10,2100,305,211.53,Holiday,Thursday
25-04-2024,P106,Electronics,704,561.97,0,0,0,228,728.77,Sale,Thursday
25-04-2024,P107,Home,795.6,561.59,10,5,3978,322,804.99,Holiday,Thursday
25-04-2024,P108,Electronics,1435,876.47,0,1,1435,147,1469.62,Normal,Thursday
25-04-2024,P109,Fashion,1350,1042.72,0,5,6750,149,1317.51,Festival,Thursday
25-04-2024,P110,Fashion,1121.95,909.92,5,0,0,94,1103.55,Normal,Thursday
25-04-2024,P111,Electronics,647.7,563.83,15,2,1295.4,83,667.85,Holiday,Thursday
25-04-2024,P112,Home,1052.1,780.21,10,1,1052.1,347,1046.21,Holiday,Thursday
25-04-2024,P113,Home,369.55,300.46,5,0,0,465,385.37,Normal,Thursday
25-04-2024,P114,Fashion,574,433.63,0,4,2296,423,588.64,Festival,Thursday
25-04-2024,P115,Fashion,652,480.09,0,1,652,319,627.31,Normal,Thursday
25-04-2024,P116,Sports,385.7,313.22,5,0,0,48,396.19,Normal,Thursday
25-04-2024,P117,Electronics,270.75,215.9,5,1,270.75,370,266.36,Normal,Thursday
25-04-2024,P118,Fashion,267,209.16,0,5,1335,174,275.81,Sale,Thursday
25-04-2024,P119,Home,1328,804.46,0,3,3984,302,1320.79,Normal,Thursday
26-04-2024,P100,Home,265,205.81,0,5,1325,113,266.14,Normal,Friday
26-04-2024,P101,Fashion,645.05,444.92,5,2,1290.1,301,616.34,Normal,Friday
26-04-2024,P102,Fashion,331,263.86,0,4,1324,440,316.31,Normal,Friday
26-04-2024,P103,Fashion,754,516.44,0,1,754,368,728.45,Normal,Friday
26-04-2024,P104,Sports,584,382.94,0,0,0,161,607.28,Festival,Friday
26-04-2024,P105,Fashion,344,242.13,0,2,688,240,351.15,Sale,Friday
26-04-2024,P106,Electronics,839,510.14,0,2,1678,418,876.57,Normal,Friday
26-04-2024,P107,Electronics,796,482.54,0,4,3184,442,814.41,Normal,Friday
26-04-2024,P108,Electronics,1127,852.63,0,1,1127,53,1180.66,Holiday,Friday
26-04-2024,P109,Fashion,1181,881.11,0,0,0,215,1189.89,Sale,Friday
26-04-2024,P110,Home,431,260.59,0,2,862,79,439.58,Normal,Friday
26-04-2024,P111,Fashion,493,304.09,0,0,0,65,488.49,Normal,Friday
26-04-2024,P112,Sports,799,507.67,0,0,0,361,767.09,Normal,Friday
26-04-2024,P113,Home,798,566.38,5,0,0,463,792.56,Normal,Friday
26-04-2024,P114,Sports,1001.3,822.49,15,2,2002.6,236,999.35,Normal,Friday
26-04-2024,P115,Fashion,1326.2,957.87,5,0,0,414,1280.96,Festival,Friday
26-04-2024,P116,Fashion,1186,736.69,0,0,0,262,1136.97,Normal,Friday
26-04-2024,P117,Home,190.8,142.2,10,7,1335.6,266,190.69,Sale,Friday
26-04-2024,P118,Home,383,269.62,0,7,2681,260,375.2,Sale,Friday
26-04-2024,P119,Electronics,483.55,305.43,5,1,483.55,60,504.06,Normal,Friday
27-04-2024,P100,Fashion,777,617.07,0,1,777,466,807.77,Normal,Saturday
27-04-2024,P101,Fashion,761,590.77,0,0,0,123,788.12,Festival,Saturday
27-04-2024,P102,Fashion,425,302.42,15,4,1700,436,420.2,Normal,Saturday
27-04-2024,P103,Electronics,280.25,228.99,5,6,1681.5,465,286.22,Festival,Saturday
27-04-2024,P104,Home,647,404.14,0,0,0,188,657.44,Festival,Saturday
27-04-2024,P105,Home,451.8,393.84,10,1,451.8,313,460.57,Normal,Saturday
27-04-2024,P106,Sports,533,361.01,0,1,533,68,509.81,Sale,Saturday
27-04-2024,P107,Electronics,491.4,410.08,10,4,1965.6,42,485.41,Normal,Saturday
27-04-2024,P108,Sports,1241,895.47,0,2,2482,142,1209.41,Normal,Saturday
27-04-2024,P109,Fashion,1383,1017.1,0,1,1383,470,1399.37,Normal,Saturday
27-04-2024,P110,Home,279,219.12,0,1,279,426,274.2,Normal,Saturday
27-04-2024,P111,Sports,1075.25,954.7,15,0,0,319,1049.04,Normal,Saturday
27-04-2024,P112,Fashion,1171,798.19,0,1,1171,42,1149.64,Festival,Saturday
27-04-2024,P113,Electronics,656.45,427.58,5,0,0,91,656.79,Normal,Saturday
27-04-2024,P114,Home,464.55,320.07,5,0,0,99,458.24,Normal,Saturday
27-04-2024,P115,Fashion,718,565.38,0,0,0,98,689.23,Festival,Saturday
27-04-2024,P116,Home,1185,820.87,0,0,0,336,1234.72,Festival,Saturday
27-04-2024,P117,Home,697,446.13,0,1,697,127,682.07,Festival,Saturday
27-04-2024,P118,Home,711.9,539.09,10,0,0,428,707.08,Normal,Saturday
27-04-2024,P119,Fashion,505.75,378.15,15,0,0,446,518.54,Normal,Saturday
28-04-2024,P100,Fashion,572,396.28,0,2,1144,377,553.7,Normal,Sunday
28-04-2024,P101,Electronics,367.2,313.27,10,4,1468.8,87,381.78,Normal,Sunday
28-04-2024,P102,Fashion,632.7,431.61,5,2,1265.4,263,624.99,Normal,Sunday
28-04-2024,P103,Fashion,382,243.66,0,7,2674,286,396.9,Festival,Sunday
28-04-2024,P104,Sports,764.75,595.54,5,0,0,325,777.94,Normal,Sunday
28-04-2024,P105,Fashion,461.7,298.5,5,2,923.4,222,448.77,Sale,Sunday
28-04-2024,P106,Sports,946.9,810.74,15,0,0,311,904.17,Holiday,Sunday
28-04-2024,P107,Sports,1170,863.14,0,0,0,410,1150.76,Sale,Sunday
28-04-2024,P108,Fashion,969.85,912.5,15,3,2909.55,245,996.8,Normal,Sunday
28-04-2024,P109,Home,945,783.66,10,0,0,312,958.82,Holiday,Sunday
28-04-2024,P110,Home,404,286.18,0,4,1616,202,384.7,Normal,Sunday
28-04-2024,P111,Home,307,244.71,0,4,1228,497,320.83,Normal,Sunday
28-04-2024,P112,Home,681.15,546.58,5,0,0,75,669.99,Normal,Sunday
28-04-2024,P113,Fashion,302.6,267.22,15,1,302.6,248,296.42,Normal,Sunday
28-04-2024,P114,Sports,958.5,766.4,10,0,0,335,978.99,Normal,Sunday
28-04-2024,P115,Home,907.8,836.18,15,4,3631.2,363,924.45,Normal,Sunday
28-04-2024,P116,Electronics,1211,934.31,0,0,0,42,1265.89,Festival,Sunday
28-04-2024,P117,Home,720,476.92,0,5,3600,348,730.79,Normal,Sunday
28-04-2024,P118,Home,1005.55,744.22,15,0,0,457,1043.97,Normal,Sunday
28-04-2024,P119,Electronics,925,563.11,0,0,0,459,915.43,Normal,Sunday
29-04-2024,P100,Electronics,1463,973.35,0,2,2926,302,1518.88,Normal,Monday
29-04-2024,P101,Sports,1287,1116.44,10,2,2574,451,1252.89,Normal,Monday
29-04-2024,P102,Home,1250,787.78,0,0,0,29,1260.07,Normal,Monday
29-04-2024,P103,Fashion,526,381.29,0,0,0,103,543.41,Normal,Monday
29-04-2024,P104,Fashion,591.85,476.59,5,2,1183.7,366,575.28,Sale,Monday
29-04-2024,P105,Fashion,1467,993.61,0,2,2934,352,1487.25,Normal,Monday
29-04-2024,P106,Electronics,1014,666.48,0,4,4056,259,1050.46,Festival,Monday
29-04-2024,P107,Electronics,559,350.36,0,3,1677,182,564.63,Festival,Monday
29-04-2024,P108,Fashion,309.7,208.06,5,4,1238.8,463,300.4,Normal,Monday
29-04-2024,P109,Home,482.4,364.3,10,3,1447.2,481,499,Holiday,Monday
29-04-2024,P110,Electronics,324.9,220.8,10,1,324.9,151,332.39,Normal,Monday
29-04-2024,P111,Sports,1027,645.89,0,3,3081,27,1000.97,Normal,Monday
29-04-2024,P112,Electronics,860.4,628.4,10,1,860.4,97,868.07,Sale,Monday
29-04-2024,P113,Sports,454.5,335.3,10,2,909,411,472.81,Normal,Monday
29-04-2024,P114,Sports,828,661.58,10,2,1656,213,850.28,Normal,Monday
29-04-2024,P115,Electronics,1160,876.4,0,0,0,470,1119.03,Normal,Monday
29-04-2024,P116,Sports,423,268.38,0,3,1269,78,405.82,Normal,Monday
29-04-2024,P117,Sports,295.8,256.22,15,3,887.4,152,296.94,Normal,Monday
29-04-2024,P118,Sports,1066.5,896.98,10,1,1066.5,87,1042.67,Festival,Monday
29-04-2024,P119,Home,611,461.28,0,0,0,493,582.11,Normal,Monday
30-04-2024,P100,Sports,1295,819.2,0,0,0,331,1260.7,Normal,Tuesday
30-04-2024,P101,Fashion,333,241.31,0,6,1998,440,329.42,Festival,Tuesday
30-04-2024,P102,Electronics,1276,986.63,0,3,3828,59,1304.81,Sale,Tuesday
30-04-2024,P103,Electronics,904,702.42,0,2,1808,412,895.04,Festival,Tuesday
30-04-2024,P104,Home,527.25,382.49,5,0,0,437,543.12,Normal,Tuesday
30-04-2024,P105,Home,569,454.97,0,3,1707,216,551.44,Normal,Tuesday
30-04-2024,P106,Home,781.15,722.77,15,1,781.15,27,805.73,Normal,Tuesday
30-04-2024,P107,Fashion,955.4,812.09,15,0,0,78,969.97,Festival,Tuesday
30-04-2024,P108,Fashion,264,183.34,0,0,0,380,269.56,Normal,Tuesday
30-04-2024,P109,Fashion,1411.7,893.42,5,0,0,36,1427.86,Normal,Tuesday
30-04-2024,P110,Home,688,507.1,0,4,2752,336,678.48,Normal,Tuesday
30-04-2024,P111,Electronics,447,354.02,0,2,894,37,426.39,Sale,Tuesday
30-04-2024,P112,Home,1041.3,805.67,10,0,0,390,1018.59,Normal,Tuesday
30-04-2024,P113,Fashion,1207.8,917.96,10,0,0,157,1238.62,Normal,Tuesday
30-04-2024,P114,Sports,772,563.79,0,5,3860,457,767.42,Holiday,Tuesday
30-04-2024,P115,Home,823,524.38,0,0,0,407,855.26,Normal,Tuesday
30-04-2024,P116,Fashion,255,196.95,0,4,1020,69,260.6,Normal,Tuesday
30-04-2024,P117,Fashion,793,531.01,0,0,0,392,810.36,Normal,Tuesday
30-04-2024,P118,Sports,254,169.31,0,3,762,57,259.48,Normal,Tuesday
30-04-2024,P119,Fashion,1420,872.13,0,1,1420,498,1416.24,Normal,Tuesday
01-05-2024,P100,Home,1001.3,644.73,5,4,4005.2,168,1021.36,Normal,Wednesday
01-05-2024,P101,Home,1336.65,919.97,5,0,0,329,1396.37,Festival,Wednesday
01-05-2024,P102,Fashion,414,349.32,10,7,2898,331,425.4,Sale,Wednesday
01-05-2024,P103,Home,706.35,530.46,15,1,706.35,303,710.97,Normal,Wednesday
01-05-2024,P104,Home,226,154.81,0,2,452,141,222.87,Normal,Wednesday
01-05-2024,P105,Electronics,1247,880.57,0,0,0,68,1270.63,Holiday,Wednesday
01-05-2024,P106,Sports,937,589.59,0,0,0,54,935.35,Holiday,Wednesday
01-05-2024,P107,Home,1466,1086.77,0,0,0,496,1513.1,Normal,Wednesday
01-05-2024,P108,Electronics,960,689.31,0,3,2880,273,966.55,Sale,Wednesday
01-05-2024,P109,Fashion,1110,711.05,0,3,3330,393,1131.74,Normal,Wednesday
01-05-2024,P110,Fashion,1025.05,703.63,5,3,3075.15,387,1068.43,Holiday,Wednesday
01-05-2024,P111,Sports,958,587.41,0,0,0,353,949.3,Normal,Wednesday
01-05-2024,P112,Home,880.65,603.51,5,0,0,422,896.93,Normal,Wednesday
01-05-2024,P113,Electronics,249.3,199.51,10,5,1246.5,216,251.79,Normal,Wednesday
01-05-2024,P114,Fashion,299,179.6,0,5,1495,144,287.21,Sale,Wednesday
01-05-2024,P115,Electronics,682,527.06,0,0,0,222,713.67,Normal,Wednesday
01-05-2024,P116,Sports,814,569.56,0,0,0,361,813.79,Normal,Wednesday
01-05-2024,P117,Electronics,1276,829.67,0,0,0,467,1263.06,Normal,Wednesday
01-05-2024,P118,Sports,243.9,200.34,10,2,487.8,300,249,Normal,Wednesday
01-05-2024,P119,Fashion,1253.05,945.89,5,0,0,71,1252.27,Normal,Wednesday
02-05-2024,P100,Electronics,1275.3,1126.55,10,0,0,485,1248.72,Normal,Thursday
02-05-2024,P101,Fashion,392.7,358.5,15,2,785.4,432,374.02,Normal,Thursday
02-05-2024,P102,Fashion,1366.1,1032.21,5,2,2732.2,68,1421.43,Normal,Thursday
02-05-2024,P103,Fashion,252,204.27,10,1,252,306,250.74,Normal,Thursday
02-05-2024,P104,Electronics,589.95,380.1,5,2,1179.9,344,608.14,Normal,Thursday
02-05-2024,P105,Electronics,1285,901.3,0,0,0,85,1292.23,Festival,Thursday
02-05-2024,P106,Electronics,1452,1013.93,0,2,2904,448,1523.98,Normal,Thursday
02-05-2024,P107,Fashion,972.9,726.18,10,0,0,82,972.75,Normal,Thursday
02-05-2024,P108,Electronics,237,174.07,0,4,948,113,232.85,Normal,Thursday
02-05-2024,P109,Home,1479,1166.34,0,2,2958,154,1412.26,Normal,Thursday
02-05-2024,P110,Sports,1482,992.88,0,0,0,183,1524.31,Festival,Thursday
02-05-2024,P111,Home,866,611.37,0,0,0,158,891.64,Normal,Thursday
02-05-2024,P112,Sports,350.55,230.08,5,2,701.1,417,347.39,Holiday,Thursday
02-05-2024,P113,Electronics,1415.5,1088.87,5,3,4246.5,66,1444.52,Sale,Thursday
02-05-2024,P114,Home,728,467.52,0,0,0,441,743.34,Normal,Thursday
02-05-2024,P115,Fashion,375.7,312.03,15,4,1502.8,382,385.01,Holiday,Thursday
02-05-2024,P116,Home,882.9,597.07,10,2,1765.8,63,911.98,Festival,Thursday
02-05-2024,P117,Sports,829,582.58,0,1,829,55,848.84,Normal,Thursday
02-05-2024,P118,Home,1086.3,894.76,10,0,0,470,1117.23,Holiday,Thursday
02-05-2024,P119,Sports,418,272.13,5,2,836,215,415.42,Normal,Thursday
03-05-2024,P100,Electronics,408.85,294.01,15,4,1635.4,138,404.96,Holiday,Friday
03-05-2024,P101,Electronics,645.3,465.65,10,0,0,321,665.44,Normal,Friday
03-05-2024,P102,Home,1082,721.83,0,0,0,396,1039.82,Normal,Friday
03-05-2024,P103,Sports,560.5,466.43,5,0,0,292,566.43,Sale,Friday
03-05-2024,P104,Electronics,1326.2,953.27,5,0,0,45,1329.13,Normal,Friday
03-05-2024,P105,Sports,1356,1063.15,0,1,1356,470,1329.79,Normal,Friday
03-05-2024,P106,Home,375.7,347.26,15,5,1878.5,407,359.55,Normal,Friday
03-05-2024,P107,Sports,294.3,239.93,10,3,882.9,249,307.49,Normal,Friday
03-05-2024,P108,Electronics,340,255.63,0,2,680,424,339.75,Normal,Friday
03-05-2024,P109,Home,1077.3,956.92,10,2,2154.6,330,1113.71,Festival,Friday
03-05-2024,P110,Home,326.8,250.28,5,1,326.8,372,335.2,Normal,Friday
03-05-2024,P111,Sports,1157.4,1002.97,10,0,0,53,1212.05,Normal,Friday
03-05-2024,P112,Electronics,1179,1036.74,10,1,1179,499,1160.19,Normal,Friday
03-05-2024,P113,Sports,580,392.74,0,1,580,371,598.14,Normal,Friday
03-05-2024,P114,Fashion,1365,835.6,0,0,0,361,1433.18,Normal,Friday
03-05-2024,P115,Home,911.2,753.84,15,3,2733.6,151,869.61,Sale,Friday
03-05-2024,P116,Electronics,934,740.82,0,0,0,71,900.72,Sale,Friday
03-05-2024,P117,Home,869.55,637.49,15,2,1739.1,251,855.53,Festival,Friday
03-05-2024,P118,Electronics,1490,1019.16,0,2,2980,422,1485.44,Normal,Friday
03-05-2024,P119,Electronics,693,486.1,0,0,0,354,713.52,Normal,Friday
04-05-2024,P100,Electronics,676,473.6,0,0,0,317,689.99,Holiday,Saturday
04-05-2024,P101,Home,317.9,233.2,15,3,953.7,411,329.48,Holiday,Saturday
04-05-2024,P102,Fashion,1150.45,796.39,5,0,0,145,1108.02,Sale,Saturday
04-05-2024,P103,Fashion,415,330.22,0,1,415,459,412.17,Normal,Saturday
04-05-2024,P104,Home,1184.05,1029.66,15,3,3552.15,169,1238.88,Sale,Saturday
04-05-2024,P105,Electronics,433.5,402.1,15,7,3034.5,92,447.86,Sale,Saturday
04-05-2024,P106,Electronics,672,413.25,0,3,2016,106,650.36,Normal,Saturday
04-05-2024,P107,Fashion,1169,752.02,0,1,1169,384,1214.93,Normal,Saturday
04-05-2024,P108,Electronics,329.8,234.01,15,3,989.4,238,325.46,Normal,Saturday
04-05-2024,P109,Home,436,293.59,0,2,872,469,434.01,Normal,Saturday
04-05-2024,P110,Fashion,478,359.36,0,0,0,477,500.83,Normal,Saturday
04-05-2024,P111,Fashion,1058.25,913.7,15,0,0,149,1108.23,Sale,Saturday
04-05-2024,P112,Fashion,528.2,339.31,5,2,1056.4,497,535.7,Normal,Saturday
04-05-2024,P113,Fashion,850,796.99,15,2,1700,134,852.44,Normal,Saturday
04-05-2024,P114,Sports,517.5,377.68,10,3,1552.5,102,526.35,Normal,Saturday
04-05-2024,P115,Home,1344.25,900.54,5,0,0,392,1359.71,Normal,Saturday
04-05-2024,P116,Fashion,781,608.85,0,3,2343,484,792.95,Normal,Saturday
04-05-2024,P117,Home,485,318.32,0,2,970,393,466.48,Festival,Saturday
04-05-2024,P118,Sports,544,342.93,0,0,0,213,553.24,Festival,Saturday
04-05-2024,P119,Fashion,1004.4,755.97,10,2,2008.8,178,992.51,Festival,Saturday
05-05-2024,P100,Sports,200.6,144.92,15,9,1805.4,50,202.08,Festival,Sunday
05-05-2024,P101,Home,789.45,517.42,5,1,789.45,344,777.93,Normal,Sunday
05-05-2024,P102,Sports,248.4,220.65,10,3,745.2,328,242.78,Normal,Sunday
05-05-2024,P103,Electronics,1047.6,792.44,10,6,6285.6,46,1075,Sale,Sunday
05-05-2024,P104,Electronics,774,588.33,10,3,2322,106,794.98,Festival,Sunday
05-05-2024,P105,Fashion,1094,752.01,0,0,0,467,1068.92,Normal,Sunday
05-05-2024,P106,Sports,500.65,410.79,5,1,500.65,338,499.72,Normal,Sunday
05-05-2024,P107,Electronics,1027,644.18,0,3,3081,388,1066.95,Festival,Sunday
05-05-2024,P108,Home,1410.75,1071.59,5,0,0,249,1394.13,Normal,Sunday
05-05-2024,P109,Fashion,949,631.68,0,1,949,166,985.69,Sale,Sunday
05-05-2024,P110,Home,1436,1079.34,0,0,0,156,1443.35,Normal,Sunday
05-05-2024,P111,Fashion,200,125.83,0,4,800,83,208.82,Normal,Sunday
05-05-2024,P112,Fashion,1085,836.9,0,2,2170,25,1120.43,Normal,Sunday
05-05-2024,P113,Electronics,880.2,612.64,10,0,0,429,918.7,Normal,Sunday
05-05-2024,P114,Home,461,338.66,0,4,1844,205,438.26,Normal,Sunday
05-05-2024,P115,Electronics,631.75,508.28,5,1,631.75,375,619.15,Normal,Sunday
05-05-2024,P116,Home,745.75,499.08,5,0,0,254,771.63,Normal,Sunday
05-05-2024,P117,Sports,1177.05,951.27,5,0,0,317,1204.92,Normal,Sunday
05-05-2024,P118,Sports,652.65,439.33,5,0,0,163,627.4,Festival,Sunday
05-05-2024,P119,Sports,585.9,437.42,10,4,2343.6,59,564.61,Holiday,Sunday
06-05-2024,P100,Electronics,195.3,147.82,10,10,1953,253,197.16,Sale,Monday
06-05-2024,P101,Fashion,1190.85,842.68,15,0,0,397,1179.94,Normal,Monday
06-05-2024,P102,Sports,1217,847.01,0,0,0,390,1193.67,Normal,Monday
06-05-2024,P103,Home,747,480.14,0,0,0,439,727.51,Normal,Monday
06-05-2024,P104,Sports,282.15,235.74,5,1,282.15,498,287.11,Sale,Monday
06-05-2024,P105,Fashion,685,482.73,0,1,685,264,675.37,Holiday,Monday
06-05-2024,P106,Home,1272,989.94,0,2,2544,180,1225.65,Sale,Monday
06-05-2024,P107,Electronics,1199.7,954.61,10,0,0,254,1173.98,Normal,Monday
06-05-2024,P108,Fashion,970.2,751.08,10,1,970.2,387,952.54,Normal,Monday
06-05-2024,P109,Sports,643.45,563.62,15,2,1286.9,400,637.33,Normal,Monday
06-05-2024,P110,Sports,1040,725.6,0,2,2080,339,1038.54,Normal,Monday
06-05-2024,P111,Sports,410.4,261.71,5,4,1641.6,335,409.21,Festival,Monday
06-05-2024,P112,Sports,1033.6,805.62,15,1,1033.6,318,1082.08,Festival,Monday
06-05-2024,P113,Home,628.9,416.98,5,2,1257.8,475,654.85,Holiday,Monday
06-05-2024,P114,Electronics,455,311.21,0,5,2275,313,451.53,Normal,Monday
06-05-2024,P115,Electronics,1141.55,822.63,15,2,2283.1,330,1087.05,Normal,Monday
06-05-2024,P116,Home,455.4,303.95,10,0,0,116,463.77,Normal,Monday
06-05-2024,P117,Home,664.05,475.86,5,4,2656.2,252,637.58,Festival,Monday
06-05-2024,P118,Home,242.25,193.49,5,4,969,206,244.07,Normal,Monday
06-05-2024,P119,Sports,858.8,652.13,5,0,0,464,860.58,Festival,Monday
07-05-2024,P100,Fashion,1235.7,960.4,10,4,4942.8,368,1275.75,Festival,Tuesday
07-05-2024,P101,Home,662.4,496.72,10,1,662.4,410,663.42,Normal,Tuesday
07-05-2024,P102,Fashion,544,335.72,0,2,1088,34,538.8,Holiday,Tuesday
07-05-2024,P103,Sports,1185,874.37,0,2,2370,387,1208.9,Normal,Tuesday
07-05-2024,P104,Fashion,277,210.4,0,4,1108,326,289.08,Festival,Tuesday
07-05-2024,P105,Electronics,385,264.68,0,0,0,78,384.95,Normal,Tuesday
07-05-2024,P106,Fashion,993,781.17,0,2,1986,438,981.01,Holiday,Tuesday
07-05-2024,P107,Home,656,472.39,0,3,1968,159,648.86,Normal,Tuesday
07-05-2024,P108,Sports,1467,1124,0,2,2934,169,1522.59,Normal,Tuesday
07-05-2024,P109,Fashion,900,607.39,0,3,2700,473,919.83,Normal,Tuesday
07-05-2024,P110,Fashion,1190,1050.89,15,0,0,355,1153.13,Normal,Tuesday
07-05-2024,P111,Sports,956,645.64,0,3,2868,372,946.54,Normal,Tuesday
07-05-2024,P112,Sports,203,124.43,0,3,609,472,200.79,Normal,Tuesday
07-05-2024,P113,Fashion,279.3,192.57,5,0,0,384,279.55,Festival,Tuesday
07-05-2024,P114,Sports,359.1,297.92,10,5,1795.5,271,376.59,Festival,Tuesday
07-05-2024,P115,Electronics,1187.1,883.86,10,0,0,361,1137.8,Sale,Tuesday
07-05-2024,P116,Sports,1366.1,991.79,5,1,1366.1,145,1420.81,Normal,Tuesday
07-05-2024,P117,Sports,975,645.34,0,1,975,119,976.49,Normal,Tuesday
07-05-2024,P118,Sports,741,586.52,0,0,0,175,706.79,Normal,Tuesday
07-05-2024,P119,Home,654,458.46,0,2,1308,231,650.67,Festival,Tuesday
08-05-2024,P100,Sports,742,483.85,0,5,3710,265,769.26,Festival,Wednesday
08-05-2024,P101,Home,418.5,357.71,10,4,1674,444,398.42,Holiday,Wednesday
08-05-2024,P102,Fashion,875,582.93,0,0,0,460,834.92,Normal,Wednesday
08-05-2024,P103,Home,1150.05,875.51,15,0,0,31,1187.03,Normal,Wednesday
08-05-2024,P104,Sports,1116.05,1009.07,15,2,2232.1,282,1101.13,Normal,Wednesday
08-05-2024,P105,Home,734.35,495.96,5,0,0,140,756.01,Normal,Wednesday
08-05-2024,P106,Fashion,510,394.87,0,1,510,204,524.39,Normal,Wednesday
08-05-2024,P107,Home,942.4,776.24,5,5,4712,362,946.73,Sale,Wednesday
08-05-2024,P108,Fashion,596,372.6,0,6,3576,101,595.1,Normal,Wednesday
08-05-2024,P109,Fashion,309,208,0,0,0,221,314.86,Normal,Wednesday
08-05-2024,P110,Home,1479,1161.04,0,2,2958,238,1533.05,Sale,Wednesday
08-05-2024,P111,Sports,538,388.28,0,0,0,68,528.82,Normal,Wednesday
08-05-2024,P112,Electronics,938.6,743.07,5,3,2815.8,194,895.25,Holiday,Wednesday
08-05-2024,P113,Home,592.8,401.93,5,2,1185.6,322,576.46,Festival,Wednesday
08-05-2024,P114,Home,756,604.49,0,4,3024,52,788.64,Holiday,Wednesday
08-05-2024,P115,Sports,550.8,425.24,10,4,2203.2,156,536.53,Normal,Wednesday
08-05-2024,P116,Sports,479.75,310.01,5,4,1919,56,456.42,Holiday,Wednesday
08-05-2024,P117,Fashion,581.4,452.38,10,0,0,40,554.67,Normal,Wednesday
08-05-2024,P118,Home,245,156.29,0,6,1470,335,234.48,Holiday,Wednesday
08-05-2024,P119,Fashion,275.5,225.47,5,2,551,272,287.8,Normal,Wednesday
09-05-2024,P100,Sports,504,440.78,10,3,1512,474,511.7,Festival,Thursday
09-05-2024,P101,Electronics,411.35,302.78,5,0,0,480,419.15,Normal,Thursday
09-05-2024,P102,Electronics,205,127.24,0,6,1230,90,208.03,Holiday,Thursday
09-05-2024,P103,Sports,878.75,607.52,5,1,878.75,453,886.15,Normal,Thursday
09-05-2024,P104,Sports,1141,873.91,0,2,2282,74,1086.85,Festival,Thursday
09-05-2024,P105,Home,915.45,704.74,15,2,1830.9,24,886.45,Normal,Thursday
09-05-2024,P106,Fashion,1008,619.2,0,1,1008,261,1024.11,Holiday,Thursday
09-05-2024,P107,Sports,302,232.83,0,6,1812,242,315.47,Holiday,Thursday
09-05-2024,P108,Fashion,1290.1,945.95,5,0,0,427,1290.66,Sale,Thursday
09-05-2024,P109,Sports,1261.8,999.1,10,0,0,444,1251.44,Sale,Thursday
09-05-2024,P110,Home,1232,964.17,0,4,4928,123,1272.07,Festival,Thursday
09-05-2024,P111,Fashion,1315,797.77,0,3,3945,420,1269.1,Normal,Thursday
09-05-2024,P112,Home,1046.7,785.11,10,2,2093.4,263,1079.34,Normal,Thursday
09-05-2024,P113,Sports,420.75,356.92,15,2,841.5,124,410.47,Sale,Thursday
09-05-2024,P114,Electronics,891.1,680.37,5,1,891.1,396,857.61,Festival,Thursday
09-05-2024,P115,Home,880,649.41,0,0,0,216,910.28,Sale,Thursday
09-05-2024,P116,Home,419,306.82,0,3,1257,260,439.63,Normal,Thursday
09-05-2024,P117,Sports,947,632.52,0,1,947,250,980.92,Holiday,Thursday
09-05-2024,P118,Home,288.8,195.65,5,5,1444,469,287.83,Sale,Thursday
09-05-2024,P119,Electronics,1463,1005.99,0,0,0,359,1430.63,Normal,Thursday
10-05-2024,P100,Fashion,1042,752.66,0,2,2084,59,1016.27,Normal,Friday
10-05-2024,P101,Electronics,452.2,365.67,15,5,2261,254,465.37,Festival,Friday
10-05-2024,P102,Home,234,148.04,0,5,1170,226,243.55,Festival,Friday
10-05-2024,P103,Sports,1490,1165.65,0,0,0,342,1532.09,Normal,Friday
10-05-2024,P104,Fashion,1233.9,962.65,10,1,1233.9,102,1228.7,Normal,Friday
10-05-2024,P105,Sports,635.4,527.65,10,5,3177,365,617.2,Normal,Friday
10-05-2024,P106,Electronics,1135.25,784.77,5,3,3405.75,346,1094.11,Normal,Friday
10-05-2024,P107,Home,227,174.63,0,4,908,487,233.66,Normal,Friday
10-05-2024,P108,Home,769.5,557.34,5,1,769.5,112,785.03,Sale,Friday
10-05-2024,P109,Fashion,378,240.81,0,4,1512,116,365.09,Festival,Friday
10-05-2024,P110,Electronics,964.75,856.67,15,1,964.75,266,942.67,Festival,Friday
10-05-2024,P111,Home,939,689.43,0,0,0,220,908.81,Normal,Friday
10-05-2024,P112,Home,552.9,393.72,5,2,1105.8,85,546.46,Normal,Friday
10-05-2024,P113,Electronics,1129,705.38,0,3,3387,35,1184.22,Normal,Friday
10-05-2024,P114,Sports,1155.6,997.83,10,0,0,429,1179.68,Normal,Friday
10-05-2024,P115,Sports,723,435.49,0,0,0,450,754.35,Normal,Friday
10-05-2024,P116,Home,840.65,713.11,15,3,2521.95,92,812.25,Sale,Friday
10-05-2024,P117,Fashion,596,383.02,0,3,1788,490,607.9,Sale,Friday
10-05-2024,P118,Sports,1406,991.14,0,3,4218,338,1388.37,Festival,Friday
10-05-2024,P119,Fashion,1087,799.67,0,0,0,188,1136.33,Normal,Friday
11-05-2024,P100,Electronics,1217,836.74,0,5,6085,250,1246.25,Sale,Saturday
11-05-2024,P101,Fashion,1170.9,825.58,10,0,0,476,1205.83,Normal,Saturday
11-05-2024,P102,Electronics,925.65,860.09,15,2,1851.3,431,896.11,Normal,Saturday
11-05-2024,P103,Electronics,431,302.99,0,0,0,460,452.16,Normal,Saturday
11-05-2024,P104,Sports,963,601.74,0,2,1926,141,1004.6,Festival,Saturday
11-05-2024,P105,Home,1170,810.86,10,0,0,411,1193.72,Festival,Saturday
11-05-2024,P106,Electronics,1370.85,873.33,5,2,2741.7,94,1383.86,Normal,Saturday
11-05-2024,P107,Electronics,927,700.73,0,4,3708,450,962.48,Normal,Saturday
11-05-2024,P108,Electronics,1096.3,770,5,0,0,475,1098.52,Normal,Saturday
11-05-2024,P109,Fashion,1201.5,1018.47,10,0,0,350,1237.34,Normal,Saturday
11-05-2024,P110,Sports,1181.7,1036.71,10,2,2363.4,51,1187.89,Holiday,Saturday
11-05-2024,P111,Fashion,450.9,317.35,10,4,1803.6,151,443.91,Normal,Saturday
11-05-2024,P112,Sports,406.6,296.31,5,3,1219.8,360,419.44,Holiday,Saturday
11-05-2024,P113,Sports,1053.15,804.91,15,2,2106.3,370,1001.92,Festival,Saturday
11-05-2024,P114,Fashion,566,399.9,0,2,1132,378,573.5,Normal,Saturday
11-05-2024,P115,Fashion,454.1,290.55,5,5,2270.5,471,471.68,Festival,Saturday
11-05-2024,P116,Electronics,431,280.67,0,2,862,80,441.2,Normal,Saturday
11-05-2024,P117,Fashion,472.15,386.43,5,7,3305.05,397,495.68,Festival,Saturday
11-05-2024,P118,Electronics,368,282.63,0,1,368,349,352.48,Holiday,Saturday
11-05-2024,P119,Fashion,864.9,609.07,10,3,2594.7,233,828.89,Sale,Saturday
12-05-2024,P100,Fashion,358,255.93,0,4,1432,358,357.11,Festival,Sunday
12-05-2024,P101,Electronics,952.85,606.29,5,2,1905.7,106,934.46,Festival,Sunday
12-05-2024,P102,Sports,380.95,248.16,5,0,0,232,373,Normal,Sunday
12-05-2024,P103,Electronics,352.8,298.14,10,0,0,60,360.8,Normal,Sunday
12-05-2024,P104,Electronics,1438,926.92,0,0,0,205,1376.47,Normal,Sunday
12-05-2024,P105,Electronics,623.9,500.63,15,0,0,137,647.61,Sale,Sunday
12-05-2024,P106,Home,1259.1,1003.21,10,1,1259.1,323,1248.53,Normal,Sunday
12-05-2024,P107,Fashion,1036,821.04,0,0,0,485,1022.27,Sale,Sunday
12-05-2024,P108,Electronics,1033,770.36,0,1,1033,51,1067.25,Festival,Sunday
12-05-2024,P109,Electronics,1305,1024.01,0,0,0,369,1355.43,Normal,Sunday
12-05-2024,P110,Sports,400,241.46,0,0,0,325,409.15,Normal,Sunday
12-05-2024,P111,Electronics,930,718.24,0,0,0,199,936.83,Normal,Sunday
12-05-2024,P112,Electronics,916.3,790.22,15,1,916.3,269,948.12,Normal,Sunday
12-05-2024,P113,Fashion,688.5,603.59,15,0,0,55,704.9,Normal,Sunday
12-05-2024,P114,Fashion,556,434.22,0,0,0,464,535.44,Festival,Sunday
12-05-2024,P115,Sports,322,216.73,0,2,644,434,332.63,Normal,Sunday
12-05-2024,P116,Electronics,1142.4,832.13,15,0,0,360,1159.07,Normal,Sunday
12-05-2024,P117,Home,361.95,234.69,5,4,1447.8,390,374.64,Festival,Sunday
12-05-2024,P118,Sports,407,285.72,0,3,1221,312,411.95,Sale,Sunday
12-05-2024,P119,Electronics,684.9,530.99,10,1,684.9,407,658.9,Sale,Sunday
13-05-2024,P100,Sports,226.1,174.94,5,4,904.4,136,222.83,Sale,Monday
13-05-2024,P101,Fashion,1275,1006.31,0,2,2550,137,1297.08,Festival,Monday
13-05-2024,P102,Home,367.2,283.51,10,2,734.4,370,355.24,Normal,Monday
13-05-2024,P103,Electronics,1419.3,1024.88,5,2,2838.6,180,1361.2,Normal,Monday
13-05-2024,P104,Fashion,449.1,344.72,10,0,0,258,436.56,Normal,Monday
13-05-2024,P105,Fashion,574.75,430.04,5,2,1149.5,419,597.48,Sale,Monday
13-05-2024,P106,Fashion,232.2,204.15,10,7,1625.4,376,237.48,Normal,Monday
13-05-2024,P107,Sports,545.4,427.06,10,2,1090.8,56,518.6,Sale,Monday
13-05-2024,P108,Sports,650,436.18,0,2,1300,214,618.52,Normal,Monday
13-05-2024,P109,Sports,1162.8,805.42,10,3,3488.4,464,1183.06,Normal,Monday
13-05-2024,P110,Fashion,949.5,787.31,10,2,1899,193,912.03,Festival,Monday
13-05-2024,P111,Fashion,918.65,620.81,5,0,0,452,956.86,Normal,Monday
13-05-2024,P112,Fashion,252,193.9,0,6,1512,286,263.28,Normal,Monday
13-05-2024,P113,Sports,202.35,165.46,5,11,2225.85,422,196.39,Holiday,Monday
13-05-2024,P114,Sports,1314,878.19,0,1,1314,93,1349.03,Holiday,Monday
13-05-2024,P115,Sports,281.7,201.42,10,6,1690.2,244,293.37,Sale,Monday
13-05-2024,P116,Electronics,517,390.39,0,3,1551,257,527.62,Festival,Monday
13-05-2024,P117,Electronics,1262,918.63,0,0,0,452,1291.15,Holiday,Monday
13-05-2024,P118,Sports,707,484.47,0,4,2828,171,725.88,Sale,Monday
13-05-2024,P119,Sports,1415,1104.06,0,0,0,360,1410.12,Festival,Monday
14-05-2024,P100,Electronics,949,621.36,0,3,2847,347,994.03,Normal,Tuesday
14-05-2024,P101,Home,486,342.92,10,0,0,400,481.14,Normal,Tuesday
14-05-2024,P102,Sports,463.5,313.68,10,4,1854,343,486.18,Festival,Tuesday
14-05-2024,P103,Home,1203.65,879.22,5,0,0,353,1191.43,Normal,Tuesday
14-05-2024,P104,Electronics,399.5,309.52,15,3,1198.5,345,391.18,Festival,Tuesday
14-05-2024,P105,Electronics,1100,703.06,0,1,1100,228,1046.83,Holiday,Tuesday
14-05-2024,P106,Electronics,1278,1010.97,0,5,6390,56,1281.35,Festival,Tuesday
14-05-2024,P107,Sports,1185,863.94,0,0,0,136,1196.87,Normal,Tuesday
14-05-2024,P108,Electronics,809.4,678.86,5,0,0,409,783.7,Normal,Tuesday
14-05-2024,P109,Electronics,1212.1,927.57,15,0,0,298,1215.55,Festival,Tuesday
14-05-2024,P110,Fashion,386,290.8,0,2,772,146,384.84,Normal,Tuesday
14-05-2024,P111,Electronics,1114,801.72,0,1,1114,181,1110.14,Normal,Tuesday
14-05-2024,P112,Electronics,1385,1077.21,0,4,5540,223,1428.41,Festival,Tuesday
14-05-2024,P113,Sports,1095.65,926.79,15,3,3286.95,492,1144.35,Festival,Tuesday
14-05-2024,P114,Sports,1425,943.46,0,0,0,458,1387.12,Festival,Tuesday
14-05-2024,P115,Home,759.05,600.58,15,0,0,438,780.15,Normal,Tuesday
14-05-2024,P116,Home,1050,732.6,0,1,1050,335,1084.47,Festival,Tuesday
14-05-2024,P117,Sports,311.1,238.64,15,3,933.3,408,310.71,Normal,Tuesday
14-05-2024,P118,Sports,792,617.81,0,2,1584,309,803.19,Normal,Tuesday
14-05-2024,P119,Electronics,474.3,392.95,15,0,0,199,474.74,Normal,Tuesday
15-05-2024,P100,Home,607,448.35,0,1,607,174,582.58,Normal,Wednesday
15-05-2024,P101,Sports,1192.25,877.85,5,0,0,255,1137.48,Festival,Wednesday
15-05-2024,P102,Home,955.4,714.98,15,0,0,490,913.28,Normal,Wednesday
15-05-2024,P103,Sports,1369,1083,0,1,1369,375,1415.92,Normal,Wednesday
15-05-2024,P104,Home,1354.7,1053.96,5,1,1354.7,268,1330.3,Normal,Wednesday
15-05-2024,P105,Home,820,564.23,0,3,2460,148,782.82,Festival,Wednesday
15-05-2024,P106,Sports,1071,968.84,15,0,0,194,1118.47,Normal,Wednesday
15-05-2024,P107,Fashion,1470,1024.03,0,0,0,418,1501.81,Normal,Wednesday
15-05-2024,P108,Home,406,318.35,0,2,812,491,394.9,Festival,Wednesday
15-05-2024,P109,Electronics,237.15,167.4,15,8,1897.2,297,238.34,Holiday,Wednesday
15-05-2024,P110,Electronics,383.8,276.17,5,5,1919,419,387.39,Normal,Wednesday
15-05-2024,P111,Electronics,405,249.09,0,4,1620,250,394.43,Sale,Wednesday
15-05-2024,P112,Fashion,458.85,350.96,5,3,1376.55,235,442.44,Normal,Wednesday
15-05-2024,P113,Fashion,557.6,425.89,15,2,1115.2,385,537.26,Normal,Wednesday
15-05-2024,P114,Sports,768.4,595.19,15,0,0,128,800.3,Normal,Wednesday
15-05-2024,P115,Sports,458,351.61,0,4,1832,136,462.84,Sale,Wednesday
15-05-2024,P116,Fashion,742,446.17,0,2,1484,85,763.81,Holiday,Wednesday
15-05-2024,P117,Electronics,622,435.84,0,1,622,487,592.87,Normal,Wednesday
15-05-2024,P118,Fashion,1465,1112.58,0,1,1465,132,1532.4,Holiday,Wednesday
15-05-2024,P119,Home,1070,731.41,0,4,4280,167,1074.94,Sale,Wednesday
16-05-2024,P100,Sports,527.25,398.68,5,4,2109,433,552.86,Holiday,Thursday
16-05-2024,P101,Electronics,1085.85,702.09,5,0,0,339,1137.65,Normal,Thursday
16-05-2024,P102,Sports,591.85,419.75,5,3,1775.55,461,591.15,Sale,Thursday
16-05-2024,P103,Sports,733,470.6,0,1,733,216,763.82,Normal,Thursday
16-05-2024,P104,Electronics,1236.9,839.34,5,1,1236.9,174,1263.89,Normal,Thursday
16-05-2024,P105,Home,501.6,348.48,5,1,501.6,478,523.68,Sale,Thursday
16-05-2024,P106,Home,1119.6,857.45,10,0,0,135,1101.45,Normal,Thursday
16-05-2024,P107,Electronics,952.2,704.37,10,0,0,488,919.89,Holiday,Thursday
16-05-2024,P108,Sports,936,736.74,0,0,0,29,927.91,Normal,Thursday
16-05-2024,P109,Sports,797,607.41,0,3,2391,426,814.68,Normal,Thursday
16-05-2024,P110,Home,1151,831.06,0,1,1151,120,1175.5,Holiday,Thursday
16-05-2024,P111,Fashion,888,681.48,0,1,888,472,928.34,Normal,Thursday
16-05-2024,P112,Electronics,1387,884.11,0,0,0,392,1378.97,Sale,Thursday
16-05-2024,P113,Home,1273,842.14,0,0,0,490,1231.36,Normal,Thursday
16-05-2024,P114,Sports,473,295.75,0,1,473,242,477.25,Normal,Thursday
16-05-2024,P115,Sports,778.6,680.87,15,4,3114.4,408,752.52,Normal,Thursday
16-05-2024,P116,Electronics,292.6,214.78,5,0,0,122,289.55,Normal,Thursday
16-05-2024,P117,Home,180.2,147.05,15,3,540.6,406,181.43,Normal,Thursday
16-05-2024,P118,Electronics,1303.2,1012.5,10,0,0,147,1301.25,Normal,Thursday
16-05-2024,P119,Home,1121,869.19,0,0,0,291,1110.61,Normal,Thursday
17-05-2024,P100,Electronics,1331,845.95,0,0,0,413,1316.3,Normal,Friday
17-05-2024,P101,Electronics,672,442.29,0,0,0,480,643.9,Normal,Friday
17-05-2024,P102,Electronics,837,572.94,0,0,0,147,875,Normal,Friday
17-05-2024,P103,Home,827.05,677.11,15,1,827.05,202,790.12,Festival,Friday
17-05-2024,P104,Electronics,1339,1002.16,0,0,0,450,1356.57,Sale,Friday
17-05-2024,P105,Fashion,515.85,381.01,5,3,1547.55,314,492.37,Sale,Friday
17-05-2024,P106,Home,960.3,683.69,10,1,960.3,384,938.41,Sale,Friday
17-05-2024,P107,Fashion,238.45,174.9,5,5,1192.25,292,241.21,Holiday,Friday
17-05-2024,P108,Electronics,1127,832.49,0,3,3381,223,1076.06,Normal,Friday
17-05-2024,P109,Sports,438,348.84,0,0,0,228,439.67,Normal,Friday
17-05-2024,P110,Sports,1197,1033.02,10,3,3591,96,1180.68,Normal,Friday
17-05-2024,P111,Home,1069,831.32,0,0,0,310,1103.59,Sale,Friday
17-05-2024,P112,Sports,1249,966.16,0,2,2498,38,1188.24,Normal,Friday
17-05-2024,P113,Fashion,460,365.12,0,5,2300,274,452.15,Festival,Friday
17-05-2024,P114,Home,838,643.81,0,0,0,132,877.78,Festival,Friday
17-05-2024,P115,Fashion,1198,767.89,0,0,0,191,1255.52,Festival,Friday
17-05-2024,P116,Sports,333,207.44,0,4,1332,478,341.12,Holiday,Friday
17-05-2024,P117,Electronics,1090.8,957.76,10,0,0,133,1053.54,Normal,Friday
17-05-2024,P118,Electronics,261,194.72,10,2,522,126,249.53,Normal,Friday
17-05-2024,P119,Electronics,449.65,412.13,15,2,899.3,443,460.42,Normal,Friday
18-05-2024,P100,Electronics,845.5,640.77,5,1,845.5,288,842.24,Holiday,Saturday
18-05-2024,P101,Home,708,501.8,0,5,3540,272,737.73,Normal,Saturday
18-05-2024,P102,Home,315.9,258.4,10,1,315.9,116,325.8,Sale,Saturday
18-05-2024,P103,Fashion,984.2,661.16,5,0,0,22,958.89,Festival,Saturday
18-05-2024,P104,Electronics,1014,650.7,0,0,0,214,1050.15,Normal,Saturday
18-05-2024,P105,Sports,911,713.45,0,2,1822,376,877.13,Festival,Saturday
18-05-2024,P106,Sports,518.4,347.27,10,4,2073.6,281,518.7,Normal,Saturday
18-05-2024,P107,Electronics,524.45,423.21,15,5,2622.25,240,528.34,Normal,Saturday
18-05-2024,P108,Fashion,574,401.76,0,4,2296,339,575.82,Normal,Saturday
18-05-2024,P109,Sports,530.4,399.61,15,0,0,473,526.57,Festival,Saturday
18-05-2024,P110,Home,1416,1075.51,0,0,0,28,1425.77,Festival,Saturday
18-05-2024,P111,Home,1201,927.55,0,2,2402,285,1187.29,Normal,Saturday
18-05-2024,P112,Home,1274.9,1065.68,5,0,0,162,1315.85,Festival,Saturday
18-05-2024,P113,Fashion,1046,750.2,0,3,3138,109,1094.13,Festival,Saturday
18-05-2024,P114,Electronics,1365.15,1095.6,5,0,0,385,1305.29,Normal,Saturday
18-05-2024,P115,Electronics,611,399.38,0,1,611,458,636.48,Normal,Saturday
18-05-2024,P116,Fashion,362.7,276.01,10,1,362.7,176,376.04,Normal,Saturday
18-05-2024,P117,Electronics,1157,898.39,0,2,2314,284,1170.95,Normal,Saturday
18-05-2024,P118,Fashion,1186,804.7,0,0,0,228,1164.71,Sale,Saturday
18-05-2024,P119,Sports,318.6,228.24,10,6,1911.6,348,317.21,Festival,Saturday
19-05-2024,P100,Electronics,474,304.32,0,4,1896,372,459.33,Festival,Sunday
19-05-2024,P101,Fashion,1064.95,894.85,5,0,0,407,1072.79,Festival,Sunday
19-05-2024,P102,Home,229,177.25,0,2,458,316,227.99,Normal,Sunday
19-05-2024,P103,Sports,572,383.32,0,4,2288,441,585.9,Sale,Sunday
19-05-2024,P104,Home,1042.15,773.4,5,1,1042.15,483,1019.32,Sale,Sunday
19-05-2024,P105,Electronics,1116,678.16,0,2,2232,224,1069.5,Normal,Sunday
19-05-2024,P106,Home,1254,860.35,0,6,7524,432,1310.19,Festival,Sunday
19-05-2024,P107,Electronics,209.7,144.01,10,6,1258.2,225,211.03,Normal,Sunday
19-05-2024,P108,Home,611,488.32,0,0,0,130,593.88,Sale,Sunday
19-05-2024,P109,Fashion,1152.6,902.35,15,0,0,130,1103.79,Holiday,Sunday
19-05-2024,P110,Electronics,201.6,156.97,10,4,806.4,56,207.13,Normal,Sunday
19-05-2024,P111,Sports,294.5,225.02,5,6,1767,59,291.51,Normal,Sunday
19-05-2024,P112,Home,1386,995.71,0,0,0,244,1348.43,Normal,Sunday
19-05-2024,P113,Home,578,362.3,0,3,1734,68,555.95,Festival,Sunday
19-05-2024,P114,Electronics,606,450.79,0,1,606,242,634.69,Normal,Sunday
19-05-2024,P115,Sports,715.7,544.11,15,2,1431.4,259,690.84,Normal,Sunday
19-05-2024,P116,Electronics,710,516.83,0,1,710,83,715.15,Normal,Sunday
19-05-2024,P117,Home,874,604,5,1,874,422,865.64,Sale,Sunday
19-05-2024,P118,Fashion,223.2,187.42,10,4,892.8,232,215.51,Sale,Sunday
19-05-2024,P119,Sports,533.9,428.37,5,0,0,333,536.09,Holiday,Sunday
20-05-2024,P100,Fashion,1157.4,963.94,10,0,0,355,1108.36,Normal,Monday
20-05-2024,P101,Electronics,442.7,313.31,5,0,0,67,446.81,Normal,Monday
20-05-2024,P102,Sports,779,506.12,0,0,0,201,782.8,Normal,Monday
20-05-2024,P103,Electronics,221,175.91,0,5,1105,179,216.49,Sale,Monday
20-05-2024,P104,Fashion,1256.4,848.55,10,0,0,62,1260.09,Normal,Monday
20-05-2024,P105,Electronics,1031.7,840.39,5,1,1031.7,405,990.32,Normal,Monday
20-05-2024,P106,Fashion,460,290.36,0,4,1840,466,478.03,Sale,Monday
20-05-2024,P107,Sports,1308.6,1075.13,10,2,2617.2,476,1371.78,Festival,Monday
20-05-2024,P108,Sports,1054.8,910.37,10,3,3164.4,209,1101.82,Festival,Monday
20-05-2024,P109,Sports,1147,879.51,0,0,0,83,1092.31,Sale,Monday
20-05-2024,P110,Home,666,510.15,10,0,0,168,679.85,Holiday,Monday
20-05-2024,P111,Fashion,1455,1069.03,0,0,0,464,1429.42,Holiday,Monday
20-05-2024,P112,Electronics,568,387.84,0,0,0,475,587.67,Festival,Monday
20-05-2024,P113,Sports,914,690.5,0,1,914,156,946.72,Holiday,Monday
20-05-2024,P114,Sports,1327,873.34,0,0,0,200,1366.35,Normal,Monday
20-05-2024,P115,Home,832.2,603.3,5,2,1664.4,94,793.26,Holiday,Monday
20-05-2024,P116,Electronics,511,336.79,0,3,1533,492,512.82,Sale,Monday
20-05-2024,P117,Fashion,872.1,621.29,5,2,1744.2,348,836.64,Normal,Monday
20-05-2024,P118,Sports,1041,658.39,0,0,0,452,1040.25,Festival,Monday
20-05-2024,P119,Sports,317,202.55,0,3,951,248,318.85,Normal,Monday
21-05-2024,P100,Sports,281,213.92,0,1,281,80,270.03,Normal,Tuesday
21-05-2024,P101,Fashion,252,167.65,0,10,2520,183,242.12,Holiday,Tuesday
21-05-2024,P102,Fashion,1334.75,1030.68,5,2,2669.5,475,1381.03,Festival,Tuesday
21-05-2024,P103,Home,820.8,674.02,10,4,3283.2,364,861.3,Holiday,Tuesday
21-05-2024,P104,Sports,620.5,564.94,15,3,1861.5,323,619.75,Normal,Tuesday
21-05-2024,P105,Fashion,988.95,809.21,5,2,1977.9,78,1033.78,Festival,Tuesday
21-05-2024,P106,Fashion,713,518.12,0,2,1426,436,724.36,Normal,Tuesday
21-05-2024,P107,Sports,830.7,639.78,10,4,3322.8,328,860.44,Normal,Tuesday
21-05-2024,P108,Home,283.05,239.92,15,5,1415.25,313,295.44,Normal,Tuesday
21-05-2024,P109,Fashion,496.85,325.88,5,0,0,208,497.42,Normal,Tuesday
21-05-2024,P110,Fashion,593,434.76,0,4,2372,182,615.3,Normal,Tuesday
21-05-2024,P111,Home,479,326.49,0,0,0,123,483.1,Sale,Tuesday
21-05-2024,P112,Fashion,676.8,485.21,10,6,4060.8,190,663.86,Sale,Tuesday
21-05-2024,P113,Electronics,910,599.5,0,1,910,144,884.05,Normal,Tuesday
21-05-2024,P114,Electronics,676,509.91,0,2,1352,483,648.29,Normal,Tuesday
21-05-2024,P115,Fashion,1021.25,732.03,5,3,3063.75,281,1056.34,Normal,Tuesday
21-05-2024,P116,Electronics,956,734.34,0,2,1912,362,930.99,Festival,Tuesday
21-05-2024,P117,Fashion,1450,886.98,0,0,0,181,1496.38,Holiday,Tuesday
21-05-2024,P118,Sports,401,308.08,0,3,1203,457,389.56,Sale,Tuesday
21-05-2024,P119,Fashion,301.15,208.03,5,1,301.15,259,308.23,Sale,Tuesday
22-05-2024,P100,Sports,901,835.04,15,2,1802,156,903.4,Normal,Wednesday
22-05-2024,P101,Home,333,248.6,0,1,333,279,325.57,Normal,Wednesday
22-05-2024,P102,Electronics,835.05,702.74,5,0,0,165,841.09,Normal,Wednesday
22-05-2024,P103,Electronics,671,452.15,0,1,671,251,690.26,Holiday,Wednesday
22-05-2024,P104,Home,1079.2,872.89,5,0,0,272,1060.13,Normal,Wednesday
22-05-2024,P105,Home,612.85,547.81,15,0,0,99,636.73,Normal,Wednesday
22-05-2024,P106,Home,440.8,309.43,5,0,0,418,421.79,Normal,Wednesday
22-05-2024,P107,Electronics,223,167.91,0,10,2230,104,228.03,Holiday,Wednesday
22-05-2024,P108,Electronics,1132,748.17,0,0,0,150,1086.04,Normal,Wednesday
22-05-2024,P109,Fashion,1226.7,957.75,10,0,0,497,1167.7,Sale,Wednesday
22-05-2024,P110,Sports,1283.4,979.21,10,1,1283.4,405,1277.56,Normal,Wednesday
22-05-2024,P111,Home,513.9,353.58,10,4,2055.6,96,493.14,Festival,Wednesday
22-05-2024,P112,Sports,824.6,529.72,5,3,2473.8,424,836.34,Normal,Wednesday
22-05-2024,P113,Home,1196,901.79,0,2,2392,396,1157.66,Normal,Wednesday
22-05-2024,P114,Home,570.35,411.54,15,1,570.35,74,556.89,Sale,Wednesday
22-05-2024,P115,Home,1449,1028.64,0,0,0,231,1498.37,Holiday,Wednesday
22-05-2024,P116,Home,1236.6,963.16,10,0,0,288,1282.2,Festival,Wednesday
22-05-2024,P117,Fashion,445,337.54,0,0,0,487,437.14,Normal,Wednesday
22-05-2024,P118,Electronics,1073,845.36,0,0,0,390,1105.26,Holiday,Wednesday
22-05-2024,P119,Home,589.5,475.1,10,1,589.5,158,576.04,Normal,Wednesday
23-05-2024,P100,Home,209.1,180.01,15,2,418.2,357,207.76,Normal,Thursday
23-05-2024,P101,Fashion,865.8,696.12,10,0,0,140,824.31,Normal,Thursday
23-05-2024,P102,Electronics,399,312.66,0,1,399,29,415.98,Normal,Thursday
23-05-2024,P103,Fashion,537.2,439.5,15,1,537.2,262,525.88,Normal,Thursday
23-05-2024,P104,Electronics,657,501.89,0,1,657,350,629.46,Normal,Thursday
23-05-2024,P105,Fashion,726.75,459.71,5,0,0,231,721.09,Holiday,Thursday
23-05-2024,P106,Home,1244,887.06,0,0,0,45,1281.44,Normal,Thursday
23-05-2024,P107,Electronics,1125,842.52,10,1,1125,245,1104.81,Sale,Thursday
23-05-2024,P108,Electronics,1127.95,811.59,15,3,3383.85,56,1178.91,Holiday,Thursday
23-05-2024,P109,Electronics,908.65,662.16,15,1,908.65,496,903.67,Normal,Thursday
23-05-2024,P110,Electronics,500,315.58,0,0,0,93,499.22,Normal,Thursday
23-05-2024,P111,Sports,1030.75,693.62,5,2,2061.5,199,1069.22,Festival,Thursday
23-05-2024,P112,Fashion,1271.6,1060.16,15,0,0,186,1234.03,Normal,Thursday
23-05-2024,P113,Sports,506.35,415.92,5,0,0,193,487.28,Festival,Thursday
23-05-2024,P114,Fashion,261.25,179.1,5,3,783.75,237,270.23,Sale,Thursday
23-05-2024,P115,Sports,1247,771.52,0,4,4988,278,1224.69,Sale,Thursday
23-05-2024,P116,Fashion,887.4,760.17,10,3,2662.2,246,901.69,Normal,Thursday
23-05-2024,P117,Fashion,1260.65,873.91,5,3,3781.95,56,1249.32,Normal,Thursday
23-05-2024,P118,Sports,1284.4,1032.31,5,1,1284.4,127,1301.22,Normal,Thursday
23-05-2024,P119,Home,856.9,560.99,5,2,1713.8,101,847.89,Normal,Thursday
24-05-2024,P100,Home,1183.5,994.18,10,1,1183.5,483,1143.25,Normal,Friday
24-05-2024,P101,Fashion,1346,849.22,0,0,0,323,1287.39,Sale,Friday
24-05-2024,P102,Sports,1228.35,813.71,5,1,1228.35,160,1235.49,Normal,Friday
24-05-2024,P103,Electronics,1260,759.62,0,3,3780,25,1274.11,Sale,Friday
24-05-2024,P104,Sports,918.65,654.27,5,3,2755.95,189,954.25,Sale,Friday
24-05-2024,P105,Fashion,650,400.11,0,1,650,99,681.7,Normal,Friday
24-05-2024,P106,Sports,751,591.05,0,0,0,122,772.76,Normal,Friday
24-05-2024,P107,Sports,1161,732.51,0,0,0,468,1158.48,Normal,Friday
24-05-2024,P108,Sports,794,603.01,0,0,0,125,805.54,Holiday,Friday
24-05-2024,P109,Home,842,672.54,0,3,2526,431,862.03,Normal,Friday
24-05-2024,P110,Home,814,633.68,0,1,814,472,816.21,Festival,Friday
24-05-2024,P111,Home,823.5,658.22,10,4,3294,68,821.47,Festival,Friday
24-05-2024,P112,Fashion,262.8,232.12,10,3,788.4,133,272.13,Sale,Friday
24-05-2024,P113,Electronics,593,410.23,0,2,1186,141,589.08,Festival,Friday
24-05-2024,P114,Fashion,1199.85,855.06,5,0,0,34,1156.03,Normal,Friday
24-05-2024,P115,Sports,1195.2,897.72,10,0,0,37,1165.58,Festival,Friday
24-05-2024,P116,Home,586.8,439.91,10,0,0,169,575.67,Normal,Friday
24-05-2024,P117,Fashion,1041.3,918.89,10,2,2082.6,398,1083.9,Normal,Friday
24-05-2024,P118,Home,482.4,390.4,10,0,0,499,497.84,Festival,Friday
24-05-2024,P119,Sports,1082,825.98,0,0,0,394,1112.72,Normal,Friday
25-05-2024,P100,Fashion,348.3,291.17,10,2,696.6,65,345.94,Normal,Saturday
25-05-2024,P101,Electronics,523,393.09,0,1,523,466,514.19,Normal,Saturday
25-05-2024,P102,Home,1165.65,876.45,5,0,0,247,1182.52,Normal,Saturday
25-05-2024,P103,Electronics,630.7,445.51,15,0,0,57,613.8,Normal,Saturday
25-05-2024,P104,Home,279,219.63,10,8,2232,258,270.48,Festival,Saturday
25-05-2024,P105,Fashion,1067,725.69,0,0,0,237,1077.47,Normal,Saturday
25-05-2024,P106,Home,656.45,505.38,5,0,0,460,638.8,Normal,Saturday
25-05-2024,P107,Sports,837.9,589.64,5,0,0,234,877,Normal,Saturday
25-05-2024,P108,Electronics,1028,809.65,0,0,0,54,1023.77,Holiday,Saturday
25-05-2024,P109,Sports,1160,816.19,0,0,0,236,1217.27,Normal,Saturday
25-05-2024,P110,Fashion,1174.2,882.02,5,0,0,322,1232.88,Normal,Saturday
25-05-2024,P111,Fashion,1187,855.03,0,3,3561,381,1138.99,Normal,Saturday
25-05-2024,P112,Sports,1012.5,693,10,0,0,334,1007.77,Holiday,Saturday
25-05-2024,P113,Home,1434,870.17,0,4,5736,251,1430.35,Holiday,Saturday
25-05-2024,P114,Electronics,1158,901.2,0,3,3474,137,1201.92,Normal,Saturday
25-05-2024,P115,Sports,336,266.45,0,3,1008,464,340.45,Festival,Saturday
25-05-2024,P116,Home,466,335.23,0,1,466,311,447.64,Normal,Saturday
25-05-2024,P117,Electronics,764,461.75,0,1,764,137,801.31,Festival,Saturday
25-05-2024,P118,Home,1049,785.5,0,3,3147,142,1082.26,Normal,Saturday
25-05-2024,P119,Electronics,662.4,497.15,10,2,1324.8,55,664.26,Sale,Saturday
26-05-2024,P100,Electronics,1400,1037.96,0,0,0,240,1411.09,Normal,Sunday
26-05-2024,P101,Fashion,1448,1085.92,0,5,7240,447,1450.23,Normal,Sunday
26-05-2024,P102,Sports,859.35,615.18,15,2,1718.7,144,901.74,Normal,Sunday
26-05-2024,P103,Electronics,1497,1117.9,0,2,2994,56,1472.81,Sale,Sunday
26-05-2024,P104,Home,949.05,618.71,5,1,949.05,236,954.76,Sale,Sunday
26-05-2024,P105,Home,1464,1160.33,0,1,1464,118,1430.01,Normal,Sunday
26-05-2024,P106,Home,597.55,446.64,5,1,597.55,458,625.53,Normal,Sunday
26-05-2024,P107,Electronics,628.2,454.73,10,0,0,135,617.32,Normal,Sunday
26-05-2024,P108,Sports,1444,1103.83,0,2,2888,135,1496.8,Normal,Sunday
26-05-2024,P109,Electronics,976,740.89,0,2,1952,67,1007.38,Normal,Sunday
26-05-2024,P110,Home,1254,958.83,0,1,1254,24,1306.26,Normal,Sunday
26-05-2024,P111,Home,334,215.03,0,3,1002,280,340.97,Normal,Sunday
26-05-2024,P112,Sports,378,231.33,0,2,756,301,369.14,Sale,Sunday
26-05-2024,P113,Sports,1156.5,828.08,10,0,0,443,1105.83,Normal,Sunday
26-05-2024,P114,Sports,285,210.96,0,6,1710,190,283.74,Normal,Sunday
26-05-2024,P115,Home,763.8,639.18,5,0,0,419,760.17,Normal,Sunday
26-05-2024,P116,Home,444.6,336.78,10,3,1333.8,321,430.92,Holiday,Sunday
26-05-2024,P117,Sports,580.5,403.01,10,0,0,461,560.11,Normal,Sunday
26-05-2024,P118,Sports,323,241.29,0,6,1938,138,325.92,Holiday,Sunday
26-05-2024,P119,Home,495,371.63,10,0,0,184,513.99,Sale,Sunday
27-05-2024,P100,Fashion,801,580.41,0,0,0,130,786.51,Normal,Monday
27-05-2024,P101,Sports,484,315.96,0,2,968,67,493.1,Normal,Monday
27-05-2024,P102,Fashion,1269.9,1083.68,10,4,5079.6,326,1247.3,Festival,Monday
27-05-2024,P103,Fashion,281,172.46,0,7,1967,260,272.2,Normal,Monday
27-05-2024,P104,Electronics,752,483.31,0,3,2256,491,768.9,Normal,Monday
27-05-2024,P105,Home,263.7,197.56,10,3,791.1,114,271.41,Normal,Monday
27-05-2024,P106,Home,583,395.96,0,4,2332,436,588.97,Festival,Monday
27-05-2024,P107,Sports,388,301.39,0,3,1164,364,373.45,Festival,Monday
27-05-2024,P108,Home,1432,1100.16,0,2,2864,412,1502.05,Normal,Monday
27-05-2024,P109,Home,1105,959.68,15,4,4420,264,1062.78,Normal,Monday
27-05-2024,P110,Fashion,613.8,420.86,10,1,613.8,481,593.73,Holiday,Monday
27-05-2024,P111,Fashion,513,343.1,5,0,0,404,515.73,Normal,Monday
27-05-2024,P112,Fashion,626.4,451.02,10,0,0,149,624.05,Normal,Monday
27-05-2024,P113,Home,677,445.78,0,1,677,218,696.05,Normal,Monday
27-05-2024,P114,Electronics,1075,699.86,0,1,1075,355,1028.95,Holiday,Monday
27-05-2024,P115,Home,433.5,377.14,15,6,2601,253,450.23,Holiday,Monday
27-05-2024,P116,Fashion,696,479.68,0,0,0,384,704.76,Festival,Monday
27-05-2024,P117,Electronics,880.2,627.92,10,2,1760.4,488,879.14,Normal,Monday
27-05-2024,P118,Sports,1336.65,1080.27,5,0,0,388,1343.67,Festival,Monday
27-05-2024,P119,Fashion,488.7,391.52,10,3,1466.1,158,467.82,Normal,Monday
28-05-2024,P100,Sports,917,630.61,0,0,0,286,927.05,Normal,Tuesday
28-05-2024,P101,Sports,569.7,473.95,10,0,0,405,547.99,Festival,Tuesday
28-05-2024,P102,Sports,860.2,722.64,15,0,0,490,891.09,Normal,Tuesday
28-05-2024,P103,Sports,521.55,331.27,5,0,0,495,541.41,Normal,Tuesday
28-05-2024,P104,Sports,232,149.8,0,7,1624,475,230.14,Sale,Tuesday
28-05-2024,P105,Electronics,355,221.04,0,0,0,488,371.42,Normal,Tuesday
28-05-2024,P106,Electronics,1291,781.19,0,0,0,284,1247.43,Normal,Tuesday
28-05-2024,P107,Fashion,756.2,636.47,5,3,2268.6,52,746.77,Festival,Tuesday
28-05-2024,P108,Sports,1015,641.59,0,0,0,359,1015.88,Normal,Tuesday
28-05-2024,P109,Sports,783,532.75,10,1,783,154,802.57,Sale,Tuesday
28-05-2024,P110,Home,706.5,548.2,10,1,706.5,286,707.67,Normal,Tuesday
28-05-2024,P111,Sports,336,243.95,0,1,336,44,325.09,Normal,Tuesday
28-05-2024,P112,Fashion,357,306.18,15,3,1071,224,370.52,Holiday,Tuesday
28-05-2024,P113,Fashion,1264.5,843.06,10,0,0,434,1299.62,Normal,Tuesday
28-05-2024,P114,Electronics,549.95,454.94,15,0,0,399,536.96,Normal,Tuesday
28-05-2024,P115,Home,1248.3,872.61,5,0,0,287,1220.74,Normal,Tuesday
28-05-2024,P116,Home,465,302.16,0,1,465,297,486.66,Normal,Tuesday
28-05-2024,P117,Fashion,304,211.41,5,4,1216,216,307.8,Normal,Tuesday
28-05-2024,P118,Home,948,733.23,0,0,0,291,988.69,Holiday,Tuesday
28-05-2024,P119,Home,807.5,607.04,5,2,1615,146,829.72,Normal,Tuesday
29-05-2024,P100,Fashion,681,439.28,0,2,1362,272,674.19,Normal,Wednesday
29-05-2024,P101,Sports,331.2,265.39,10,0,0,404,322.22,Normal,Wednesday
29-05-2024,P102,Fashion,1109.7,879.08,10,1,1109.7,193,1080.71,Normal,Wednesday
29-05-2024,P103,Electronics,1368,998.98,5,5,6840,115,1427.23,Normal,Wednesday
29-05-2024,P104,Home,417.05,293.91,5,3,1251.15,284,414.79,Normal,Wednesday
29-05-2024,P105,Fashion,1227.4,886.91,5,0,0,462,1231.24,Holiday,Wednesday
29-05-2024,P106,Home,1315,982.81,0,2,2630,95,1329.65,Holiday,Wednesday
29-05-2024,P107,Sports,320,193.24,0,5,1600,50,307.2,Normal,Wednesday
29-05-2024,P108,Fashion,1399.35,939.59,5,0,0,307,1356.87,Normal,Wednesday
29-05-2024,P109,Fashion,992,730.93,0,0,0,210,945.13,Normal,Wednesday
29-05-2024,P110,Sports,701.1,594.64,10,0,0,461,679.6,Normal,Wednesday
29-05-2024,P111,Electronics,1429,974.79,0,4,5716,459,1412.8,Normal,Wednesday
29-05-2024,P112,Fashion,418,327.08,5,2,836,125,437.31,Normal,Wednesday
29-05-2024,P113,Electronics,234,184.87,0,4,936,307,235.48,Holiday,Wednesday
29-05-2024,P114,Home,1097.1,738.48,10,0,0,116,1129.1,Normal,Wednesday
29-05-2024,P115,Home,408,256.89,0,3,1224,414,418.2,Sale,Wednesday
29-05-2024,P116,Home,999,707.08,0,0,0,110,1038.93,Normal,Wednesday
29-05-2024,P117,Sports,405,288.69,0,4,1620,161,416.14,Normal,Wednesday
29-05-2024,P118,Fashion,809.4,592.54,5,0,0,146,833.87,Normal,Wednesday
29-05-2024,P119,Fashion,519,340.81,0,3,1557,273,524.63,Normal,Wednesday
30-05-2024,P100,Sports,542,337.78,0,1,542,191,550.67,Festival,Thursday
30-05-2024,P101,Electronics,510,377.66,0,2,1020,365,518.69,Normal,Thursday
30-05-2024,P102,Electronics,1408.85,1082.18,5,1,1408.85,360,1432.51,Holiday,Thursday
30-05-2024,P103,Fashion,1143.9,995.34,10,3,3431.7,460,1135.46,Normal,Thursday
30-05-2024,P104,Sports,1484,1103.28,0,2,2968,465,1497.5,Normal,Thursday
30-05-2024,P105,Electronics,1279,777.69,0,2,2558,360,1306.31,Festival,Thursday
30-05-2024,P106,Fashion,410.4,277.69,10,2,820.8,363,428.03,Sale,Thursday
30-05-2024,P107,Fashion,195.3,148.88,10,8,1562.4,49,194.33,Sale,Thursday
30-05-2024,P108,Home,1233.35,1142.93,15,0,0,58,1288.47,Festival,Thursday
30-05-2024,P109,Home,338.2,244.82,5,4,1352.8,142,338.07,Holiday,Thursday
30-05-2024,P110,Sports,1237.5,1050.24,10,1,1237.5,98,1292.62,Normal,Thursday
30-05-2024,P111,Sports,412.2,292.68,10,2,824.4,261,394.86,Normal,Thursday
30-05-2024,P112,Home,279,244.07,10,1,279,141,285.44,Sale,Thursday
30-05-2024,P113,Fashion,1346,834.44,0,0,0,452,1288.87,Normal,Thursday
30-05-2024,P114,Electronics,1122.85,971.67,15,0,0,180,1081.91,Normal,Thursday
30-05-2024,P115,Electronics,745,512.48,0,0,0,397,715.22,Normal,Thursday
30-05-2024,P116,Sports,302.4,229.28,10,6,1814.4,471,303.95,Festival,Thursday
30-05-2024,P117,Home,1137,802.63,0,4,4548,213,1159.81,Festival,Thursday
30-05-2024,P118,Electronics,1052,750.44,0,4,4208,193,1076.73,Normal,Thursday
30-05-2024,P119,Electronics,1255,879.78,0,0,0,418,1307.14,Normal,Thursday
31-05-2024,P100,Fashion,1056.4,818.55,5,1,1056.4,233,1065.14,Normal,Friday
31-05-2024,P101,Electronics,778,521.78,0,0,0,444,792.96,Sale,Friday
31-05-2024,P102,Fashion,594,470.03,0,2,1188,183,570.04,Normal,Friday
31-05-2024,P103,Fashion,220.15,173.77,15,5,1100.75,278,230.21,Normal,Friday
31-05-2024,P104,Home,539,391.3,0,0,0,456,545.93,Holiday,Friday
31-05-2024,P105,Sports,963.05,713.16,15,2,1926.1,298,959.4,Normal,Friday
31-05-2024,P106,Fashion,223,144.94,0,5,1115,22,225.91,Normal,Friday
31-05-2024,P107,Electronics,384.75,278.72,5,5,1923.75,346,403.47,Holiday,Friday
31-05-2024,P108,Sports,708.7,562.53,5,0,0,94,694.03,Normal,Friday
31-05-2024,P109,Fashion,1063.35,948.96,15,5,5316.75,383,1104.76,Normal,Friday
31-05-2024,P110,Fashion,292,232.62,0,4,1168,134,279.34,Normal,Friday
31-05-2024,P111,Home,339,261.03,0,4,1356,261,323.47,Normal,Friday
31-05-2024,P112,Sports,257,173.03,0,3,771,429,258.55,Normal,Friday
31-05-2024,P113,Sports,783,536.2,0,3,2349,449,809.57,Normal,Friday
31-05-2024,P114,Sports,1359.45,895.22,5,0,0,238,1358.38,Normal,Friday
31-05-2024,P115,Home,937,583.77,0,0,0,215,910.03,Normal,Friday
31-05-2024,P116,Electronics,1247.35,1006.58,5,2,2494.7,129,1291.85,Normal,Friday
31-05-2024,P117,Sports,1191,728.16,0,0,0,48,1153.98,Holiday,Friday
31-05-2024,P118,Electronics,1420,961.17,0,2,2840,132,1392.01,Normal,Friday
31-05-2024,P119,Fashion,1228.5,1049.42,10,0,0,30,1179.42,Holiday,Friday
01-06-2024,P100,Home,1117.2,746.3,5,2,2234.4,109,1124.31,Festival,Saturday
01-06-2024,P101,Fashion,907,703.19,0,3,2721,224,931.42,Normal,Saturday
01-06-2024,P102,Fashion,1124.1,841.23,10,1,1124.1,251,1071.19,Normal,Saturday
01-06-2024,P103,Fashion,786.6,656.43,5,2,1573.2,178,824.58,Normal,Saturday
01-06-2024,P104,Home,1115.2,884.4,15,0,0,365,1148.32,Sale,Saturday
01-06-2024,P105,Electronics,317,208.16,0,4,1268,213,322.84,Normal,Saturday
01-06-2024,P106,Electronics,425,332.61,15,1,425,193,423.55,Sale,Saturday
01-06-2024,P107,Electronics,303.05,237.6,5,6,1818.3,202,312.03,Normal,Saturday
01-06-2024,P108,Electronics,1166.2,890.36,15,1,1166.2,91,1205.89,Sale,Saturday
01-06-2024,P109,Fashion,988,687.16,0,0,0,133,1030.68,Normal,Saturday
01-06-2024,P110,Home,398.7,304.94,10,7,2790.9,159,394.53,Normal,Saturday
01-06-2024,P111,Electronics,331,240.82,0,7,2317,154,323.85,Sale,Saturday
01-06-2024,P112,Fashion,1464,1014.04,0,0,0,127,1425.39,Normal,Saturday
01-06-2024,P113,Sports,1245.6,885.92,10,0,0,404,1205.64,Normal,Saturday
01-06-2024,P114,Home,529.2,401.44,10,3,1587.6,211,548.81,Normal,Saturday
01-06-2024,P115,Fashion,521,366.33,0,3,1563,459,497.27,Sale,Saturday
01-06-2024,P116,Fashion,902.5,689.66,5,2,1805,161,917.47,Normal,Saturday
01-06-2024,P117,Home,815.4,584.08,10,0,0,113,793.27,Festival,Saturday
01-06-2024,P118,Fashion,1064.7,808.28,10,2,2129.4,144,1116.18,Festival,Saturday
01-06-2024,P119,Electronics,1045,748.54,0,0,0,129,1026.3,Normal,Saturday
02-06-2024,P100,Electronics,1340.45,862.39,5,2,2680.9,62,1323.36,Sale,Sunday
02-06-2024,P101,Sports,1100.1,718.61,5,5,5500.5,405,1078.3,Festival,Sunday
02-06-2024,P102,Fashion,376.2,316.21,5,3,1128.6,441,358.3,Normal,Sunday
02-06-2024,P103,Sports,1487,1000.17,0,0,0,93,1446.75,Normal,Sunday
02-06-2024,P104,Electronics,1019,738.86,0,2,2038,312,1004.03,Normal,Sunday
02-06-2024,P105,Home,1113.3,947.01,10,1,1113.3,427,1156.74,Normal,Sunday
02-06-2024,P106,Home,211.85,155.54,5,4,847.4,120,203.45,Sale,Sunday
02-06-2024,P107,Fashion,659.7,564.94,10,0,0,113,679.51,Normal,Sunday
02-06-2024,P108,Sports,1197.95,886.37,5,0,0,408,1165.48,Normal,Sunday
02-06-2024,P109,Electronics,391,301.6,0,3,1173,319,403.59,Holiday,Sunday
02-06-2024,P110,Sports,202,147.52,0,2,404,480,203.92,Festival,Sunday
02-06-2024,P111,Electronics,1133,817.44,0,0,0,85,1098.76,Normal,Sunday
02-06-2024,P112,Sports,1328,977.94,0,0,0,349,1378.14,Festival,Sunday
02-06-2024,P113,Fashion,717,536.36,0,5,3585,333,751.73,Normal,Sunday
02-06-2024,P114,Home,1300,918.81,0,3,3900,100,1264.68,Normal,Sunday
02-06-2024,P115,Electronics,544,368.12,0,2,1088,49,561.44,Sale,Sunday
02-06-2024,P116,Home,1385,864.07,0,0,0,418,1389.58,Normal,Sunday
02-06-2024,P117,Home,1028.7,896.43,10,0,0,114,1061.95,Normal,Sunday
02-06-2024,P118,Home,288.9,241.2,10,4,1155.6,108,287.16,Festival,Sunday
02-06-2024,P119,Electronics,324,197.1,0,4,1296,124,311.95,Normal,Sunday
03-06-2024,P100,Home,687.6,468.23,10,2,1375.2,106,661.85,Normal,Monday
03-06-2024,P101,Electronics,902,627.92,0,2,1804,292,899.41,Sale,Monday
03-06-2024,P102,Electronics,838.85,590.87,5,1,838.85,484,847.9,Holiday,Monday
03-06-2024,P103,Electronics,376.2,252.78,5,2,752.4,45,364.79,Normal,Monday
03-06-2024,P104,Sports,1118,682.32,0,0,0,21,1089.47,Normal,Monday
03-06-2024,P105,Sports,869.25,558.9,5,0,0,201,902.92,Normal,Monday
03-06-2024,P106,Sports,981.35,661.52,5,0,0,429,975.81,Normal,Monday
03-06-2024,P107,Fashion,770.1,657.87,15,2,1540.2,168,792.86,Normal,Monday
03-06-2024,P108,Fashion,308.75,211.67,5,0,0,496,314.38,Normal,Monday
03-06-2024,P109,Sports,513,385.33,0,0,0,103,530.75,Holiday,Monday
03-06-2024,P110,Fashion,1199,843.46,0,1,1199,116,1172.64,Normal,Monday
03-06-2024,P111,Sports,958.5,832.07,10,0,0,411,960.04,Normal,Monday
03-06-2024,P112,Electronics,1220.75,773.97,5,1,1220.75,288,1187,Normal,Monday
03-06-2024,P113,Fashion,1089.65,861.31,5,1,1089.65,244,1117.52,Sale,Monday
03-06-2024,P114,Electronics,952,726.3,0,2,1904,167,998.53,Normal,Monday
03-06-2024,P115,Electronics,1323,1071.64,10,1,1323,351,1382.04,Festival,Monday
03-06-2024,P116,Home,269.45,227.13,15,2,538.9,141,256.24,Normal,Monday
03-06-2024,P117,Sports,674,472.33,0,0,0,200,661.02,Normal,Monday
03-06-2024,P118,Home,362.1,330.93,15,3,1086.3,133,358.81,Normal,Monday
03-06-2024,P119,Fashion,554.8,420.56,5,0,0,60,540.62,Holiday,Monday
04-06-2024,P100,Home,366.7,240.89,5,3,1100.1,121,370.39,Normal,Tuesday
04-06-2024,P101,Sports,1111.5,924.03,5,5,5557.5,455,1159.29,Festival,Tuesday
04-06-2024,P102,Electronics,1145.7,823.48,5,2,2291.4,444,1134.39,Holiday,Tuesday
04-06-2024,P103,Home,214.7,177.53,5,8,1717.6,397,206.75,Holiday,Tuesday
04-06-2024,P104,Home,1161.9,961.46,10,0,0,479,1157.87,Normal,Tuesday
04-06-2024,P105,Electronics,1048,654.84,0,0,0,330,1023.89,Normal,Tuesday
04-06-2024,P106,Sports,619,374.4,0,0,0,494,637.99,Sale,Tuesday
04-06-2024,P107,Electronics,1096,693.06,0,3,3288,279,1147.7,Festival,Tuesday
04-06-2024,P108,Sports,949,570.78,0,1,949,327,961.65,Festival,Tuesday
04-06-2024,P109,Fashion,1113.4,879.44,5,2,2226.8,465,1140.36,Normal,Tuesday
04-06-2024,P110,Fashion,301,222.2,0,4,1204,107,295.77,Normal,Tuesday
04-06-2024,P111,Home,874.95,669.61,5,1,874.95,288,842.8,Sale,Tuesday
04-06-2024,P112,Sports,1348,919.46,0,0,0,261,1313.27,Normal,Tuesday
04-06-2024,P113,Sports,1300.55,910.01,5,0,0,374,1269.09,Normal,Tuesday
04-06-2024,P114,Fashion,1119,789.48,0,2,2238,385,1092.42,Normal,Tuesday
04-06-2024,P115,Electronics,482,331.7,0,3,1446,232,489.15,Sale,Tuesday
04-06-2024,P116,Fashion,1466,1129.49,0,2,2932,115,1489.72,Normal,Tuesday
04-06-2024,P117,Sports,1313,894.95,0,2,2626,52,1278.48,Sale,Tuesday
04-06-2024,P118,Electronics,1073,819.09,0,0,0,349,1055.21,Normal,Tuesday
04-06-2024,P119,Home,1067.8,715.47,5,0,0,335,1045.81,Sale,Tuesday
05-06-2024,P100,Sports,1316.7,1086.58,5,1,1316.7,94,1275.37,Normal,Wednesday
05-06-2024,P101,Electronics,1130,710.4,0,1,1130,75,1080.81,Festival,Wednesday
05-06-2024,P102,Electronics,1286,787.25,0,2,2572,166,1227.08,Normal,Wednesday
05-06-2024,P103,Fashion,940,689.94,0,1,940,68,952.84,Normal,Wednesday
05-06-2024,P104,Sports,452.2,313.14,5,0,0,342,439.21,Normal,Wednesday
05-06-2024,P105,Home,1126.7,753.2,5,0,0,143,1155.75,Normal,Wednesday
05-06-2024,P106,Sports,961.2,723.03,10,0,0,446,984.13,Sale,Wednesday
05-06-2024,P107,Sports,584,442.61,0,4,2336,307,589.28,Sale,Wednesday
05-06-2024,P108,Home,1174,748.08,0,0,0,270,1216.81,Sale,Wednesday
05-06-2024,P109,Home,556.2,456.98,10,0,0,165,539.27,Sale,Wednesday
05-06-2024,P110,Sports,377.4,317.23,15,8,3019.2,496,371.44,Holiday,Wednesday
05-06-2024,P111,Electronics,875.7,719.19,10,1,875.7,316,863.37,Normal,Wednesday
05-06-2024,P112,Home,356,225.43,0,2,712,128,350.21,Normal,Wednesday
05-06-2024,P113,Fashion,1063,822.02,0,0,0,367,1115.05,Normal,Wednesday
05-06-2024,P114,Sports,791.1,633.97,10,1,791.1,254,772.77,Festival,Wednesday
05-06-2024,P115,Electronics,828,622.13,0,0,0,314,804.61,Normal,Wednesday
05-06-2024,P116,Fashion,1477,990.03,0,1,1477,222,1533.58,Holiday,Wednesday
05-06-2024,P117,Sports,1158.05,853.41,5,2,2316.1,446,1210.69,Normal,Wednesday
05-06-2024,P118,Home,1038.7,868.94,15,0,0,99,1060.83,Festival,Wednesday
05-06-2024,P119,Electronics,699,504.35,0,0,0,466,708.98,Sale,Wednesday
06-06-2024,P100,Fashion,425,282.07,0,0,0,252,437.94,Normal,Thursday
06-06-2024,P101,Electronics,1110,815.97,0,1,1110,108,1067.14,Holiday,Thursday
06-06-2024,P102,Sports,372.4,269.25,5,3,1117.2,456,370.62,Sale,Thursday
06-06-2024,P103,Electronics,1000.8,728.49,10,0,0,100,1017.79,Normal,Thursday
06-06-2024,P104,Home,859.5,604.39,10,0,0,203,821.91,Normal,Thursday
06-06-2024,P105,Home,1064.7,853.54,10,3,3194.1,212,1032.89,Holiday,Thursday
06-06-2024,P106,Home,753.35,602.91,5,3,2260.05,244,733.89,Normal,Thursday
06-06-2024,P107,Electronics,424,329.49,0,5,2120,214,419.58,Festival,Thursday
06-06-2024,P108,Home,633.65,477.9,5,4,2534.6,408,645.07,Normal,Thursday
06-06-2024,P109,Fashion,1205,864.45,0,2,2410,156,1170.13,Sale,Thursday
06-06-2024,P110,Fashion,740,481.3,0,0,0,157,769.51,Normal,Thursday
06-06-2024,P111,Fashion,1342,967.43,0,4,5368,208,1383.97,Normal,Thursday
06-06-2024,P112,Fashion,1462,1024.13,0,0,0,44,1453.87,Holiday,Thursday
06-06-2024,P113,Fashion,1263,780.35,0,3,3789,309,1324.33,Normal,Thursday
06-06-2024,P114,Fashion,393.3,271.01,10,2,786.6,53,378.31,Normal,Thursday
06-06-2024,P115,Home,378.25,303.26,15,2,756.5,326,388.9,Normal,Thursday
06-06-2024,P116,Sports,694.8,486.31,10,0,0,404,679.49,Normal,Thursday
06-06-2024,P117,Home,446.4,374.92,10,0,0,382,435.59,Normal,Thursday
06-06-2024,P118,Electronics,857.85,618.64,5,1,857.85,271,838.91,Normal,Thursday
06-06-2024,P119,Fashion,740,472.56,0,4,2960,211,761.6,Festival,Thursday
07-06-2024,P100,Sports,594.7,387.75,5,1,594.7,477,584.56,Normal,Friday
07-06-2024,P101,Electronics,682.1,453.11,5,0,0,176,649.75,Normal,Friday
07-06-2024,P102,Fashion,411.35,343.92,5,1,411.35,343,412.91,Sale,Friday
07-06-2024,P103,Home,740,535.91,0,1,740,416,738.66,Festival,Friday
07-06-2024,P104,Electronics,520.2,400.75,10,4,2080.8,376,537.54,Festival,Friday
07-06-2024,P105,Sports,748,576.33,0,2,1496,307,784.69,Normal,Friday
07-06-2024,P106,Home,1318,877.24,0,1,1318,432,1338.48,Sale,Friday
07-06-2024,P107,Home,1385.1,1077.32,5,0,0,342,1399.5,Normal,Friday
07-06-2024,P108,Electronics,716.3,555.75,5,0,0,125,683.65,Festival,Friday
07-06-2024,P109,Fashion,634.5,552.73,10,0,0,302,629.99,Sale,Friday
07-06-2024,P110,Sports,450.9,331.82,10,0,0,279,430.62,Normal,Friday
07-06-2024,P111,Electronics,1132,859.68,0,1,1132,436,1146.85,Sale,Friday
07-06-2024,P112,Home,479,349.88,0,3,1437,429,484.61,Sale,Friday
07-06-2024,P113,Fashion,386,274.79,0,2,772,303,397.54,Normal,Friday
07-06-2024,P114,Fashion,293,190.4,0,1,293,254,286.3,Normal,Friday
07-06-2024,P115,Home,228.95,183.96,5,7,1602.65,418,225.75,Normal,Friday
07-06-2024,P116,Sports,825.3,625.48,10,2,1650.6,317,841.14,Normal,Friday
07-06-2024,P117,Home,1020.6,688.32,10,0,0,424,1011.48,Normal,Friday
07-06-2024,P118,Fashion,364.8,282.15,5,5,1824,196,377.99,Sale,Friday
07-06-2024,P119,Sports,970.2,846.42,10,0,0,344,1005.64,Normal,Friday
08-06-2024,P100,Home,1109,734.12,0,0,0,487,1143.12,Normal,Saturday
08-06-2024,P101,Sports,560,423.14,0,1,560,343,576.09,Festival,Saturday
08-06-2024,P102,Home,272,163.94,0,5,1360,176,276.87,Festival,Saturday
08-06-2024,P103,Electronics,420.85,309.61,5,5,2104.25,169,400.31,Normal,Saturday
08-06-2024,P104,Home,312,204.48,0,4,1248,420,317.5,Normal,Saturday
08-06-2024,P105,Electronics,1319.4,974.07,10,0,0,55,1324,Holiday,Saturday
08-06-2024,P106,Sports,467.1,387.33,10,7,3269.7,280,482.56,Normal,Saturday
08-06-2024,P107,Fashion,385,261.28,0,0,0,431,386.35,Normal,Saturday
08-06-2024,P108,Home,508,396.33,0,6,3048,58,495.02,Normal,Saturday
08-06-2024,P109,Home,1252,933.65,0,4,5008,321,1285.73,Normal,Saturday
08-06-2024,P110,Home,772.2,666.91,10,0,0,223,771.22,Normal,Saturday
08-06-2024,P111,Sports,653.4,482.69,10,0,0,251,648.6,Festival,Saturday
08-06-2024,P112,Electronics,1195.2,899.47,10,0,0,226,1140.1,Holiday,Saturday
08-06-2024,P113,Home,845.1,588.06,10,0,0,305,868.64,Normal,Saturday
08-06-2024,P114,Electronics,996.3,747.69,10,1,996.3,104,1029.9,Sale,Saturday
08-06-2024,P115,Sports,589.95,381.62,5,1,589.95,393,567.82,Sale,Saturday
08-06-2024,P116,Fashion,535,355.77,0,4,2140,455,517.87,Normal,Saturday
08-06-2024,P117,Sports,310.65,212.28,5,6,1863.9,473,311.87,Sale,Saturday
08-06-2024,P118,Home,541.8,463.45,10,2,1083.6,195,562.86,Holiday,Saturday
08-06-2024,P119,Home,428,271.79,0,1,428,418,420.2,Holiday,Saturday
09-06-2024,P100,Home,786,509.95,0,1,786,365,792.74,Normal,Sunday
09-06-2024,P101,Sports,1028.5,949.45,15,0,0,40,1037.21,Normal,Sunday
09-06-2024,P102,Electronics,759.05,628.24,15,0,0,426,780.78,Normal,Sunday
09-06-2024,P103,Electronics,559.3,515.86,15,2,1118.6,420,572.37,Festival,Sunday
09-06-2024,P104,Home,1133,730.6,0,3,3399,243,1162.67,Normal,Sunday
09-06-2024,P105,Electronics,639,391.14,0,3,1917,180,638.44,Normal,Sunday
09-06-2024,P106,Sports,286,209.38,0,3,858,117,273.5,Normal,Sunday
09-06-2024,P107,Electronics,835.2,596.68,10,0,0,72,862.38,Normal,Sunday
09-06-2024,P108,Home,659,476.97,0,3,1977,337,644.49,Normal,Sunday
09-06-2024,P109,Home,486.4,396.92,5,2,972.8,428,466.45,Sale,Sunday
09-06-2024,P110,Sports,632,411.47,0,0,0,159,616.37,Normal,Sunday
09-06-2024,P111,Sports,979.45,729.19,5,4,3917.8,44,954.82,Holiday,Sunday
09-06-2024,P112,Electronics,366.3,271.02,10,6,2197.8,88,377.58,Normal,Sunday
09-06-2024,P113,Sports,594.9,522.18,10,0,0,406,612.39,Normal,Sunday
09-06-2024,P114,Sports,1104.85,771.86,5,3,3314.55,340,1094.07,Normal,Sunday
09-06-2024,P115,Sports,467.5,406.43,15,1,467.5,499,462.02,Normal,Sunday
09-06-2024,P116,Fashion,503,312.53,0,0,0,212,518.33,Normal,Sunday
09-06-2024,P117,Fashion,1196,785.54,0,1,1196,408,1150.79,Normal,Sunday
09-06-2024,P118,Fashion,690,531.68,0,2,1380,171,679.94,Normal,Sunday
09-06-2024,P119,Home,798.3,631.96,10,0,0,261,788.91,Normal,Sunday
10-06-2024,P100,Sports,700.2,566.99,10,2,1400.4,302,728.56,Normal,Monday
10-06-2024,P101,Home,782.8,621.3,5,1,782.8,22,745.37,Sale,Monday
10-06-2024,P102,Electronics,898.7,689.86,5,3,2696.1,236,917.92,Festival,Monday
10-06-2024,P103,Home,406,264.18,0,4,1624,479,398.79,Normal,Monday
10-06-2024,P104,Fashion,522.5,401.4,5,2,1045,114,510.21,Sale,Monday
10-06-2024,P105,Home,1225.5,866.25,5,0,0,102,1222,Normal,Monday
10-06-2024,P106,Electronics,617.4,491.47,10,0,0,151,587.54,Normal,Monday
10-06-2024,P107,Fashion,346,256.66,0,6,2076,80,348.18,Normal,Monday
10-06-2024,P108,Electronics,995.4,865.11,10,0,0,126,1043.6,Normal,Monday
10-06-2024,P109,Home,534.6,450.74,10,4,2138.4,149,547.01,Normal,Monday
10-06-2024,P110,Electronics,1122,879.95,0,0,0,298,1092.78,Holiday,Monday
10-06-2024,P111,Home,1256,960.15,0,2,2512,455,1280.54,Festival,Monday
10-06-2024,P112,Home,1230,832.57,0,2,2460,139,1259.42,Normal,Monday
10-06-2024,P113,Home,1041.3,847.64,10,2,2082.6,345,1020.15,Normal,Monday
10-06-2024,P114,Home,252,200.06,10,7,1764,246,253.78,Sale,Monday
10-06-2024,P115,Home,719,542.3,0,0,0,54,712.58,Normal,Monday
10-06-2024,P116,Home,335,217.94,0,4,1340,401,322.52,Festival,Monday
10-06-2024,P117,Home,303,215.83,0,3,909,309,311.13,Normal,Monday
10-06-2024,P118,Sports,1046.7,819.79,10,0,0,136,1068.06,Normal,Monday
10-06-2024,P119,Electronics,810,611.94,10,0,0,312,846.69,Normal,Monday
11-06-2024,P100,Fashion,1009.85,720.74,5,0,0,158,1035.97,Sale,Tuesday
11-06-2024,P101,Electronics,507,382.7,0,2,1014,91,516.2,Normal,Tuesday
11-06-2024,P102,Sports,319.2,207.1,5,0,0,152,318.24,Normal,Tuesday
11-06-2024,P103,Home,1291,958.61,0,3,3873,349,1293.12,Festival,Tuesday
11-06-2024,P104,Home,1374,1094.94,0,0,0,165,1421.83,Normal,Tuesday
11-06-2024,P105,Sports,1107,812.44,10,4,4428,62,1080.25,Sale,Tuesday
11-06-2024,P106,Electronics,847.4,659.05,5,1,847.4,124,888.59,Normal,Tuesday
11-06-2024,P107,Fashion,1052,665.81,0,0,0,381,1000.35,Normal,Tuesday
11-06-2024,P108,Sports,854,547.95,0,4,3416,75,826.71,Festival,Tuesday
11-06-2024,P109,Electronics,819,624.74,10,2,1638,221,834.71,Normal,Tuesday
11-06-2024,P110,Electronics,1135,763.59,0,0,0,279,1127.15,Sale,Tuesday
11-06-2024,P111,Fashion,1430,1110.59,0,0,0,441,1449.9,Normal,Tuesday
11-06-2024,P112,Fashion,1330,845.86,0,1,1330,82,1363.85,Normal,Tuesday
11-06-2024,P113,Home,599,398.66,0,0,0,402,585.85,Normal,Tuesday
11-06-2024,P114,Electronics,852,612.29,0,0,0,316,814.98,Festival,Tuesday
11-06-2024,P115,Home,934.8,715.93,5,0,0,398,932.27,Normal,Tuesday
11-06-2024,P116,Fashion,1142,709.47,0,0,0,464,1154.56,Normal,Tuesday
11-06-2024,P117,Sports,243,147.43,0,4,972,405,233.4,Normal,Tuesday
11-06-2024,P118,Sports,446,290.48,0,4,1784,232,451.18,Normal,Tuesday
11-06-2024,P119,Home,597,406.97,0,1,597,97,583.16,Holiday,Tuesday
12-06-2024,P100,Sports,1119.6,895.56,10,0,0,316,1165.28,Holiday,Wednesday
12-06-2024,P101,Home,203.4,140.86,10,3,610.2,304,198.26,Normal,Wednesday
12-06-2024,P102,Fashion,610.2,420.97,10,5,3051,372,617.84,Normal,Wednesday
12-06-2024,P103,Sports,1407,990.2,0,0,0,425,1400.23,Normal,Wednesday
12-06-2024,P104,Sports,1034,680.45,0,0,0,31,1018.36,Normal,Wednesday
12-06-2024,P105,Home,537,340.51,0,3,1611,364,520.87,Normal,Wednesday
12-06-2024,P106,Fashion,963.9,740.54,10,1,963.9,385,966.24,Normal,Wednesday
12-06-2024,P107,Sports,254,177.39,0,6,1524,122,259.74,Normal,Wednesday
12-06-2024,P108,Sports,928.8,722.87,10,3,2786.4,183,890.11,Normal,Wednesday
12-06-2024,P109,Sports,1145,879.17,0,4,4580,65,1167.93,Holiday,Wednesday
12-06-2024,P110,Fashion,939.55,598.8,5,3,2818.65,135,949.22,Normal,Wednesday
12-06-2024,P111,Fashion,556,428.79,0,0,0,29,544.68,Sale,Wednesday
12-06-2024,P112,Home,294,182.04,0,7,2058,372,306.7,Festival,Wednesday
12-06-2024,P113,Fashion,920.55,751.04,15,2,1841.1,88,945.34,Festival,Wednesday
12-06-2024,P114,Fashion,679.15,519.75,15,0,0,367,657.72,Normal,Wednesday
12-06-2024,P115,Home,432.9,332.48,10,3,1298.7,75,445.15,Normal,Wednesday
12-06-2024,P116,Fashion,229,143.31,0,4,916,450,238.1,Holiday,Wednesday
12-06-2024,P117,Fashion,380,262.82,0,4,1520,278,389.7,Normal,Wednesday
12-06-2024,P118,Fashion,1132.2,929.53,10,3,3396.6,457,1177.65,Normal,Wednesday
12-06-2024,P119,Home,899.1,672.39,10,3,2697.3,163,874.12,Holiday,Wednesday
13-06-2024,P100,Fashion,947.75,771.45,15,0,0,427,970.25,Festival,Thursday
13-06-2024,P101,Sports,1099,675.92,0,0,0,367,1065.59,Normal,Thursday
13-06-2024,P102,Electronics,351,260.71,0,0,0,51,360.14,Sale,Thursday
13-06-2024,P103,Home,807,597.97,0,0,0,450,767.42,Normal,Thursday
13-06-2024,P104,Home,328,217.73,0,8,2624,179,332.52,Sale,Thursday
13-06-2024,P105,Fashion,1165.5,845.89,10,1,1165.5,37,1203.3,Holiday,Thursday
13-06-2024,P106,Electronics,941.4,669.74,10,2,1882.8,220,958.14,Normal,Thursday
13-06-2024,P107,Electronics,470.25,312.19,5,3,1410.75,312,477.64,Festival,Thursday
13-06-2024,P108,Fashion,504,306.7,0,2,1008,240,512.04,Normal,Thursday
13-06-2024,P109,Sports,754.3,542.98,5,1,754.3,295,720.7,Normal,Thursday
13-06-2024,P110,Home,863,689.1,0,1,863,94,860.01,Normal,Thursday
13-06-2024,P111,Fashion,359,222.73,0,2,718,473,341.97,Festival,Thursday
13-06-2024,P112,Sports,373,223.85,0,1,373,229,388.63,Normal,Thursday
13-06-2024,P113,Home,941.4,805.62,10,0,0,27,960.12,Normal,Thursday
13-06-2024,P114,Fashion,881,615.14,0,0,0,422,894.95,Sale,Thursday
13-06-2024,P115,Home,1101,701.19,0,0,0,224,1120.54,Holiday,Thursday
13-06-2024,P116,Home,891,701.48,10,1,891,413,901.04,Festival,Thursday
13-06-2024,P117,Home,1233,943.23,10,1,1233,376,1249.42,Normal,Thursday
13-06-2024,P118,Electronics,1460,902.9,0,0,0,245,1466.09,Normal,Thursday
13-06-2024,P119,Home,675.45,537.6,5,2,1350.9,471,707.25,Normal,Thursday
14-06-2024,P100,Fashion,764,510.92,0,2,1528,410,738.6,Normal,Friday
14-06-2024,P101,Electronics,718.2,488.93,10,1,718.2,70,742.32,Normal,Friday
14-06-2024,P102,Electronics,1373.7,989.92,5,0,0,192,1377.06,Normal,Friday
14-06-2024,P103,Sports,684.9,528.56,10,1,684.9,251,652.19,Normal,Friday
14-06-2024,P104,Fashion,838.95,613.79,15,2,1677.9,186,810.88,Sale,Friday
14-06-2024,P105,Electronics,832.5,665.03,10,1,832.5,126,841.57,Normal,Friday
14-06-2024,P106,Electronics,794,604.43,0,0,0,313,806.45,Normal,Friday
14-06-2024,P107,Fashion,941.4,637.98,10,1,941.4,134,900.47,Holiday,Friday
14-06-2024,P108,Home,376.2,269.07,5,2,752.4,95,376.68,Festival,Friday
14-06-2024,P109,Electronics,976.5,818.5,10,1,976.5,115,950.19,Festival,Friday
14-06-2024,P110,Fashion,668.7,578.26,10,0,0,39,643.13,Normal,Friday
14-06-2024,P111,Sports,841,616.45,0,1,841,132,828.97,Festival,Friday
14-06-2024,P112,Electronics,1195.1,935.85,5,0,0,237,1221.57,Sale,Friday
14-06-2024,P113,Fashion,475,363,0,3,1425,32,460.66,Festival,Friday
14-06-2024,P114,Home,1056.4,688.14,5,2,2112.8,344,1050.42,Festival,Friday
14-06-2024,P115,Fashion,1055.45,807.64,5,0,0,455,1027.92,Normal,Friday
14-06-2024,P116,Home,1328,1038.4,0,3,3984,113,1345.24,Sale,Friday
14-06-2024,P117,Electronics,351.5,255.08,5,4,1406,170,342.34,Normal,Friday
14-06-2024,P118,Sports,994,612.48,0,3,2982,324,991.13,Normal,Friday
14-06-2024,P119,Electronics,773,589.82,0,1,773,482,777.55,Normal,Friday
15-06-2024,P100,Sports,410,287.66,0,0,0,220,405.3,Normal,Saturday
15-06-2024,P101,Fashion,1021.5,700.35,10,0,0,411,1045.57,Normal,Saturday
15-06-2024,P102,Electronics,703,510.24,5,0,0,219,714.41,Normal,Saturday
15-06-2024,P103,Home,367,228.03,0,2,734,399,374.23,Normal,Saturday
15-06-2024,P104,Home,932.4,780.31,10,0,0,350,888.68,Normal,Saturday
15-06-2024,P105,Fashion,1183,787.72,0,1,1183,295,1234.28,Normal,Saturday
15-06-2024,P106,Electronics,708,550.75,0,3,2124,393,730.89,Festival,Saturday
15-06-2024,P107,Home,1279,841.12,0,0,0,493,1298.34,Normal,Saturday
15-06-2024,P108,Sports,764,559.37,0,0,0,434,731.72,Normal,Saturday
15-06-2024,P109,Electronics,516.8,430.38,5,5,2584,267,509.31,Normal,Saturday
15-06-2024,P110,Fashion,650.7,482.76,10,1,650.7,177,622.49,Holiday,Saturday
15-06-2024,P111,Fashion,601.8,510.79,15,0,0,323,594.82,Normal,Saturday
15-06-2024,P112,Sports,389.3,359.97,15,4,1557.2,146,397.2,Normal,Saturday
15-06-2024,P113,Electronics,842,563.15,0,1,842,428,876.22,Normal,Saturday
15-06-2024,P114,Home,1314,1042.56,0,1,1314,280,1276.34,Festival,Saturday
15-06-2024,P115,Electronics,1039,688.92,0,2,2078,267,1016.1,Normal,Saturday
15-06-2024,P116,Sports,1102,826.18,0,0,0,422,1067.37,Normal,Saturday
15-06-2024,P117,Home,1081,767.02,0,1,1081,462,1065.18,Festival,Saturday
15-06-2024,P118,Fashion,1473,1103.17,0,3,4419,172,1535.56,Festival,Saturday
15-06-2024,P119,Home,1147.5,770.93,10,0,0,262,1092.98,Normal,Saturday
16-06-2024,P100,Fashion,1049.4,755.74,10,0,0,412,1009.87,Sale,Sunday
16-06-2024,P101,Home,303.45,224.84,15,5,1517.25,274,306.89,Normal,Sunday
16-06-2024,P102,Home,601.8,433.02,15,6,3610.8,39,630.79,Festival,Sunday
16-06-2024,P103,Home,423.3,392.25,15,3,1269.9,330,444.27,Holiday,Sunday
16-06-2024,P104,Sports,688,506.67,0,5,3440,145,681.1,Normal,Sunday
16-06-2024,P105,Sports,483.3,393.24,10,4,1933.2,289,487.26,Normal,Sunday
16-06-2024,P106,Electronics,681.15,529.65,5,3,2043.45,353,678.92,Normal,Sunday
16-06-2024,P107,Sports,1210,887.37,0,1,1210,282,1156.18,Sale,Sunday
16-06-2024,P108,Fashion,1371,841.75,0,2,2742,113,1381.92,Normal,Sunday
16-06-2024,P109,Fashion,980.1,679.51,10,0,0,492,967.41,Normal,Sunday
16-06-2024,P110,Home,702.05,557.77,5,0,0,89,698.01,Holiday,Sunday
16-06-2024,P111,Sports,1412,1016.9,0,0,0,387,1394.3,Normal,Sunday
16-06-2024,P112,Electronics,1288.8,876.04,10,0,0,366,1233.86,Normal,Sunday
16-06-2024,P113,Fashion,1017.45,897.9,15,1,1017.45,150,1026.78,Normal,Sunday
16-06-2024,P114,Home,485,303.54,0,0,0,368,494.65,Normal,Sunday
16-06-2024,P115,Home,1177.2,864.16,10,2,2354.4,72,1179.32,Festival,Sunday
16-06-2024,P116,Electronics,507.6,390.76,10,2,1015.2,83,490.38,Sale,Sunday
16-06-2024,P117,Sports,598.5,495.73,10,1,598.5,391,619.62,Normal,Sunday
16-06-2024,P118,Home,853,681.94,0,5,4265,372,847.26,Normal,Sunday
16-06-2024,P119,Home,535,347.28,0,0,0,81,556.36,Normal,Sunday
17-06-2024,P100,Home,442,300.77,0,1,442,435,441.69,Sale,Monday
17-06-2024,P101,Home,963.05,716.07,15,1,963.05,425,932.28,Normal,Monday
17-06-2024,P102,Fashion,1466,929.43,0,3,4398,234,1458.88,Normal,Monday
17-06-2024,P103,Fashion,464.55,383.74,5,2,929.1,141,480.53,Normal,Monday
17-06-2024,P104,Sports,1317,873.53,0,3,3951,499,1372.43,Holiday,Monday
17-06-2024,P105,Electronics,1367,838.42,0,0,0,377,1404.34,Normal,Monday
17-06-2024,P106,Home,1418.35,978.91,5,0,0,266,1447.53,Sale,Monday
17-06-2024,P107,Electronics,959.65,782.59,15,0,0,466,1001.69,Festival,Monday
17-06-2024,P108,Fashion,1047,773.73,0,2,2094,62,1008.5,Normal,Monday
17-06-2024,P109,Sports,1333,929.29,0,0,0,398,1394.8,Sale,Monday
17-06-2024,P110,Sports,426,340.15,0,4,1704,262,422.4,Holiday,Monday
17-06-2024,P111,Fashion,1087.2,759.59,10,1,1087.2,274,1037.4,Holiday,Monday
17-06-2024,P112,Sports,1008,678.6,0,0,0,419,988.41,Festival,Monday
17-06-2024,P113,Home,742,498.24,0,0,0,391,733.78,Normal,Monday
17-06-2024,P114,Electronics,1329.05,1042.28,5,1,1329.05,199,1377.01,Normal,Monday
17-06-2024,P115,Home,1260,938.86,0,4,5040,191,1271.21,Festival,Monday
17-06-2024,P116,Home,254,189.81,0,4,1016,210,244.37,Normal,Monday
17-06-2024,P117,Sports,1217,886.68,0,5,6085,122,1159.21,Normal,Monday
17-06-2024,P118,Home,344,225.95,0,2,688,211,345.85,Normal,Monday
17-06-2024,P119,Sports,216.6,178.2,5,4,866.4,117,218.03,Normal,Monday
18-06-2024,P100,Electronics,458,277.66,0,5,2290,109,461.32,Festival,Tuesday
18-06-2024,P101,Fashion,1302.45,969.68,5,2,2604.9,143,1263.77,Normal,Tuesday
18-06-2024,P102,Home,431,285.57,0,3,1293,301,438.64,Festival,Tuesday
18-06-2024,P103,Fashion,866,658.5,0,0,0,205,824.23,Sale,Tuesday
18-06-2024,P104,Fashion,1080,928.91,10,2,2160,33,1082.09,Holiday,Tuesday
18-06-2024,P105,Fashion,1276,767.95,0,0,0,386,1226.17,Festival,Tuesday
18-06-2024,P106,Sports,501.6,400.1,5,4,2006.4,84,502.24,Normal,Tuesday
18-06-2024,P107,Fashion,389.7,320.14,10,3,1169.1,149,377.03,Festival,Tuesday
18-06-2024,P108,Home,1125.4,1017.57,15,0,0,122,1092.27,Holiday,Tuesday
18-06-2024,P109,Sports,300,193.05,0,4,1200,465,297.44,Sale,Tuesday
18-06-2024,P110,Electronics,875.9,700.69,5,0,0,495,885.64,Normal,Tuesday
18-06-2024,P111,Sports,885,629.61,0,1,885,421,869.96,Holiday,Tuesday
18-06-2024,P112,Home,1222.65,884.59,5,0,0,312,1276.65,Festival,Tuesday
18-06-2024,P113,Home,1059.95,832.7,15,0,0,179,1012.12,Normal,Tuesday
18-06-2024,P114,Fashion,601,431.21,0,5,3005,37,609.37,Normal,Tuesday
18-06-2024,P115,Sports,1110,741.99,0,3,3330,148,1121.54,Festival,Tuesday
18-06-2024,P116,Sports,1240.7,963.98,5,0,0,157,1267.99,Normal,Tuesday
18-06-2024,P117,Electronics,798,483.59,0,4,3192,47,785.71,Normal,Tuesday
18-06-2024,P118,Fashion,672,485.5,0,2,1344,59,675.77,Festival,Tuesday
18-06-2024,P119,Fashion,954.75,731.59,5,4,3819,295,944.02,Sale,Tuesday
19-06-2024,P100,Electronics,1234.05,914.17,5,0,0,131,1224.19,Holiday,Wednesday
19-06-2024,P101,Sports,1021.5,892.13,10,0,0,454,1021.7,Normal,Wednesday
19-06-2024,P102,Electronics,775,587.27,0,2,1550,175,808.58,Festival,Wednesday
19-06-2024,P103,Sports,1074.4,926.26,15,1,1074.4,257,1078.89,Sale,Wednesday
19-06-2024,P104,Electronics,385.9,293.9,15,3,1157.7,497,383.74,Normal,Wednesday
19-06-2024,P105,Fashion,807.5,604.05,5,2,1615,451,789.44,Sale,Wednesday
19-06-2024,P106,Sports,1147,859.76,0,0,0,318,1114.09,Normal,Wednesday
19-06-2024,P107,Fashion,1240,940.67,0,0,0,148,1267.04,Normal,Wednesday
19-06-2024,P108,Home,1355,887.9,0,0,0,235,1304.54,Holiday,Wednesday
19-06-2024,P109,Fashion,407,321.02,0,0,0,26,413.43,Normal,Wednesday
19-06-2024,P110,Sports,380,268.5,0,1,380,222,392.65,Normal,Wednesday
19-06-2024,P111,Fashion,1270,942.06,0,0,0,495,1214.1,Normal,Wednesday
19-06-2024,P112,Sports,239.4,174.89,10,4,957.6,198,236.41,Festival,Wednesday
19-06-2024,P113,Home,1346,995.83,0,0,0,421,1370.96,Holiday,Wednesday
19-06-2024,P114,Home,553,377.63,0,0,0,150,548.47,Normal,Wednesday
19-06-2024,P115,Electronics,761,593.67,0,2,1522,181,725.2,Normal,Wednesday
19-06-2024,P116,Electronics,1166,836.73,0,0,0,42,1143.9,Normal,Wednesday
19-06-2024,P117,Sports,564,366.61,0,1,564,337,582.54,Festival,Wednesday
19-06-2024,P118,Fashion,407.55,312.88,5,2,815.1,142,393.04,Sale,Wednesday
19-06-2024,P119,Fashion,713.45,468.04,5,3,2140.35,161,722.02,Normal,Wednesday
20-06-2024,P100,Fashion,338.4,269.97,10,4,1353.6,342,325.42,Normal,Thursday
20-06-2024,P101,Fashion,313.5,249.5,5,2,627,169,308.06,Normal,Thursday
20-06-2024,P102,Fashion,1248,938.02,0,1,1248,244,1190.75,Normal,Thursday
20-06-2024,P103,Sports,1246,871.01,0,0,0,358,1236.02,Holiday,Thursday
20-06-2024,P104,Home,337,224.51,0,5,1685,345,348.05,Normal,Thursday
20-06-2024,P105,Sports,1049.75,919.53,15,2,2099.5,435,1033.84,Festival,Thursday
20-06-2024,P106,Fashion,847.4,682.83,5,1,847.4,176,837.61,Normal,Thursday
20-06-2024,P107,Sports,824.5,739.41,15,3,2473.5,112,832.78,Normal,Thursday
20-06-2024,P108,Sports,1127.65,830.13,5,3,3382.95,352,1172.64,Normal,Thursday
20-06-2024,P109,Fashion,230.35,194.21,15,8,1842.8,301,236.87,Sale,Thursday
20-06-2024,P110,Home,781.15,645.05,15,4,3124.6,52,782.89,Normal,Thursday
20-06-2024,P111,Electronics,566,432.47,0,2,1132,440,579.04,Festival,Thursday
20-06-2024,P112,Sports,557,352.7,0,3,1671,275,544.21,Sale,Thursday
20-06-2024,P113,Fashion,728,447.65,0,3,2184,267,698.36,Festival,Thursday
20-06-2024,P114,Fashion,293,206.47,0,0,0,449,306.62,Normal,Thursday
20-06-2024,P115,Home,1405,1114.73,0,0,0,365,1431.76,Festival,Thursday
20-06-2024,P116,Fashion,1023.15,749.02,5,0,0,428,1051.16,Normal,Thursday
20-06-2024,P117,Electronics,290,188.33,0,4,1160,349,303.28,Festival,Thursday
20-06-2024,P118,Fashion,368,244.88,0,3,1104,409,367.48,Normal,Thursday
20-06-2024,P119,Home,576.3,466.3,15,1,576.3,350,577.11,Holiday,Thursday
21-06-2024,P100,Sports,985.5,862.3,10,0,0,341,963.15,Normal,Friday
21-06-2024,P101,Electronics,1079.1,874.24,10,0,0,175,1057.73,Normal,Friday
21-06-2024,P102,Fashion,700.15,486.32,5,4,2800.6,469,726.99,Normal,Friday
21-06-2024,P103,Fashion,856.9,617.07,5,1,856.9,249,857.36,Normal,Friday
21-06-2024,P104,Home,674.05,540.71,15,0,0,475,654.91,Sale,Friday
21-06-2024,P105,Home,1265.4,990.18,10,1,1265.4,440,1240.6,Sale,Friday
21-06-2024,P106,Fashion,594.9,484.94,10,0,0,273,596.16,Festival,Friday
21-06-2024,P107,Sports,1040,629.78,0,2,2080,101,1042.34,Normal,Friday
21-06-2024,P108,Fashion,911.05,748.52,5,0,0,115,884.92,Normal,Friday
21-06-2024,P109,Sports,232,161.06,0,4,928,467,233.97,Normal,Friday
21-06-2024,P110,Fashion,291,216.72,0,3,873,271,294.39,Normal,Friday
21-06-2024,P111,Home,685.9,570.67,5,3,2057.7,189,677.72,Festival,Friday
21-06-2024,P112,Electronics,209,151.22,0,2,418,21,214.31,Sale,Friday
21-06-2024,P113,Sports,360.05,296.6,5,3,1080.15,166,372.52,Normal,Friday
21-06-2024,P114,Fashion,1240.7,852.05,5,2,2481.4,307,1265.41,Normal,Friday
21-06-2024,P115,Home,718.2,513.51,10,2,1436.4,217,691.96,Holiday,Friday
21-06-2024,P116,Sports,1141.2,797.71,10,0,0,351,1133.18,Normal,Friday
21-06-2024,P117,Sports,755,489.76,0,0,0,149,743.9,Normal,Friday
21-06-2024,P118,Sports,264,197.79,0,4,1056,177,273.78,Festival,Friday
21-06-2024,P119,Fashion,678,541.55,0,4,2712,328,680.26,Normal,Friday
22-06-2024,P100,Home,1199,833.24,0,1,1199,474,1208.62,Normal,Saturday
22-06-2024,P101,Electronics,771,487.23,0,0,0,104,771.31,Normal,Saturday
22-06-2024,P102,Home,336.3,219.38,5,0,0,75,339.29,Sale,Saturday
22-06-2024,P103,Home,685,482.9,0,2,1370,285,673.09,Festival,Saturday
22-06-2024,P104,Fashion,951,694.85,0,0,0,68,978.13,Normal,Saturday
22-06-2024,P105,Fashion,720,555.75,0,0,0,347,695.23,Normal,Saturday
22-06-2024,P106,Home,800,571.93,0,1,800,185,839.39,Normal,Saturday
22-06-2024,P107,Electronics,1066.5,781.38,10,0,0,252,1053.43,Normal,Saturday
22-06-2024,P108,Sports,1101.6,816.64,15,3,3304.8,69,1107.97,Festival,Saturday
22-06-2024,P109,Fashion,855.95,591.63,5,0,0,169,849.97,Festival,Saturday
22-06-2024,P110,Electronics,394.2,278.48,10,4,1576.8,312,409.32,Holiday,Saturday
22-06-2024,P111,Sports,1331,826.7,0,0,0,116,1267.5,Normal,Saturday
22-06-2024,P112,Fashion,396.95,290.09,15,2,793.9,109,416.61,Normal,Saturday
22-06-2024,P113,Electronics,600,447.41,0,0,0,66,577.94,Festival,Saturday
22-06-2024,P114,Home,1397,941.45,0,0,0,40,1432.86,Normal,Saturday
22-06-2024,P115,Sports,870,688.88,0,0,0,495,847.44,Normal,Saturday
22-06-2024,P116,Home,1263.1,1158.91,15,1,1263.1,441,1216.08,Festival,Saturday
22-06-2024,P117,Electronics,657,556.5,10,0,0,381,682.79,Normal,Saturday
22-06-2024,P118,Fashion,837,665.41,10,1,837,340,827.77,Normal,Saturday
22-06-2024,P119,Electronics,1287,774.98,0,3,3861,167,1349.51,Festival,Saturday
23-06-2024,P100,Fashion,966,751.39,0,0,0,436,923.27,Normal,Sunday
23-06-2024,P101,Fashion,1094,857.5,0,1,1094,23,1040.44,Festival,Sunday
23-06-2024,P102,Fashion,693.9,492.26,10,0,0,217,677.56,Sale,Sunday
23-06-2024,P103,Home,827,508.47,0,3,2481,57,813.39,Normal,Sunday
23-06-2024,P104,Fashion,1144.8,973.19,10,0,0,466,1117.07,Holiday,Sunday
23-06-2024,P105,Electronics,356,249.98,0,2,712,274,354.4,Normal,Sunday
23-06-2024,P106,Sports,487.35,402.19,5,1,487.35,476,503.48,Normal,Sunday
23-06-2024,P107,Sports,1414.55,951.52,5,2,2829.1,281,1357.18,Festival,Sunday
23-06-2024,P108,Sports,980,675.53,0,0,0,341,965.63,Normal,Sunday
23-06-2024,P109,Electronics,288.15,260.19,15,3,864.45,377,299.36,Festival,Sunday
23-06-2024,P110,Fashion,1332.85,1020.99,5,0,0,400,1360.59,Normal,Sunday
23-06-2024,P111,Fashion,594,505.91,10,3,1782,226,588.66,Normal,Sunday
23-06-2024,P112,Home,1431,946.93,0,1,1431,258,1496.5,Festival,Sunday
23-06-2024,P113,Sports,828.9,664.32,10,5,4144.5,175,868.18,Normal,Sunday
23-06-2024,P114,Home,1111.5,739.18,5,0,0,494,1154.46,Sale,Sunday
23-06-2024,P115,Fashion,1325.25,1001.1,5,0,0,73,1351.06,Normal,Sunday
23-06-2024,P116,Fashion,625.6,503.89,15,1,625.6,425,634.47,Sale,Sunday
23-06-2024,P117,Electronics,1451,1106.05,0,0,0,55,1437.93,Sale,Sunday
23-06-2024,P118,Sports,218,153.06,0,8,1744,230,213.3,Festival,Sunday
23-06-2024,P119,Fashion,636,427.6,0,6,3816,182,635.44,Normal,Sunday
24-06-2024,P100,Sports,816,635.28,15,1,816,36,851.31,Normal,Monday
24-06-2024,P101,Fashion,317,192.18,0,3,951,346,311.76,Normal,Monday
24-06-2024,P102,Fashion,255.85,227.89,15,4,1023.4,230,267.49,Holiday,Monday
24-06-2024,P103,Sports,1351,890.14,0,0,0,235,1340.8,Festival,Monday
24-06-2024,P104,Electronics,774,605.95,0,1,774,389,792.55,Holiday,Monday
24-06-2024,P105,Fashion,324,204.12,0,0,0,426,326.59,Normal,Monday
24-06-2024,P106,Electronics,348,222.5,0,2,696,399,332.19,Normal,Monday
24-06-2024,P107,Fashion,849.3,695.43,5,0,0,30,888.83,Normal,Monday
24-06-2024,P108,Electronics,1181.5,925.4,15,3,3544.5,378,1148.87,Festival,Monday
24-06-2024,P109,Sports,561.6,435.74,10,0,0,426,554.69,Normal,Monday
24-06-2024,P110,Sports,1191,922.52,0,0,0,489,1135.07,Sale,Monday
24-06-2024,P111,Fashion,911,636.12,0,0,0,259,866.01,Holiday,Monday
24-06-2024,P112,Sports,733.5,571.89,10,1,733.5,47,748.05,Sale,Monday
24-06-2024,P113,Electronics,400.5,279.72,10,3,1201.5,224,385.7,Normal,Monday
24-06-2024,P114,Sports,577,393.48,0,4,2308,171,575.11,Normal,Monday
24-06-2024,P115,Sports,377.1,282.74,10,0,0,71,384.31,Sale,Monday
24-06-2024,P116,Sports,1423,1074.63,0,0,0,356,1360.39,Normal,Monday
24-06-2024,P117,Fashion,501,340.81,0,0,0,193,504.58,Normal,Monday
24-06-2024,P118,Home,1285,832.41,0,1,1285,481,1258.21,Normal,Monday
24-06-2024,P119,Electronics,382,232.93,0,3,1146,255,393.8,Sale,Monday
25-06-2024,P100,Sports,1259.7,944.81,5,1,1259.7,462,1259.42,Normal,Tuesday
25-06-2024,P101,Sports,494.95,322.18,5,1,494.95,199,487.87,Sale,Tuesday
25-06-2024,P102,Electronics,649,460.87,0,2,1298,173,626.17,Sale,Tuesday
25-06-2024,P103,Sports,797.05,603.19,5,1,797.05,46,786.45,Festival,Tuesday
25-06-2024,P104,Electronics,613,470.22,0,0,0,179,620.14,Normal,Tuesday
25-06-2024,P105,Sports,964,630.81,0,0,0,399,916.73,Festival,Tuesday
25-06-2024,P106,Sports,335.7,290.12,10,5,1678.5,199,338.21,Festival,Tuesday
25-06-2024,P107,Fashion,380.8,315.61,15,1,380.8,491,367.2,Normal,Tuesday
25-06-2024,P108,Sports,979.2,805.03,10,1,979.2,246,1009.3,Festival,Tuesday
25-06-2024,P109,Electronics,490.2,323.61,5,2,980.4,288,486.48,Normal,Tuesday
25-06-2024,P110,Sports,1056.6,769.23,10,0,0,89,1028.73,Normal,Tuesday
25-06-2024,P111,Home,1067.4,826.53,10,0,0,230,1108.67,Sale,Tuesday
25-06-2024,P112,Sports,765,596.56,0,2,1530,260,772.97,Festival,Tuesday
25-06-2024,P113,Electronics,1083,872.93,5,1,1083,336,1118.33,Normal,Tuesday
25-06-2024,P114,Sports,998.1,760.21,10,5,4990.5,119,1001.17,Normal,Tuesday
25-06-2024,P115,Sports,240.3,209.23,10,8,1922.4,39,233.56,Sale,Tuesday
25-06-2024,P116,Sports,854,575.15,0,0,0,207,852.47,Normal,Tuesday
25-06-2024,P117,Home,1158.05,817.35,5,1,1158.05,499,1138.41,Normal,Tuesday
25-06-2024,P118,Sports,1082.05,723.09,5,0,0,97,1070.76,Normal,Tuesday
25-06-2024,P119,Sports,903.45,619.87,5,1,903.45,306,891.4,Normal,Tuesday
26-06-2024,P100,Home,1146,811.58,0,2,2292,422,1157.9,Normal,Wednesday
26-06-2024,P101,Home,840.75,691.72,5,5,4203.75,26,810.4,Festival,Wednesday
26-06-2024,P102,Electronics,229.9,183.18,5,1,229.9,55,220.2,Normal,Wednesday
26-06-2024,P103,Fashion,1029.6,747.45,10,0,0,334,1023.67,Sale,Wednesday
26-06-2024,P104,Home,1077,677.17,0,0,0,394,1061.02,Normal,Wednesday
26-06-2024,P105,Home,1406,995.89,0,2,2812,42,1358.53,Normal,Wednesday
26-06-2024,P106,Fashion,1123,762.32,0,4,4492,81,1080,Sale,Wednesday
26-06-2024,P107,Home,282,174.31,0,4,1128,177,272.38,Normal,Wednesday
26-06-2024,P108,Fashion,946.8,821.47,10,2,1893.6,354,931,Normal,Wednesday
26-06-2024,P109,Home,330,263,0,0,0,143,328.25,Normal,Wednesday
26-06-2024,P110,Home,269.1,192.99,10,1,269.1,222,277.19,Normal,Wednesday
26-06-2024,P111,Sports,536,367.4,0,1,536,267,547.53,Festival,Wednesday
26-06-2024,P112,Fashion,373,294.37,0,3,1119,415,367.31,Normal,Wednesday
26-06-2024,P113,Electronics,1188,857.39,0,0,0,164,1159.66,Normal,Wednesday
26-06-2024,P114,Fashion,1117,887.71,0,1,1117,407,1112.58,Normal,Wednesday
26-06-2024,P115,Sports,488,355.25,0,3,1464,51,485.59,Normal,Wednesday
26-06-2024,P116,Sports,773.3,547.17,5,1,773.3,318,778.29,Normal,Wednesday
26-06-2024,P117,Sports,1096.3,808.57,5,0,0,385,1046.4,Normal,Wednesday
26-06-2024,P118,Fashion,1392,1079.91,0,2,2784,73,1422.34,Sale,Wednesday
26-06-2024,P119,Home,627,427.03,5,1,627,145,631.6,Normal,Wednesday
27-06-2024,P100,Sports,660.25,515.72,5,2,1320.5,477,656.34,Festival,Thursday
27-06-2024,P101,Sports,261.8,200.33,15,4,1047.2,418,265.49,Holiday,Thursday
27-06-2024,P102,Electronics,541.5,441.89,5,0,0,496,546.83,Normal,Thursday
27-06-2024,P103,Sports,843,594.12,0,2,1686,413,861.32,Sale,Thursday
27-06-2024,P104,Electronics,300.6,218.76,10,5,1503,454,291.49,Sale,Thursday
27-06-2024,P105,Home,1300.55,828.29,5,0,0,184,1328.4,Festival,Thursday
27-06-2024,P106,Sports,814,553.69,0,3,2442,196,815.28,Normal,Thursday
27-06-2024,P107,Sports,836,643.45,0,2,1672,234,832.79,Sale,Thursday
27-06-2024,P108,Fashion,480,320.08,0,2,960,409,496.25,Sale,Thursday
27-06-2024,P109,Sports,372,292.65,0,6,2232,148,359.08,Sale,Thursday
27-06-2024,P110,Fashion,797,558.94,0,0,0,201,759.14,Normal,Thursday
27-06-2024,P111,Home,449,322.23,0,1,449,129,452.21,Sale,Thursday
27-06-2024,P112,Electronics,419.9,318.23,5,6,2519.4,50,418.39,Festival,Thursday
27-06-2024,P113,Sports,968,585.62,0,0,0,145,994.75,Holiday,Thursday
27-06-2024,P114,Sports,390.15,332.27,15,5,1950.75,277,382.83,Sale,Thursday
27-06-2024,P115,Home,230,161.93,0,11,2530,219,222.75,Festival,Thursday
27-06-2024,P116,Sports,608,373.07,0,0,0,368,578.09,Sale,Thursday
27-06-2024,P117,Sports,698,472.87,0,0,0,187,698.24,Normal,Thursday
27-06-2024,P118,Electronics,261,188.53,10,3,783,268,251.31,Normal,Thursday
27-06-2024,P119,Home,1248.3,1034.9,10,1,1248.3,483,1207.83,Normal,Thursday
28-06-2024,P100,Home,673,413.68,0,1,673,312,682.09,Holiday,Friday
28-06-2024,P101,Electronics,709.2,496.49,10,0,0,301,744.11,Festival,Friday
28-06-2024,P102,Electronics,1217,897.72,0,3,3651,364,1208.18,Holiday,Friday
28-06-2024,P103,Sports,210.9,153.86,5,5,1054.5,470,218.51,Normal,Friday
28-06-2024,P104,Fashion,670.65,540.72,15,0,0,21,644.35,Normal,Friday
28-06-2024,P105,Fashion,1093.45,758.13,5,1,1093.45,260,1134.55,Normal,Friday
28-06-2024,P106,Home,308,200,0,2,616,233,315.6,Normal,Friday
28-06-2024,P107,Sports,1087.2,885.51,10,0,0,174,1083.85,Sale,Friday
28-06-2024,P108,Home,893.95,565.01,5,2,1787.9,350,881.07,Normal,Friday
28-06-2024,P109,Fashion,717,442.37,0,3,2151,230,702.59,Normal,Friday
28-06-2024,P110,Sports,1286.1,1091.21,10,0,0,190,1249.54,Normal,Friday
28-06-2024,P111,Fashion,331,210.91,0,4,1324,435,340.37,Festival,Friday
28-06-2024,P112,Sports,1238.4,921.13,10,3,3715.2,295,1282.84,Normal,Friday
28-06-2024,P113,Electronics,269,169.38,0,0,0,157,256.41,Normal,Friday
28-06-2024,P114,Home,1161,892.33,0,2,2322,267,1130.07,Normal,Friday
28-06-2024,P115,Sports,526.5,360.97,10,0,0,118,551.76,Normal,Friday
28-06-2024,P116,Fashion,1442,925.29,0,0,0,427,1462.31,Sale,Friday
28-06-2024,P117,Electronics,1405,943.83,0,1,1405,103,1432.15,Normal,Friday
28-06-2024,P118,Fashion,211,147.56,0,4,844,45,220.03,Normal,Friday
28-06-2024,P119,Sports,952,797.73,15,0,0,305,976.84,Normal,Friday
29-06-2024,P100,Home,1127.7,973.69,10,1,1127.7,45,1121.56,Normal,Saturday
29-06-2024,P101,Home,819,623.95,0,0,0,485,815.83,Normal,Saturday
29-06-2024,P102,Electronics,650.75,520.01,5,0,0,49,651.35,Normal,Saturday
29-06-2024,P103,Electronics,596,382.89,0,0,0,361,608.31,Normal,Saturday
29-06-2024,P104,Electronics,1187,926.03,0,0,0,22,1138.57,Festival,Saturday
29-06-2024,P105,Fashion,1441,1151.07,0,0,0,104,1375.66,Normal,Saturday
29-06-2024,P106,Electronics,609.45,472.7,15,2,1218.9,256,625.76,Normal,Saturday
29-06-2024,P107,Fashion,1329,1007.68,0,0,0,215,1321.44,Normal,Saturday
29-06-2024,P108,Fashion,608,369.99,0,2,1216,288,587.99,Normal,Saturday
29-06-2024,P109,Home,1169.45,824.9,5,0,0,367,1124.67,Normal,Saturday
29-06-2024,P110,Sports,1080,844.05,0,1,1080,316,1030.22,Normal,Saturday
29-06-2024,P111,Electronics,692,488.07,0,1,692,148,657.66,Normal,Saturday
29-06-2024,P112,Sports,1244,945.61,0,0,0,400,1243.16,Normal,Saturday
29-06-2024,P113,Home,567.15,421.64,5,0,0,398,579.08,Festival,Saturday
29-06-2024,P114,Electronics,487.8,354.15,10,4,1951.2,129,464.03,Normal,Saturday
29-06-2024,P115,Electronics,916.3,822.28,15,0,0,148,873.2,Normal,Saturday
29-06-2024,P116,Fashion,709.2,478.55,10,2,1418.4,368,711.22,Normal,Saturday
29-06-2024,P117,Sports,556.7,455.01,5,0,0,390,582.12,Festival,Saturday
29-06-2024,P118,Fashion,371,270.25,0,0,0,82,366.17,Normal,Saturday
29-06-2024,P119,Home,1093.45,918.63,5,1,1093.45,172,1078.49,Holiday,Saturday
30-06-2024,P100,Sports,348,254.84,0,1,348,421,344.11,Normal,Sunday
30-06-2024,P101,Home,921.4,854.17,15,0,0,319,952.72,Normal,Sunday
30-06-2024,P102,Sports,847,634.6,0,0,0,190,873.42,Festival,Sunday
30-06-2024,P103,Sports,592.8,397.56,5,4,2371.2,158,563.63,Festival,Sunday
30-06-2024,P104,Sports,519,370.65,0,3,1557,303,542.88,Normal,Sunday
30-06-2024,P105,Electronics,1276.8,822.6,5,0,0,129,1325.22,Normal,Sunday
30-06-2024,P106,Sports,602.3,409.39,5,3,1806.9,97,580.03,Holiday,Sunday
30-06-2024,P107,Electronics,554.4,427.41,10,4,2217.6,411,582.11,Normal,Sunday
30-06-2024,P108,Electronics,1298,988.04,0,1,1298,140,1292.24,Normal,Sunday
30-06-2024,P109,Fashion,985,684.2,0,3,2955,222,971.35,Normal,Sunday
30-06-2024,P110,Home,1367,895.17,0,0,0,419,1299.05,Festival,Sunday
30-06-2024,P111,Home,243,185.4,0,6,1458,475,238.96,Sale,Sunday
30-06-2024,P112,Fashion,310,220.94,0,3,930,403,315.86,Normal,Sunday
30-06-2024,P113,Fashion,1118,800.92,0,2,2236,321,1104.94,Sale,Sunday
30-06-2024,P114,Sports,1420.25,1026.77,5,4,5681,426,1460.38,Normal,Sunday
30-06-2024,P115,Fashion,328,215.34,0,1,328,481,312.07,Sale,Sunday
30-06-2024,P116,Home,1008,627.51,0,1,1008,261,974.63,Festival,Sunday
30-06-2024,P117,Fashion,679.25,474.34,5,0,0,263,676.51,Sale,Sunday
30-06-2024,P118,Fashion,829,616.81,0,0,0,490,805.34,Holiday,Sunday
30-06-2024,P119,Fashion,919.6,628.59,5,1,919.6,162,888.85,Festival,Sunday
01-07-2024,P100,Sports,1415,905.03,0,0,0,153,1384.84,Sale,Monday
01-07-2024,P101,Electronics,771,577.63,0,3,2313,47,760.28,Normal,Monday
01-07-2024,P102,Sports,991.8,695.49,5,1,991.8,55,995.57,Holiday,Monday
01-07-2024,P103,Home,1288,899.58,0,4,5152,459,1242.68,Sale,Monday
01-07-2024,P104,Electronics,551,461.71,5,0,0,416,575.15,Normal,Monday
01-07-2024,P105,Fashion,980,737.05,0,4,3920,369,999.87,Sale,Monday
01-07-2024,P106,Home,700,533.75,0,0,0,361,725.04,Normal,Monday
01-07-2024,P107,Fashion,1068.45,785.63,15,2,2136.9,67,1063.6,Normal,Monday
01-07-2024,P108,Electronics,1059.25,691.4,5,0,0,195,1034.45,Normal,Monday
01-07-2024,P109,Home,602,449.06,0,2,1204,342,628.36,Holiday,Monday
01-07-2024,P110,Home,581.4,540.05,15,0,0,114,607.06,Normal,Monday
01-07-2024,P111,Electronics,955,630.37,0,2,1910,375,944.23,Festival,Monday
01-07-2024,P112,Sports,1373,949.13,0,0,0,130,1390.34,Normal,Monday
01-07-2024,P113,Fashion,1354,908.72,0,0,0,146,1402.3,Festival,Monday
01-07-2024,P114,Fashion,212.5,166.64,15,5,1062.5,268,213.4,Festival,Monday
01-07-2024,P115,Sports,921,653.7,0,0,0,24,924.71,Sale,Monday
01-07-2024,P116,Electronics,1186.6,1064.07,15,3,3559.8,138,1200.22,Sale,Monday
01-07-2024,P117,Sports,552.6,473.81,10,3,1657.8,186,530.86,Normal,Monday
01-07-2024,P118,Fashion,613,374.71,0,1,613,200,607.4,Normal,Monday
01-07-2024,P119,Fashion,1147.6,818.76,5,0,0,257,1139.3,Sale,Monday
02-07-2024,P100,Fashion,338,210.46,0,4,1352,112,327.03,Normal,Tuesday
02-07-2024,P101,Electronics,573.3,389.18,10,3,1719.9,399,580.53,Sale,Tuesday
02-07-2024,P102,Home,569,416.28,0,0,0,172,597.43,Normal,Tuesday
02-07-2024,P103,Home,974.7,731.1,5,1,974.7,73,982.2,Sale,Tuesday
02-07-2024,P104,Home,503.2,440.31,15,2,1006.4,105,510.38,Festival,Tuesday
02-07-2024,P105,Fashion,741,559.29,0,0,0,204,762.47,Festival,Tuesday
02-07-2024,P106,Electronics,1098.2,899.83,15,1,1098.2,290,1099.28,Holiday,Tuesday
02-07-2024,P107,Sports,729.6,569.63,5,0,0,297,746.09,Normal,Tuesday
02-07-2024,P108,Fashion,1381,971.76,0,1,1381,338,1329.81,Normal,Tuesday
02-07-2024,P109,Sports,1115,831.85,0,0,0,495,1126.86,Normal,Tuesday
02-07-2024,P110,Fashion,204.25,158,5,7,1429.75,263,196.11,Normal,Tuesday
02-07-2024,P111,Sports,548.25,420.66,15,2,1096.5,360,571.83,Normal,Tuesday
02-07-2024,P112,Fashion,991,778.72,0,2,1982,88,1032.75,Festival,Tuesday
02-07-2024,P113,Electronics,1417,860.01,0,5,7085,44,1465.03,Sale,Tuesday
02-07-2024,P114,Sports,1042.2,859.31,10,2,2084.4,410,1009.47,Sale,Tuesday
02-07-2024,P115,Sports,209,157.45,5,3,627,226,210.34,Normal,Tuesday
02-07-2024,P116,Home,1361.35,895.43,5,0,0,323,1300.31,Sale,Tuesday
02-07-2024,P117,Electronics,827.45,645.31,5,0,0,323,808.43,Sale,Tuesday
02-07-2024,P118,Fashion,1308.15,885.2,5,3,3924.45,125,1339.34,Holiday,Tuesday
02-07-2024,P119,Home,721.8,632.68,10,1,721.8,297,738.46,Normal,Tuesday
03-07-2024,P100,Home,738,633.09,10,2,1476,255,727.19,Holiday,Wednesday
03-07-2024,P101,Home,1358,900.09,0,0,0,234,1322.93,Normal,Wednesday
03-07-2024,P102,Sports,1248.3,909.24,10,1,1248.3,196,1237.28,Normal,Wednesday
03-07-2024,P103,Sports,1178.1,1095.87,15,1,1178.1,457,1133.07,Sale,Wednesday
03-07-2024,P104,Home,243,170.48,0,3,729,266,232.66,Normal,Wednesday
03-07-2024,P105,Electronics,791.1,656.97,10,2,1582.2,485,829.08,Normal,Wednesday
03-07-2024,P106,Fashion,1453,990.32,0,0,0,481,1398.77,Normal,Wednesday
03-07-2024,P107,Fashion,792,586.97,0,2,1584,432,787.54,Normal,Wednesday
03-07-2024,P108,Home,296,223.43,0,5,1480,215,281.45,Normal,Wednesday
03-07-2024,P109,Home,1055.7,741.48,10,2,2111.4,274,1054.27,Normal,Wednesday
03-07-2024,P110,Fashion,867.6,668.13,10,1,867.6,113,833.02,Festival,Wednesday
03-07-2024,P111,Fashion,785,574.25,0,0,0,461,776.67,Sale,Wednesday
03-07-2024,P112,Home,437,292.8,0,2,874,474,425.14,Normal,Wednesday
03-07-2024,P113,Sports,637.45,501.88,5,6,3824.7,449,612.32,Normal,Wednesday
03-07-2024,P114,Fashion,670,501.51,0,5,3350,233,654.92,Sale,Wednesday
03-07-2024,P115,Fashion,787.1,629.74,15,2,1574.2,408,817.41,Sale,Wednesday
03-07-2024,P116,Fashion,786,479.35,0,0,0,130,760.38,Normal,Wednesday
03-07-2024,P117,Home,1137,755.32,0,2,2274,185,1172.2,Normal,Wednesday
03-07-2024,P118,Electronics,1234,912.05,0,4,4936,27,1235.28,Normal,Wednesday
03-07-2024,P119,Fashion,414,302.72,10,4,1656,179,397.49,Normal,Wednesday
04-07-2024,P100,Fashion,573.3,391.71,10,3,1719.9,176,567.83,Normal,Thursday
04-07-2024,P101,Home,358.2,275.52,10,1,358.2,386,363.35,Festival,Thursday
04-07-2024,P102,Home,203,140.71,0,5,1015,472,202.33,Holiday,Thursday
04-07-2024,P103,Home,250.2,198.42,10,5,1251,230,259.59,Festival,Thursday
04-07-2024,P104,Fashion,383.8,256.3,5,1,383.8,356,377.46,Normal,Thursday
04-07-2024,P105,Home,986.4,865.82,10,0,0,186,974.01,Normal,Thursday
04-07-2024,P106,Fashion,719,468.09,0,1,719,307,732.25,Normal,Thursday
04-07-2024,P107,Sports,924,613.6,0,4,3696,199,936.16,Festival,Thursday
04-07-2024,P108,Fashion,674.05,529.55,15,2,1348.1,254,650.16,Sale,Thursday
04-07-2024,P109,Electronics,355.5,249.88,10,6,2133,448,358.42,Normal,Thursday
04-07-2024,P110,Electronics,341.7,278.31,15,5,1708.5,387,341.85,Sale,Thursday
04-07-2024,P111,Home,1229.3,792.91,5,1,1229.3,54,1175.28,Sale,Thursday
04-07-2024,P112,Home,1085,814.96,0,0,0,226,1037.76,Normal,Thursday
04-07-2024,P113,Fashion,1241,883.89,0,3,3723,121,1228.73,Normal,Thursday
04-07-2024,P114,Electronics,742.05,678.02,15,3,2226.15,311,766.58,Festival,Thursday
04-07-2024,P115,Fashion,953.7,833.62,15,3,2861.1,104,961.15,Normal,Thursday
04-07-2024,P116,Sports,383,244.14,0,7,2681,283,365.77,Festival,Thursday
04-07-2024,P117,Electronics,1208,846.33,0,2,2416,158,1192.17,Normal,Thursday
04-07-2024,P118,Electronics,1057,707.97,0,6,6342,274,1083.35,Normal,Thursday
04-07-2024,P119,Sports,507.6,413.74,10,0,0,467,530.55,Holiday,Thursday
05-07-2024,P100,Fashion,1218.9,938.59,15,0,0,171,1268.13,Normal,Friday
05-07-2024,P101,Electronics,749.7,507.81,10,0,0,327,776.25,Normal,Friday
05-07-2024,P102,Home,979,644.83,0,0,0,229,1012.18,Normal,Friday
05-07-2024,P103,Sports,396,285.16,10,4,1584,134,414.15,Holiday,Friday
05-07-2024,P104,Sports,336.6,296.34,10,0,0,472,348.39,Normal,Friday
05-07-2024,P105,Home,972,656.63,0,2,1944,39,953.1,Festival,Friday
05-07-2024,P106,Fashion,679.5,467.47,10,5,3397.5,78,657.41,Normal,Friday
05-07-2024,P107,Home,355.5,274.77,10,2,711,66,350.26,Sale,Friday
05-07-2024,P108,Electronics,860.4,673.32,10,0,0,208,894.49,Sale,Friday
05-07-2024,P109,Sports,1252,909.63,0,2,2504,495,1196.89,Normal,Friday
05-07-2024,P110,Sports,667,438.61,0,5,3335,147,671.64,Festival,Friday
05-07-2024,P111,Fashion,286,183.95,0,1,286,42,272.32,Normal,Friday
05-07-2024,P112,Electronics,424.8,377.52,10,1,424.8,459,406.05,Sale,Friday
05-07-2024,P113,Sports,505,352.52,0,3,1515,314,504.12,Sale,Friday
05-07-2024,P114,Fashion,879.3,758.49,10,0,0,302,860.75,Normal,Friday
05-07-2024,P115,Fashion,700.15,569.42,5,2,1400.3,227,705.33,Holiday,Friday
05-07-2024,P116,Sports,859,658.4,0,0,0,237,841.66,Normal,Friday
05-07-2024,P117,Fashion,471,307.11,0,0,0,435,469.23,Normal,Friday
05-07-2024,P118,Fashion,1366,1048.09,0,3,4098,392,1308.1,Festival,Friday
05-07-2024,P119,Electronics,940,669.35,0,0,0,343,907.55,Normal,Friday
06-07-2024,P100,Electronics,1256.85,841.3,5,0,0,82,1309.36,Normal,Saturday
06-07-2024,P101,Fashion,383,230.65,0,0,0,159,377.77,Normal,Saturday
06-07-2024,P102,Sports,1002.15,813.42,15,3,3006.45,180,980.12,Normal,Saturday
06-07-2024,P103,Fashion,584.8,418.81,15,0,0,72,570.42,Festival,Saturday
06-07-2024,P104,Electronics,1230.25,1011.6,5,0,0,21,1289.5,Normal,Saturday
06-07-2024,P105,Electronics,185.4,157.17,10,8,1483.2,405,176.39,Festival,Saturday
06-07-2024,P106,Home,1026,725.23,0,1,1026,201,979.94,Normal,Saturday
06-07-2024,P107,Electronics,1215,896.02,0,0,0,321,1234.3,Normal,Saturday
06-07-2024,P108,Fashion,327,254.7,0,2,654,275,314.41,Normal,Saturday
06-07-2024,P109,Sports,326.7,258.4,10,1,326.7,320,332.81,Sale,Saturday
06-07-2024,P110,Electronics,1146,808.14,0,0,0,455,1171.04,Normal,Saturday
06-07-2024,P111,Electronics,1251,873.44,0,0,0,391,1200.07,Normal,Saturday
06-07-2024,P112,Electronics,351.05,265.08,15,8,2808.4,199,356.92,Holiday,Saturday
06-07-2024,P113,Home,825.3,700.79,10,0,0,264,833.44,Sale,Saturday
06-07-2024,P114,Electronics,510.15,346.96,5,0,0,92,514.06,Normal,Saturday
06-07-2024,P115,Home,207.9,171.85,10,4,831.6,385,202.02,Normal,Saturday
06-07-2024,P116,Home,601.2,529.46,10,4,2404.8,404,613.27,Festival,Saturday
06-07-2024,P117,Sports,333,268.15,10,2,666,92,316.7,Holiday,Saturday
06-07-2024,P118,Sports,213,145.08,0,2,426,76,215.1,Normal,Saturday
06-07-2024,P119,Home,242.25,191.87,15,6,1453.5,410,242.97,Festival,Saturday
07-07-2024,P100,Fashion,1103.9,731.91,5,0,0,379,1129.15,Normal,Sunday
07-07-2024,P101,Home,250,178.94,0,1,250,316,250.99,Normal,Sunday
07-07-2024,P102,Home,1421.2,947.63,5,0,0,65,1457.7,Normal,Sunday
07-07-2024,P103,Sports,465.3,356.54,10,2,930.6,315,461.73,Normal,Sunday
07-07-2024,P104,Fashion,565.2,445.32,10,1,565.2,292,556.21,Sale,Sunday
07-07-2024,P105,Electronics,702,530.07,0,3,2106,248,672.26,Normal,Sunday
07-07-2024,P106,Sports,1027,707.74,0,0,0,312,980.84,Normal,Sunday
07-07-2024,P107,Sports,305,187.69,0,6,1830,138,311.31,Normal,Sunday
07-07-2024,P108,Home,479.75,341,5,1,479.75,112,463.81,Normal,Sunday
07-07-2024,P109,Sports,698,446.65,0,2,1396,391,707.66,Festival,Sunday
07-07-2024,P110,Home,547,400.79,0,2,1094,444,556.81,Normal,Sunday
07-07-2024,P111,Electronics,843.3,655.28,10,1,843.3,338,867.15,Festival,Sunday
07-07-2024,P112,Sports,1281,985.04,0,1,1281,389,1242.69,Normal,Sunday
07-07-2024,P113,Fashion,701.1,585.95,10,1,701.1,70,716.98,Holiday,Sunday
07-07-2024,P114,Home,309.6,207.23,10,9,2786.4,45,316.17,Festival,Sunday
07-07-2024,P115,Sports,565.25,446.81,5,5,2826.25,143,582.85,Festival,Sunday
07-07-2024,P116,Electronics,1047.2,873.89,15,0,0,432,1046.8,Normal,Sunday
07-07-2024,P117,Sports,413.1,359.28,10,3,1239.3,299,407.59,Sale,Sunday
07-07-2024,P118,Electronics,567.9,482.89,10,3,1703.7,122,579.34,Normal,Sunday
07-07-2024,P119,Home,606,366.07,0,5,3030,269,611.12,Festival,Sunday
08-07-2024,P100,Electronics,972.8,709.01,5,3,2918.4,255,954.47,Sale,Monday
08-07-2024,P101,Sports,512.05,390.52,5,5,2560.25,420,532.46,Sale,Monday
08-07-2024,P102,Sports,472,286.95,0,2,944,325,475.98,Festival,Monday
08-07-2024,P103,Fashion,437,268.72,0,0,0,277,440.19,Normal,Monday
08-07-2024,P104,Home,1425,958.57,0,1,1425,480,1453.51,Normal,Monday
08-07-2024,P105,Sports,1074,674.3,0,3,3222,470,1047.38,Holiday,Monday
08-07-2024,P106,Sports,698,541.82,0,0,0,472,668.6,Holiday,Monday
08-07-2024,P107,Electronics,1181.5,854.01,15,0,0,222,1171.8,Festival,Monday
08-07-2024,P108,Fashion,1028.7,860.68,10,4,4114.8,225,1063.16,Normal,Monday
08-07-2024,P109,Electronics,1475,1161.93,0,1,1475,485,1411.02,Normal,Monday
08-07-2024,P110,Fashion,900.15,834.39,15,1,900.15,379,884.15,Normal,Monday
08-07-2024,P111,Sports,954,778.6,10,0,0,117,925.62,Normal,Monday
08-07-2024,P112,Fashion,1376.55,1090.08,5,0,0,309,1338.28,Normal,Monday
08-07-2024,P113,Fashion,1424.05,906.36,5,1,1424.05,63,1384.8,Normal,Monday
08-07-2024,P114,Home,730,482.87,0,0,0,358,737.36,Normal,Monday
08-07-2024,P115,Electronics,1261,830.57,0,2,2522,156,1251.58,Normal,Monday
08-07-2024,P116,Sports,1322.1,1149.69,10,0,0,414,1386.06,Normal,Monday
08-07-2024,P117,Home,1141.2,889.92,10,1,1141.2,154,1182.12,Normal,Monday
08-07-2024,P118,Fashion,1343,904.74,0,3,4029,458,1337.8,Sale,Monday
08-07-2024,P119,Electronics,475,379.57,0,4,1900,263,458.71,Festival,Monday
09-07-2024,P100,Electronics,419.05,373.84,15,3,1257.15,65,431.18,Sale,Tuesday
09-07-2024,P101,Electronics,1232.1,866.03,10,0,0,376,1225.33,Normal,Tuesday
09-07-2024,P102,Home,578,392.27,0,3,1734,238,585.4,Festival,Tuesday
09-07-2024,P103,Electronics,940,734.08,0,4,3760,279,917.59,Holiday,Tuesday
09-07-2024,P104,Fashion,910.8,675.27,10,1,910.8,174,879.18,Festival,Tuesday
09-07-2024,P105,Electronics,417.05,308.01,5,6,2502.3,279,435.79,Normal,Tuesday
09-07-2024,P106,Home,1130,748.34,0,1,1130,314,1151.81,Normal,Tuesday
09-07-2024,P107,Fashion,441,345.25,0,3,1323,404,444.33,Festival,Tuesday
09-07-2024,P108,Electronics,1269,927.22,0,0,0,394,1256.41,Sale,Tuesday
09-07-2024,P109,Home,1487,1051.97,0,0,0,188,1448.06,Normal,Tuesday
09-07-2024,P110,Sports,496.8,336.57,10,4,1987.2,85,519.41,Normal,Tuesday
09-07-2024,P111,Sports,413,296.1,0,0,0,416,413.36,Normal,Tuesday
09-07-2024,P112,Home,871,626.19,0,0,0,55,899.9,Normal,Tuesday
09-07-2024,P113,Electronics,550,418.66,0,5,2750,440,552.34,Sale,Tuesday
09-07-2024,P114,Electronics,1260.9,1079.55,10,1,1260.9,271,1246.88,Normal,Tuesday
09-07-2024,P115,Sports,269.1,191.39,10,3,807.3,328,282.55,Festival,Tuesday
09-07-2024,P116,Home,897,637.15,0,0,0,215,915.46,Normal,Tuesday
09-07-2024,P117,Sports,513,429.78,10,3,1539,213,521.06,Sale,Tuesday
09-07-2024,P118,Fashion,1206.5,888.13,5,0,0,139,1261.22,Normal,Tuesday
09-07-2024,P119,Sports,924,706,0,2,1848,446,938.56,Normal,Tuesday
10-07-2024,P100,Sports,1099.15,750.37,5,0,0,90,1067.84,Normal,Wednesday
10-07-2024,P101,Electronics,980,653.61,0,2,1960,406,994.64,Festival,Wednesday
10-07-2024,P102,Home,1024,755.2,0,4,4096,42,984.04,Sale,Wednesday
10-07-2024,P103,Fashion,357,232.9,0,3,1071,140,344.56,Sale,Wednesday
10-07-2024,P104,Home,1408.85,960.96,5,2,2817.7,45,1441.25,Normal,Wednesday
10-07-2024,P105,Electronics,1218.05,978.45,15,2,2436.1,59,1180.97,Holiday,Wednesday
10-07-2024,P106,Fashion,866,624.59,0,0,0,242,899.94,Normal,Wednesday
10-07-2024,P107,Sports,1035.9,822.54,10,0,0,359,991.93,Normal,Wednesday
10-07-2024,P108,Electronics,1184,910.04,0,0,0,237,1127.77,Festival,Wednesday
10-07-2024,P109,Electronics,447,344.66,0,1,447,368,440.56,Normal,Wednesday
10-07-2024,P110,Fashion,541.8,368.77,10,3,1625.4,201,556.97,Festival,Wednesday
10-07-2024,P111,Sports,1034.55,746.54,5,0,0,497,1019.64,Normal,Wednesday
10-07-2024,P112,Fashion,388,308.44,0,3,1164,398,404.41,Sale,Wednesday
10-07-2024,P113,Home,1307,813.13,0,0,0,350,1251.86,Normal,Wednesday
10-07-2024,P114,Fashion,734,540.26,0,3,2202,104,737.68,Festival,Wednesday
10-07-2024,P115,Fashion,225.9,155.7,10,2,451.8,444,223.24,Normal,Wednesday
10-07-2024,P116,Sports,905.4,715.39,10,0,0,27,871.54,Normal,Wednesday
10-07-2024,P117,Fashion,1303,931.73,0,4,5212,301,1309.19,Normal,Wednesday
10-07-2024,P118,Electronics,936,756.62,10,4,3744,228,902.22,Sale,Wednesday
10-07-2024,P119,Fashion,439.2,326.44,10,0,0,47,438.2,Normal,Wednesday
11-07-2024,P100,Electronics,829.35,563.87,5,4,3317.4,230,799.13,Normal,Thursday
11-07-2024,P101,Fashion,1117,841.37,0,2,2234,42,1151.09,Sale,Thursday
11-07-2024,P102,Sports,470,357.11,0,3,1410,277,478.9,Festival,Thursday
11-07-2024,P103,Electronics,917.15,693.47,15,2,1834.3,63,935.27,Normal,Thursday
11-07-2024,P104,Fashion,1464,958.91,0,0,0,114,1504.17,Sale,Thursday
11-07-2024,P105,Fashion,1250,926.21,0,0,0,114,1238.09,Normal,Thursday
11-07-2024,P106,Sports,1348.2,1177.46,10,1,1348.2,339,1392.5,Sale,Thursday
11-07-2024,P107,Electronics,1183.7,841.09,5,2,2367.4,386,1211.13,Normal,Thursday
11-07-2024,P108,Fashion,1036,641.7,0,0,0,235,1034.72,Normal,Thursday
11-07-2024,P109,Electronics,634.5,522.75,10,2,1269,106,616.47,Normal,Thursday
11-07-2024,P110,Sports,1102,886.6,5,1,1102,266,1133.53,Festival,Thursday
11-07-2024,P111,Electronics,1197.95,996.1,5,0,0,226,1146.71,Sale,Thursday
11-07-2024,P112,Electronics,1277.75,856.49,5,0,0,398,1277.24,Festival,Thursday
11-07-2024,P113,Fashion,1431,950.11,0,2,2862,366,1407.93,Normal,Thursday
11-07-2024,P114,Sports,792,490.72,0,5,3960,262,819.81,Normal,Thursday
11-07-2024,P115,Sports,765.85,566.01,15,0,0,170,754.05,Sale,Thursday
11-07-2024,P116,Fashion,294.3,204.27,10,5,1471.5,48,303.7,Normal,Thursday
11-07-2024,P117,Fashion,1483,1095.49,0,0,0,245,1487.22,Festival,Thursday
11-07-2024,P118,Sports,917.1,621.05,10,0,0,402,886.89,Festival,Thursday
11-07-2024,P119,Fashion,1284,842.52,0,1,1284,457,1298.7,Normal,Thursday
12-07-2024,P100,Sports,424,300.88,0,3,1272,98,425.02,Normal,Friday
12-07-2024,P101,Home,1323.9,1118.57,10,0,0,207,1278.71,Normal,Friday
12-07-2024,P102,Electronics,1152,821.04,10,0,0,65,1142.9,Normal,Friday
12-07-2024,P103,Home,325,196.31,0,2,650,104,314.12,Normal,Friday
12-07-2024,P104,Home,1492,1030.96,0,4,5968,332,1531.31,Normal,Friday
12-07-2024,P105,Home,865,661.41,0,0,0,382,880.34,Holiday,Friday
12-07-2024,P106,Electronics,935,598.91,0,1,935,202,897.53,Normal,Friday
12-07-2024,P107,Fashion,294.5,190.32,5,6,1767,202,283.21,Normal,Friday
12-07-2024,P108,Fashion,1095,829.32,0,2,2190,116,1064.63,Normal,Friday
12-07-2024,P109,Electronics,781,577.72,0,2,1562,271,766.68,Festival,Friday
12-07-2024,P110,Sports,1242.7,1082.47,15,0,0,419,1270.59,Normal,Friday
12-07-2024,P111,Electronics,234.9,182.74,10,6,1409.4,466,243.06,Normal,Friday
12-07-2024,P112,Fashion,862.75,804.55,15,0,0,109,877.14,Normal,Friday
12-07-2024,P113,Fashion,1279.65,828.26,5,2,2559.3,76,1328.88,Normal,Friday
12-07-2024,P114,Sports,517,403.6,0,2,1034,395,541.76,Normal,Friday
12-07-2024,P115,Home,953,753.11,0,0,0,469,918.39,Normal,Friday
12-07-2024,P116,Electronics,1046.35,867.49,15,3,3139.05,299,1034.32,Holiday,Friday
12-07-2024,P117,Fashion,707.75,462.15,5,1,707.75,355,742.95,Normal,Friday
12-07-2024,P118,Sports,794.7,626.64,10,3,2384.1,60,782.59,Normal,Friday
12-07-2024,P119,Electronics,961,592.37,0,1,961,201,914.04,Normal,Friday
13-07-2024,P100,Sports,809,491.29,0,3,2427,328,785.95,Sale,Saturday
13-07-2024,P101,Home,662,446.24,0,3,1986,134,663.36,Normal,Saturday
13-07-2024,P102,Fashion,251.6,227.72,15,6,1509.6,413,262.27,Festival,Saturday
13-07-2024,P103,Fashion,1134.9,860.75,10,0,0,499,1128.31,Normal,Saturday
13-07-2024,P104,Sports,243.2,195.35,5,8,1945.6,242,253.99,Normal,Saturday
13-07-2024,P105,Sports,874.8,627.1,10,3,2624.4,273,889.81,Festival,Saturday
13-07-2024,P106,Home,756.2,631.03,5,1,756.2,403,790.16,Sale,Saturday
13-07-2024,P107,Fashion,1067,720,0,0,0,48,1020.36,Festival,Saturday
13-07-2024,P108,Fashion,243,168.99,10,4,972,237,242.6,Normal,Saturday
13-07-2024,P109,Fashion,1151,799.97,0,1,1151,260,1141.7,Normal,Saturday
13-07-2024,P110,Fashion,702.05,496.23,5,0,0,358,704.5,Normal,Saturday
13-07-2024,P111,Fashion,571.9,417.08,5,1,571.9,83,583.65,Festival,Saturday
13-07-2024,P112,Fashion,1486,1147.38,0,1,1486,92,1444.03,Normal,Saturday
13-07-2024,P113,Sports,1105,917.35,15,4,4420,172,1139.93,Sale,Saturday
13-07-2024,P114,Home,258,175.75,0,0,0,98,260.96,Normal,Saturday
13-07-2024,P115,Home,679.15,491.15,15,0,0,39,659.89,Normal,Saturday
13-07-2024,P116,Fashion,628.9,467.47,5,3,1886.7,194,600.78,Normal,Saturday
13-07-2024,P117,Sports,494,333.25,0,2,988,311,517.62,Normal,Saturday
13-07-2024,P118,Fashion,375.7,309.93,15,4,1502.8,54,362.03,Normal,Saturday
13-07-2024,P119,Electronics,1197,847.6,5,2,2394,153,1248.19,Sale,Saturday
14-07-2024,P100,Fashion,411.3,327.93,10,3,1233.9,378,417.6,Normal,Sunday
14-07-2024,P101,Sports,210,146.61,0,2,420,480,214.92,Normal,Sunday
14-07-2024,P102,Sports,710,468.83,0,0,0,237,734.08,Holiday,Sunday
14-07-2024,P103,Fashion,241,176.71,0,0,0,164,229.44,Normal,Sunday
14-07-2024,P104,Sports,709,453.72,0,6,4254,344,727.32,Festival,Sunday
14-07-2024,P105,Home,312,210.54,0,5,1560,461,305.22,Sale,Sunday
14-07-2024,P106,Fashion,870,556.69,0,2,1740,497,896.04,Holiday,Sunday
14-07-2024,P107,Sports,242,188.62,0,2,484,420,237.81,Normal,Sunday
14-07-2024,P108,Sports,369.9,262.06,10,6,2219.4,247,371.24,Sale,Sunday
14-07-2024,P109,Sports,1404,847.21,0,0,0,61,1350.5,Normal,Sunday
14-07-2024,P110,Electronics,956.7,659.44,10,1,956.7,425,994.51,Normal,Sunday
14-07-2024,P111,Home,1185,915.35,0,0,0,98,1128.44,Normal,Sunday
14-07-2024,P112,Fashion,504.45,333.58,5,3,1513.35,125,488.91,Sale,Sunday
14-07-2024,P113,Sports,1231,835.36,0,0,0,158,1248.72,Festival,Sunday
14-07-2024,P114,Sports,588.6,402,10,0,0,157,569.04,Normal,Sunday
14-07-2024,P115,Home,525,359.21,0,4,2100,275,540.66,Sale,Sunday
14-07-2024,P116,Home,635.55,497.99,5,2,1271.1,462,659.05,Normal,Sunday
14-07-2024,P117,Sports,714,554.56,0,0,0,352,690.56,Normal,Sunday
14-07-2024,P118,Electronics,773,567.57,0,0,0,434,742.84,Sale,Sunday
14-07-2024,P119,Fashion,961,649.79,0,1,961,153,959.39,Holiday,Sunday
15-07-2024,P100,Home,888,550.91,0,3,2664,425,871.73,Normal,Monday
15-07-2024,P101,Home,278.1,199.24,10,2,556.2,295,275.48,Normal,Monday
15-07-2024,P102,Fashion,607,426.33,0,3,1821,165,590.23,Normal,Monday
15-07-2024,P103,Home,302,219.15,0,4,1208,56,315.49,Normal,Monday
15-07-2024,P104,Fashion,788.4,609.11,10,3,2365.2,203,771.12,Normal,Monday
15-07-2024,P105,Electronics,1226.45,868.89,5,2,2452.9,232,1279.79,Normal,Monday
15-07-2024,P106,Electronics,1248,966.68,0,0,0,275,1198.53,Normal,Monday
15-07-2024,P107,Fashion,663,497.34,15,2,1326,320,671.59,Normal,Monday
15-07-2024,P108,Electronics,1056.55,890.53,15,1,1056.55,472,1069.84,Normal,Monday
15-07-2024,P109,Electronics,335,256.17,0,4,1340,53,342.49,Normal,Monday
15-07-2024,P110,Sports,1297.7,960.61,5,0,0,234,1254.63,Sale,Monday
15-07-2024,P111,Sports,1000,743.67,0,0,0,204,1001.9,Normal,Monday
15-07-2024,P112,Electronics,1133.35,758.44,5,0,0,404,1090.14,Normal,Monday
15-07-2024,P113,Electronics,881,583.42,0,2,1762,73,837.88,Holiday,Monday
15-07-2024,P114,Electronics,458,316.01,0,0,0,180,448.02,Normal,Monday
15-07-2024,P115,Fashion,750.6,552.1,10,1,750.6,252,714.74,Sale,Monday
15-07-2024,P116,Electronics,953.8,607.97,5,0,0,63,915.27,Normal,Monday
15-07-2024,P117,Electronics,1491,961.49,0,0,0,390,1416.72,Normal,Monday
15-07-2024,P118,Electronics,759,553.21,0,3,2277,265,738,Normal,Monday
15-07-2024,P119,Electronics,708.7,543.13,5,3,2126.1,321,700.57,Normal,Monday
16-07-2024,P100,Home,1002,681.96,0,0,0,38,996.65,Normal,Tuesday
16-07-2024,P101,Home,428,297.69,0,1,428,207,432.12,Normal,Tuesday
16-07-2024,P102,Sports,1129.55,819.73,5,1,1129.55,83,1080.3,Normal,Tuesday
16-07-2024,P103,Sports,1203.3,967.87,10,1,1203.3,22,1186.33,Normal,Tuesday
16-07-2024,P104,Home,567.9,456.86,10,0,0,427,568.66,Normal,Tuesday
16-07-2024,P105,Home,812,619.07,0,1,812,351,807.44,Normal,Tuesday
16-07-2024,P106,Sports,321.3,217.5,10,5,1606.5,193,312.7,Sale,Tuesday
16-07-2024,P107,Sports,978.3,751.03,10,2,1956.6,87,939.31,Sale,Tuesday
16-07-2024,P108,Sports,576,385.28,10,4,2304,79,598.02,Sale,Tuesday
16-07-2024,P109,Sports,1341,1188.85,10,1,1341,444,1343.6,Normal,Tuesday
16-07-2024,P110,Sports,1139.05,822.21,5,0,0,445,1177.7,Festival,Tuesday
16-07-2024,P111,Sports,1101.05,858.99,5,1,1101.05,357,1056.29,Normal,Tuesday
16-07-2024,P112,Electronics,494,386.6,0,0,0,195,481.56,Normal,Tuesday
16-07-2024,P113,Home,503.5,378.38,5,2,1007,27,520.18,Normal,Tuesday
16-07-2024,P114,Fashion,895.5,607.5,10,2,1791,194,855.43,Sale,Tuesday
16-07-2024,P115,Fashion,755.1,573.18,10,1,755.1,370,739.65,Normal,Tuesday
16-07-2024,P116,Home,997.2,679.64,10,0,0,476,1014.74,Normal,Tuesday
16-07-2024,P117,Fashion,364.5,304.75,10,5,1822.5,278,353.14,Festival,Tuesday
16-07-2024,P118,Electronics,995,638.7,0,0,0,489,1003.81,Festival,Tuesday
16-07-2024,P119,Home,365.4,285.75,10,2,730.8,191,348.42,Sale,Tuesday
17-07-2024,P100,Home,714,474.59,0,3,2142,344,717.11,Normal,Wednesday
17-07-2024,P101,Electronics,1381,1042.12,0,1,1381,134,1440.68,Festival,Wednesday
17-07-2024,P102,Home,864,655.99,10,0,0,137,899.96,Sale,Wednesday
17-07-2024,P103,Fashion,504,345.65,10,1,504,229,498.41,Festival,Wednesday
17-07-2024,P104,Electronics,815,566.02,0,1,815,268,844.52,Normal,Wednesday
17-07-2024,P105,Fashion,1367,955.76,0,0,0,141,1312.68,Normal,Wednesday
17-07-2024,P106,Home,674,514.62,0,3,2022,199,668.29,Sale,Wednesday
17-07-2024,P107,Home,713,459.03,0,3,2139,193,700,Normal,Wednesday
17-07-2024,P108,Sports,1250.2,813.98,5,0,0,404,1191.07,Normal,Wednesday
17-07-2024,P109,Home,408,312.73,0,4,1632,170,428.09,Normal,Wednesday
17-07-2024,P110,Sports,760,473.83,0,2,1520,298,736.57,Normal,Wednesday
17-07-2024,P111,Electronics,384.3,294.89,10,2,768.6,246,375.38,Normal,Wednesday
17-07-2024,P112,Fashion,953.1,689.02,10,1,953.1,31,937.62,Normal,Wednesday
17-07-2024,P113,Electronics,350,233.3,0,0,0,270,356.4,Sale,Wednesday
17-07-2024,P114,Home,263.7,194.04,10,2,527.4,448,257.38,Normal,Wednesday
17-07-2024,P115,Sports,833.4,557.42,10,0,0,412,811.31,Normal,Wednesday
17-07-2024,P116,Electronics,258.3,195.87,10,4,1033.2,461,250.52,Holiday,Wednesday
17-07-2024,P117,Fashion,1142,713.14,0,1,1142,192,1120.07,Sale,Wednesday
17-07-2024,P118,Home,1317,1034.32,0,0,0,367,1361.48,Sale,Wednesday
17-07-2024,P119,Sports,1293.9,910.63,5,1,1293.9,429,1259.05,Normal,Wednesday
18-07-2024,P100,Home,1313,811.5,0,0,0,75,1273.68,Normal,Thursday
18-07-2024,P101,Electronics,756,453.78,0,2,1512,299,771.41,Normal,Thursday
18-07-2024,P102,Sports,714.6,610.19,10,0,0,28,691.29,Normal,Thursday
18-07-2024,P103,Sports,353,256.88,0,5,1765,82,339.41,Sale,Thursday
18-07-2024,P104,Home,1214,898.45,0,1,1214,204,1271.04,Normal,Thursday
18-07-2024,P105,Electronics,216,150.61,0,4,864,445,212.73,Normal,Thursday
18-07-2024,P106,Fashion,1346.15,870.06,5,0,0,433,1286.13,Normal,Thursday
18-07-2024,P107,Home,1431,1028.4,0,4,5724,330,1400,Normal,Thursday
18-07-2024,P108,Fashion,1332,919.41,0,3,3996,275,1295.15,Festival,Thursday
18-07-2024,P109,Electronics,224,163.62,0,3,672,257,222.04,Sale,Thursday
18-07-2024,P110,Fashion,791,475.46,0,1,791,169,762.04,Normal,Thursday
18-07-2024,P111,Home,189.9,141.34,10,3,569.7,186,197.59,Festival,Thursday
18-07-2024,P112,Electronics,627.3,501.57,10,2,1254.6,497,650.36,Normal,Thursday
18-07-2024,P113,Sports,816,506.94,0,0,0,405,790.65,Festival,Thursday
18-07-2024,P114,Fashion,1262,890.04,0,2,2524,226,1313.52,Normal,Thursday
18-07-2024,P115,Electronics,208.05,135.71,5,9,1872.45,246,213.08,Festival,Thursday
18-07-2024,P116,Sports,1045,832.75,5,6,6270,79,993.32,Normal,Thursday
18-07-2024,P117,Home,888,706.9,0,1,888,121,849.39,Holiday,Thursday
18-07-2024,P118,Home,393.3,291.17,5,2,786.6,47,382.54,Festival,Thursday
18-07-2024,P119,Fashion,633,472.58,0,4,2532,265,660.77,Normal,Thursday
19-07-2024,P100,Home,935.75,722.61,5,4,3743,73,965.74,Normal,Friday
19-07-2024,P101,Sports,1090.6,714.75,5,0,0,212,1143.37,Sale,Friday
19-07-2024,P102,Fashion,1427,1052.75,0,1,1427,353,1485.37,Sale,Friday
19-07-2024,P103,Fashion,767,542.01,0,0,0,377,778.91,Normal,Friday
19-07-2024,P104,Home,1259.7,830.21,5,3,3779.1,104,1268.49,Sale,Friday
19-07-2024,P105,Fashion,1313,832.08,0,4,5252,231,1284.99,Normal,Friday
19-07-2024,P106,Fashion,217.6,185.73,15,5,1088,34,212.14,Sale,Friday
19-07-2024,P107,Home,408.6,304.19,10,0,0,153,414.6,Normal,Friday
19-07-2024,P108,Electronics,1097,848.06,0,0,0,138,1044.32,Sale,Friday
19-07-2024,P109,Sports,573,408.51,0,0,0,319,569.53,Normal,Friday
19-07-2024,P110,Fashion,704.7,507.6,10,0,0,280,702.55,Normal,Friday
19-07-2024,P111,Fashion,796.1,531.1,5,7,5572.7,244,827.16,Sale,Friday
19-07-2024,P112,Home,1247.4,903.31,10,1,1247.4,45,1223.57,Normal,Friday
19-07-2024,P113,Fashion,1205.55,775.36,5,0,0,429,1203.83,Normal,Friday
19-07-2024,P114,Electronics,1135,831.46,0,0,0,441,1148.85,Sale,Friday
19-07-2024,P115,Home,1360,831.63,0,0,0,188,1334.91,Festival,Friday
19-07-2024,P116,Home,1206,817.65,0,0,0,189,1239.7,Sale,Friday
19-07-2024,P117,Sports,1004,773.6,0,1,1004,494,1045.02,Normal,Friday
19-07-2024,P118,Electronics,1126.7,841.32,5,2,2253.4,277,1075.3,Sale,Friday
19-07-2024,P119,Home,654.3,445.32,10,3,1962.9,152,680.82,Normal,Friday
20-07-2024,P100,Fashion,343.8,243.63,10,0,0,429,338.82,Normal,Saturday
20-07-2024,P101,Fashion,345.95,249.76,15,1,345.95,474,350.62,Normal,Saturday
20-07-2024,P102,Electronics,283.05,204.6,15,0,0,227,270.6,Normal,Saturday
20-07-2024,P103,Sports,391,299.03,0,6,2346,159,406.66,Sale,Saturday
20-07-2024,P104,Electronics,572,446.8,0,2,1144,147,573.5,Holiday,Saturday
20-07-2024,P105,Home,1495,1184.33,0,0,0,263,1449.77,Normal,Saturday
20-07-2024,P106,Home,1089.9,844.27,10,2,2179.8,152,1097.8,Normal,Saturday
20-07-2024,P107,Sports,917.15,762.31,15,1,917.15,251,901.53,Normal,Saturday
20-07-2024,P108,Sports,1085,716.72,0,2,2170,231,1068.25,Normal,Saturday
20-07-2024,P109,Home,904.4,838.32,15,0,0,487,863.09,Holiday,Saturday
20-07-2024,P110,Fashion,788.5,602.71,5,2,1577,389,754.06,Normal,Saturday
20-07-2024,P111,Electronics,1266.3,1027.06,10,6,7597.8,116,1261.17,Sale,Saturday
20-07-2024,P112,Home,703,538.74,5,0,0,46,684.03,Festival,Saturday
20-07-2024,P113,Sports,538,387.19,0,0,0,404,564.34,Normal,Saturday
20-07-2024,P114,Fashion,275,168.05,0,6,1650,242,275.46,Normal,Saturday
20-07-2024,P115,Electronics,436.05,295.48,5,4,1744.2,203,418.66,Normal,Saturday
20-07-2024,P116,Home,238,189.48,0,7,1666,191,226.32,Holiday,Saturday
20-07-2024,P117,Sports,1057.5,756.28,10,1,1057.5,154,1084.29,Normal,Saturday
20-07-2024,P118,Home,637.5,517.91,15,2,1275,183,641,Festival,Saturday
20-07-2024,P119,Electronics,1445,1010.86,0,0,0,324,1419.31,Normal,Saturday
21-07-2024,P100,Fashion,928.8,815.49,10,0,0,285,901.47,Normal,Sunday
21-07-2024,P101,Electronics,198.9,159.67,15,10,1989,243,196.86,Normal,Sunday
21-07-2024,P102,Fashion,301,210.32,0,1,301,318,305.19,Normal,Sunday
21-07-2024,P103,Home,1184.65,807.19,5,0,0,405,1193.74,Sale,Sunday
21-07-2024,P104,Home,285,202.73,0,2,570,372,280.18,Normal,Sunday
21-07-2024,P105,Fashion,695.7,468.09,10,2,1391.4,218,728.91,Normal,Sunday
21-07-2024,P106,Electronics,842,587.99,0,2,1684,455,842.32,Holiday,Sunday
21-07-2024,P107,Sports,424,306.09,0,5,2120,130,432.3,Holiday,Sunday
21-07-2024,P108,Electronics,228,143.81,0,5,1140,376,223.87,Festival,Sunday
21-07-2024,P109,Sports,262.65,213.06,15,4,1050.6,201,261.71,Normal,Sunday
21-07-2024,P110,Electronics,321,200.82,0,6,1926,168,333.3,Festival,Sunday
21-07-2024,P111,Electronics,1025.1,788.58,10,1,1025.1,463,990.34,Normal,Sunday
21-07-2024,P112,Electronics,1053.55,828.2,5,1,1053.55,340,1059.27,Normal,Sunday
21-07-2024,P113,Home,996.3,855.83,10,0,0,464,974.92,Normal,Sunday
21-07-2024,P114,Sports,913,555.57,0,2,1826,188,911.7,Holiday,Sunday
21-07-2024,P115,Sports,523,380.72,0,2,1046,475,542.33,Normal,Sunday
21-07-2024,P116,Home,1078,797.34,0,2,2156,291,1130.2,Normal,Sunday
21-07-2024,P117,Home,1273.5,999,10,1,1273.5,82,1251.01,Holiday,Sunday
21-07-2024,P118,Electronics,1481,967.81,0,0,0,216,1530.43,Normal,Sunday
21-07-2024,P119,Home,1227,795.73,0,1,1227,444,1208.84,Normal,Sunday
22-07-2024,P100,Fashion,496.4,357.33,15,2,992.8,303,471.99,Normal,Monday
22-07-2024,P101,Fashion,799,553.22,0,1,799,82,780.61,Normal,Monday
22-07-2024,P102,Electronics,1412.65,993.28,5,0,0,483,1356.59,Normal,Monday
22-07-2024,P103,Electronics,715,490.92,0,0,0,157,690.53,Holiday,Monday
22-07-2024,P104,Home,1020,734.28,0,0,0,414,990.74,Normal,Monday
22-07-2024,P105,Home,1013,750.58,0,0,0,350,974.11,Normal,Monday
22-07-2024,P106,Home,949.5,652.73,10,1,949.5,448,966.94,Festival,Monday
22-07-2024,P107,Fashion,1332.9,964.25,10,0,0,266,1309.99,Normal,Monday
22-07-2024,P108,Fashion,1303.2,1039.81,10,3,3909.6,498,1305.1,Sale,Monday
22-07-2024,P109,Electronics,1281,979.44,0,0,0,463,1310.89,Normal,Monday
22-07-2024,P110,Electronics,346.5,284.32,10,4,1386,440,352.79,Normal,Monday
22-07-2024,P111,Electronics,662.4,562.62,10,3,1987.2,108,694.4,Sale,Monday
22-07-2024,P112,Home,827.45,630.7,5,0,0,374,847.54,Sale,Monday
22-07-2024,P113,Sports,806.55,596.4,5,2,1613.1,112,785.94,Sale,Monday
22-07-2024,P114,Fashion,270,183.48,10,1,270,476,265.06,Normal,Monday
22-07-2024,P115,Fashion,1071.9,839.46,10,3,3215.7,180,1064.61,Sale,Monday
22-07-2024,P116,Fashion,771,466.97,0,2,1542,469,751.19,Normal,Monday
22-07-2024,P117,Home,938,622.22,0,0,0,259,949.96,Normal,Monday
22-07-2024,P118,Fashion,1131.3,907.58,10,0,0,312,1166.35,Normal,Monday
22-07-2024,P119,Sports,283,181.88,0,5,1415,103,287.2,Normal,Monday
23-07-2024,P100,Fashion,214.2,149.26,10,6,1285.2,60,218.27,Normal,Tuesday
23-07-2024,P101,Fashion,541,348.27,0,6,3246,143,516.04,Festival,Tuesday
23-07-2024,P102,Sports,387.9,306.3,10,2,775.8,162,380.25,Normal,Tuesday
23-07-2024,P103,Home,327.6,274.88,10,1,327.6,373,318.12,Normal,Tuesday
23-07-2024,P104,Sports,1254,877.06,0,3,3762,348,1306.14,Holiday,Tuesday
23-07-2024,P105,Electronics,934,637.3,0,4,3736,254,903.41,Normal,Tuesday
23-07-2024,P106,Fashion,827,565.97,0,3,2481,331,796.5,Normal,Tuesday
23-07-2024,P107,Fashion,1089,840.27,10,1,1089,273,1109.73,Sale,Tuesday
23-07-2024,P108,Electronics,923,564.57,0,1,923,362,878.61,Holiday,Tuesday
23-07-2024,P109,Fashion,236.55,196.97,5,5,1182.75,325,245.98,Normal,Tuesday
23-07-2024,P110,Sports,499.5,385.46,10,0,0,361,480.28,Normal,Tuesday
23-07-2024,P111,Electronics,1201,864.03,0,0,0,400,1232.95,Festival,Tuesday
23-07-2024,P112,Fashion,1261,868.6,0,0,0,280,1310.1,Normal,Tuesday
23-07-2024,P113,Fashion,1144,688.1,0,2,2288,345,1114.02,Sale,Tuesday
23-07-2024,P114,Home,378.9,317.7,10,2,757.8,433,370.91,Normal,Tuesday
23-07-2024,P115,Electronics,1322.1,1061.06,10,1,1322.1,138,1334.5,Normal,Tuesday
23-07-2024,P116,Fashion,283.05,223.56,15,4,1132.2,433,279.59,Sale,Tuesday
23-07-2024,P117,Home,1073,856.11,0,0,0,226,1101.12,Normal,Tuesday
23-07-2024,P118,Sports,1338.3,951.1,10,0,0,331,1273.51,Normal,Tuesday
23-07-2024,P119,Home,543,339.82,0,2,1086,463,534.95,Normal,Tuesday
24-07-2024,P100,Sports,960.3,710.87,10,4,3841.2,480,947.98,Normal,Wednesday
24-07-2024,P101,Home,324.9,211.06,5,6,1949.4,437,338.2,Festival,Wednesday
24-07-2024,P102,Electronics,322.2,278.37,10,5,1611,139,317.01,Normal,Wednesday
24-07-2024,P103,Fashion,740,497.52,0,2,1480,443,729.82,Normal,Wednesday
24-07-2024,P104,Fashion,1222,734.04,0,0,0,273,1233.38,Festival,Wednesday
24-07-2024,P105,Electronics,1448,969.71,0,3,4344,267,1394.63,Normal,Wednesday
24-07-2024,P106,Fashion,1468,934.48,0,3,4404,322,1436.78,Normal,Wednesday
24-07-2024,P107,Home,896,609.64,0,2,1792,422,922.1,Normal,Wednesday
24-07-2024,P108,Electronics,1166.6,909.96,5,0,0,146,1130.96,Sale,Wednesday
24-07-2024,P109,Sports,1109,857.15,0,3,3327,454,1059.6,Normal,Wednesday
24-07-2024,P110,Home,647.1,447.45,10,2,1294.2,136,626.34,Festival,Wednesday
24-07-2024,P111,Electronics,1192.5,975.62,10,0,0,175,1136.5,Normal,Wednesday
24-07-2024,P112,Home,600.95,460.95,15,2,1201.9,478,611.05,Normal,Wednesday
24-07-2024,P113,Sports,379.05,302.99,5,5,1895.25,101,393.72,Normal,Wednesday
24-07-2024,P114,Fashion,1083,806.45,0,1,1083,58,1097.73,Normal,Wednesday
24-07-2024,P115,Home,980,625.57,0,0,0,371,961.66,Normal,Wednesday
24-07-2024,P116,Sports,880.2,764.39,10,0,0,241,854.53,Normal,Wednesday
24-07-2024,P117,Fashion,817.95,611.78,5,2,1635.9,338,833.31,Normal,Wednesday
24-07-2024,P118,Sports,340.85,278.79,15,4,1363.4,258,340.43,Normal,Wednesday
24-07-2024,P119,Home,1349.95,991.38,5,0,0,314,1355.84,Normal,Wednesday
25-07-2024,P100,Electronics,608.95,462.76,5,5,3044.75,473,582.78,Festival,Thursday
25-07-2024,P101,Sports,642.6,537.58,15,2,1285.2,469,653.89,Sale,Thursday
25-07-2024,P102,Electronics,895.85,666.51,5,2,1791.7,296,901.46,Normal,Thursday
25-07-2024,P103,Electronics,1447,920.64,0,0,0,96,1498.32,Sale,Thursday
25-07-2024,P104,Home,723,496.31,0,5,3615,469,705.51,Sale,Thursday
25-07-2024,P105,Home,1081,683.42,0,0,0,53,1104.81,Normal,Thursday
25-07-2024,P106,Sports,1141,813.86,0,0,0,359,1194.8,Normal,Thursday
25-07-2024,P107,Fashion,1047.85,757.86,5,3,3143.55,218,1068.3,Sale,Thursday
25-07-2024,P108,Home,1276.8,820.45,5,1,1276.8,303,1340.53,Normal,Thursday
25-07-2024,P109,Electronics,978.35,698.58,15,4,3913.4,24,954.63,Holiday,Thursday
25-07-2024,P110,Fashion,1149.5,889.92,5,3,3448.5,75,1104.86,Normal,Thursday
25-07-2024,P111,Fashion,1413.6,906.51,5,2,2827.2,358,1355.05,Normal,Thursday
25-07-2024,P112,Fashion,1197.9,841.19,10,0,0,442,1205.03,Normal,Thursday
25-07-2024,P113,Sports,959,607.33,0,3,2877,284,923.89,Normal,Thursday
25-07-2024,P114,Sports,729,580.46,0,0,0,483,693.85,Normal,Thursday
25-07-2024,P115,Fashion,1444,878.13,0,0,0,392,1400.62,Normal,Thursday
25-07-2024,P116,Fashion,965,642.56,0,2,1930,61,1008.93,Normal,Thursday
25-07-2024,P117,Home,422,290.41,0,2,844,433,433.43,Normal,Thursday
25-07-2024,P118,Fashion,1027.9,667.55,5,0,0,138,1052.22,Normal,Thursday
25-07-2024,P119,Sports,923,666.29,0,0,0,204,935.05,Holiday,Thursday
26-07-2024,P100,Electronics,1113,885.74,0,3,3339,31,1138.98,Festival,Friday
26-07-2024,P101,Electronics,801,591.04,10,5,4005,22,840.34,Sale,Friday
26-07-2024,P102,Fashion,778,612.26,0,2,1556,236,756.02,Sale,Friday
26-07-2024,P103,Electronics,768,541.88,0,2,1536,37,783.77,Normal,Friday
26-07-2024,P104,Home,1341,883.43,0,0,0,181,1341.5,Normal,Friday
26-07-2024,P105,Fashion,1391.75,1044.8,5,1,1391.75,237,1391.26,Festival,Friday
26-07-2024,P106,Electronics,411,316.38,0,0,0,284,426.18,Sale,Friday
26-07-2024,P107,Fashion,1007.1,726.13,10,0,0,390,1048.18,Normal,Friday
26-07-2024,P108,Electronics,1247.35,1038.06,5,0,0,251,1207.75,Festival,Friday
26-07-2024,P109,Home,1291.5,1135.1,10,0,0,356,1259.83,Sale,Friday
26-07-2024,P110,Home,947,597.83,0,0,0,47,958.33,Normal,Friday
26-07-2024,P111,Electronics,498.6,377.78,10,0,0,89,521.71,Normal,Friday
26-07-2024,P112,Fashion,802,513.65,0,0,0,107,762.12,Sale,Friday
26-07-2024,P113,Fashion,1052,797.22,0,0,0,93,1027.57,Sale,Friday
26-07-2024,P114,Electronics,798.95,616.96,5,3,2396.85,219,831.29,Festival,Friday
26-07-2024,P115,Fashion,1258.75,868.32,5,2,2517.5,486,1291.68,Normal,Friday
26-07-2024,P116,Fashion,437.4,333.36,10,2,874.8,143,445.77,Normal,Friday
26-07-2024,P117,Fashion,1150,805.02,0,0,0,477,1141.7,Normal,Friday
26-07-2024,P118,Sports,1117,863.87,0,0,0,195,1165.34,Normal,Friday
26-07-2024,P119,Electronics,549,332.54,0,4,2196,413,534.87,Normal,Friday
27-07-2024,P100,Home,768.4,638.16,15,1,768.4,475,790.81,Sale,Saturday
27-07-2024,P101,Home,873.8,646.58,15,3,2621.4,30,897.45,Normal,Saturday
27-07-2024,P102,Electronics,1076.95,833.98,15,4,4307.8,156,1040.54,Sale,Saturday
27-07-2024,P103,Home,635.4,536.71,10,6,3812.4,463,653.77,Normal,Saturday
27-07-2024,P104,Sports,501,313.45,0,2,1002,67,483.86,Normal,Saturday
27-07-2024,P105,Home,1400.3,919.79,5,1,1400.3,303,1447.26,Normal,Saturday
27-07-2024,P106,Home,1395.55,1144.62,5,0,0,119,1410,Normal,Saturday
27-07-2024,P107,Sports,750,594.49,0,0,0,28,734.87,Normal,Saturday
27-07-2024,P108,Electronics,660,436.25,0,0,0,104,681.18,Sale,Saturday
27-07-2024,P109,Sports,1049,737.2,0,0,0,183,1033.54,Normal,Saturday
27-07-2024,P110,Electronics,295,199.06,0,0,0,390,287.47,Normal,Saturday
27-07-2024,P111,Electronics,1181,748.9,0,1,1181,336,1195.08,Holiday,Saturday
27-07-2024,P112,Home,1097,674.52,0,2,2194,77,1122.56,Holiday,Saturday
27-07-2024,P113,Electronics,482,289.52,0,4,1928,497,495.97,Festival,Saturday
27-07-2024,P114,Sports,899,574.68,0,1,899,166,870.4,Normal,Saturday
27-07-2024,P115,Fashion,589,432.65,0,0,0,481,606.81,Sale,Saturday
27-07-2024,P116,Fashion,204.3,176.02,10,6,1225.8,458,204.95,Holiday,Saturday
27-07-2024,P117,Fashion,1193.4,942.85,10,0,0,318,1184.28,Normal,Saturday
27-07-2024,P118,Electronics,1062.1,713.62,5,3,3186.3,175,1062.18,Sale,Saturday
27-07-2024,P119,Electronics,991.8,792.59,10,3,2975.4,261,1007.38,Festival,Saturday
28-07-2024,P100,Sports,303,205.18,0,8,2424,419,291.07,Normal,Sunday
28-07-2024,P101,Home,1030.75,671.89,5,0,0,337,1006.16,Normal,Sunday
28-07-2024,P102,Home,1216.95,854.04,5,0,0,85,1192.54,Sale,Sunday
28-07-2024,P103,Sports,1431,1067.29,0,1,1431,399,1389.59,Normal,Sunday
28-07-2024,P104,Fashion,1035.9,850.37,10,3,3107.7,31,988.61,Sale,Sunday
28-07-2024,P105,Fashion,1060,834.24,0,1,1060,349,1049.1,Normal,Sunday
28-07-2024,P106,Electronics,894.9,567.03,5,2,1789.8,287,909.07,Festival,Sunday
28-07-2024,P107,Fashion,1402,860.08,0,2,2804,142,1429.39,Festival,Sunday
28-07-2024,P108,Sports,1115,722.47,0,1,1115,95,1093.9,Festival,Sunday
28-07-2024,P109,Electronics,476.1,377.66,10,3,1428.3,146,471.05,Holiday,Sunday
28-07-2024,P110,Home,651.7,473.15,5,0,0,22,636.3,Normal,Sunday
28-07-2024,P111,Electronics,567.8,449.97,15,2,1135.6,89,563.45,Normal,Sunday
28-07-2024,P112,Electronics,316,216.42,0,3,948,447,309.35,Festival,Sunday
28-07-2024,P113,Home,684,481.69,0,0,0,299,663.4,Normal,Sunday
28-07-2024,P114,Electronics,1411,897.98,0,0,0,389,1455.96,Normal,Sunday
28-07-2024,P115,Fashion,756,473.88,0,5,3780,212,721.74,Normal,Sunday
28-07-2024,P116,Fashion,225,139.17,0,4,900,446,230.08,Normal,Sunday
28-07-2024,P117,Sports,683.4,563.51,15,0,0,320,656.06,Normal,Sunday
28-07-2024,P118,Sports,387,268.91,0,4,1548,224,378.85,Sale,Sunday
28-07-2024,P119,Fashion,1161.9,913.19,10,2,2323.8,231,1198.74,Normal,Sunday
29-07-2024,P100,Home,309,221.9,0,6,1854,315,299.23,Normal,Monday
29-07-2024,P101,Home,1175,773.34,0,0,0,456,1180.72,Normal,Monday
29-07-2024,P102,Sports,422.1,298.49,10,5,2110.5,270,430.79,Sale,Monday
29-07-2024,P103,Home,1228.25,921.25,15,0,0,495,1190.03,Festival,Monday
29-07-2024,P104,Sports,557.6,457.3,15,0,0,362,580.69,Normal,Monday
29-07-2024,P105,Sports,1391,925.76,0,1,1391,156,1432.29,Holiday,Monday
29-07-2024,P106,Electronics,1384,1072,0,0,0,164,1372.03,Normal,Monday
29-07-2024,P107,Sports,1204.45,1033.46,15,2,2408.9,253,1165.52,Festival,Monday
29-07-2024,P108,Home,335.75,296.26,15,4,1343,383,342.61,Normal,Monday
29-07-2024,P109,Home,1139,812.1,0,4,4556,398,1162.71,Sale,Monday
29-07-2024,P110,Fashion,311.4,262.57,10,4,1245.6,201,307.97,Sale,Monday
29-07-2024,P111,Fashion,221,149.07,0,4,884,439,218.94,Sale,Monday
29-07-2024,P112,Sports,1372,989.77,0,3,4116,283,1433.21,Normal,Monday
29-07-2024,P113,Electronics,516,388.94,0,3,1548,351,501.83,Holiday,Monday
29-07-2024,P114,Electronics,537.7,388.32,5,0,0,29,532.71,Holiday,Monday
29-07-2024,P115,Fashion,1101.6,793.31,10,2,2203.2,450,1105.5,Festival,Monday
29-07-2024,P116,Fashion,526.15,473.27,15,0,0,284,518.78,Normal,Monday
29-07-2024,P117,Fashion,737.1,522.26,10,2,1474.2,229,702.72,Normal,Monday
29-07-2024,P118,Electronics,305,217.91,0,3,915,406,295.86,Normal,Monday
29-07-2024,P119,Fashion,890.1,607.61,10,0,0,151,929.04,Normal,Monday
30-07-2024,P100,Home,967.1,626.28,5,0,0,380,923.99,Sale,Tuesday
30-07-2024,P101,Home,698,557.92,0,0,0,325,712.58,Normal,Tuesday
30-07-2024,P102,Home,487.05,358.95,15,1,487.05,370,483.48,Normal,Tuesday
30-07-2024,P103,Fashion,651,403.73,0,2,1302,85,670.51,Festival,Tuesday
30-07-2024,P104,Sports,1218,737.37,0,0,0,209,1162.6,Normal,Tuesday
30-07-2024,P105,Sports,485.1,423.3,10,2,970.2,119,462.65,Sale,Tuesday
30-07-2024,P106,Home,209,162.47,0,5,1045,257,208.87,Normal,Tuesday
30-07-2024,P107,Electronics,1185.6,871.63,5,4,4742.4,428,1154.71,Holiday,Tuesday
30-07-2024,P108,Sports,318,192.14,0,4,1272,251,322.53,Normal,Tuesday
30-07-2024,P109,Sports,1050.6,949.13,15,0,0,498,1040.25,Normal,Tuesday
30-07-2024,P110,Sports,898,600.16,0,0,0,368,886.59,Normal,Tuesday
30-07-2024,P111,Sports,402,246.03,0,2,804,54,402.4,Festival,Tuesday
30-07-2024,P112,Fashion,636,499.65,0,0,0,328,613.31,Normal,Tuesday
30-07-2024,P113,Home,1077,739.54,0,0,0,308,1032.33,Normal,Tuesday
30-07-2024,P114,Electronics,804,501.48,0,0,0,298,816.59,Normal,Tuesday
30-07-2024,P115,Fashion,745.75,550.95,5,4,2983,164,745.42,Normal,Tuesday
30-07-2024,P116,Sports,304,192.26,5,3,912,77,304.73,Normal,Tuesday
30-07-2024,P117,Fashion,494,355.47,0,0,0,340,500.38,Normal,Tuesday
30-07-2024,P118,Sports,1228,755.35,0,0,0,454,1238.6,Normal,Tuesday
30-07-2024,P119,Fashion,380,290.7,0,6,2280,170,383.71,Holiday,Tuesday
31-07-2024,P100,Fashion,714,555.27,0,0,0,444,723.15,Sale,Wednesday
31-07-2024,P101,Electronics,431.3,318.99,5,5,2156.5,454,438.33,Normal,Wednesday
31-07-2024,P102,Home,673.55,490.57,5,2,1347.1,453,640.05,Sale,Wednesday
31-07-2024,P103,Fashion,873,697.95,10,2,1746,204,834.99,Sale,Wednesday
31-07-2024,P104,Electronics,667.8,462.71,10,0,0,141,693.01,Normal,Wednesday
31-07-2024,P105,Home,246,183.13,0,1,246,172,235.1,Normal,Wednesday
31-07-2024,P106,Electronics,719.1,625.57,15,2,1438.2,143,684.61,Normal,Wednesday
31-07-2024,P107,Home,885,685.92,0,0,0,175,881.07,Normal,Wednesday
31-07-2024,P108,Home,971,589.45,0,0,0,263,925.23,Normal,Wednesday
31-07-2024,P109,Home,526,396.75,0,0,0,489,508,Holiday,Wednesday
31-07-2024,P110,Sports,264.35,188.31,15,0,0,213,271.54,Normal,Wednesday
31-07-2024,P111,Sports,912.95,724.35,5,0,0,355,887.21,Normal,Wednesday
31-07-2024,P112,Electronics,1184,715.67,0,1,1184,50,1234.01,Normal,Wednesday
31-07-2024,P113,Fashion,1053,813.47,0,0,0,49,1095.82,Normal,Wednesday
31-07-2024,P114,Sports,1354.7,880.06,5,0,0,39,1333.82,Normal,Wednesday
31-07-2024,P115,Fashion,1241.65,961.86,5,1,1241.65,171,1254.15,Normal,Wednesday
31-07-2024,P116,Sports,593.1,429.81,10,2,1186.2,139,600.59,Normal,Wednesday
31-07-2024,P117,Home,421.8,349.14,5,4,1687.2,270,422.3,Festival,Wednesday
31-07-2024,P118,Sports,464.55,390.17,5,2,929.1,117,455.53,Normal,Wednesday
31-07-2024,P119,Fashion,553,395.32,0,7,3871,455,551.99,Holiday,Wednesday
01-08-2024,P100,Electronics,1338.55,862.82,5,0,0,496,1284.61,Sale,Thursday
01-08-2024,P101,Electronics,1268.25,813.63,5,0,0,96,1288.17,Sale,Thursday
01-08-2024,P102,Home,1356.6,1014.7,5,0,0,362,1296.07,Normal,Thursday
01-08-2024,P103,Sports,1115,856.96,0,2,2230,335,1073.63,Festival,Thursday
01-08-2024,P104,Electronics,992.7,854.24,10,0,0,46,1026.08,Normal,Thursday
01-08-2024,P105,Fashion,370,288.2,0,0,0,406,374.31,Sale,Thursday
01-08-2024,P106,Fashion,210.9,134.27,5,4,843.6,39,217.12,Holiday,Thursday
01-08-2024,P107,Sports,650.75,431.16,5,0,0,108,655.1,Festival,Thursday
01-08-2024,P108,Fashion,240,179.45,0,2,480,332,236.06,Normal,Thursday
01-08-2024,P109,Fashion,591.85,451.33,5,0,0,63,587.53,Holiday,Thursday
01-08-2024,P110,Fashion,1499,1130.19,0,1,1499,124,1441.55,Sale,Thursday
01-08-2024,P111,Home,804.6,659.44,10,3,2413.8,84,807.2,Normal,Thursday
01-08-2024,P112,Fashion,630,470.09,0,0,0,421,655.39,Normal,Thursday
01-08-2024,P113,Electronics,713.15,617.48,15,0,0,158,719.8,Sale,Thursday
01-08-2024,P114,Fashion,1065,712.54,0,0,0,346,1046.71,Normal,Thursday
01-08-2024,P115,Fashion,871.2,717.47,10,1,871.2,445,870.65,Normal,Thursday
01-08-2024,P116,Fashion,1238.8,792.05,5,2,2477.6,82,1299.84,Holiday,Thursday
01-08-2024,P117,Electronics,389.7,283.17,10,0,0,252,374.05,Normal,Thursday
01-08-2024,P118,Fashion,985.5,778.65,10,2,1971,251,962.68,Sale,Thursday
01-08-2024,P119,Fashion,352,246.65,0,3,1056,102,347.71,Sale,Thursday
02-08-2024,P100,Electronics,1491,1094.77,0,0,0,99,1425.05,Normal,Friday
02-08-2024,P101,Home,1156,780.29,0,4,4624,447,1100.05,Festival,Friday
02-08-2024,P102,Fashion,1343,1059.27,0,0,0,381,1396.32,Normal,Friday
02-08-2024,P103,Fashion,1332,1047.93,0,0,0,331,1389.27,Festival,Friday
02-08-2024,P104,Electronics,361.8,274.46,10,1,361.8,212,373.69,Normal,Friday
02-08-2024,P105,Fashion,1349,965.73,5,0,0,323,1363.68,Normal,Friday
02-08-2024,P106,Sports,355.3,259.39,5,3,1065.9,436,351.11,Sale,Friday
02-08-2024,P107,Home,855,606.11,0,0,0,322,890.35,Festival,Friday
02-08-2024,P108,Fashion,638,454.42,0,1,638,216,609.25,Normal,Friday
02-08-2024,P109,Sports,344.85,242.15,5,0,0,361,354.26,Normal,Friday
02-08-2024,P110,Sports,1302,1017.84,0,2,2604,249,1305.7,Normal,Friday
02-08-2024,P111,Sports,671,519.9,0,0,0,161,691.9,Normal,Friday
02-08-2024,P112,Home,514,318.24,0,0,0,101,489.9,Normal,Friday
02-08-2024,P113,Fashion,586,441.14,0,3,1758,426,570.71,Normal,Friday
02-08-2024,P114,Home,1064,643.87,0,0,0,488,1034.38,Normal,Friday
02-08-2024,P115,Fashion,935,583.35,0,1,935,232,952.06,Festival,Friday
02-08-2024,P116,Sports,1401,841.47,0,0,0,473,1400.96,Festival,Friday
02-08-2024,P117,Home,1103,695.48,0,0,0,122,1071.44,Normal,Friday
02-08-2024,P118,Sports,913,630.39,0,1,913,242,894.27,Normal,Friday
02-08-2024,P119,Fashion,1098.2,825.6,5,0,0,262,1098.22,Normal,Friday
03-08-2024,P100,Home,604.2,496.14,5,6,3625.2,132,627.86,Normal,Saturday
03-08-2024,P101,Sports,189.9,159.14,10,4,759.6,280,180.59,Normal,Saturday
03-08-2024,P102,Fashion,984,626.84,0,0,0,25,1016.93,Sale,Saturday
03-08-2024,P103,Home,974.7,657.12,5,2,1949.4,456,968.22,Normal,Saturday
03-08-2024,P104,Electronics,1209.35,906,5,0,0,294,1210.66,Normal,Saturday
03-08-2024,P105,Home,884.7,619.43,10,0,0,118,840.56,Normal,Saturday
03-08-2024,P106,Electronics,461,356.12,0,3,1383,211,440.58,Normal,Saturday
03-08-2024,P107,Fashion,1119.1,929.92,5,2,2238.2,127,1080.45,Normal,Saturday
03-08-2024,P108,Fashion,418,302.91,0,0,0,141,421.45,Normal,Saturday
03-08-2024,P109,Home,521.55,402.99,5,5,2607.75,128,543.42,Festival,Saturday
03-08-2024,P110,Sports,515,356.08,0,1,515,123,521.35,Normal,Saturday
03-08-2024,P111,Electronics,1383,971.98,0,1,1383,91,1386.77,Normal,Saturday
03-08-2024,P112,Sports,1408,880.06,0,0,0,32,1450.48,Normal,Saturday
03-08-2024,P113,Fashion,286.2,253.96,10,3,858.6,171,290.07,Normal,Saturday
03-08-2024,P114,Electronics,1079.2,747.46,5,1,1079.2,60,1102.71,Normal,Saturday
03-08-2024,P115,Electronics,827.45,594.3,5,5,4137.25,89,827.85,Normal,Saturday
03-08-2024,P116,Home,1074.6,892.33,10,0,0,476,1073.58,Festival,Saturday
03-08-2024,P117,Sports,1012.35,754.82,15,2,2024.7,278,1007.78,Holiday,Saturday
03-08-2024,P118,Sports,231.2,210.13,15,5,1156,267,229.94,Festival,Saturday
03-08-2024,P119,Fashion,778,611.35,0,3,2334,421,798.87,Normal,Saturday
04-08-2024,P100,Fashion,588,399.77,0,4,2352,428,568.52,Normal,Sunday
04-08-2024,P101,Fashion,346,263.99,0,0,0,196,359.81,Normal,Sunday
04-08-2024,P102,Sports,704,424.67,0,3,2112,366,672.64,Normal,Sunday
04-08-2024,P103,Home,345.8,251.93,5,3,1037.4,342,335.33,Holiday,Sunday
04-08-2024,P104,Electronics,1414,1061.85,0,0,0,70,1371.81,Festival,Sunday
04-08-2024,P105,Sports,693.6,547.87,15,2,1387.2,91,662.36,Normal,Sunday
04-08-2024,P106,Home,303.05,230.49,5,2,606.1,250,303.22,Normal,Sunday
04-08-2024,P107,Fashion,866.7,735.88,10,0,0,409,861.52,Sale,Sunday
04-08-2024,P108,Home,479,318.09,0,1,479,96,464.81,Holiday,Sunday
04-08-2024,P109,Home,627,423.54,0,1,627,125,600.85,Normal,Sunday
04-08-2024,P110,Electronics,492.3,343.02,10,4,1969.2,422,511.28,Holiday,Sunday
04-08-2024,P111,Home,822,597.65,0,0,0,222,820.81,Normal,Sunday
04-08-2024,P112,Electronics,771.3,530.75,10,3,2313.9,441,743.27,Festival,Sunday
04-08-2024,P113,Fashion,1266.5,1087.94,15,2,2533,29,1227.6,Normal,Sunday
04-08-2024,P114,Electronics,1089,702.79,0,0,0,266,1074.18,Normal,Sunday
04-08-2024,P115,Fashion,896,559.75,0,0,0,210,881.15,Normal,Sunday
04-08-2024,P116,Fashion,457,351.97,0,5,2285,24,445.72,Festival,Sunday
04-08-2024,P117,Fashion,1312,814.55,0,0,0,299,1283.58,Festival,Sunday
04-08-2024,P118,Home,1001.7,846.18,10,2,2003.4,214,1009.69,Normal,Sunday
04-08-2024,P119,Sports,1316.7,1008.95,10,0,0,256,1286.14,Normal,Sunday
05-08-2024,P100,Sports,1142.1,763.17,10,5,5710.5,240,1091.43,Holiday,Monday
05-08-2024,P101,Fashion,1381.3,961.61,5,3,4143.9,221,1436.88,Festival,Monday
05-08-2024,P102,Electronics,1322.1,1131.95,10,0,0,130,1324.38,Normal,Monday
05-08-2024,P103,Fashion,374,229.31,0,4,1496,362,367.81,Normal,Monday
05-08-2024,P104,Home,1424,858.91,0,0,0,394,1386.19,Sale,Monday
05-08-2024,P105,Electronics,1152,761.72,0,2,2304,363,1145.75,Festival,Monday
05-08-2024,P106,Electronics,1304,816.54,0,1,1304,34,1259.38,Normal,Monday
05-08-2024,P107,Electronics,1337.6,909.67,5,0,0,448,1281.2,Normal,Monday
05-08-2024,P108,Sports,1063,728.3,0,3,3189,496,1102.55,Normal,Monday
05-08-2024,P109,Sports,313,192.74,0,4,1252,294,326.4,Normal,Monday
05-08-2024,P110,Electronics,584.1,456.54,10,0,0,246,612.85,Festival,Monday
05-08-2024,P111,Home,532.95,443.9,5,1,532.95,87,557.43,Normal,Monday
05-08-2024,P112,Electronics,451.25,302,5,2,902.5,418,454.36,Normal,Monday
05-08-2024,P113,Home,744.3,588.33,10,0,0,202,708.26,Normal,Monday
05-08-2024,P114,Sports,1238,745.61,0,2,2476,199,1234.19,Normal,Monday
05-08-2024,P115,Fashion,660,453.16,0,5,3300,121,692.88,Festival,Monday
05-08-2024,P116,Home,958,624.12,0,0,0,80,962.75,Sale,Monday
05-08-2024,P117,Sports,1340.45,1104.19,5,3,4021.35,261,1314.15,Holiday,Monday
05-08-2024,P118,Fashion,1279,818.69,0,4,5116,140,1221.13,Normal,Monday
05-08-2024,P119,Electronics,1263.95,1047.42,15,0,0,276,1314.71,Normal,Monday
06-08-2024,P100,Home,925.65,763.2,15,0,0,265,898.64,Normal,Tuesday
06-08-2024,P101,Sports,1196,899.78,0,0,0,357,1250.01,Festival,Tuesday
06-08-2024,P102,Sports,1113,716.63,0,0,0,68,1125,Sale,Tuesday
06-08-2024,P103,Sports,235,176.03,0,0,0,97,223.82,Normal,Tuesday
06-08-2024,P104,Electronics,845.1,715.63,10,0,0,305,856.36,Normal,Tuesday
06-08-2024,P105,Home,657,474.09,0,0,0,393,669.76,Normal,Tuesday
06-08-2024,P106,Sports,783,590.71,0,2,1566,103,783.2,Normal,Tuesday
06-08-2024,P107,Fashion,737,478.95,0,3,2211,87,753.58,Festival,Tuesday
06-08-2024,P108,Home,991,671.21,0,3,2973,137,1033.18,Normal,Tuesday
06-08-2024,P109,Home,1368,965.81,0,1,1368,391,1303.9,Normal,Tuesday
06-08-2024,P110,Fashion,411.3,330.8,10,1,411.3,352,429.52,Normal,Tuesday
06-08-2024,P111,Fashion,1020,853.69,15,0,0,63,985.54,Normal,Tuesday
06-08-2024,P112,Home,610.2,516.72,10,0,0,258,584.79,Holiday,Tuesday
06-08-2024,P113,Sports,902.5,655.81,5,0,0,140,881.38,Normal,Tuesday
06-08-2024,P114,Fashion,316.8,225.76,10,1,316.8,289,320.46,Normal,Tuesday
06-08-2024,P115,Sports,370,227.26,0,1,370,27,388.23,Festival,Tuesday
06-08-2024,P116,Sports,1029,767.94,0,1,1029,388,1052.98,Holiday,Tuesday
06-08-2024,P117,Electronics,1037.7,742.63,10,1,1037.7,58,1087.34,Normal,Tuesday
06-08-2024,P118,Sports,846,603.16,10,0,0,188,853.4,Normal,Tuesday
06-08-2024,P119,Home,470,309.81,0,0,0,364,469.52,Normal,Tuesday
07-08-2024,P100,Home,197.1,144.65,10,3,591.3,81,203.65,Normal,Wednesday
07-08-2024,P101,Sports,318.75,273.9,15,2,637.5,498,319.25,Normal,Wednesday
07-08-2024,P102,Sports,702,514.13,0,1,702,494,736,Normal,Wednesday
07-08-2024,P103,Home,203.3,149.1,5,8,1626.4,210,212.09,Festival,Wednesday
07-08-2024,P104,Electronics,199.75,153.43,15,1,199.75,153,205.01,Normal,Wednesday
07-08-2024,P105,Fashion,1152.35,887.78,5,1,1152.35,314,1171.11,Sale,Wednesday
07-08-2024,P106,Sports,190.8,147.79,10,10,1908,355,189.03,Normal,Wednesday
07-08-2024,P107,Fashion,406,247.31,0,3,1218,254,388.19,Holiday,Wednesday
07-08-2024,P108,Home,1358.5,1037.49,5,0,0,274,1390.05,Normal,Wednesday
07-08-2024,P109,Fashion,855,608.71,10,0,0,448,847.48,Festival,Wednesday
07-08-2024,P110,Fashion,373.35,307.26,5,4,1493.4,35,368.92,Normal,Wednesday
07-08-2024,P111,Fashion,1026.95,650.12,5,0,0,178,1057.56,Normal,Wednesday
07-08-2024,P112,Fashion,1035.3,749.45,15,1,1035.3,461,1020.73,Normal,Wednesday
07-08-2024,P113,Home,648,512.52,0,1,648,242,647.28,Normal,Wednesday
07-08-2024,P114,Sports,529.2,463.32,10,0,0,292,535.05,Sale,Wednesday
07-08-2024,P115,Fashion,1054,770.46,0,3,3162,249,1060.27,Normal,Wednesday
07-08-2024,P116,Fashion,1037.4,858.96,5,0,0,281,998.28,Festival,Wednesday
07-08-2024,P117,Sports,884,671.04,0,0,0,41,881.39,Normal,Wednesday
07-08-2024,P118,Sports,504,335.15,0,3,1512,169,496.97,Holiday,Wednesday
07-08-2024,P119,Sports,942,565.76,0,1,942,274,981.79,Normal,Wednesday
08-08-2024,P100,Fashion,609.9,389.01,5,0,0,280,637.62,Normal,Thursday
08-08-2024,P101,Fashion,1111.5,862.27,10,1,1111.5,337,1142.75,Normal,Thursday
08-08-2024,P102,Sports,968,635.3,0,0,0,218,979.66,Normal,Thursday
08-08-2024,P103,Electronics,259.25,211.88,15,10,2592.5,159,256.15,Sale,Thursday
08-08-2024,P104,Fashion,646.2,453.96,10,0,0,93,641.06,Normal,Thursday
08-08-2024,P105,Home,292,213.86,0,2,584,260,294.26,Sale,Thursday
08-08-2024,P106,Home,880.65,609.64,5,0,0,459,842.64,Normal,Thursday
08-08-2024,P107,Fashion,1297,970.11,0,1,1297,299,1292.6,Normal,Thursday
08-08-2024,P108,Sports,895.85,645.5,5,0,0,94,902.34,Festival,Thursday
08-08-2024,P109,Electronics,515.7,450.37,10,0,0,187,537.34,Normal,Thursday
08-08-2024,P110,Electronics,287.3,220.63,15,3,861.9,58,279.79,Festival,Thursday
08-08-2024,P111,Home,710.6,547.52,15,0,0,310,713.48,Normal,Thursday
08-08-2024,P112,Sports,271,184.68,0,1,271,376,272.93,Normal,Thursday
08-08-2024,P113,Sports,989.1,814.36,10,0,0,227,974.04,Normal,Thursday
08-08-2024,P114,Fashion,1094,770.07,0,0,0,326,1054.17,Holiday,Thursday
08-08-2024,P115,Electronics,214,142.15,0,3,642,147,211.77,Normal,Thursday
08-08-2024,P116,Fashion,1380.35,1079.61,5,0,0,238,1364.25,Normal,Thursday
08-08-2024,P117,Sports,930,563.01,0,0,0,463,923.99,Festival,Thursday
08-08-2024,P118,Fashion,556,361.81,0,2,1112,204,579.08,Sale,Thursday
08-08-2024,P119,Fashion,829,540.83,0,4,3316,427,787.74,Normal,Thursday
09-08-2024,P100,Electronics,318,224.82,0,5,1590,341,317.65,Festival,Friday
09-08-2024,P101,Sports,1166,887.98,0,0,0,27,1180.64,Festival,Friday
09-08-2024,P102,Home,386,297.31,0,2,772,265,370.79,Normal,Friday
09-08-2024,P103,Home,879.7,715.28,5,1,879.7,194,907.74,Holiday,Friday
09-08-2024,P104,Sports,882,567.77,0,0,0,212,913.41,Normal,Friday
09-08-2024,P105,Electronics,800,517.33,0,2,1600,407,815.4,Festival,Friday
09-08-2024,P106,Sports,270,201.45,0,4,1080,62,268.67,Festival,Friday
09-08-2024,P107,Home,1153,699.82,0,0,0,495,1127.77,Holiday,Friday
09-08-2024,P108,Sports,1020.6,757.77,10,3,3061.8,46,1064.67,Normal,Friday
09-08-2024,P109,Electronics,1103,829.68,0,0,0,462,1052.86,Normal,Friday
09-08-2024,P110,Electronics,469.2,344.85,15,1,469.2,224,487.65,Sale,Friday
09-08-2024,P111,Home,596.7,509.22,15,0,0,68,602.66,Holiday,Friday
09-08-2024,P112,Electronics,591,427.68,0,1,591,248,568.41,Normal,Friday
09-08-2024,P113,Fashion,593.3,506.08,15,1,593.3,364,566.06,Normal,Friday
09-08-2024,P114,Sports,1055,713.95,0,1,1055,348,1012.21,Normal,Friday
09-08-2024,P115,Home,589,419.99,0,1,589,356,581.48,Normal,Friday
09-08-2024,P116,Fashion,471,336.14,0,1,471,283,456.97,Holiday,Friday
09-08-2024,P117,Sports,255,153.71,0,1,255,264,247.78,Normal,Friday
09-08-2024,P118,Fashion,1065,817.46,0,2,2130,380,1075.2,Normal,Friday
09-08-2024,P119,Home,983,589.9,0,0,0,164,941.32,Festival,Friday
10-08-2024,P100,Fashion,1291,822.14,0,1,1291,38,1322.63,Normal,Saturday
10-08-2024,P101,Sports,1232.5,1115.32,15,5,6162.5,77,1228.25,Normal,Saturday
10-08-2024,P102,Electronics,1448,1075.52,0,0,0,497,1499,Normal,Saturday
10-08-2024,P103,Electronics,1189.8,951.1,10,0,0,76,1153.58,Normal,Saturday
10-08-2024,P104,Fashion,810.35,650.09,5,5,4051.75,340,812.41,Normal,Saturday
10-08-2024,P105,Sports,1415,982.38,0,0,0,106,1472.41,Holiday,Saturday
10-08-2024,P106,Sports,1413,915.73,0,0,0,57,1445.04,Normal,Saturday
10-08-2024,P107,Electronics,1242.6,867.69,5,4,4970.4,123,1262.33,Sale,Saturday
10-08-2024,P108,Electronics,956.65,695.92,5,1,956.65,224,943.94,Holiday,Saturday
10-08-2024,P109,Electronics,257,159.54,0,5,1285,181,252.4,Normal,Saturday
10-08-2024,P110,Home,701.1,547.96,10,2,1402.2,185,695.59,Normal,Saturday
10-08-2024,P111,Sports,261.25,204.1,5,7,1828.75,458,270.52,Normal,Saturday
10-08-2024,P112,Fashion,616.25,445.58,15,6,3697.5,263,614.73,Festival,Saturday
10-08-2024,P113,Electronics,954.9,741.9,10,2,1909.8,229,976.64,Festival,Saturday
10-08-2024,P114,Sports,286,208.03,0,1,286,134,299.92,Normal,Saturday
10-08-2024,P115,Sports,262.2,177.81,5,1,262.2,71,253.17,Normal,Saturday
10-08-2024,P116,Electronics,1071,775.94,0,0,0,246,1049.79,Normal,Saturday
10-08-2024,P117,Home,602.3,380.42,5,3,1806.9,226,584.92,Normal,Saturday
10-08-2024,P118,Electronics,1109,855.65,0,0,0,355,1061.68,Festival,Saturday
10-08-2024,P119,Sports,676,442.14,0,0,0,304,666.23,Normal,Saturday
11-08-2024,P100,Electronics,540,410.74,0,3,1620,483,522.2,Normal,Sunday
11-08-2024,P101,Fashion,404.7,294.9,5,1,404.7,289,415.36,Normal,Sunday
11-08-2024,P102,Electronics,729.3,585.98,15,1,729.3,313,699.48,Normal,Sunday
11-08-2024,P103,Sports,951.3,831.98,10,0,0,227,937.61,Normal,Sunday
11-08-2024,P104,Fashion,1367,998.9,0,0,0,222,1393.16,Normal,Sunday
11-08-2024,P105,Sports,1253.75,899.33,15,1,1253.75,453,1209.6,Normal,Sunday
11-08-2024,P106,Home,220,132.87,0,5,1100,498,225.83,Normal,Sunday
11-08-2024,P107,Sports,1371,880.76,0,0,0,404,1437.29,Normal,Sunday
11-08-2024,P108,Electronics,1410.75,940.95,5,4,5643,209,1477.33,Festival,Sunday
11-08-2024,P109,Sports,908.65,782.39,15,2,1817.3,150,937.71,Holiday,Sunday
11-08-2024,P110,Fashion,1328,900.87,0,0,0,451,1277.49,Normal,Sunday
11-08-2024,P111,Sports,1097.35,919.24,15,0,0,127,1067.49,Normal,Sunday
11-08-2024,P112,Electronics,1110.1,987.45,15,1,1110.1,297,1069.96,Normal,Sunday
11-08-2024,P113,Sports,1348.05,906.69,5,0,0,343,1361.77,Normal,Sunday
11-08-2024,P114,Electronics,1176.3,910.01,10,0,0,355,1201.48,Normal,Sunday
11-08-2024,P115,Home,1136.45,948.65,15,2,2272.9,427,1103.36,Normal,Sunday
11-08-2024,P116,Electronics,293.4,237.65,10,3,880.2,477,295.12,Sale,Sunday
11-08-2024,P117,Electronics,1210.5,1053.81,10,2,2421,498,1220.1,Normal,Sunday
11-08-2024,P118,Electronics,1159,806.25,5,3,3477,284,1126.74,Normal,Sunday
11-08-2024,P119,Fashion,443,284.53,0,2,886,56,452.65,Festival,Sunday
12-08-2024,P100,Home,1096.3,747.55,5,0,0,98,1132.36,Festival,Monday
12-08-2024,P101,Electronics,1318,1011.26,0,1,1318,32,1262.27,Normal,Monday
12-08-2024,P102,Fashion,1139.4,803.89,10,5,5697,229,1096.27,Sale,Monday
12-08-2024,P103,Sports,416,292.68,0,1,416,369,423.07,Normal,Monday
12-08-2024,P104,Sports,300,187.17,0,2,600,396,291.72,Normal,Monday
12-08-2024,P105,Home,431.1,375.74,10,1,431.1,269,423.64,Normal,Monday
12-08-2024,P106,Home,925.65,835.14,15,0,0,159,891.34,Holiday,Monday
12-08-2024,P107,Electronics,649.8,417.27,5,2,1299.6,46,646.54,Normal,Monday
12-08-2024,P108,Fashion,432,272.21,0,2,864,425,432.8,Festival,Monday
12-08-2024,P109,Fashion,981,612.55,0,1,981,267,1002.3,Normal,Monday
12-08-2024,P110,Electronics,1031,628.41,0,4,4124,358,1031.24,Festival,Monday
12-08-2024,P111,Home,1424.05,945.03,5,0,0,408,1411.16,Normal,Monday
12-08-2024,P112,Electronics,856,654.33,0,1,856,245,818.3,Normal,Monday
12-08-2024,P113,Home,542.7,433.47,10,1,542.7,239,518.65,Normal,Monday
12-08-2024,P114,Electronics,1051.2,798.31,10,0,0,73,1012.22,Festival,Monday
12-08-2024,P115,Fashion,874,565.69,0,2,1748,131,873.43,Normal,Monday
12-08-2024,P116,Sports,1304.1,1031.23,10,0,0,171,1266.72,Normal,Monday
12-08-2024,P117,Fashion,395,301.42,0,0,0,464,382.4,Normal,Monday
12-08-2024,P118,Home,694.45,511.74,15,2,1388.9,188,661.79,Holiday,Monday
12-08-2024,P119,Sports,864.9,617.2,10,0,0,393,874.86,Normal,Monday
13-08-2024,P100,Sports,824,599.81,0,0,0,269,854.85,Normal,Tuesday
13-08-2024,P101,Sports,579,457.37,0,4,2316,323,570.21,Normal,Tuesday
13-08-2024,P102,Sports,560,400.2,0,0,0,357,546.33,Festival,Tuesday
13-08-2024,P103,Sports,987.3,784.71,10,0,0,382,988.69,Normal,Tuesday
13-08-2024,P104,Fashion,646,401.92,0,0,0,249,619.99,Normal,Tuesday
13-08-2024,P105,Home,307.8,215.7,10,2,615.6,456,310.54,Festival,Tuesday
13-08-2024,P106,Fashion,366.7,258.2,5,0,0,168,384.76,Holiday,Tuesday
13-08-2024,P107,Sports,1314,1059.12,10,5,6570,228,1310.34,Normal,Tuesday
13-08-2024,P108,Home,829,571.7,0,0,0,159,795.18,Normal,Tuesday
13-08-2024,P109,Home,1087.75,799.89,5,2,2175.5,318,1055.36,Festival,Tuesday
13-08-2024,P110,Home,978,628.41,0,1,978,209,961.36,Sale,Tuesday
13-08-2024,P111,Electronics,693.9,528.02,10,3,2081.7,360,725.02,Holiday,Tuesday
13-08-2024,P112,Sports,389,281.44,0,3,1167,27,372.36,Sale,Tuesday
13-08-2024,P113,Home,1123,884.29,0,1,1123,362,1067.98,Sale,Tuesday
13-08-2024,P114,Sports,702,492.78,10,4,2808,63,720.2,Normal,Tuesday
13-08-2024,P115,Home,724.5,550.44,10,1,724.5,56,709.1,Normal,Tuesday
13-08-2024,P116,Fashion,613,433.05,0,1,613,408,600.2,Festival,Tuesday
13-08-2024,P117,Home,987.05,643.65,5,0,0,479,939.21,Holiday,Tuesday
13-08-2024,P118,Home,251,181.65,0,1,251,140,243.28,Normal,Tuesday
13-08-2024,P119,Fashion,1432,1105.57,0,0,0,341,1469.75,Normal,Tuesday
14-08-2024,P100,Electronics,1042,823.81,0,3,3126,249,1092.01,Holiday,Wednesday
14-08-2024,P101,Sports,225.9,157.5,10,4,903.6,327,226.86,Normal,Wednesday
14-08-2024,P102,Fashion,1076,850,0,1,1076,390,1103.77,Normal,Wednesday
14-08-2024,P103,Sports,424.65,327.08,5,1,424.65,416,445.29,Normal,Wednesday
14-08-2024,P104,Fashion,653,452.99,0,0,0,206,678.23,Normal,Wednesday
14-08-2024,P105,Home,427.5,331.97,5,2,855,88,424.69,Festival,Wednesday
14-08-2024,P106,Electronics,1308.6,995.35,10,1,1308.6,47,1345.63,Sale,Wednesday
14-08-2024,P107,Electronics,620,378.28,0,3,1860,157,628.87,Normal,Wednesday
14-08-2024,P108,Home,211.85,155.82,5,6,1271.1,152,202.02,Normal,Wednesday
14-08-2024,P109,Sports,876.6,770.08,10,0,0,483,838.52,Sale,Wednesday
14-08-2024,P110,Sports,800,596.65,0,0,0,385,835.57,Sale,Wednesday
14-08-2024,P111,Electronics,315,223.12,0,5,1575,470,329.87,Normal,Wednesday
14-08-2024,P112,Electronics,884,562.78,0,4,3536,131,905.65,Normal,Wednesday
14-08-2024,P113,Fashion,386,289.38,0,0,0,297,394.38,Sale,Wednesday
14-08-2024,P114,Home,1455,899.3,0,0,0,132,1408.1,Normal,Wednesday
14-08-2024,P115,Sports,1061.15,825.43,5,0,0,91,1024.81,Holiday,Wednesday
14-08-2024,P116,Sports,696.15,496.09,15,4,2784.6,100,719.95,Normal,Wednesday
14-08-2024,P117,Fashion,329,235.32,0,0,0,160,317.18,Normal,Wednesday
14-08-2024,P118,Fashion,1497,918.97,0,0,0,348,1569.44,Normal,Wednesday
14-08-2024,P119,Sports,228.6,202.79,10,8,1828.8,101,235.29,Holiday,Wednesday
15-08-2024,P100,Home,340.2,248.44,10,3,1020.6,451,324.7,Sale,Thursday
15-08-2024,P101,Sports,365,231.97,0,2,730,420,379.47,Sale,Thursday
15-08-2024,P102,Sports,1231.65,923.03,15,3,3694.95,341,1177.43,Normal,Thursday
15-08-2024,P103,Fashion,342,226.51,0,5,1710,479,352.52,Festival,Thursday
15-08-2024,P104,Home,1352,832.95,0,0,0,167,1401.71,Festival,Thursday
15-08-2024,P105,Electronics,962.1,758.58,10,0,0,343,954.99,Normal,Thursday
15-08-2024,P106,Fashion,579.5,474.55,5,0,0,427,566.46,Normal,Thursday
15-08-2024,P107,Fashion,430.2,305.89,10,4,1720.8,73,447.91,Normal,Thursday
15-08-2024,P108,Sports,1189,761.87,0,0,0,93,1200.77,Normal,Thursday
15-08-2024,P109,Sports,794,624.18,0,2,1588,357,787.31,Festival,Thursday
15-08-2024,P110,Electronics,1065.05,948.33,15,0,0,466,1093.55,Normal,Thursday
15-08-2024,P111,Electronics,1277,974.5,0,0,0,104,1216.65,Holiday,Thursday
15-08-2024,P112,Fashion,797,551.74,0,1,797,272,834.6,Normal,Thursday
15-08-2024,P113,Electronics,387,268.77,0,0,0,110,374.16,Sale,Thursday
15-08-2024,P114,Fashion,466,315.08,0,0,0,491,478.81,Sale,Thursday
15-08-2024,P115,Fashion,533.9,397.19,5,2,1067.8,233,536.97,Normal,Thursday
15-08-2024,P116,Electronics,1459,1135.98,0,0,0,171,1451,Holiday,Thursday
15-08-2024,P117,Electronics,1078.65,812.83,15,2,2157.3,231,1025.35,Normal,Thursday
15-08-2024,P118,Fashion,501,321.79,0,1,501,444,496.28,Normal,Thursday
15-08-2024,P119,Electronics,214.7,179.56,5,7,1502.9,449,210.02,Sale,Thursday
16-08-2024,P100,Fashion,861,649.65,0,0,0,334,885.13,Festival,Friday
16-08-2024,P101,Electronics,762,536.34,0,0,0,428,728.28,Festival,Friday
16-08-2024,P102,Home,1406.95,1034.88,5,0,0,304,1338.76,Holiday,Friday
16-08-2024,P103,Sports,868,623.17,0,2,1736,279,902.68,Normal,Friday
16-08-2024,P104,Fashion,584,363.4,0,1,584,26,557.33,Normal,Friday
16-08-2024,P105,Electronics,487,339.35,0,2,974,192,485.21,Normal,Friday
16-08-2024,P106,Electronics,369,261.42,10,4,1476,245,359.27,Normal,Friday
16-08-2024,P107,Electronics,635,446.45,0,3,1905,30,639.67,Normal,Friday
16-08-2024,P108,Fashion,728.45,616.07,15,7,5099.15,21,763.78,Normal,Friday
16-08-2024,P109,Fashion,762.3,607.91,10,4,3049.2,229,771.38,Normal,Friday
16-08-2024,P110,Fashion,1437,928.37,0,0,0,32,1468.79,Normal,Friday
16-08-2024,P111,Sports,366,279.67,0,1,366,359,367.15,Normal,Friday
16-08-2024,P112,Electronics,562.5,430.7,10,0,0,397,566.76,Normal,Friday
16-08-2024,P113,Fashion,1251,889.76,0,3,3753,165,1221.46,Normal,Friday
16-08-2024,P114,Sports,305,228.63,0,6,1830,341,308.18,Normal,Friday
16-08-2024,P115,Electronics,643,433.52,0,6,3858,389,645.93,Holiday,Friday
16-08-2024,P116,Home,1009.85,795.03,5,0,0,70,983.19,Normal,Friday
16-08-2024,P117,Electronics,1171.3,1040.51,15,1,1171.3,111,1202.24,Sale,Friday
16-08-2024,P118,Sports,218,173.89,0,1,218,221,224.74,Normal,Friday
16-08-2024,P119,Home,1163.7,874.27,10,0,0,313,1126.07,Normal,Friday
17-08-2024,P100,Sports,930,698.97,0,0,0,40,935.17,Holiday,Saturday
17-08-2024,P101,Electronics,1026,652.47,0,1,1026,152,1052.66,Normal,Saturday
17-08-2024,P102,Home,591.85,430.5,5,5,2959.25,61,566.9,Normal,Saturday
17-08-2024,P103,Fashion,226.95,203.43,15,5,1134.75,58,222.77,Normal,Saturday
17-08-2024,P104,Electronics,1079,751.4,0,0,0,348,1036.01,Holiday,Saturday
17-08-2024,P105,Fashion,524,380.09,0,2,1048,134,533.9,Festival,Saturday
17-08-2024,P106,Sports,897.3,669.75,10,4,3589.2,81,917.38,Normal,Saturday
17-08-2024,P107,Electronics,484.5,343.9,5,2,969,352,508.38,Normal,Saturday
17-08-2024,P108,Home,796,575.36,0,4,3184,206,827.6,Festival,Saturday
17-08-2024,P109,Home,689,462.14,0,0,0,417,707.79,Sale,Saturday
17-08-2024,P110,Home,1215,734.56,0,3,3645,435,1165.73,Normal,Saturday
17-08-2024,P111,Fashion,689.4,567.61,10,2,1378.8,89,659.14,Normal,Saturday
17-08-2024,P112,Electronics,688.5,535.69,10,0,0,328,713.53,Festival,Saturday
17-08-2024,P113,Sports,577,387.79,0,1,577,412,572.42,Normal,Saturday
17-08-2024,P114,Electronics,264,175.47,0,1,264,416,267.92,Normal,Saturday
17-08-2024,P115,Electronics,442.7,355.75,5,2,885.4,204,449.12,Normal,Saturday
17-08-2024,P116,Fashion,883.8,658.01,10,1,883.8,234,902.16,Sale,Saturday
17-08-2024,P117,Fashion,1189.4,934.29,5,4,4757.6,359,1235.42,Normal,Saturday
17-08-2024,P118,Home,268,201.67,0,3,804,111,267.66,Sale,Saturday
17-08-2024,P119,Fashion,369.55,300.48,5,4,1478.2,59,369.87,Normal,Saturday
18-08-2024,P100,Fashion,1031.4,902.25,10,0,0,335,1060.19,Normal,Sunday
18-08-2024,P101,Sports,455.05,349.04,5,4,1820.2,173,474.11,Normal,Sunday
18-08-2024,P102,Home,670,489.58,0,0,0,456,646.07,Normal,Sunday
18-08-2024,P103,Sports,932,715.3,0,0,0,100,928.53,Holiday,Sunday
18-08-2024,P104,Sports,974.7,856.34,10,0,0,338,1012.82,Normal,Sunday
18-08-2024,P105,Sports,584,459.79,0,3,1752,224,588.69,Normal,Sunday
18-08-2024,P106,Sports,1308,861.37,0,1,1308,160,1355.78,Sale,Sunday
18-08-2024,P107,Fashion,1294.85,990.3,5,0,0,42,1243.55,Normal,Sunday
18-08-2024,P108,Electronics,1178.95,1025.21,15,3,3536.85,417,1183.1,Normal,Sunday
18-08-2024,P109,Sports,369.55,304.11,5,2,739.1,360,362.7,Sale,Sunday
18-08-2024,P110,Sports,1034.1,726.17,10,2,2068.2,63,1019.16,Sale,Sunday
18-08-2024,P111,Sports,1054,829.71,0,0,0,337,1090.87,Festival,Sunday
18-08-2024,P112,Sports,1237.85,973.55,5,2,2475.7,284,1245.2,Sale,Sunday
18-08-2024,P113,Fashion,446,356.53,0,4,1784,210,452.93,Normal,Sunday
18-08-2024,P114,Home,215.65,175.26,5,9,1940.85,87,212.71,Normal,Sunday
18-08-2024,P115,Fashion,679,454.48,0,0,0,448,699.6,Sale,Sunday
18-08-2024,P116,Fashion,1114.35,786.96,15,0,0,354,1109.31,Festival,Sunday
18-08-2024,P117,Fashion,669,407.69,0,0,0,20,637.67,Normal,Sunday
18-08-2024,P118,Electronics,1117.2,810.33,5,0,0,382,1132.55,Normal,Sunday
18-08-2024,P119,Fashion,517,387.64,0,2,1034,465,505.44,Normal,Sunday
19-08-2024,P100,Fashion,1173,876.9,0,0,0,369,1205.01,Normal,Monday
19-08-2024,P101,Electronics,486,427.34,10,2,972,405,478.5,Normal,Monday
19-08-2024,P102,Home,1393,1111.58,0,0,0,302,1344.08,Sale,Monday
19-08-2024,P103,Electronics,217.8,154.14,10,3,653.4,323,207.31,Normal,Monday
19-08-2024,P104,Sports,1150.2,848.12,10,6,6901.2,223,1151.36,Normal,Monday
19-08-2024,P105,Home,682.1,496.57,5,2,1364.2,55,683.9,Sale,Monday
19-08-2024,P106,Home,539.75,492.5,15,2,1079.5,140,515.43,Normal,Monday
19-08-2024,P107,Sports,497.7,420.54,10,1,497.7,344,510.54,Normal,Monday
19-08-2024,P108,Electronics,916,658.69,0,2,1832,256,956.05,Sale,Monday
19-08-2024,P109,Sports,868,612.14,0,0,0,253,829.35,Normal,Monday
19-08-2024,P110,Electronics,239.4,158.81,5,6,1436.4,279,231.61,Normal,Monday
19-08-2024,P111,Fashion,1407.9,1110.23,5,2,2815.8,182,1405.15,Normal,Monday
19-08-2024,P112,Fashion,1322,887.33,0,0,0,288,1321.25,Festival,Monday
19-08-2024,P113,Electronics,360,276.77,10,3,1080,483,360.11,Normal,Monday
19-08-2024,P114,Fashion,845.75,624.52,15,3,2537.25,90,829.51,Normal,Monday
19-08-2024,P115,Home,230,168.59,0,5,1150,25,236.01,Normal,Monday
19-08-2024,P116,Sports,357,237.31,0,7,2499,409,367.63,Festival,Monday
19-08-2024,P117,Fashion,891,554.74,0,1,891,229,877.08,Normal,Monday
19-08-2024,P118,Sports,1207,890.15,0,1,1207,196,1219.41,Normal,Monday
19-08-2024,P119,Electronics,478.8,380.07,5,3,1436.4,470,481.75,Normal,Monday
20-08-2024,P100,Fashion,1101,828.69,0,1,1101,284,1091.4,Festival,Tuesday
20-08-2024,P101,Fashion,1046.9,781.07,5,1,1046.9,459,1027.19,Sale,Tuesday
20-08-2024,P102,Home,928.8,763.36,10,1,928.8,56,960.38,Sale,Tuesday
20-08-2024,P103,Sports,694,467.38,0,4,2776,49,677.05,Sale,Tuesday
20-08-2024,P104,Fashion,819,603.84,0,2,1638,195,811.59,Holiday,Tuesday
20-08-2024,P105,Electronics,901,613.37,0,0,0,304,930.68,Normal,Tuesday
20-08-2024,P106,Fashion,1084,798.55,0,1,1084,181,1124.12,Normal,Tuesday
20-08-2024,P107,Fashion,642.6,476.28,10,2,1285.2,63,643.79,Normal,Tuesday
20-08-2024,P108,Home,984,784.48,0,4,3936,478,968.1,Normal,Tuesday
20-08-2024,P109,Home,719.95,584.38,15,2,1439.9,338,685.63,Normal,Tuesday
20-08-2024,P110,Fashion,314,201.26,0,1,314,394,312.23,Normal,Tuesday
20-08-2024,P111,Electronics,1129,773.44,0,0,0,344,1147.73,Festival,Tuesday
20-08-2024,P112,Fashion,1293.3,937.8,10,0,0,462,1331.19,Normal,Tuesday
20-08-2024,P113,Home,585.9,412.91,10,2,1171.8,291,575.12,Normal,Tuesday
20-08-2024,P114,Home,1367,982.38,0,5,6835,485,1307.52,Festival,Tuesday
20-08-2024,P115,Fashion,363.85,303.41,5,4,1455.4,355,366.16,Sale,Tuesday
20-08-2024,P116,Home,606,365.89,0,0,0,69,600.73,Sale,Tuesday
20-08-2024,P117,Sports,234.6,209.97,15,6,1407.6,84,228.55,Sale,Tuesday
20-08-2024,P118,Fashion,671,469.04,0,6,4026,165,652.85,Sale,Tuesday
20-08-2024,P119,Sports,511.2,408.47,10,3,1533.6,413,501.63,Normal,Tuesday
21-08-2024,P100,Home,244,153.47,0,1,244,273,245.05,Normal,Wednesday
21-08-2024,P101,Fashion,598.5,399.47,10,1,598.5,444,612.68,Normal,Wednesday
21-08-2024,P102,Electronics,267,207.49,0,5,1335,303,267.97,Sale,Wednesday
21-08-2024,P103,Home,1245.45,1047.76,5,0,0,310,1292.76,Normal,Wednesday
21-08-2024,P104,Home,707,537.85,0,0,0,36,720.69,Normal,Wednesday
21-08-2024,P105,Electronics,791.35,553.26,5,0,0,170,791.98,Normal,Wednesday
21-08-2024,P106,Electronics,1287.25,1034.95,5,0,0,440,1243.11,Sale,Wednesday
21-08-2024,P107,Electronics,1493,1169.52,0,0,0,129,1480.88,Sale,Wednesday
21-08-2024,P108,Sports,809,563.48,0,2,1618,100,789.97,Normal,Wednesday
21-08-2024,P109,Electronics,866,560.49,0,2,1732,24,863.6,Normal,Wednesday
21-08-2024,P110,Fashion,1295,869.91,0,0,0,282,1267.51,Normal,Wednesday
21-08-2024,P111,Sports,794.75,600.6,15,1,794.75,119,822.91,Festival,Wednesday
21-08-2024,P112,Home,1254,932.61,0,0,0,423,1278.72,Normal,Wednesday
21-08-2024,P113,Fashion,401,290.45,0,2,802,419,388.21,Festival,Wednesday
21-08-2024,P114,Electronics,1135.25,867.2,5,0,0,349,1171.48,Normal,Wednesday
21-08-2024,P115,Sports,782.8,548.89,5,0,0,268,746.25,Normal,Wednesday
21-08-2024,P116,Home,282,209.7,0,4,1128,429,283.26,Festival,Wednesday
21-08-2024,P117,Electronics,291,202.83,0,7,2037,319,290.58,Festival,Wednesday
21-08-2024,P118,Electronics,635,427.52,0,2,1270,339,643.98,Normal,Wednesday
21-08-2024,P119,Electronics,889,557.93,0,1,889,202,871.01,Festival,Wednesday
22-08-2024,P100,Home,901.85,637.91,15,0,0,267,908.93,Sale,Thursday
22-08-2024,P101,Electronics,598,369.73,0,0,0,250,587.19,Holiday,Thursday
22-08-2024,P102,Sports,606.9,444.21,15,1,606.9,91,614.33,Normal,Thursday
22-08-2024,P103,Electronics,853.1,705.66,5,1,853.1,403,848.01,Normal,Thursday
22-08-2024,P104,Home,609,469.61,0,5,3045,484,587.99,Normal,Thursday
22-08-2024,P105,Electronics,801,639.98,10,0,0,410,834.93,Normal,Thursday
22-08-2024,P106,Fashion,1120.3,828.35,15,3,3360.9,131,1163.82,Normal,Thursday
22-08-2024,P107,Fashion,1048,747.02,0,0,0,411,1012.31,Normal,Thursday
22-08-2024,P108,Electronics,248.9,204.04,5,6,1493.4,120,254.97,Normal,Thursday
22-08-2024,P109,Fashion,392,238.44,0,0,0,227,374.21,Festival,Thursday
22-08-2024,P110,Fashion,333.9,258.63,10,6,2003.4,173,338.17,Sale,Thursday
22-08-2024,P111,Fashion,994.65,825.46,5,0,0,276,1040.4,Normal,Thursday
22-08-2024,P112,Home,630,522.51,10,4,2520,474,642.76,Holiday,Thursday
22-08-2024,P113,Home,295.2,238.86,10,3,885.6,115,281.98,Normal,Thursday
22-08-2024,P114,Sports,419,273.43,0,4,1676,348,402.97,Sale,Thursday
22-08-2024,P115,Sports,301,233.46,0,2,602,479,303.45,Normal,Thursday
22-08-2024,P116,Electronics,198,145.19,10,5,990,471,205.56,Normal,Thursday
22-08-2024,P117,Electronics,1037,704.63,0,0,0,303,988.14,Normal,Thursday
22-08-2024,P118,Sports,615.4,480.32,15,3,1846.2,159,625.69,Festival,Thursday
22-08-2024,P119,Home,836,584.03,0,0,0,196,870.22,Sale,Thursday
23-08-2024,P100,Home,883.8,597.72,10,0,0,447,919.07,Holiday,Friday
23-08-2024,P101,Fashion,1103.3,1003.86,15,0,0,108,1101.55,Normal,Friday
23-08-2024,P102,Sports,571.9,406.6,5,1,571.9,469,554.94,Normal,Friday
23-08-2024,P103,Sports,869,602.65,0,0,0,469,873.51,Sale,Friday
23-08-2024,P104,Fashion,1375,913.11,0,0,0,186,1356.74,Normal,Friday
23-08-2024,P105,Home,1182,806.93,0,1,1182,469,1157.68,Sale,Friday
23-08-2024,P106,Home,1498,954.5,0,1,1498,380,1470.07,Holiday,Friday
23-08-2024,P107,Sports,311,214.29,0,7,2177,26,312.66,Festival,Friday
23-08-2024,P108,Fashion,790.2,685.68,10,0,0,283,753.63,Normal,Friday
23-08-2024,P109,Sports,576,379.24,0,3,1728,244,562.41,Sale,Friday
23-08-2024,P110,Electronics,1003,672,0,0,0,300,1008.51,Normal,Friday
23-08-2024,P111,Electronics,1305.9,916.25,10,4,5223.6,412,1348.87,Festival,Friday
23-08-2024,P112,Fashion,1469,970.11,0,0,0,445,1498.87,Normal,Friday
23-08-2024,P113,Electronics,1190.35,807.2,5,1,1190.35,393,1159.87,Normal,Friday
23-08-2024,P114,Sports,723.9,533.46,5,0,0,454,701.41,Holiday,Friday
23-08-2024,P115,Sports,866,680.19,0,0,0,345,890.07,Normal,Friday
23-08-2024,P116,Home,574,408.38,0,0,0,39,572.66,Normal,Friday
23-08-2024,P117,Sports,1234.2,1042.04,15,1,1234.2,43,1249.8,Festival,Friday
23-08-2024,P118,Electronics,1312,899.43,0,2,2624,395,1346.79,Festival,Friday
23-08-2024,P119,Home,985,620.03,0,0,0,331,968.99,Normal,Friday
24-08-2024,P100,Sports,419.9,281.6,5,3,1259.7,402,417.76,Normal,Saturday
24-08-2024,P101,Fashion,212,155.44,0,5,1060,420,221.69,Normal,Saturday
24-08-2024,P102,Sports,1303.2,952.7,10,0,0,438,1317.36,Festival,Saturday
24-08-2024,P103,Electronics,1012,684.37,0,4,4048,193,1046.26,Normal,Saturday
24-08-2024,P104,Sports,631.55,494.05,15,4,2526.2,136,606.57,Normal,Saturday
24-08-2024,P105,Electronics,559,352.45,0,4,2236,244,576.48,Festival,Saturday
24-08-2024,P106,Electronics,333.9,294.5,10,2,667.8,337,333.83,Holiday,Saturday
24-08-2024,P107,Electronics,490,328.38,0,3,1470,447,486.18,Holiday,Saturday
24-08-2024,P108,Sports,454,352.59,0,1,454,119,461.7,Festival,Saturday
24-08-2024,P109,Electronics,497,347.87,0,0,0,43,497.77,Normal,Saturday
24-08-2024,P110,Electronics,472.5,396.59,10,6,2835,34,450.72,Sale,Saturday
24-08-2024,P111,Home,538,360.64,0,0,0,401,558.67,Sale,Saturday
24-08-2024,P112,Electronics,835.05,612.54,5,1,835.05,374,801.64,Normal,Saturday
24-08-2024,P113,Home,734,493.75,0,4,2936,153,730.73,Festival,Saturday
24-08-2024,P114,Fashion,1227.6,974.5,10,0,0,123,1276.48,Normal,Saturday
24-08-2024,P115,Home,1025.05,651.69,5,0,0,84,1014.16,Festival,Saturday
24-08-2024,P116,Sports,423,335.72,0,0,0,219,437.57,Normal,Saturday
24-08-2024,P117,Fashion,479,371.38,0,5,2395,256,478.48,Festival,Saturday
24-08-2024,P118,Electronics,1071.85,830.34,15,0,0,446,1084.24,Normal,Saturday
24-08-2024,P119,Fashion,805,563.15,0,4,3220,295,804.61,Holiday,Saturday
25-08-2024,P100,Home,602.1,448.39,10,3,1806.3,138,619.3,Festival,Sunday
25-08-2024,P101,Fashion,442,325.3,0,2,884,443,448,Normal,Sunday
25-08-2024,P102,Sports,887.3,671.97,5,3,2661.9,39,848.79,Normal,Sunday
25-08-2024,P103,Fashion,1306,902.62,0,0,0,492,1271.44,Holiday,Sunday
25-08-2024,P104,Fashion,493,296.68,0,4,1972,186,469.04,Normal,Sunday
25-08-2024,P105,Fashion,416,319.22,0,1,416,283,427.55,Normal,Sunday
25-08-2024,P106,Home,1452,985.03,0,0,0,372,1495.59,Festival,Sunday
25-08-2024,P107,Sports,657.4,417.12,5,1,657.4,274,667.43,Holiday,Sunday
25-08-2024,P108,Electronics,531.25,409.67,15,0,0,296,517.62,Normal,Sunday
25-08-2024,P109,Fashion,659,401.16,0,4,2636,330,680.94,Festival,Sunday
25-08-2024,P110,Sports,278,197.73,0,4,1112,118,270.35,Normal,Sunday
25-08-2024,P111,Fashion,883.15,657.64,15,0,0,447,883.05,Normal,Sunday
25-08-2024,P112,Sports,509,363.67,0,3,1527,319,519.39,Holiday,Sunday
25-08-2024,P113,Electronics,1196.8,934.88,15,1,1196.8,185,1145.22,Normal,Sunday
25-08-2024,P114,Home,320.15,219.04,5,6,1920.9,299,333.7,Normal,Sunday
25-08-2024,P115,Home,405,244.76,0,4,1620,239,401.64,Normal,Sunday
25-08-2024,P116,Home,536,347.37,0,1,536,215,522.94,Holiday,Sunday
25-08-2024,P117,Home,612,389.16,0,5,3060,446,620.07,Festival,Sunday
25-08-2024,P118,Electronics,565.25,429.26,5,1,565.25,172,593.18,Normal,Sunday
25-08-2024,P119,Sports,398.7,330.5,10,2,797.4,123,411.19,Normal,Sunday
26-08-2024,P100,Fashion,359.1,291.6,5,5,1795.5,245,343.28,Festival,Monday
26-08-2024,P101,Home,1254.6,930.04,10,0,0,468,1231.86,Normal,Monday
26-08-2024,P102,Electronics,654.55,444.38,5,0,0,109,630.81,Normal,Monday
26-08-2024,P103,Fashion,884,646.2,0,0,0,418,903.25,Normal,Monday
26-08-2024,P104,Electronics,479,317.91,0,0,0,314,480.7,Normal,Monday
26-08-2024,P105,Electronics,947,750.16,0,1,947,157,935.26,Normal,Monday
26-08-2024,P106,Fashion,787.1,594.59,15,1,787.1,197,809.21,Normal,Monday
26-08-2024,P107,Home,674.9,484,15,1,674.9,62,674.75,Normal,Monday
26-08-2024,P108,Fashion,1458,938.93,0,1,1458,324,1524.75,Normal,Monday
26-08-2024,P109,Fashion,827,500.01,0,1,827,253,821.28,Normal,Monday
26-08-2024,P110,Electronics,640.3,484,5,3,1920.9,430,626.1,Sale,Monday
26-08-2024,P111,Home,528,349.03,0,0,0,253,506.75,Normal,Monday
26-08-2024,P112,Electronics,888,617.2,0,4,3552,168,882.5,Normal,Monday
26-08-2024,P113,Home,1271,800.32,0,0,0,283,1270.69,Normal,Monday
26-08-2024,P114,Home,461,317.81,0,2,922,161,481.49,Normal,Monday
26-08-2024,P115,Electronics,363,235.01,0,4,1452,153,363.26,Normal,Monday
26-08-2024,P116,Fashion,818.1,619.41,10,2,1636.2,33,792.94,Normal,Monday
26-08-2024,P117,Electronics,781,580.82,0,1,781,202,776.58,Normal,Monday
26-08-2024,P118,Electronics,387,329.42,10,4,1548,100,385.31,Festival,Monday
26-08-2024,P119,Sports,1187.5,900.43,5,1,1187.5,173,1195.59,Holiday,Monday
27-08-2024,P100,Electronics,785.7,527.06,10,2,1571.4,443,787.81,Normal,Tuesday
27-08-2024,P101,Electronics,1281,835.66,0,0,0,478,1288.02,Festival,Tuesday
27-08-2024,P102,Electronics,414.2,265.05,5,2,828.4,135,419.98,Normal,Tuesday
27-08-2024,P103,Electronics,584.25,419.4,5,1,584.25,184,608.84,Normal,Tuesday
27-08-2024,P104,Sports,649,509.83,0,5,3245,438,645.74,Holiday,Tuesday
27-08-2024,P105,Sports,364.8,257.8,5,2,729.6,359,382.61,Normal,Tuesday
27-08-2024,P106,Home,543,385.32,0,0,0,193,545.62,Normal,Tuesday
27-08-2024,P107,Fashion,1230,786.2,0,1,1230,470,1291.06,Normal,Tuesday
27-08-2024,P108,Fashion,1403,902.71,0,3,4209,377,1407.33,Normal,Tuesday
27-08-2024,P109,Electronics,518,380.73,0,0,0,370,502.13,Festival,Tuesday
27-08-2024,P110,Fashion,1232.1,997.1,10,3,3696.3,92,1185.63,Festival,Tuesday
27-08-2024,P111,Home,1008.95,719.77,15,1,1008.95,95,1031.3,Normal,Tuesday
27-08-2024,P112,Fashion,1026.95,783.59,5,2,2053.9,164,1055.34,Normal,Tuesday
27-08-2024,P113,Home,1017,709.16,0,0,0,495,1028.78,Normal,Tuesday
27-08-2024,P114,Home,616,449,0,1,616,187,632.54,Normal,Tuesday
27-08-2024,P115,Fashion,594,388.99,0,4,2376,490,616.63,Festival,Tuesday
27-08-2024,P116,Electronics,446,346.35,0,2,892,431,444.82,Normal,Tuesday
27-08-2024,P117,Sports,1263.5,958.81,5,2,2527,173,1224.15,Festival,Tuesday
27-08-2024,P118,Fashion,793,485.22,0,0,0,472,758.35,Festival,Tuesday
27-08-2024,P119,Electronics,966,643.96,0,3,2898,398,977.74,Holiday,Tuesday
28-08-2024,P100,Home,710.1,534.22,10,0,0,36,709.74,Normal,Wednesday
28-08-2024,P101,Sports,1301.5,835.25,5,0,0,341,1259.32,Normal,Wednesday
28-08-2024,P102,Home,1330,1017.32,5,0,0,386,1352.49,Normal,Wednesday
28-08-2024,P103,Fashion,984.3,825.86,15,2,1968.6,115,965.43,Holiday,Wednesday
28-08-2024,P104,Electronics,1205.55,893.87,5,1,1205.55,153,1228.96,Normal,Wednesday
28-08-2024,P105,Home,281.2,178.89,5,4,1124.8,403,295.18,Normal,Wednesday
28-08-2024,P106,Home,879,656.47,0,1,879,100,848.04,Holiday,Wednesday
28-08-2024,P107,Sports,1178,910.99,5,3,3534,193,1195.48,Festival,Wednesday
28-08-2024,P108,Electronics,992.8,924.27,15,4,3971.2,132,970.94,Festival,Wednesday
28-08-2024,P109,Sports,1343.7,1034.07,10,0,0,241,1363.9,Normal,Wednesday
28-08-2024,P110,Fashion,303,222.54,0,6,1818,168,311.98,Normal,Wednesday
28-08-2024,P111,Electronics,385.2,286.58,10,4,1540.8,187,386.98,Festival,Wednesday
28-08-2024,P112,Fashion,1302.3,948.95,10,2,2604.6,51,1338.84,Sale,Wednesday
28-08-2024,P113,Electronics,849.6,639.96,10,1,849.6,271,856.37,Normal,Wednesday
28-08-2024,P114,Sports,1118.7,774.1,10,0,0,71,1139.17,Normal,Wednesday
28-08-2024,P115,Home,753.1,554.88,15,0,0,338,736.16,Holiday,Wednesday
28-08-2024,P116,Home,339.15,222.72,5,3,1017.45,261,341.76,Sale,Wednesday
28-08-2024,P117,Home,612,410.56,0,2,1224,348,628.16,Sale,Wednesday
28-08-2024,P118,Sports,331,259.43,0,4,1324,394,339.38,Normal,Wednesday
28-08-2024,P119,Fashion,1127.95,972.86,15,3,3383.85,130,1129.85,Sale,Wednesday
29-08-2024,P100,Electronics,866,680.67,0,0,0,160,823.05,Festival,Thursday
29-08-2024,P101,Electronics,1048.9,896.5,15,7,7342.3,44,1038.65,Festival,Thursday
29-08-2024,P102,Fashion,1184,881.62,0,0,0,88,1229.97,Normal,Thursday
29-08-2024,P103,Sports,1214,829.46,0,0,0,80,1170.87,Normal,Thursday
29-08-2024,P104,Home,1431,984.55,0,1,1431,110,1449.01,Sale,Thursday
29-08-2024,P105,Fashion,582,371.61,0,0,0,41,600.38,Normal,Thursday
29-08-2024,P106,Fashion,738,585.21,0,1,738,424,726.17,Normal,Thursday
29-08-2024,P107,Sports,242.25,217.74,15,4,969,208,240.08,Normal,Thursday
29-08-2024,P108,Sports,1251,1065.02,10,0,0,119,1313.36,Normal,Thursday
29-08-2024,P109,Sports,524.4,431.4,5,2,1048.8,297,530.74,Normal,Thursday
29-08-2024,P110,Fashion,295,186.5,0,1,295,38,284.88,Normal,Thursday
29-08-2024,P111,Electronics,894,693.66,0,3,2682,334,935.61,Sale,Thursday
29-08-2024,P112,Home,963.9,832.9,15,2,1927.8,53,924.78,Holiday,Thursday
29-08-2024,P113,Electronics,469.8,366.24,10,2,939.6,222,471.16,Normal,Thursday
29-08-2024,P114,Sports,785.7,651.24,10,0,0,119,753.54,Festival,Thursday
29-08-2024,P115,Electronics,583.3,467.71,5,4,2333.2,360,567.52,Normal,Thursday
29-08-2024,P116,Home,668.7,462.53,10,1,668.7,463,674.96,Festival,Thursday
29-08-2024,P117,Sports,924.3,675.11,10,2,1848.6,243,901.78,Normal,Thursday
29-08-2024,P118,Electronics,1307.2,995.76,5,0,0,369,1306.39,Normal,Thursday
29-08-2024,P119,Sports,1435,870.3,0,2,2870,466,1436.95,Normal,Thursday
30-08-2024,P100,Fashion,1097.1,830.36,10,0,0,273,1069.69,Normal,Friday
30-08-2024,P101,Home,212,138.59,0,4,848,346,204.86,Festival,Friday
30-08-2024,P102,Electronics,487,386.97,0,0,0,377,491.12,Normal,Friday
30-08-2024,P103,Sports,559.8,388.2,10,2,1119.6,32,548.13,Normal,Friday
30-08-2024,P104,Home,206,162.06,0,5,1030,141,212.92,Normal,Friday
30-08-2024,P105,Home,417,322.23,0,1,417,487,405.98,Holiday,Friday
30-08-2024,P106,Home,942,648.06,0,0,0,335,899.13,Festival,Friday
30-08-2024,P107,Electronics,876.85,724.87,5,0,0,157,839.17,Sale,Friday
30-08-2024,P108,Electronics,405,259.24,0,0,0,193,394.29,Normal,Friday
30-08-2024,P109,Electronics,1473,917.64,0,4,5892,41,1444.38,Normal,Friday
30-08-2024,P110,Sports,1254.6,1045.09,15,1,1254.6,336,1315.33,Festival,Friday
30-08-2024,P111,Electronics,1226,920.33,0,0,0,322,1196.36,Normal,Friday
30-08-2024,P112,Electronics,640.8,494.85,10,2,1281.6,176,640.29,Festival,Friday
30-08-2024,P113,Fashion,430.1,337.66,15,1,430.1,442,437.59,Normal,Friday
30-08-2024,P114,Electronics,276,175.06,0,7,1932,224,277.61,Sale,Friday
30-08-2024,P115,Sports,1401.25,998.46,5,2,2802.5,304,1450.03,Normal,Friday
30-08-2024,P116,Sports,1230,913.53,0,2,2460,183,1227.74,Normal,Friday
30-08-2024,P117,Fashion,1223,905.33,0,3,3669,274,1166.45,Normal,Friday
30-08-2024,P118,Electronics,1191,799.03,0,1,1191,393,1187.47,Holiday,Friday
30-08-2024,P119,Fashion,802,594.41,0,3,2406,42,824.29,Normal,Friday
31-08-2024,P100,Electronics,1252.1,965.26,5,5,6260.5,246,1194.14,Normal,Saturday
31-08-2024,P101,Sports,486.9,392.84,10,1,486.9,412,505.73,Normal,Saturday
31-08-2024,P102,Sports,260.3,181.54,5,2,520.6,39,264.23,Sale,Saturday
31-08-2024,P103,Fashion,1370,1029.06,0,1,1370,413,1346.96,Normal,Saturday
31-08-2024,P104,Sports,1241,779.8,0,2,2482,132,1266.72,Normal,Saturday
31-08-2024,P105,Sports,717,485.57,0,0,0,90,714.46,Normal,Saturday
31-08-2024,P106,Electronics,522,352.76,0,3,1566,426,500.6,Normal,Saturday
31-08-2024,P107,Home,1262,816.53,0,1,1262,236,1247.51,Normal,Saturday
31-08-2024,P108,Home,833.15,588.95,5,0,0,416,858.31,Sale,Saturday
31-08-2024,P109,Electronics,525,403.83,0,2,1050,435,510.78,Normal,Saturday
31-08-2024,P110,Electronics,1432,942.81,0,1,1432,180,1463.03,Holiday,Saturday
31-08-2024,P111,Sports,1168.5,813.19,5,2,2337,55,1176.98,Normal,Saturday
31-08-2024,P112,Home,1299.6,872.95,10,1,1299.6,498,1313.94,Normal,Saturday
31-08-2024,P113,Electronics,217,145.65,0,9,1953,182,210.55,Sale,Saturday
31-08-2024,P114,Sports,1451,922.66,0,1,1451,60,1486.53,Normal,Saturday
31-08-2024,P115,Sports,416,265.51,0,2,832,468,424.66,Normal,Saturday
31-08-2024,P116,Home,925.3,739.76,5,2,1850.6,245,949.56,Festival,Saturday
31-08-2024,P117,Sports,1147,845.03,0,2,2294,46,1196.27,Normal,Saturday
31-08-2024,P118,Fashion,1131,705.97,0,0,0,469,1130.14,Sale,Saturday
31-08-2024,P119,Fashion,506.35,407.35,5,4,2025.4,279,491.44,Normal,Saturday
01-09-2024,P100,Home,227,162.8,0,3,681,267,228.63,Normal,Sunday
01-09-2024,P101,Sports,516,353.85,0,3,1548,132,539.03,Normal,Sunday
01-09-2024,P102,Home,780,545.03,0,1,780,205,749.27,Normal,Sunday
01-09-2024,P103,Fashion,1187,904.61,0,2,2374,166,1166.84,Normal,Sunday
01-09-2024,P104,Electronics,374.3,279.3,5,3,1122.9,119,375.49,Sale,Sunday
01-09-2024,P105,Sports,1113,835.25,0,0,0,351,1098.19,Normal,Sunday
01-09-2024,P106,Home,266.9,241.38,15,4,1067.6,159,255.16,Holiday,Sunday
01-09-2024,P107,Electronics,534.6,381.93,10,4,2138.4,313,534.93,Sale,Sunday
01-09-2024,P108,Fashion,471.2,370.17,5,0,0,284,489.01,Normal,Sunday
01-09-2024,P109,Fashion,1003,772.17,0,0,0,438,964.75,Normal,Sunday
01-09-2024,P110,Sports,1435,1051.91,0,0,0,265,1402.99,Normal,Sunday
01-09-2024,P111,Fashion,1203.3,866.43,10,2,2406.6,357,1189.24,Normal,Sunday
01-09-2024,P112,Fashion,1251,1089.89,10,0,0,194,1276.68,Normal,Sunday
01-09-2024,P113,Fashion,1251,868.7,10,0,0,354,1205.14,Holiday,Sunday
01-09-2024,P114,Electronics,1213.15,948.84,5,1,1213.15,41,1250.95,Festival,Sunday
01-09-2024,P115,Electronics,913.5,688.58,10,0,0,376,878.5,Sale,Sunday
01-09-2024,P116,Home,1152.9,798.91,10,7,8070.3,284,1173.61,Holiday,Sunday
01-09-2024,P117,Electronics,973,672.78,0,1,973,336,997.03,Sale,Sunday
01-09-2024,P118,Sports,1249.25,851.15,5,3,3747.75,155,1215.97,Normal,Sunday
01-09-2024,P119,Electronics,1171,849.34,0,2,2342,364,1186.23,Normal,Sunday
02-09-2024,P100,Electronics,1057.5,790.88,10,1,1057.5,113,1036.57,Normal,Monday
02-09-2024,P101,Sports,1162.8,830.81,15,0,0,401,1117.75,Normal,Monday
02-09-2024,P102,Home,565.25,448.65,15,1,565.25,296,591.02,Normal,Monday
02-09-2024,P103,Fashion,280,207.42,0,2,560,396,292.69,Holiday,Monday
02-09-2024,P104,Home,773,597.57,0,0,0,377,777.34,Holiday,Monday
02-09-2024,P105,Sports,329,212.84,0,4,1316,479,329.55,Sale,Monday
02-09-2024,P106,Electronics,731.7,507.05,10,0,0,116,724.06,Sale,Monday
02-09-2024,P107,Electronics,1313.1,1044.08,10,3,3939.3,486,1339.48,Normal,Monday
02-09-2024,P108,Home,1188.9,847.37,10,0,0,221,1223.21,Normal,Monday
02-09-2024,P109,Home,1159,737.46,0,0,0,370,1211.13,Normal,Monday
02-09-2024,P110,Electronics,919.7,727.58,15,0,0,324,890.95,Normal,Monday
02-09-2024,P111,Fashion,374.85,288.78,15,4,1499.4,190,389.54,Normal,Monday
02-09-2024,P112,Sports,425,386.71,15,0,0,372,435.67,Normal,Monday
02-09-2024,P113,Fashion,952,667.9,0,0,0,463,970.65,Holiday,Monday
02-09-2024,P114,Electronics,369,285.95,0,4,1476,75,364.01,Normal,Monday
02-09-2024,P115,Home,198.9,143.97,10,4,795.6,75,202.15,Normal,Monday
02-09-2024,P116,Sports,672.35,577.08,15,0,0,67,678.63,Normal,Monday
02-09-2024,P117,Fashion,917.7,608.9,5,1,917.7,485,884.91,Normal,Monday
02-09-2024,P118,Electronics,903,599.67,0,4,3612,302,935.37,Normal,Monday
02-09-2024,P119,Sports,754.2,636.03,10,1,754.2,298,784.43,Festival,Monday
03-09-2024,P100,Home,328.95,287.35,15,4,1315.8,425,318.9,Normal,Tuesday
03-09-2024,P101,Home,332.5,263.99,5,4,1330,359,328.8,Normal,Tuesday
03-09-2024,P102,Home,1121,817.17,5,1,1121,37,1167.28,Festival,Tuesday
03-09-2024,P103,Electronics,755.65,549.59,15,3,2266.95,376,722.06,Normal,Tuesday
03-09-2024,P104,Home,493,324.11,0,4,1972,198,517.33,Normal,Tuesday
03-09-2024,P105,Fashion,927,721.78,0,3,2781,130,936.28,Festival,Tuesday
03-09-2024,P106,Sports,687,437.73,0,3,2061,289,694.64,Normal,Tuesday
03-09-2024,P107,Fashion,1074.6,765.07,10,1,1074.6,311,1055.94,Holiday,Tuesday
03-09-2024,P108,Fashion,886,604.71,0,0,0,325,910.34,Holiday,Tuesday
03-09-2024,P109,Home,528,359.29,0,4,2112,497,508.78,Normal,Tuesday
03-09-2024,P110,Electronics,893,689.44,0,0,0,25,898.83,Holiday,Tuesday
03-09-2024,P111,Electronics,859,574.84,0,1,859,102,826.02,Normal,Tuesday
03-09-2024,P112,Fashion,202.5,163.51,10,3,607.5,476,209.01,Festival,Tuesday
03-09-2024,P113,Home,692,505.34,0,0,0,182,688.39,Sale,Tuesday
03-09-2024,P114,Sports,455,278.41,0,0,0,284,446.42,Normal,Tuesday
03-09-2024,P115,Fashion,475,362.61,5,4,1900,355,474.38,Normal,Tuesday
03-09-2024,P116,Fashion,450,338.76,10,2,900,29,466.66,Normal,Tuesday
03-09-2024,P117,Sports,1182,870.48,0,3,3546,246,1237.45,Normal,Tuesday
03-09-2024,P118,Home,594,378.38,0,4,2376,222,572.38,Holiday,Tuesday
03-09-2024,P119,Sports,703,505.02,5,3,2109,481,727.64,Normal,Tuesday
04-09-2024,P100,Sports,1178.1,964.11,10,0,0,345,1233.76,Normal,Wednesday
04-09-2024,P101,Home,1195,926.38,0,0,0,433,1174.39,Normal,Wednesday
04-09-2024,P102,Sports,778.05,538.58,5,0,0,278,808.35,Normal,Wednesday
04-09-2024,P103,Sports,834.1,599.68,5,0,0,202,823.58,Holiday,Wednesday
04-09-2024,P104,Sports,934,610.76,0,0,0,104,932.83,Normal,Wednesday
04-09-2024,P105,Fashion,807,525.43,0,0,0,325,807.77,Normal,Wednesday
04-09-2024,P106,Home,406,318.65,0,2,812,140,403.07,Sale,Wednesday
04-09-2024,P107,Sports,443.65,291.51,5,0,0,218,456.09,Normal,Wednesday
04-09-2024,P108,Home,1094,837.9,0,0,0,400,1088.61,Sale,Wednesday
04-09-2024,P109,Home,244.8,170.98,10,4,979.2,440,235.19,Festival,Wednesday
04-09-2024,P110,Electronics,1087,858.57,0,1,1087,355,1102.07,Normal,Wednesday
04-09-2024,P111,Sports,1326,799.84,0,3,3978,128,1307.1,Normal,Wednesday
04-09-2024,P112,Home,1067,775.69,0,2,2134,66,1020.68,Festival,Wednesday
04-09-2024,P113,Fashion,861.9,702.4,15,1,861.9,324,889.74,Holiday,Wednesday
04-09-2024,P114,Electronics,427.55,341.76,15,4,1710.2,80,433.3,Normal,Wednesday
04-09-2024,P115,Sports,388,261.77,0,4,1552,454,386.55,Festival,Wednesday
04-09-2024,P116,Fashion,1114.35,707.17,5,0,0,303,1089.94,Normal,Wednesday
04-09-2024,P117,Sports,747.65,587.42,5,4,2990.6,117,764.91,Sale,Wednesday
04-09-2024,P118,Sports,279,218.51,0,1,279,396,292.34,Normal,Wednesday
04-09-2024,P119,Sports,654,518.45,0,2,1308,452,683.96,Normal,Wednesday
05-09-2024,P100,Home,1106,875.22,0,3,3318,168,1064.83,Normal,Thursday
05-09-2024,P101,Sports,414,253.75,0,0,0,418,432.69,Normal,Thursday
05-09-2024,P102,Electronics,1080.15,868.18,5,1,1080.15,491,1129.42,Holiday,Thursday
05-09-2024,P103,Home,666,529.78,10,1,666,239,693.41,Normal,Thursday
05-09-2024,P104,Fashion,392,258.15,0,4,1568,309,396.36,Normal,Thursday
05-09-2024,P105,Electronics,722.7,526.34,10,1,722.7,70,758.74,Normal,Thursday
05-09-2024,P106,Electronics,477.7,345.89,15,0,0,344,458.42,Sale,Thursday
05-09-2024,P107,Fashion,640,451.58,0,5,3200,168,645.48,Normal,Thursday
05-09-2024,P108,Fashion,739,571.7,0,0,0,272,761.91,Normal,Thursday
05-09-2024,P109,Home,395.25,370.99,15,3,1185.75,37,392.12,Normal,Thursday
05-09-2024,P110,Home,818,552.09,0,1,818,109,858.3,Normal,Thursday
05-09-2024,P111,Electronics,1064,842.49,0,1,1064,458,1068.77,Holiday,Thursday
05-09-2024,P112,Electronics,952,586.51,0,0,0,471,945.14,Festival,Thursday
05-09-2024,P113,Home,865.45,571.67,5,1,865.45,123,826.26,Holiday,Thursday
05-09-2024,P114,Home,1230,788.69,0,1,1230,219,1174.88,Holiday,Thursday
05-09-2024,P115,Fashion,229.5,157.51,10,7,1606.5,136,238.13,Sale,Thursday
05-09-2024,P116,Home,935.75,775.83,5,0,0,173,954.02,Normal,Thursday
05-09-2024,P117,Electronics,1267,932.63,0,1,1267,365,1275.02,Normal,Thursday
05-09-2024,P118,Sports,1017,744.51,0,0,0,251,1006.37,Sale,Thursday
05-09-2024,P119,Sports,424.8,362.84,10,2,849.6,447,404.18,Holiday,Thursday
06-09-2024,P100,Home,1161.85,741.72,5,0,0,422,1139.47,Holiday,Friday
06-09-2024,P101,Home,222.3,162.72,5,3,666.9,87,215.64,Normal,Friday
06-09-2024,P102,Fashion,404.1,326.08,10,5,2020.5,486,405.97,Festival,Friday
06-09-2024,P103,Sports,997.9,825.02,15,0,0,324,1045.73,Festival,Friday
06-09-2024,P104,Sports,294,223.86,0,0,0,299,281.09,Normal,Friday
06-09-2024,P105,Fashion,469.8,414.53,10,1,469.8,215,475.23,Normal,Friday
06-09-2024,P106,Home,1452,962.63,0,0,0,404,1417.28,Holiday,Friday
06-09-2024,P107,Electronics,1253,884.06,0,0,0,209,1314.63,Festival,Friday
06-09-2024,P108,Fashion,813.45,679.69,15,0,0,383,817.11,Normal,Friday
06-09-2024,P109,Fashion,798.95,628.22,5,3,2396.85,61,797.46,Normal,Friday
06-09-2024,P110,Fashion,1184,943.86,0,1,1184,210,1228.36,Holiday,Friday
06-09-2024,P111,Fashion,733.4,473.94,5,4,2933.6,254,751.72,Normal,Friday
06-09-2024,P112,Electronics,1275,924.03,0,1,1275,217,1303.09,Normal,Friday
06-09-2024,P113,Sports,1188.45,965.52,5,2,2376.9,279,1153.75,Sale,Friday
06-09-2024,P114,Home,705,512.43,0,0,0,42,711.87,Sale,Friday
06-09-2024,P115,Fashion,906,704.36,0,2,1812,478,949.96,Sale,Friday
06-09-2024,P116,Home,835.2,741.4,10,2,1670.4,409,822.81,Normal,Friday
06-09-2024,P117,Sports,951,743.62,0,2,1902,183,958.56,Holiday,Friday
06-09-2024,P118,Sports,312.3,238.73,10,3,936.9,442,326.99,Normal,Friday
06-09-2024,P119,Electronics,674,491.8,0,0,0,378,665.97,Sale,Friday
07-09-2024,P100,Sports,199.8,177.41,10,1,199.8,113,199.08,Festival,Saturday
07-09-2024,P101,Electronics,635.55,497.78,5,2,1271.1,317,665.13,Normal,Saturday
07-09-2024,P102,Electronics,1006.4,716.5,15,0,0,32,986.47,Normal,Saturday
07-09-2024,P103,Sports,201.6,165.3,10,10,2016,76,209.43,Holiday,Saturday
07-09-2024,P104,Sports,1101.6,933.81,10,1,1101.6,67,1148.4,Normal,Saturday
07-09-2024,P105,Electronics,1038.6,912.93,10,1,1038.6,37,1054.7,Normal,Saturday
07-09-2024,P106,Electronics,1199.85,770.78,5,0,0,431,1253.42,Normal,Saturday
07-09-2024,P107,Sports,1312.2,1163.7,10,3,3936.6,184,1352.67,Normal,Saturday
07-09-2024,P108,Home,511.2,346.14,10,3,1533.6,467,508.86,Festival,Saturday
07-09-2024,P109,Sports,1233.9,905.9,10,0,0,58,1246.89,Normal,Saturday
07-09-2024,P110,Home,399.5,319.22,15,0,0,275,404.98,Normal,Saturday
07-09-2024,P111,Electronics,911.05,645.23,5,3,2733.15,202,878.84,Normal,Saturday
07-09-2024,P112,Fashion,866,528.7,0,0,0,288,832.2,Sale,Saturday
07-09-2024,P113,Electronics,1450,1153.32,0,0,0,290,1401.75,Sale,Saturday
07-09-2024,P114,Fashion,1359,917.22,0,0,0,389,1304.98,Holiday,Saturday
07-09-2024,P115,Electronics,631,486.26,0,4,2524,298,636.26,Normal,Saturday
07-09-2024,P116,Fashion,570,367.55,5,2,1140,121,559.14,Normal,Saturday
07-09-2024,P117,Sports,1432,1084.52,0,0,0,394,1419.16,Festival,Saturday
07-09-2024,P118,Fashion,765.9,525.76,10,1,765.9,259,745.88,Normal,Saturday
07-09-2024,P119,Home,327,232.69,0,3,981,443,324.5,Holiday,Saturday
08-09-2024,P100,Home,436,348.67,0,0,0,70,443.35,Normal,Sunday
08-09-2024,P101,Fashion,1094.4,804.93,5,0,0,115,1054.41,Normal,Sunday
08-09-2024,P102,Electronics,918,628.82,0,1,918,400,902.19,Normal,Sunday
08-09-2024,P103,Sports,1371,1022.23,0,1,1371,58,1411.98,Normal,Sunday
08-09-2024,P104,Home,646.95,441.86,5,1,646.95,362,620.87,Normal,Sunday
08-09-2024,P105,Home,1450,1075.33,0,2,2900,107,1452.23,Holiday,Sunday
08-09-2024,P106,Electronics,382.5,288.17,10,1,382.5,271,368.54,Sale,Sunday
08-09-2024,P107,Sports,1268,883.26,0,1,1268,454,1282.07,Normal,Sunday
08-09-2024,P108,Fashion,468.35,368.37,5,3,1405.05,248,465.54,Sale,Sunday
08-09-2024,P109,Sports,585,461.38,0,3,1755,121,613.14,Normal,Sunday
08-09-2024,P110,Electronics,1040,687.29,0,1,1040,467,1006.53,Sale,Sunday
08-09-2024,P111,Electronics,1007,639.71,0,1,1007,360,973.64,Normal,Sunday
08-09-2024,P112,Fashion,1155,750.87,0,2,2310,372,1192.47,Normal,Sunday
08-09-2024,P113,Home,465,308.11,0,0,0,281,467.79,Normal,Sunday
08-09-2024,P114,Fashion,1264,772.93,0,1,1264,263,1219.68,Normal,Sunday
08-09-2024,P115,Electronics,716,570.16,0,1,716,448,727.88,Normal,Sunday
08-09-2024,P116,Electronics,611,373.18,0,0,0,340,637.16,Normal,Sunday
08-09-2024,P117,Home,285,181.66,0,0,0,264,284.77,Normal,Sunday
08-09-2024,P118,Sports,1300,1012.31,0,5,6500,205,1262.25,Normal,Sunday
08-09-2024,P119,Home,284.05,229.2,5,7,1988.35,94,295.88,Festival,Sunday
09-09-2024,P100,Electronics,542.7,460.07,10,1,542.7,404,557.53,Normal,Monday
09-09-2024,P101,Electronics,1378,1048.33,0,2,2756,472,1365.89,Sale,Monday
09-09-2024,P102,Sports,1397,935.42,0,0,0,447,1392.52,Normal,Monday
09-09-2024,P103,Electronics,700.2,603.97,10,2,1400.4,76,731.87,Sale,Monday
09-09-2024,P104,Fashion,745,557.44,0,1,745,185,731.75,Normal,Monday
09-09-2024,P105,Electronics,817,613.14,0,3,2451,471,796.85,Normal,Monday
09-09-2024,P106,Sports,497,325.7,0,5,2485,438,478.86,Sale,Monday
09-09-2024,P107,Home,637,455.55,0,1,637,162,616.72,Holiday,Monday
09-09-2024,P108,Electronics,1263.6,900.02,10,1,1263.6,282,1253.64,Festival,Monday
09-09-2024,P109,Fashion,273.6,226.57,5,5,1368,325,265.11,Sale,Monday
09-09-2024,P110,Electronics,452,280.62,0,2,904,188,452.33,Normal,Monday
09-09-2024,P111,Sports,602.3,406.26,5,1,602.3,201,606.33,Normal,Monday
09-09-2024,P112,Home,476,375.31,0,3,1428,382,492.55,Normal,Monday
09-09-2024,P113,Fashion,350.55,253.2,5,2,701.1,329,349.42,Festival,Monday
09-09-2024,P114,Fashion,864.5,725.67,5,0,0,190,849.06,Normal,Monday
09-09-2024,P115,Home,358.15,274.77,5,4,1432.6,261,362.95,Holiday,Monday
09-09-2024,P116,Fashion,1233.35,887.73,15,0,0,343,1291.03,Normal,Monday
09-09-2024,P117,Electronics,278.35,224.49,5,2,556.7,461,290.5,Normal,Monday
09-09-2024,P118,Electronics,1447,926.84,0,1,1447,395,1376.88,Normal,Monday
09-09-2024,P119,Electronics,215.1,162.48,10,9,1935.9,255,216.29,Normal,Monday
10-09-2024,P100,Sports,758.7,565.59,10,3,2276.1,380,759.28,Normal,Tuesday
10-09-2024,P101,Fashion,974,629.71,0,0,0,147,994.47,Normal,Tuesday
10-09-2024,P102,Sports,1279.8,947.99,10,3,3839.4,349,1231.68,Festival,Tuesday
10-09-2024,P103,Sports,573,350.75,0,5,2865,462,576.48,Festival,Tuesday
10-09-2024,P104,Sports,923.1,796.87,15,0,0,213,884.06,Festival,Tuesday
10-09-2024,P105,Home,1335.6,958.18,10,0,0,452,1276.12,Normal,Tuesday
10-09-2024,P106,Electronics,356,222.1,0,0,0,47,350.8,Normal,Tuesday
10-09-2024,P107,Home,745,482.01,0,0,0,384,779.82,Holiday,Tuesday
10-09-2024,P108,Home,952,717.35,0,1,952,349,909.39,Normal,Tuesday
10-09-2024,P109,Electronics,601,439.38,0,0,0,105,628.29,Festival,Tuesday
10-09-2024,P110,Home,204.85,167.7,15,5,1024.25,66,201.52,Sale,Tuesday
10-09-2024,P111,Fashion,824.5,734.46,15,0,0,134,827.88,Holiday,Tuesday
10-09-2024,P112,Electronics,863.6,710.82,15,4,3454.4,281,826.37,Festival,Tuesday
10-09-2024,P113,Fashion,1251,900.83,10,0,0,493,1292.09,Sale,Tuesday
10-09-2024,P114,Fashion,1279.65,928.04,5,0,0,330,1316.02,Holiday,Tuesday
10-09-2024,P115,Sports,252,166.04,0,6,1512,148,259.33,Sale,Tuesday
10-09-2024,P116,Home,1495,1172.14,0,2,2990,209,1554.85,Sale,Tuesday
10-09-2024,P117,Sports,443.7,318.53,15,2,887.4,242,444.46,Normal,Tuesday
10-09-2024,P118,Fashion,1121,802.5,0,0,0,405,1083.56,Normal,Tuesday
10-09-2024,P119,Sports,339,208.51,0,2,678,474,343.12,Normal,Tuesday
11-09-2024,P100,Sports,835.55,633.36,15,5,4177.75,31,848.22,Normal,Wednesday
11-09-2024,P101,Sports,963.9,828.68,10,0,0,127,945.73,Normal,Wednesday
11-09-2024,P102,Sports,814,531.69,0,0,0,62,846.52,Sale,Wednesday
11-09-2024,P103,Sports,428,310.14,0,4,1712,468,435.1,Sale,Wednesday
11-09-2024,P104,Home,552,396.58,0,2,1104,391,533.06,Normal,Wednesday
11-09-2024,P105,Sports,1276.8,1019.63,5,0,0,64,1304.2,Sale,Wednesday
11-09-2024,P106,Sports,1067,724.49,0,0,0,77,1026.34,Sale,Wednesday
11-09-2024,P107,Sports,301,206.58,0,6,1806,40,308.04,Festival,Wednesday
11-09-2024,P108,Electronics,1040,814.92,0,0,0,184,1001.03,Normal,Wednesday
11-09-2024,P109,Sports,781.85,645.22,5,3,2345.55,470,750.35,Normal,Wednesday
11-09-2024,P110,Fashion,1287,850.79,0,2,2574,482,1330.42,Normal,Wednesday
11-09-2024,P111,Sports,969,710.58,0,0,0,428,947.18,Normal,Wednesday
11-09-2024,P112,Home,621,403.74,0,1,621,200,635.4,Festival,Wednesday
11-09-2024,P113,Home,1163,780.62,0,0,0,297,1155.14,Sale,Wednesday
11-09-2024,P114,Home,785,567.05,0,1,785,462,815.61,Normal,Wednesday
11-09-2024,P115,Home,225.9,156.94,10,2,451.8,111,226.53,Normal,Wednesday
11-09-2024,P116,Fashion,1136,740.73,0,0,0,55,1191.25,Sale,Wednesday
11-09-2024,P117,Fashion,744.8,606.11,5,1,744.8,238,741.86,Festival,Wednesday
11-09-2024,P118,Fashion,633.6,463.21,10,2,1267.2,84,623.75,Normal,Wednesday
11-09-2024,P119,Fashion,1227.4,1087.46,15,0,0,253,1285.3,Festival,Wednesday
12-09-2024,P100,Fashion,917,657.63,0,3,2751,343,886.95,Holiday,Thursday
12-09-2024,P101,Fashion,1137.6,966.02,10,2,2275.2,291,1156.67,Festival,Thursday
12-09-2024,P102,Fashion,1178.1,1032.07,10,1,1178.1,179,1210.74,Normal,Thursday
12-09-2024,P103,Sports,825.35,654.08,15,0,0,195,854.01,Normal,Thursday
12-09-2024,P104,Electronics,1130,888.79,0,2,2260,20,1142.54,Holiday,Thursday
12-09-2024,P105,Fashion,604.8,501.27,10,0,0,104,593.94,Sale,Thursday
12-09-2024,P106,Electronics,467,281.35,0,2,934,405,454.61,Normal,Thursday
12-09-2024,P107,Electronics,922.5,648.11,10,1,922.5,254,918.78,Normal,Thursday
12-09-2024,P108,Electronics,379.8,305.62,10,4,1519.2,282,379.58,Festival,Thursday
12-09-2024,P109,Sports,785,576.84,0,4,3140,417,824.24,Festival,Thursday
12-09-2024,P110,Fashion,649.8,418.25,5,3,1949.4,206,666.98,Sale,Thursday
12-09-2024,P111,Electronics,1242.9,917.43,10,0,0,155,1193.28,Normal,Thursday
12-09-2024,P112,Electronics,1211.25,894.69,15,2,2422.5,140,1208.58,Sale,Thursday
12-09-2024,P113,Electronics,530,398.33,0,3,1590,336,545.45,Sale,Thursday
12-09-2024,P114,Home,229,168.65,0,5,1145,228,227.95,Holiday,Thursday
12-09-2024,P115,Home,855.1,643.39,15,1,855.1,187,859.71,Normal,Thursday
12-09-2024,P116,Sports,371.7,290.18,10,4,1486.8,396,384.15,Festival,Thursday
12-09-2024,P117,Fashion,835.05,568.81,5,0,0,77,852.65,Sale,Thursday
12-09-2024,P118,Electronics,579,420.44,0,1,579,305,596.47,Festival,Thursday
12-09-2024,P119,Home,1489,1100.01,0,1,1489,118,1446.22,Festival,Thursday
13-09-2024,P100,Home,568.8,428.69,10,2,1137.6,326,565.75,Normal,Friday
13-09-2024,P101,Sports,374,269.09,0,4,1496,296,363.03,Normal,Friday
13-09-2024,P102,Home,1258,825.05,0,2,2516,400,1313.49,Sale,Friday
13-09-2024,P103,Fashion,610,460.21,0,0,0,170,586.83,Holiday,Friday
13-09-2024,P104,Sports,271,175.2,0,4,1084,178,259.87,Normal,Friday
13-09-2024,P105,Home,1057,841.25,0,1,1057,253,1023.57,Normal,Friday
13-09-2024,P106,Electronics,584.25,491.56,5,2,1168.5,77,577.24,Normal,Friday
13-09-2024,P107,Fashion,1121,904.67,5,2,2242,225,1115.04,Normal,Friday
13-09-2024,P108,Sports,745,542.95,0,2,1490,96,748.57,Normal,Friday
13-09-2024,P109,Home,993,733.73,0,0,0,177,963.23,Festival,Friday
13-09-2024,P110,Sports,1043.1,856.73,5,0,0,339,1049.84,Normal,Friday
13-09-2024,P111,Home,970.7,824.5,15,2,1941.4,198,945,Normal,Friday
13-09-2024,P112,Sports,1250,906.81,0,2,2500,41,1218.21,Sale,Friday
13-09-2024,P113,Home,1034.55,802.47,5,0,0,77,984.33,Festival,Friday
13-09-2024,P114,Electronics,209.95,142.91,5,3,629.85,23,205.06,Normal,Friday
13-09-2024,P115,Electronics,1112,855.37,0,3,3336,265,1063.31,Holiday,Friday
13-09-2024,P116,Sports,1213,800.21,0,2,2426,191,1250.46,Sale,Friday
13-09-2024,P117,Sports,1335.6,1126.98,10,0,0,284,1302.68,Sale,Friday
13-09-2024,P118,Sports,416,323.72,0,0,0,201,409.43,Normal,Friday
13-09-2024,P119,Home,1400,910.73,0,0,0,76,1332,Holiday,Friday
14-09-2024,P100,Home,1376,849.43,0,0,0,128,1384.75,Festival,Saturday
14-09-2024,P101,Sports,743,544.21,0,0,0,123,707.14,Normal,Saturday
14-09-2024,P102,Fashion,1167,865.23,0,0,0,441,1129.57,Festival,Saturday
14-09-2024,P103,Electronics,1327,843.68,0,0,0,391,1370.23,Festival,Saturday
14-09-2024,P104,Sports,622,415.27,0,0,0,264,652.29,Normal,Saturday
14-09-2024,P105,Electronics,1127,776.15,0,0,0,466,1157.78,Normal,Saturday
14-09-2024,P106,Electronics,1252.1,1020.66,5,0,0,234,1240.85,Sale,Saturday
14-09-2024,P107,Home,859,595.25,0,3,2577,231,837.59,Sale,Saturday
14-09-2024,P108,Home,1176.1,814.76,5,0,0,335,1198.89,Normal,Saturday
14-09-2024,P109,Electronics,685,487.15,0,4,2740,354,653.68,Holiday,Saturday
14-09-2024,P110,Home,1293,956.55,0,2,2586,372,1314.87,Holiday,Saturday
14-09-2024,P111,Electronics,989.1,821.63,10,1,989.1,230,1003.04,Normal,Saturday
14-09-2024,P112,Electronics,628,460.26,0,3,1884,137,649.24,Normal,Saturday
14-09-2024,P113,Electronics,1245.6,850.95,10,4,4982.4,477,1293.54,Holiday,Saturday
14-09-2024,P114,Electronics,380.8,352.97,15,2,761.6,140,375.29,Festival,Saturday
14-09-2024,P115,Home,1035,664.46,0,0,0,67,1074.97,Normal,Saturday
14-09-2024,P116,Home,595,458.52,0,2,1190,181,606.89,Normal,Saturday
14-09-2024,P117,Fashion,1469,1104.86,0,2,2938,100,1452.18,Holiday,Saturday
14-09-2024,P118,Home,918,579.76,0,0,0,204,890.47,Normal,Saturday
14-09-2024,P119,Home,1182,709.32,0,0,0,413,1132.17,Normal,Saturday
15-09-2024,P100,Electronics,1125.9,879,10,2,2251.8,443,1147.9,Normal,Sunday
15-09-2024,P101,Sports,396.9,268,10,0,0,422,414.52,Normal,Sunday
15-09-2024,P102,Home,914.6,715.59,15,0,0,266,915.72,Normal,Sunday
15-09-2024,P103,Sports,617,475.35,0,4,2468,75,591,Normal,Sunday
15-09-2024,P104,Electronics,1138.15,919.16,15,0,0,102,1129.51,Normal,Sunday
15-09-2024,P105,Electronics,1412,1001.75,0,1,1412,142,1450.74,Festival,Sunday
15-09-2024,P106,Electronics,963.9,713.51,15,5,4819.5,499,968.45,Normal,Sunday
15-09-2024,P107,Fashion,448.8,345.82,15,2,897.6,264,450.77,Holiday,Sunday
15-09-2024,P108,Sports,789,607.21,0,1,789,28,758.98,Normal,Sunday
15-09-2024,P109,Electronics,379.8,302.72,10,3,1139.4,104,396.25,Normal,Sunday
15-09-2024,P110,Fashion,430.2,371.76,10,4,1720.8,288,436.78,Holiday,Sunday
15-09-2024,P111,Electronics,743,483.29,0,0,0,85,771.96,Normal,Sunday
15-09-2024,P112,Home,320,211.95,0,6,1920,499,329.44,Holiday,Sunday
15-09-2024,P113,Fashion,675,520.24,0,3,2025,43,653.52,Holiday,Sunday
15-09-2024,P114,Home,827.05,637.07,15,3,2481.15,79,842.22,Festival,Sunday
15-09-2024,P115,Home,672,438.14,0,0,0,239,666.94,Normal,Sunday
15-09-2024,P116,Sports,762,565.34,0,0,0,319,765.23,Sale,Sunday
15-09-2024,P117,Home,1109.7,844.55,10,1,1109.7,151,1116.75,Normal,Sunday
15-09-2024,P118,Fashion,681,475.06,0,1,681,349,685.2,Normal,Sunday
15-09-2024,P119,Fashion,559,344.83,0,2,1118,55,536.65,Holiday,Sunday
16-09-2024,P100,Electronics,776.15,589.34,5,0,0,63,805.56,Sale,Monday
16-09-2024,P101,Electronics,796.1,584.7,5,0,0,176,826.67,Holiday,Monday
16-09-2024,P102,Fashion,1051,664.83,0,2,2102,288,1046.61,Festival,Monday
16-09-2024,P103,Sports,1021,651.8,0,2,2042,269,990.38,Sale,Monday
16-09-2024,P104,Electronics,499,386.64,0,1,499,273,506.75,Normal,Monday
16-09-2024,P105,Fashion,1302.3,1091.42,10,3,3906.9,339,1321.25,Normal,Monday
16-09-2024,P106,Sports,459.8,346.37,5,0,0,118,481.26,Normal,Monday
16-09-2024,P107,Sports,439.85,288.96,5,0,0,247,449.08,Normal,Monday
16-09-2024,P108,Sports,865.3,713.17,15,3,2595.9,480,875.68,Normal,Monday
16-09-2024,P109,Home,917.1,793.29,10,0,0,424,923.04,Normal,Monday
16-09-2024,P110,Sports,198.9,148.92,15,5,994.5,397,192.23,Normal,Monday
16-09-2024,P111,Electronics,724.85,466.02,5,0,0,199,708.53,Festival,Monday
16-09-2024,P112,Fashion,1268,957.34,0,1,1268,451,1317.33,Normal,Monday
16-09-2024,P113,Home,666.9,559.3,5,0,0,117,652.59,Holiday,Monday
16-09-2024,P114,Fashion,1130.5,860.93,15,0,0,245,1147.43,Normal,Monday
16-09-2024,P115,Sports,1371,1074.94,0,1,1371,311,1378.06,Normal,Monday
16-09-2024,P116,Sports,1063.8,720.11,10,0,0,402,1096.12,Normal,Monday
16-09-2024,P117,Sports,1240.7,881.33,5,0,0,54,1247.86,Festival,Monday
16-09-2024,P118,Home,1010,609.34,0,0,0,478,974.62,Normal,Monday
16-09-2024,P119,Home,878.05,771.9,15,0,0,387,910.65,Normal,Monday
17-09-2024,P100,Electronics,262,190.71,0,4,1048,134,262.36,Normal,Tuesday
17-09-2024,P101,Home,804,521.43,0,2,1608,303,816.74,Festival,Tuesday
17-09-2024,P102,Fashion,1045.95,707.2,5,2,2091.9,89,1042.69,Festival,Tuesday
17-09-2024,P103,Sports,557,368.97,0,0,0,254,573.89,Holiday,Tuesday
17-09-2024,P104,Home,1333.8,1019.76,10,0,0,48,1380.95,Normal,Tuesday
17-09-2024,P105,Home,632,501.71,0,0,0,478,621.17,Sale,Tuesday
17-09-2024,P106,Fashion,1327,799.03,0,0,0,283,1346.13,Holiday,Tuesday
17-09-2024,P107,Sports,1006,630.43,0,2,2012,229,1056.17,Festival,Tuesday
17-09-2024,P108,Fashion,338,208.76,0,4,1352,452,352.07,Normal,Tuesday
17-09-2024,P109,Sports,812.6,588.42,15,4,3250.4,178,796.38,Normal,Tuesday
17-09-2024,P110,Sports,343.9,262.52,5,2,687.8,289,348.74,Normal,Tuesday
17-09-2024,P111,Home,1091.4,790.46,15,2,2182.8,64,1046.12,Festival,Tuesday
17-09-2024,P112,Home,511.2,446.29,10,3,1533.6,78,490.68,Normal,Tuesday
17-09-2024,P113,Home,640.05,506.89,15,5,3200.25,338,612.34,Holiday,Tuesday
17-09-2024,P114,Sports,414.8,312.36,15,2,829.6,209,411.34,Festival,Tuesday
17-09-2024,P115,Fashion,1204.2,816.14,10,0,0,71,1211.42,Festival,Tuesday
17-09-2024,P116,Fashion,713,532.07,0,0,0,340,689.95,Normal,Tuesday
17-09-2024,P117,Sports,1042.2,835.72,10,1,1042.2,42,1039.13,Normal,Tuesday
17-09-2024,P118,Electronics,251.1,198.73,10,2,502.2,31,259.23,Normal,Tuesday
17-09-2024,P119,Fashion,861.65,644.09,5,0,0,125,845.63,Normal,Tuesday
18-09-2024,P100,Sports,385,284.05,0,3,1155,363,384.12,Holiday,Wednesday
18-09-2024,P101,Home,940.5,822.6,10,0,0,320,949.35,Normal,Wednesday
18-09-2024,P102,Fashion,1037,697.75,0,4,4148,473,1036.7,Sale,Wednesday
18-09-2024,P103,Home,333,239.2,0,3,999,28,336.64,Normal,Wednesday
18-09-2024,P104,Home,229.9,166.75,5,1,229.9,272,222.31,Normal,Wednesday
18-09-2024,P105,Sports,1071,786.14,0,0,0,395,1103.78,Sale,Wednesday
18-09-2024,P106,Sports,806,636.44,0,1,806,272,820.44,Normal,Wednesday
18-09-2024,P107,Home,1140,790.81,0,1,1140,380,1114.27,Festival,Wednesday
18-09-2024,P108,Sports,224,174.66,0,4,896,498,230.59,Sale,Wednesday
18-09-2024,P109,Home,797.05,593.68,5,5,3985.25,113,797.32,Normal,Wednesday
18-09-2024,P110,Electronics,880.65,656.72,5,2,1761.3,24,890.72,Normal,Wednesday
18-09-2024,P111,Home,754.2,663.92,10,2,1508.4,462,741.44,Normal,Wednesday
18-09-2024,P112,Electronics,452.2,296,5,0,0,148,463.01,Holiday,Wednesday
18-09-2024,P113,Sports,1003,758.75,0,0,0,272,978.19,Normal,Wednesday
18-09-2024,P114,Home,1211.4,998.04,10,0,0,239,1238.1,Festival,Wednesday
18-09-2024,P115,Electronics,1218.6,930.48,10,0,0,24,1248.31,Sale,Wednesday
18-09-2024,P116,Home,594.7,446.92,5,2,1189.4,87,570.23,Normal,Wednesday
18-09-2024,P117,Fashion,813,534.88,0,0,0,194,814.29,Normal,Wednesday
18-09-2024,P118,Sports,824,578.7,0,0,0,328,787.42,Sale,Wednesday
18-09-2024,P119,Fashion,570,418.09,0,3,1710,285,565.17,Normal,Wednesday
19-09-2024,P100,Fashion,1386,1102.96,0,3,4158,375,1419.56,Normal,Thursday
19-09-2024,P101,Fashion,413.25,287.06,5,0,0,228,403.33,Normal,Thursday
19-09-2024,P102,Electronics,522.9,364.11,10,1,522.9,344,547.99,Sale,Thursday
19-09-2024,P103,Fashion,1367.05,1031.73,5,0,0,464,1324.58,Normal,Thursday
19-09-2024,P104,Fashion,800,525.16,0,0,0,392,814.12,Normal,Thursday
19-09-2024,P105,Fashion,525.6,395.29,10,3,1576.8,25,530.35,Holiday,Thursday
19-09-2024,P106,Sports,1177,885.44,0,0,0,314,1234.31,Normal,Thursday
19-09-2024,P107,Home,268,168.19,0,3,804,337,262.01,Normal,Thursday
19-09-2024,P108,Electronics,730.15,572.75,15,0,0,242,701.15,Sale,Thursday
19-09-2024,P109,Fashion,283.1,215.42,5,3,849.3,223,270.65,Normal,Thursday
19-09-2024,P110,Electronics,1206,918.72,10,3,3618,111,1233.4,Festival,Thursday
19-09-2024,P111,Sports,771.3,663.92,10,0,0,147,799.33,Sale,Thursday
19-09-2024,P112,Home,1181.8,904.71,5,0,0,78,1160.31,Festival,Thursday
19-09-2024,P113,Sports,374.85,344.71,15,2,749.7,417,359.82,Normal,Thursday
19-09-2024,P114,Electronics,597,376.12,0,0,0,493,585.4,Sale,Thursday
19-09-2024,P115,Home,718.2,637.37,10,1,718.2,74,691.87,Normal,Thursday
19-09-2024,P116,Sports,935,570,0,1,935,361,899.99,Normal,Thursday
19-09-2024,P117,Electronics,615,386.62,0,3,1845,349,606.34,Normal,Thursday
19-09-2024,P118,Home,1386.05,946.47,5,4,5544.2,361,1354.3,Holiday,Thursday
19-09-2024,P119,Electronics,455,354.04,0,3,1365,69,444.82,Normal,Thursday
20-09-2024,P100,Fashion,1296.9,1066.11,10,1,1296.9,134,1332.16,Normal,Friday
20-09-2024,P101,Electronics,213,132.43,0,9,1917,483,205.11,Festival,Friday
20-09-2024,P102,Sports,627.95,492.07,5,0,0,95,600.91,Normal,Friday
20-09-2024,P103,Sports,360,285.94,0,7,2520,273,375.78,Festival,Friday
20-09-2024,P104,Home,199.5,128.16,5,10,1995,30,209.21,Holiday,Friday
20-09-2024,P105,Sports,279,245.97,10,5,1395,127,286.46,Sale,Friday
20-09-2024,P106,Electronics,795.6,616.6,15,0,0,260,809.26,Normal,Friday
20-09-2024,P107,Home,1435,1068.87,0,0,0,102,1440.15,Normal,Friday
20-09-2024,P108,Fashion,1417,1089.51,0,0,0,97,1364.59,Sale,Friday
20-09-2024,P109,Home,673,501.76,0,2,1346,350,684.76,Holiday,Friday
20-09-2024,P110,Sports,1051.65,779.19,5,3,3154.95,72,1102.92,Normal,Friday
20-09-2024,P111,Sports,333.2,258.92,15,4,1332.8,31,345.47,Holiday,Friday
20-09-2024,P112,Sports,1105,822.57,0,0,0,242,1088.67,Normal,Friday
20-09-2024,P113,Electronics,1415.5,1172.88,5,2,2831,417,1434.55,Normal,Friday
20-09-2024,P114,Sports,999,668.86,0,0,0,357,1003.81,Normal,Friday
20-09-2024,P115,Fashion,247,190.47,0,3,741,188,241.79,Festival,Friday
20-09-2024,P116,Electronics,1097,820.36,0,0,0,30,1057.1,Normal,Friday
20-09-2024,P117,Home,1047.6,910.34,10,0,0,125,1020.52,Normal,Friday
20-09-2024,P118,Sports,852,645.73,0,1,852,404,832.63,Normal,Friday
20-09-2024,P119,Home,337,256.09,0,1,337,91,333.16,Normal,Friday
21-09-2024,P100,Sports,1109,852.15,0,0,0,30,1113.69,Festival,Saturday
21-09-2024,P101,Home,862.2,667.63,10,0,0,169,879.96,Normal,Saturday
21-09-2024,P102,Home,1050,800.12,0,5,5250,194,1087.99,Sale,Saturday
21-09-2024,P103,Home,370.8,269.67,10,1,370.8,379,385.53,Normal,Saturday
21-09-2024,P104,Home,1460,898.08,0,0,0,150,1458.38,Normal,Saturday
21-09-2024,P105,Electronics,697,460.68,0,2,1394,409,689.56,Festival,Saturday
21-09-2024,P106,Sports,511.1,419.62,5,0,0,430,499.61,Normal,Saturday
21-09-2024,P107,Sports,360,260.74,0,3,1080,324,342.39,Sale,Saturday
21-09-2024,P108,Electronics,612,414.97,10,1,612,105,613.86,Normal,Saturday
21-09-2024,P109,Home,228,185.21,5,9,2052,379,218.91,Festival,Saturday
21-09-2024,P110,Fashion,534,414.06,0,3,1602,117,539.64,Normal,Saturday
21-09-2024,P111,Electronics,952.2,705.28,10,0,0,407,960.36,Holiday,Saturday
21-09-2024,P112,Home,411.3,362.99,10,0,0,64,410.65,Normal,Saturday
21-09-2024,P113,Home,254.6,196.49,5,4,1018.4,73,263.81,Normal,Saturday
21-09-2024,P114,Electronics,937,655.5,0,1,937,220,898.23,Holiday,Saturday
21-09-2024,P115,Home,1360.4,975.83,5,0,0,58,1348.17,Normal,Saturday
21-09-2024,P116,Fashion,502,308.36,0,4,2008,156,523.43,Festival,Saturday
21-09-2024,P117,Fashion,748,573.93,0,4,2992,357,765.13,Holiday,Saturday
21-09-2024,P118,Fashion,1193.4,965.06,15,0,0,70,1226.22,Holiday,Saturday
21-09-2024,P119,Sports,757.15,584.46,5,2,1514.3,473,780.26,Normal,Saturday
22-09-2024,P100,Home,1056.6,805.24,10,5,5283,332,1069.91,Festival,Sunday
22-09-2024,P101,Sports,732.7,614.8,15,0,0,114,711.99,Normal,Sunday
22-09-2024,P102,Home,209,157.12,0,5,1045,355,201.78,Normal,Sunday
22-09-2024,P103,Sports,649.8,437.67,10,3,1949.4,397,662.67,Sale,Sunday
22-09-2024,P104,Home,464,360.61,0,4,1856,89,461.77,Festival,Sunday
22-09-2024,P105,Sports,744,495.22,0,1,744,424,725.53,Normal,Sunday
22-09-2024,P106,Electronics,1135,856.48,0,3,3405,85,1112.43,Normal,Sunday
22-09-2024,P107,Electronics,366,242.62,0,4,1464,214,359.28,Normal,Sunday
22-09-2024,P108,Home,816.85,744.18,15,0,0,259,832.47,Normal,Sunday
22-09-2024,P109,Fashion,1035,663.72,0,4,4140,304,1035.81,Sale,Sunday
22-09-2024,P110,Fashion,821.1,754.16,15,0,0,21,860.35,Holiday,Sunday
22-09-2024,P111,Home,1386,935.24,0,2,2772,402,1449.59,Normal,Sunday
22-09-2024,P112,Home,523.6,387.21,15,3,1570.8,125,548.11,Holiday,Sunday
22-09-2024,P113,Electronics,819,584.35,0,3,2457,244,847.84,Normal,Sunday
22-09-2024,P114,Home,1115,838.68,0,0,0,467,1084.38,Sale,Sunday
22-09-2024,P115,Sports,1253,894.95,0,0,0,499,1271.9,Normal,Sunday
22-09-2024,P116,Electronics,945,645.74,0,0,0,419,980.6,Sale,Sunday
22-09-2024,P117,Home,896,551.51,0,0,0,230,866.8,Normal,Sunday
22-09-2024,P118,Home,1053,703.33,0,3,3159,405,1076.14,Normal,Sunday
22-09-2024,P119,Home,191.25,178.08,15,5,956.25,225,189.76,Normal,Sunday
23-09-2024,P100,Home,568,383.21,0,2,1136,38,575.1,Normal,Monday
23-09-2024,P101,Electronics,1172,895.2,0,2,2344,393,1139.01,Normal,Monday
23-09-2024,P102,Home,508,366.46,0,2,1016,307,507.79,Sale,Monday
23-09-2024,P103,Electronics,1022.55,882.57,15,2,2045.1,87,1072.28,Festival,Monday
23-09-2024,P104,Fashion,1075,704.43,0,0,0,233,1096.21,Normal,Monday
23-09-2024,P105,Electronics,863,646.83,0,0,0,319,905.73,Sale,Monday
23-09-2024,P106,Sports,1161.1,979.77,15,0,0,311,1109.04,Holiday,Monday
23-09-2024,P107,Sports,1379,1102.04,0,1,1379,181,1348.23,Normal,Monday
23-09-2024,P108,Electronics,894,612.46,0,1,894,458,933.02,Normal,Monday
23-09-2024,P109,Sports,688,417.56,0,3,2064,297,716.82,Festival,Monday
23-09-2024,P110,Sports,386.1,307.02,10,1,386.1,491,405.03,Sale,Monday
23-09-2024,P111,Sports,765,488.49,0,3,2295,460,784.73,Normal,Monday
23-09-2024,P112,Fashion,838,604.01,0,0,0,111,800.83,Sale,Monday
23-09-2024,P113,Fashion,812.25,629.18,5,1,812.25,318,845.54,Normal,Monday
23-09-2024,P114,Home,603,389.84,0,0,0,90,581.66,Normal,Monday
23-09-2024,P115,Fashion,401.2,313.87,15,4,1604.8,125,415.42,Holiday,Monday
23-09-2024,P116,Home,353.7,251.31,10,3,1061.1,269,354.61,Festival,Monday
23-09-2024,P117,Electronics,1009,634.89,0,0,0,275,1023.69,Normal,Monday
23-09-2024,P118,Sports,783.7,675.07,15,0,0,74,814.51,Normal,Monday
23-09-2024,P119,Home,1300.5,1067.77,10,0,0,140,1322.48,Normal,Monday
24-09-2024,P100,Home,263,194.01,0,5,1315,315,254.98,Normal,Tuesday
24-09-2024,P101,Electronics,1156.5,778.81,10,1,1156.5,465,1109.23,Normal,Tuesday
24-09-2024,P102,Electronics,425.6,281.82,5,0,0,352,415.58,Normal,Tuesday
24-09-2024,P103,Electronics,290.7,226.96,10,5,1453.5,125,294.43,Festival,Tuesday
24-09-2024,P104,Home,469,307.41,0,1,469,153,461.4,Holiday,Tuesday
24-09-2024,P105,Sports,596.7,433.25,10,8,4773.6,296,611.17,Festival,Tuesday
24-09-2024,P106,Electronics,810,552.22,0,1,810,384,790.35,Normal,Tuesday
24-09-2024,P107,Electronics,1016.5,652.2,5,2,2033,100,1051.23,Holiday,Tuesday
24-09-2024,P108,Electronics,288,211.19,10,2,576,241,279.71,Normal,Tuesday
24-09-2024,P109,Home,652,463.15,0,0,0,28,670.22,Normal,Tuesday
24-09-2024,P110,Electronics,539,385.37,0,3,1617,117,538.12,Normal,Tuesday
24-09-2024,P111,Sports,434.35,328.76,15,4,1737.4,210,442.33,Sale,Tuesday
24-09-2024,P112,Home,316,190.85,0,3,948,384,321.86,Festival,Tuesday
24-09-2024,P113,Fashion,1345,1052.63,0,0,0,271,1300.34,Normal,Tuesday
24-09-2024,P114,Fashion,503.1,362.09,10,0,0,232,523.47,Holiday,Tuesday
24-09-2024,P115,Fashion,860,533.75,0,1,860,250,849.33,Normal,Tuesday
24-09-2024,P116,Fashion,881,689.48,0,0,0,154,875.3,Festival,Tuesday
24-09-2024,P117,Home,1199.7,971.82,10,0,0,35,1227.76,Sale,Tuesday
24-09-2024,P118,Electronics,1178.95,876.89,15,0,0,470,1144.25,Festival,Tuesday
24-09-2024,P119,Electronics,1091.55,808.64,5,1,1091.55,152,1040.78,Normal,Tuesday
25-09-2024,P100,Fashion,1057.4,807.69,15,2,2114.8,244,1075.2,Normal,Wednesday
25-09-2024,P101,Electronics,1296.75,832.14,5,2,2593.5,485,1285.17,Festival,Wednesday
25-09-2024,P102,Electronics,331.5,297.55,15,6,1989,62,330.37,Normal,Wednesday
25-09-2024,P103,Home,726.75,581.28,5,1,726.75,401,723.07,Sale,Wednesday
25-09-2024,P104,Sports,721,450.83,0,0,0,278,732.67,Normal,Wednesday
25-09-2024,P105,Fashion,460,321.53,0,5,2300,172,474.84,Sale,Wednesday
25-09-2024,P106,Fashion,885,602.69,0,0,0,184,895.21,Normal,Wednesday
25-09-2024,P107,Electronics,616.5,453.92,10,3,1849.5,218,617.53,Normal,Wednesday
25-09-2024,P108,Electronics,953,744.76,0,2,1906,417,962.95,Sale,Wednesday
25-09-2024,P109,Sports,1087,740.78,0,0,0,470,1108.62,Normal,Wednesday
25-09-2024,P110,Electronics,768,468.85,0,1,768,99,768.53,Normal,Wednesday
25-09-2024,P111,Electronics,1427,1018.98,0,2,2854,340,1446.38,Sale,Wednesday
25-09-2024,P112,Electronics,1474,931.35,0,0,0,319,1461.8,Normal,Wednesday
25-09-2024,P113,Home,1224.55,927.24,5,0,0,238,1268.12,Holiday,Wednesday
25-09-2024,P114,Home,460.8,310.96,10,0,0,145,454.98,Normal,Wednesday
25-09-2024,P115,Electronics,244,162.37,0,3,732,91,254.78,Normal,Wednesday
25-09-2024,P116,Sports,1314,905.86,0,0,0,62,1271.12,Sale,Wednesday
25-09-2024,P117,Home,585,465.05,0,0,0,105,569.19,Normal,Wednesday
25-09-2024,P118,Electronics,1163.75,835.27,5,1,1163.75,281,1150.48,Normal,Wednesday
25-09-2024,P119,Sports,732.6,610.87,10,0,0,146,700.81,Festival,Wednesday
26-09-2024,P100,Home,1370,1015.58,0,0,0,55,1326.9,Normal,Thursday
26-09-2024,P101,Electronics,920.7,746.09,10,3,2762.1,338,891.53,Normal,Thursday
26-09-2024,P102,Home,1170.45,978.47,15,0,0,377,1125.49,Festival,Thursday
26-09-2024,P103,Electronics,1424.05,1192.55,5,0,0,220,1417.28,Holiday,Thursday
26-09-2024,P104,Fashion,1452,880.58,0,2,2904,234,1484.4,Normal,Thursday
26-09-2024,P105,Electronics,575,447.02,0,4,2300,59,551.65,Normal,Thursday
26-09-2024,P106,Sports,1001,703.44,0,1,1001,474,959.89,Normal,Thursday
26-09-2024,P107,Home,1370.85,978.72,5,2,2741.7,228,1354.24,Normal,Thursday
26-09-2024,P108,Fashion,1303,822.19,0,0,0,370,1340.85,Normal,Thursday
26-09-2024,P109,Home,503,360.59,0,3,1509,173,521.37,Sale,Thursday
26-09-2024,P110,Electronics,1101,848.38,0,0,0,26,1061.16,Normal,Thursday
26-09-2024,P111,Home,958,635.74,0,0,0,499,931.97,Normal,Thursday
26-09-2024,P112,Sports,1345,955.59,0,5,6725,59,1281.56,Holiday,Thursday
26-09-2024,P113,Fashion,1252.1,952.42,5,0,0,145,1294.95,Normal,Thursday
26-09-2024,P114,Electronics,1164.7,758.55,5,1,1164.7,132,1163.73,Normal,Thursday
26-09-2024,P115,Electronics,1326,953.22,0,2,2652,178,1360.67,Normal,Thursday
26-09-2024,P116,Fashion,691.2,513.8,10,1,691.2,496,702.49,Sale,Thursday
26-09-2024,P117,Electronics,499,334.76,0,3,1497,171,482.36,Festival,Thursday
26-09-2024,P118,Fashion,485,319.15,0,1,485,109,494.04,Normal,Thursday
26-09-2024,P119,Electronics,707.75,516.74,5,6,4246.5,80,730.06,Holiday,Thursday
27-09-2024,P100,Sports,1238,800.02,0,1,1238,453,1298.26,Normal,Friday
27-09-2024,P101,Sports,872.1,742.6,10,0,0,498,894.75,Holiday,Friday
27-09-2024,P102,Electronics,671,481.62,0,3,2013,126,645.46,Normal,Friday
27-09-2024,P103,Electronics,601,462.27,0,3,1803,190,629,Normal,Friday
27-09-2024,P104,Sports,982.8,677.69,10,0,0,443,951.43,Normal,Friday
27-09-2024,P105,Sports,522,323.4,0,2,1044,112,499.79,Sale,Friday
27-09-2024,P106,Sports,720.9,588.38,10,0,0,214,721.46,Normal,Friday
27-09-2024,P107,Home,851,565.64,0,2,1702,494,810.77,Holiday,Friday
27-09-2024,P108,Sports,1336,802.07,0,0,0,153,1303.82,Holiday,Friday
27-09-2024,P109,Sports,844.55,571.35,5,3,2533.65,119,836.62,Holiday,Friday
27-09-2024,P110,Fashion,1005,626.78,0,0,0,73,1022.39,Normal,Friday
27-09-2024,P111,Sports,1408,1076.01,0,0,0,388,1414.74,Normal,Friday
27-09-2024,P112,Fashion,655.2,518.8,10,3,1965.6,208,656.08,Normal,Friday
27-09-2024,P113,Sports,1059,784.75,0,0,0,443,1092.73,Festival,Friday
27-09-2024,P114,Sports,280,191.48,0,4,1120,458,270.09,Sale,Friday
27-09-2024,P115,Fashion,334.05,301,15,4,1336.2,35,320.17,Normal,Friday
27-09-2024,P116,Electronics,227.7,178.78,10,11,2504.7,209,236.34,Sale,Friday
27-09-2024,P117,Fashion,403.75,288.97,5,4,1615,259,398.87,Sale,Friday
27-09-2024,P118,Fashion,1133.1,771.95,10,2,2266.2,415,1103.84,Festival,Friday
27-09-2024,P119,Electronics,1241.65,1030.36,5,0,0,412,1240.68,Normal,Friday
28-09-2024,P100,Sports,636.3,528.89,10,0,0,124,647.82,Sale,Saturday
28-09-2024,P101,Fashion,542,366.59,0,1,542,132,568.32,Normal,Saturday
28-09-2024,P102,Home,416.7,307.88,10,7,2916.9,105,410.31,Sale,Saturday
28-09-2024,P103,Sports,1281,907.96,0,0,0,461,1344.13,Normal,Saturday
28-09-2024,P104,Home,1359,889.3,0,3,4077,303,1375.66,Normal,Saturday
28-09-2024,P105,Home,1197,935.29,0,0,0,210,1216.22,Normal,Saturday
28-09-2024,P106,Electronics,216,171.37,0,5,1080,430,226.64,Normal,Saturday
28-09-2024,P107,Electronics,991,601.31,0,2,1982,88,945.23,Sale,Saturday
28-09-2024,P108,Electronics,1380,1099.69,0,0,0,102,1365.76,Festival,Saturday
28-09-2024,P109,Sports,1225,839.91,0,0,0,86,1224.8,Normal,Saturday
28-09-2024,P110,Fashion,284.4,248.78,10,7,1990.8,369,286.29,Normal,Saturday
28-09-2024,P111,Home,1328,837.91,0,1,1328,218,1334.55,Normal,Saturday
28-09-2024,P112,Electronics,875,616.54,0,2,1750,430,903.05,Normal,Saturday
28-09-2024,P113,Sports,1097,805.22,0,1,1097,458,1093.62,Normal,Saturday
28-09-2024,P114,Electronics,1223.6,944.8,5,4,4894.4,414,1275.78,Normal,Saturday
28-09-2024,P115,Sports,622.25,426.7,5,4,2489,339,643.97,Festival,Saturday
28-09-2024,P116,Electronics,1332,919.18,0,0,0,474,1332.06,Normal,Saturday
28-09-2024,P117,Electronics,673.55,511.35,5,3,2020.65,356,672.36,Festival,Saturday
28-09-2024,P118,Sports,1343,868.89,0,3,4029,389,1315.49,Sale,Saturday
28-09-2024,P119,Electronics,366.7,235.32,5,3,1100.1,27,370.47,Holiday,Saturday
29-09-2024,P100,Fashion,1031.7,763.7,5,0,0,375,1078.54,Festival,Sunday
29-09-2024,P101,Sports,559,367.93,0,4,2236,349,542.11,Normal,Sunday
29-09-2024,P102,Electronics,1201,726.05,0,0,0,110,1249.68,Festival,Sunday
29-09-2024,P103,Home,870.3,740.97,10,0,0,185,859.42,Normal,Sunday
29-09-2024,P104,Fashion,1412,871.61,0,1,1412,53,1377.94,Normal,Sunday
29-09-2024,P105,Home,313,190.61,0,2,626,241,328.64,Normal,Sunday
29-09-2024,P106,Fashion,542,356.1,0,0,0,307,553.98,Normal,Sunday
29-09-2024,P107,Home,645.05,508.73,5,0,0,167,672.71,Sale,Sunday
29-09-2024,P108,Sports,1020,737.58,15,0,0,115,1047.09,Normal,Sunday
29-09-2024,P109,Sports,359.1,247.69,10,2,718.2,31,343.79,Normal,Sunday
29-09-2024,P110,Sports,1208.7,1073.95,10,0,0,205,1168.68,Normal,Sunday
29-09-2024,P111,Fashion,1242,806,0,6,7452,472,1295.35,Normal,Sunday
29-09-2024,P112,Electronics,221.35,161.9,5,6,1328.1,275,226.52,Normal,Sunday
29-09-2024,P113,Sports,1033,808.76,0,2,2066,459,1070.83,Normal,Sunday
29-09-2024,P114,Sports,573.8,482.85,5,4,2295.2,65,564.57,Festival,Sunday
29-09-2024,P115,Sports,212.5,172.72,15,6,1275,496,209.82,Sale,Sunday
29-09-2024,P116,Sports,1131,858,0,1,1131,213,1150.61,Normal,Sunday
29-09-2024,P117,Home,696,436.72,0,0,0,83,678.66,Normal,Sunday
29-09-2024,P118,Electronics,1340.1,1144.66,10,2,2680.2,319,1391.63,Festival,Sunday
29-09-2024,P119,Home,247.35,225.32,15,5,1236.75,191,249.43,Festival,Sunday
30-09-2024,P100,Fashion,1372,933.61,0,0,0,139,1360.1,Holiday,Monday
30-09-2024,P101,Home,672,418.09,0,2,1344,440,672.12,Normal,Monday
30-09-2024,P102,Fashion,644.4,436.18,10,0,0,434,616.55,Normal,Monday
30-09-2024,P103,Fashion,607,388.81,0,2,1214,162,587.44,Festival,Monday
30-09-2024,P104,Fashion,966,617.74,0,1,966,315,978.75,Normal,Monday
30-09-2024,P105,Sports,937,687,0,0,0,286,912.51,Festival,Monday
30-09-2024,P106,Fashion,241.3,157.6,5,5,1206.5,163,239.37,Normal,Monday
30-09-2024,P107,Sports,315,237.85,0,3,945,58,319.26,Normal,Monday
30-09-2024,P108,Electronics,1353,1062.49,0,2,2706,349,1297.6,Holiday,Monday
30-09-2024,P109,Electronics,391.5,281.8,10,2,783,421,383.89,Normal,Monday
30-09-2024,P110,Fashion,1283,1019.74,0,0,0,434,1267.78,Festival,Monday
30-09-2024,P111,Home,1391,962.55,0,0,0,146,1325.44,Sale,Monday
30-09-2024,P112,Home,279.9,219.72,10,5,1399.5,38,280.3,Normal,Monday
30-09-2024,P113,Sports,583,358.21,0,4,2332,35,570.31,Sale,Monday
30-09-2024,P114,Home,553,368.41,0,0,0,336,552.59,Normal,Monday
30-09-2024,P115,Fashion,488.3,372.15,5,1,488.3,387,489.42,Festival,Monday
30-09-2024,P116,Fashion,680.4,572.12,10,0,0,266,663.74,Normal,Monday
30-09-2024,P117,Home,581,396.63,0,0,0,144,557.16,Normal,Monday
30-09-2024,P118,Fashion,614,409.6,0,0,0,78,621.52,Sale,Monday
30-09-2024,P119,Sports,1363,847.82,0,6,8178,52,1319.26,Normal,Monday
01-10-2024,P100,Fashion,174.25,146.3,15,7,1219.75,265,166.22,Holiday,Tuesday
01-10-2024,P101,Home,955.7,740.52,5,0,0,162,961.11,Normal,Tuesday
01-10-2024,P102,Fashion,649,499.75,0,2,1298,476,622.77,Normal,Tuesday
01-10-2024,P103,Fashion,308,246.36,0,7,2156,457,314.34,Sale,Tuesday
01-10-2024,P104,Home,608,379.47,0,0,0,376,626.03,Sale,Tuesday
01-10-2024,P105,Electronics,1045,803.35,0,1,1045,101,1071.47,Festival,Tuesday
01-10-2024,P106,Home,543,387.54,0,2,1086,479,559.92,Normal,Tuesday
01-10-2024,P107,Electronics,355.3,298.9,5,0,0,351,347.36,Normal,Tuesday
01-10-2024,P108,Electronics,923.4,711.5,5,0,0,277,957.13,Normal,Tuesday
01-10-2024,P109,Electronics,661,522.95,0,1,661,494,665.66,Normal,Tuesday
01-10-2024,P110,Electronics,720.9,598.33,10,0,0,414,718.19,Normal,Tuesday
01-10-2024,P111,Sports,449.1,382.28,10,1,449.1,38,431.35,Normal,Tuesday
01-10-2024,P112,Electronics,274,207.23,0,3,822,83,282.91,Normal,Tuesday
01-10-2024,P113,Electronics,1438,902.44,0,0,0,410,1395,Sale,Tuesday
01-10-2024,P114,Fashion,197.6,154.29,5,3,592.8,335,202.87,Normal,Tuesday
01-10-2024,P115,Home,586,374.44,0,2,1172,267,585.81,Festival,Tuesday
01-10-2024,P116,Sports,421,290.14,0,3,1263,221,407.57,Normal,Tuesday
01-10-2024,P117,Sports,759.05,553.91,5,3,2277.15,95,753.9,Normal,Tuesday
01-10-2024,P118,Home,571.5,495.74,10,0,0,365,586.34,Festival,Tuesday
01-10-2024,P119,Fashion,1206,744.3,0,0,0,390,1207.09,Sale,Tuesday
02-10-2024,P100,Electronics,881,537.68,0,0,0,378,911.61,Sale,Wednesday
02-10-2024,P101,Electronics,1404,891.4,0,0,0,496,1459.17,Normal,Wednesday
02-10-2024,P102,Electronics,601,377.71,0,1,601,267,588.91,Holiday,Wednesday
02-10-2024,P103,Electronics,994,709.69,0,2,1988,301,1026.91,Normal,Wednesday
02-10-2024,P104,Sports,644,513.27,0,5,3220,341,627.13,Festival,Wednesday
02-10-2024,P105,Electronics,924,649.03,0,4,3696,396,914.74,Normal,Wednesday
02-10-2024,P106,Sports,965,583.42,0,0,0,183,948.93,Holiday,Wednesday
02-10-2024,P107,Fashion,321.3,266.5,10,5,1606.5,182,332.34,Festival,Wednesday
02-10-2024,P108,Home,343,237.4,0,0,0,409,333.15,Normal,Wednesday
02-10-2024,P109,Electronics,1443,1131.83,0,0,0,44,1425.63,Sale,Wednesday
02-10-2024,P110,Electronics,1080.15,828.64,5,0,0,251,1030.44,Sale,Wednesday
02-10-2024,P111,Sports,671.4,549.52,10,0,0,495,669.63,Normal,Wednesday
02-10-2024,P112,Sports,646,514.33,15,0,0,238,643.17,Normal,Wednesday
02-10-2024,P113,Home,213.3,145.67,10,5,1066.5,322,210.11,Normal,Wednesday
02-10-2024,P114,Sports,691,473.79,0,0,0,138,719.77,Festival,Wednesday
02-10-2024,P115,Home,1347,812.69,0,2,2694,409,1291.3,Normal,Wednesday
02-10-2024,P116,Electronics,418.5,359.45,10,0,0,418,425.37,Sale,Wednesday
02-10-2024,P117,Fashion,1043.8,759.66,15,0,0,133,1094.3,Normal,Wednesday
02-10-2024,P118,Fashion,1291,777.06,0,0,0,279,1290.03,Normal,Wednesday
02-10-2024,P119,Sports,942.3,678.36,10,0,0,276,971.28,Normal,Wednesday
03-10-2024,P100,Home,1009.85,685.14,5,3,3029.55,309,1059.29,Normal,Thursday
03-10-2024,P101,Home,975,773.64,0,2,1950,379,986.59,Normal,Thursday
03-10-2024,P102,Electronics,221,140.54,0,6,1326,287,221.36,Festival,Thursday
03-10-2024,P103,Home,428.4,355.23,15,3,1285.2,382,436.55,Holiday,Thursday
03-10-2024,P104,Home,855.9,623.73,10,2,1711.8,430,871.52,Normal,Thursday
03-10-2024,P105,Fashion,1233.35,961.46,15,1,1233.35,316,1177.55,Normal,Thursday
03-10-2024,P106,Home,1047,753.03,0,2,2094,29,1005.43,Sale,Thursday
03-10-2024,P107,Electronics,554.4,490.38,10,3,1663.2,105,563.35,Holiday,Thursday
03-10-2024,P108,Electronics,899.3,680.51,15,4,3597.2,380,894.55,Normal,Thursday
03-10-2024,P109,Electronics,452.7,356.14,10,1,452.7,41,431.21,Sale,Thursday
03-10-2024,P110,Home,881.6,621.84,5,1,881.6,277,856.7,Festival,Thursday
03-10-2024,P111,Home,874,587.46,0,0,0,254,893.09,Normal,Thursday
03-10-2024,P112,Electronics,1123,809.19,0,0,0,23,1145.88,Sale,Thursday
03-10-2024,P113,Electronics,738,550.43,0,2,1476,431,768.32,Normal,Thursday
03-10-2024,P114,Sports,1172,846.7,0,0,0,364,1208.03,Normal,Thursday
03-10-2024,P115,Fashion,627.95,398.12,5,0,0,60,602.11,Holiday,Thursday
03-10-2024,P116,Electronics,644.4,462.42,10,3,1933.2,172,643.2,Normal,Thursday
03-10-2024,P117,Electronics,181.8,135.72,10,5,909,257,173.68,Festival,Thursday
03-10-2024,P118,Home,340,311.35,15,4,1360,143,338.59,Normal,Thursday
03-10-2024,P119,Fashion,528,332.82,0,2,1056,182,504.65,Sale,Thursday
04-10-2024,P100,Electronics,775,536.89,0,0,0,200,796.68,Festival,Friday
04-10-2024,P101,Fashion,748.8,662.59,10,2,1497.6,124,731.63,Festival,Friday
04-10-2024,P102,Sports,581,385.4,0,4,2324,23,593.67,Festival,Friday
04-10-2024,P103,Sports,693,603.65,10,3,2079,467,701.79,Sale,Friday
04-10-2024,P104,Fashion,852.15,646.08,5,0,0,214,842.28,Normal,Friday
04-10-2024,P105,Sports,1496,1103.39,0,0,0,207,1545.46,Festival,Friday
04-10-2024,P106,Sports,689.4,582.47,10,2,1378.8,467,658.25,Normal,Friday
04-10-2024,P107,Home,1251.9,1049.89,10,0,0,162,1279.14,Festival,Friday
04-10-2024,P108,Fashion,1004,639.5,0,0,0,300,1018.03,Normal,Friday
04-10-2024,P109,Home,274,211.43,0,5,1370,274,269.91,Normal,Friday
04-10-2024,P110,Sports,470.25,302.46,5,6,2821.5,297,467.56,Holiday,Friday
04-10-2024,P111,Sports,1217.9,890.91,5,0,0,400,1267.62,Festival,Friday
04-10-2024,P112,Fashion,1486,1097.57,0,0,0,32,1516,Sale,Friday
04-10-2024,P113,Sports,973,712.14,0,3,2919,340,971.2,Normal,Friday
04-10-2024,P114,Electronics,1019.15,837.33,15,0,0,34,1031.86,Normal,Friday
04-10-2024,P115,Electronics,593,466.65,0,1,593,136,578.2,Normal,Friday
04-10-2024,P116,Fashion,669,477.4,0,1,669,92,682.59,Normal,Friday
04-10-2024,P117,Fashion,699.2,481.62,5,0,0,395,710.96,Normal,Friday
04-10-2024,P118,Home,480.6,332.87,10,3,1441.8,309,498.79,Normal,Friday
04-10-2024,P119,Fashion,387.9,259.27,10,2,775.8,319,406.08,Normal,Friday
05-10-2024,P100,Electronics,1324,1023.78,0,4,5296,394,1271.31,Normal,Saturday
05-10-2024,P101,Fashion,1348,1050.73,0,0,0,59,1335.22,Holiday,Saturday
05-10-2024,P102,Fashion,204,124.03,0,3,612,368,207.5,Normal,Saturday
05-10-2024,P103,Electronics,1481,1058.45,0,1,1481,294,1492.31,Sale,Saturday
05-10-2024,P104,Sports,1081.2,870.64,15,1,1081.2,90,1131.41,Holiday,Saturday
05-10-2024,P105,Sports,1068,691.33,0,2,2136,455,1111.82,Holiday,Saturday
05-10-2024,P106,Fashion,842.35,649.79,15,1,842.35,56,883.16,Festival,Saturday
05-10-2024,P107,Fashion,580.45,488.56,5,0,0,167,576.14,Normal,Saturday
05-10-2024,P108,Fashion,882.9,688.46,10,3,2648.7,277,845.06,Normal,Saturday
05-10-2024,P109,Home,1063.8,824.57,10,1,1063.8,437,1012.56,Sale,Saturday
05-10-2024,P110,Electronics,372,260.42,0,3,1116,164,376.49,Normal,Saturday
05-10-2024,P111,Fashion,245.7,206.78,10,4,982.8,241,247.53,Normal,Saturday
05-10-2024,P112,Home,573,367.96,0,2,1146,122,552.06,Sale,Saturday
05-10-2024,P113,Sports,995.6,658.92,5,0,0,355,1044.66,Normal,Saturday
05-10-2024,P114,Sports,512.55,461.68,15,5,2562.75,49,501.72,Sale,Saturday
05-10-2024,P115,Electronics,690,517.81,0,1,690,240,656.06,Sale,Saturday
05-10-2024,P116,Electronics,1382,887.56,0,0,0,189,1408.12,Normal,Saturday
05-10-2024,P117,Home,992,599.17,0,0,0,168,1020.42,Sale,Saturday
05-10-2024,P118,Electronics,944.1,643.85,10,0,0,499,937.28,Normal,Saturday
05-10-2024,P119,Sports,1235,857.58,0,0,0,80,1265.9,Holiday,Saturday
06-10-2024,P100,Sports,1014,742.03,0,2,2028,420,979.16,Normal,Sunday
06-10-2024,P101,Fashion,238,180.09,0,5,1190,93,239.21,Normal,Sunday
06-10-2024,P102,Fashion,1325,1033.8,0,1,1325,427,1322.48,Festival,Sunday
06-10-2024,P103,Sports,495,395.21,0,1,495,27,479.64,Holiday,Sunday
06-10-2024,P104,Fashion,747,510.25,0,1,747,30,777.66,Festival,Sunday
06-10-2024,P105,Electronics,544,419.08,0,0,0,277,518.23,Normal,Sunday
06-10-2024,P106,Sports,1296,972.02,10,3,3888,51,1301.7,Sale,Sunday
06-10-2024,P107,Fashion,228.65,172.25,15,4,914.6,370,232.95,Normal,Sunday
06-10-2024,P108,Electronics,464.4,361.05,10,2,928.8,488,454.41,Festival,Sunday
06-10-2024,P109,Electronics,1287,951.9,10,0,0,111,1230.49,Normal,Sunday
06-10-2024,P110,Sports,676.4,534.6,5,2,1352.8,166,656.56,Festival,Sunday
06-10-2024,P111,Fashion,431,283.13,0,3,1293,139,433.46,Normal,Sunday
06-10-2024,P112,Electronics,1249,980.69,0,1,1249,218,1267.7,Normal,Sunday
06-10-2024,P113,Sports,981,728.64,0,4,3924,459,1004.59,Normal,Sunday
06-10-2024,P114,Electronics,1254.6,1066.98,10,0,0,162,1249.93,Normal,Sunday
06-10-2024,P115,Sports,1298.65,1091.31,5,1,1298.65,77,1293.12,Normal,Sunday
06-10-2024,P116,Fashion,299.7,250,10,3,899.1,241,308.5,Normal,Sunday
06-10-2024,P117,Electronics,614,402.87,0,4,2456,35,614.47,Normal,Sunday
06-10-2024,P118,Sports,760.75,706.99,15,5,3803.75,469,791.1,Normal,Sunday
06-10-2024,P119,Sports,752.4,589.19,10,0,0,219,768.37,Normal,Sunday
07-10-2024,P100,Home,1131.45,897.96,5,0,0,466,1099.47,Sale,Monday
07-10-2024,P101,Fashion,967.5,830.56,10,3,2902.5,469,957.68,Festival,Monday
07-10-2024,P102,Fashion,1018,672.72,0,0,0,259,1058.43,Normal,Monday
07-10-2024,P103,Sports,535.5,475.6,15,0,0,78,554.68,Normal,Monday
07-10-2024,P104,Sports,1410,987.42,0,1,1410,80,1358.06,Sale,Monday
07-10-2024,P105,Sports,1251,841.84,0,1,1251,256,1246.13,Normal,Monday
07-10-2024,P106,Sports,1195.1,977.05,5,1,1195.1,32,1182.44,Festival,Monday
07-10-2024,P107,Home,383,239.21,0,3,1149,314,387.57,Normal,Monday
07-10-2024,P108,Sports,345,221.11,0,0,0,316,349.28,Normal,Monday
07-10-2024,P109,Electronics,494.7,379.48,15,3,1484.1,313,506.2,Normal,Monday
07-10-2024,P110,Sports,640,487.87,0,1,640,264,647.07,Normal,Monday
07-10-2024,P111,Electronics,1036.45,658.02,5,0,0,342,1070.6,Festival,Monday
07-10-2024,P112,Fashion,965.2,740.45,5,0,0,460,954.32,Holiday,Monday
07-10-2024,P113,Electronics,692.1,596.55,10,3,2076.3,152,705.36,Normal,Monday
07-10-2024,P114,Home,515.85,328.03,5,0,0,91,504.93,Normal,Monday
07-10-2024,P115,Sports,1422,957.08,0,0,0,469,1407.4,Holiday,Monday
07-10-2024,P116,Sports,521,342.49,0,2,1042,343,524.13,Sale,Monday
07-10-2024,P117,Home,873.9,771.65,10,0,0,362,879.33,Normal,Monday
07-10-2024,P118,Sports,1342,922.95,0,0,0,497,1357.57,Normal,Monday
07-10-2024,P119,Sports,887.4,777.03,10,3,2662.2,497,877.46,Normal,Monday
08-10-2024,P100,Fashion,628.9,418.38,5,1,628.9,54,598.85,Normal,Tuesday
08-10-2024,P101,Sports,987.05,710.21,5,2,1974.1,81,968.94,Festival,Tuesday
08-10-2024,P102,Sports,1161.9,793.23,10,1,1161.9,262,1163.42,Normal,Tuesday
08-10-2024,P103,Fashion,1079.1,954.02,10,2,2158.2,272,1112.63,Holiday,Tuesday
08-10-2024,P104,Fashion,520.2,429.25,10,5,2601,323,526.29,Sale,Tuesday
08-10-2024,P105,Sports,433,266.72,0,4,1732,386,421.01,Holiday,Tuesday
08-10-2024,P106,Sports,464,342.66,0,3,1392,110,467.48,Sale,Tuesday
08-10-2024,P107,Fashion,796.5,657.85,10,3,2389.5,182,769.28,Normal,Tuesday
08-10-2024,P108,Fashion,300,233.1,0,2,600,39,292.57,Festival,Tuesday
08-10-2024,P109,Electronics,243,179.84,0,3,729,273,234.31,Normal,Tuesday
08-10-2024,P110,Electronics,1278,824.3,0,1,1278,115,1228.38,Normal,Tuesday
08-10-2024,P111,Home,426.55,286.94,5,0,0,240,418.69,Normal,Tuesday
08-10-2024,P112,Fashion,1276,928.81,0,3,3828,174,1272.48,Sale,Tuesday
08-10-2024,P113,Sports,1129.5,814.13,10,0,0,137,1113.21,Holiday,Tuesday
08-10-2024,P114,Electronics,790,510.05,0,0,0,33,798.14,Normal,Tuesday
08-10-2024,P115,Home,1131,842.29,0,0,0,364,1168.62,Holiday,Tuesday
08-10-2024,P116,Home,766,610.13,0,1,766,149,776.85,Holiday,Tuesday
08-10-2024,P117,Electronics,676,478.43,0,0,0,483,705.56,Normal,Tuesday
08-10-2024,P118,Sports,1407,1085.84,0,2,2814,491,1464.25,Normal,Tuesday
08-10-2024,P119,Home,430.2,349.19,10,0,0,112,440.88,Normal,Tuesday
09-10-2024,P100,Fashion,791,532.42,0,1,791,476,762.22,Normal,Wednesday
09-10-2024,P101,Electronics,969.3,779.24,10,0,0,153,997.63,Normal,Wednesday
09-10-2024,P102,Electronics,379.05,254.76,5,5,1895.25,41,390.21,Normal,Wednesday
09-10-2024,P103,Fashion,501,383.43,0,3,1503,68,497.33,Festival,Wednesday
09-10-2024,P104,Sports,176.8,131.7,15,8,1414.4,316,171.98,Normal,Wednesday
09-10-2024,P105,Fashion,968,626.02,0,1,968,175,976.5,Normal,Wednesday
09-10-2024,P106,Fashion,1045.95,853.34,5,3,3137.85,268,1073.78,Holiday,Wednesday
09-10-2024,P107,Electronics,882,625.22,10,1,882,372,865.43,Normal,Wednesday
09-10-2024,P108,Electronics,1259,800.29,0,0,0,52,1321.2,Normal,Wednesday
09-10-2024,P109,Home,341.7,288.33,15,3,1025.1,355,342.33,Normal,Wednesday
09-10-2024,P110,Fashion,891.1,693.37,5,0,0,433,908.15,Normal,Wednesday
09-10-2024,P111,Fashion,1295,941.25,0,3,3885,361,1350,Holiday,Wednesday
09-10-2024,P112,Electronics,1077,784.21,0,1,1077,325,1078.99,Normal,Wednesday
09-10-2024,P113,Fashion,341,248.28,0,2,682,296,354.83,Normal,Wednesday
09-10-2024,P114,Home,190.8,129,10,5,954,165,191.79,Sale,Wednesday
09-10-2024,P115,Electronics,949,745.78,0,3,2847,62,939.18,Festival,Wednesday
09-10-2024,P116,Electronics,504,387.09,0,0,0,431,520.97,Festival,Wednesday
09-10-2024,P117,Home,170,150.93,15,7,1190,309,164.72,Festival,Wednesday
09-10-2024,P118,Home,1453,1051.99,0,3,4359,176,1393.8,Normal,Wednesday
09-10-2024,P119,Electronics,439.2,370.48,10,0,0,461,454.02,Normal,Wednesday
10-10-2024,P100,Home,1121.95,935.41,5,6,6731.7,260,1137.75,Holiday,Thursday
10-10-2024,P101,Fashion,608.95,437.42,5,0,0,59,597.21,Normal,Thursday
10-10-2024,P102,Sports,382,271,0,6,2292,105,386.68,Festival,Thursday
10-10-2024,P103,Electronics,924,722.73,0,2,1848,207,893.6,Festival,Thursday
10-10-2024,P104,Fashion,924,704.57,0,3,2772,134,936.55,Normal,Thursday
10-10-2024,P105,Fashion,1208.7,1017.47,10,1,1208.7,385,1221.04,Sale,Thursday
10-10-2024,P106,Electronics,811.8,705.61,10,0,0,412,840.4,Festival,Thursday
10-10-2024,P107,Fashion,313.65,221.68,15,3,940.95,24,315.79,Normal,Thursday
10-10-2024,P108,Home,1183,724.47,0,0,0,192,1165.76,Normal,Thursday
10-10-2024,P109,Sports,1274.4,994.68,10,0,0,95,1294.04,Normal,Thursday
10-10-2024,P110,Sports,1057,659.51,0,4,4228,495,1005.14,Sale,Thursday
10-10-2024,P111,Sports,499.5,367.02,10,3,1498.5,32,485.29,Normal,Thursday
10-10-2024,P112,Home,310,217.09,0,1,310,329,316.4,Normal,Thursday
10-10-2024,P113,Fashion,794.2,641.4,5,0,0,147,806.79,Normal,Thursday
10-10-2024,P114,Home,1211,757.24,0,1,1211,408,1236.41,Normal,Thursday
10-10-2024,P115,Fashion,865.45,551.6,5,0,0,101,868.57,Normal,Thursday
10-10-2024,P116,Electronics,657,446.07,0,0,0,54,634.39,Normal,Thursday
10-10-2024,P117,Fashion,738.9,531.88,10,0,0,99,770.62,Normal,Thursday
10-10-2024,P118,Sports,1287,950.45,0,0,0,461,1321.47,Normal,Thursday
10-10-2024,P119,Sports,941,715.04,0,0,0,131,898.54,Sale,Thursday
11-10-2024,P100,Electronics,477,314.35,0,6,2862,206,490.52,Sale,Friday
11-10-2024,P101,Home,1289,786.58,0,1,1289,172,1249.6,Sale,Friday
11-10-2024,P102,Home,253.3,237.32,15,2,506.6,162,247.72,Normal,Friday
11-10-2024,P103,Fashion,693,522.76,0,0,0,386,716.04,Normal,Friday
11-10-2024,P104,Sports,249.85,200.35,5,0,0,139,241.5,Holiday,Friday
11-10-2024,P105,Sports,322.05,246.39,5,2,644.1,260,314.95,Normal,Friday
11-10-2024,P106,Fashion,731.7,500.12,10,0,0,298,720.27,Sale,Friday
11-10-2024,P107,Fashion,213,140.32,0,6,1278,359,215.54,Sale,Friday
11-10-2024,P108,Electronics,469,305.43,0,5,2345,415,475.11,Normal,Friday
11-10-2024,P109,Home,314.45,231.28,5,6,1886.7,105,316.04,Festival,Friday
11-10-2024,P110,Sports,1489,896.24,0,0,0,435,1436.65,Normal,Friday
11-10-2024,P111,Sports,913.5,760.67,10,0,0,331,903.47,Normal,Friday
11-10-2024,P112,Electronics,1093,665.99,0,2,2186,188,1099.95,Normal,Friday
11-10-2024,P113,Sports,1226,737.86,0,0,0,79,1199.11,Sale,Friday
11-10-2024,P114,Fashion,1254,798.09,0,1,1254,263,1283.93,Normal,Friday
11-10-2024,P115,Fashion,198.9,155.19,15,2,397.8,29,193.45,Normal,Friday
11-10-2024,P116,Home,845,658.6,0,2,1690,379,882.27,Normal,Friday
11-10-2024,P117,Sports,556,388.08,0,0,0,368,545.59,Sale,Friday
11-10-2024,P118,Fashion,215,168.25,0,7,1505,120,208.63,Normal,Friday
11-10-2024,P119,Fashion,623.9,566.17,15,4,2495.6,414,600.3,Festival,Friday
12-10-2024,P100,Sports,1129,766.28,0,2,2258,388,1130.01,Normal,Saturday
12-10-2024,P101,Fashion,1073,747.66,0,0,0,136,1119.76,Sale,Saturday
12-10-2024,P102,Electronics,917,715.29,0,0,0,188,955.73,Normal,Saturday
12-10-2024,P103,Home,1290,814.24,0,1,1290,453,1304.6,Normal,Saturday
12-10-2024,P104,Sports,1366,954.1,0,1,1366,119,1403.17,Holiday,Saturday
12-10-2024,P105,Fashion,855,759.97,10,2,1710,25,841.21,Normal,Saturday
12-10-2024,P106,Sports,1200,740.09,0,0,0,151,1153.1,Normal,Saturday
12-10-2024,P107,Fashion,1366,1050.04,0,3,4098,374,1354.84,Normal,Saturday
12-10-2024,P108,Electronics,565.2,444.98,10,2,1130.4,322,586,Festival,Saturday
12-10-2024,P109,Home,864,724.74,10,0,0,448,898.63,Normal,Saturday
12-10-2024,P110,Fashion,1261,864.88,0,0,0,86,1299.98,Normal,Saturday
12-10-2024,P111,Electronics,907.25,620.97,5,1,907.25,82,947.68,Holiday,Saturday
12-10-2024,P112,Home,1455,988.55,0,0,0,381,1418.04,Normal,Saturday
12-10-2024,P113,Home,386.1,301.7,10,7,2702.7,357,399.77,Festival,Saturday
12-10-2024,P114,Electronics,1416,952.03,0,1,1416,303,1477.33,Sale,Saturday
12-10-2024,P115,Home,381.9,259.15,5,5,1909.5,466,382.89,Normal,Saturday
12-10-2024,P116,Electronics,864.9,628.41,10,0,0,140,864.92,Normal,Saturday
12-10-2024,P117,Fashion,588,354.95,0,0,0,54,601.49,Normal,Saturday
12-10-2024,P118,Fashion,589.95,481.91,5,0,0,279,616.63,Normal,Saturday
12-10-2024,P119,Fashion,595.85,503.56,15,1,595.85,447,590.72,Normal,Saturday
13-10-2024,P100,Home,733,499.85,0,0,0,27,767.03,Sale,Sunday
13-10-2024,P101,Home,532.8,401.91,10,2,1065.6,175,535.84,Holiday,Sunday
13-10-2024,P102,Home,1467,1098.34,0,2,2934,138,1512.36,Normal,Sunday
13-10-2024,P103,Electronics,922.45,736.47,5,0,0,258,954.7,Normal,Sunday
13-10-2024,P104,Sports,1475,1173.47,0,0,0,386,1424.64,Normal,Sunday
13-10-2024,P105,Home,476,310.85,0,3,1428,50,470.15,Normal,Sunday
13-10-2024,P106,Fashion,559,439.81,0,4,2236,352,538.33,Sale,Sunday
13-10-2024,P107,Fashion,502.35,432.06,15,0,0,262,527.39,Normal,Sunday
13-10-2024,P108,Sports,228,151.66,0,2,456,366,229.75,Normal,Sunday
13-10-2024,P109,Fashion,1053.9,730.29,10,0,0,427,1102.95,Festival,Sunday
13-10-2024,P110,Fashion,1354,942.23,0,0,0,59,1394,Sale,Sunday
13-10-2024,P111,Home,760.95,615.9,5,1,760.95,294,787.51,Normal,Sunday
13-10-2024,P112,Electronics,1251,857.46,10,0,0,271,1304.32,Sale,Sunday
13-10-2024,P113,Home,895.5,739.05,10,0,0,110,934.46,Normal,Sunday
13-10-2024,P114,Fashion,965.2,661.94,5,2,1930.4,429,1001.85,Normal,Sunday
13-10-2024,P115,Fashion,397,282.18,0,3,1191,184,394.66,Holiday,Sunday
13-10-2024,P116,Electronics,413.1,369.44,15,4,1652.4,269,409.56,Normal,Sunday
13-10-2024,P117,Electronics,1081.8,792.09,10,0,0,38,1128.89,Normal,Sunday
13-10-2024,P118,Fashion,190.4,151.65,15,5,952,421,188.86,Normal,Sunday
13-10-2024,P119,Fashion,626,414.02,0,0,0,74,626.32,Normal,Sunday
14-10-2024,P100,Fashion,932.4,819.16,10,0,0,311,943.21,Normal,Monday
14-10-2024,P101,Fashion,503,392.6,0,5,2515,101,503.94,Normal,Monday
14-10-2024,P102,Sports,1308,823.1,0,0,0,319,1324.09,Festival,Monday
14-10-2024,P103,Sports,368,266.79,0,3,1104,480,383.03,Normal,Monday
14-10-2024,P104,Sports,1103.9,754.48,5,5,5519.5,481,1133.34,Sale,Monday
14-10-2024,P105,Home,1132,774.54,0,3,3396,234,1076.91,Sale,Monday
14-10-2024,P106,Home,538,421.81,0,2,1076,295,562.38,Sale,Monday
14-10-2024,P107,Sports,1274.4,918.53,10,0,0,450,1284.7,Normal,Monday
14-10-2024,P108,Home,491.15,356.05,5,3,1473.45,457,512.36,Normal,Monday
14-10-2024,P109,Fashion,756.2,513.59,5,0,0,25,776.25,Normal,Monday
14-10-2024,P110,Fashion,518,374.58,0,0,0,446,530.22,Sale,Monday
14-10-2024,P111,Fashion,1075,735.38,0,0,0,424,1070.26,Holiday,Monday
14-10-2024,P112,Fashion,941,606.37,0,0,0,152,927.2,Normal,Monday
14-10-2024,P113,Electronics,1156.85,973.77,15,1,1156.85,443,1103.99,Holiday,Monday
14-10-2024,P114,Fashion,324.9,217.45,10,8,2599.2,135,334.43,Festival,Monday
14-10-2024,P115,Fashion,1405,919.61,0,0,0,382,1389.07,Normal,Monday
14-10-2024,P116,Sports,1344,814.85,0,1,1344,308,1403.54,Sale,Monday
14-10-2024,P117,Home,192.1,166.52,15,8,1536.8,312,182.87,Normal,Monday
14-10-2024,P118,Electronics,517.65,412.17,15,3,1552.95,220,536.3,Normal,Monday
14-10-2024,P119,Home,1322.1,954.87,10,2,2644.2,295,1337.38,Normal,Monday
15-10-2024,P100,Fashion,1427,921.6,0,1,1427,27,1449.44,Normal,Tuesday
15-10-2024,P101,Electronics,308,228.96,0,0,0,344,322.4,Normal,Tuesday
15-10-2024,P102,Fashion,451,285.12,0,2,902,243,452.42,Normal,Tuesday
15-10-2024,P103,Sports,1210.3,806.25,5,0,0,312,1219.46,Festival,Tuesday
15-10-2024,P104,Sports,446.5,316.53,5,0,0,278,462.14,Normal,Tuesday
15-10-2024,P105,Home,893.7,652.99,10,0,0,185,903.16,Normal,Tuesday
15-10-2024,P106,Home,1362.3,1088.1,5,0,0,34,1382.21,Sale,Tuesday
15-10-2024,P107,Fashion,1248.3,1084.04,10,2,2496.6,257,1186.11,Normal,Tuesday
15-10-2024,P108,Fashion,343,261.31,0,5,1715,44,355.25,Normal,Tuesday
15-10-2024,P109,Electronics,790,484.62,0,0,0,120,751.5,Normal,Tuesday
15-10-2024,P110,Sports,509,378.7,0,5,2545,294,485.76,Festival,Tuesday
15-10-2024,P111,Sports,663,475.32,0,3,1989,385,657.5,Festival,Tuesday
15-10-2024,P112,Sports,665,437.95,0,3,1995,374,633.69,Normal,Tuesday
15-10-2024,P113,Fashion,1125.75,754.52,5,5,5628.75,265,1171.53,Festival,Tuesday
15-10-2024,P114,Electronics,630,410.29,0,4,2520,480,653.79,Holiday,Tuesday
15-10-2024,P115,Sports,955.7,790.94,5,0,0,194,961.39,Normal,Tuesday
15-10-2024,P116,Home,443.7,334.12,15,3,1331.1,439,456.7,Normal,Tuesday
15-10-2024,P117,Fashion,1040.25,709.22,5,2,2080.5,154,1050.3,Holiday,Tuesday
15-10-2024,P118,Home,389,243.4,0,1,389,334,408.2,Holiday,Tuesday
15-10-2024,P119,Sports,304,189.84,0,2,608,33,296.2,Sale,Tuesday
16-10-2024,P100,Fashion,1234.8,988.79,10,0,0,301,1256.68,Normal,Wednesday
16-10-2024,P101,Fashion,938.4,800.26,15,1,938.4,159,932.98,Sale,Wednesday
16-10-2024,P102,Home,482,351.4,0,0,0,100,473.03,Normal,Wednesday
16-10-2024,P103,Fashion,249.85,200.39,5,5,1249.25,127,243.32,Normal,Wednesday
16-10-2024,P104,Sports,594,375.77,0,0,0,444,575.84,Normal,Wednesday
16-10-2024,P105,Sports,292.5,199.46,10,3,877.5,190,295.11,Festival,Wednesday
16-10-2024,P106,Electronics,374,265.98,15,5,1870,492,383.45,Sale,Wednesday
16-10-2024,P107,Sports,590,382.86,0,1,590,289,588.76,Normal,Wednesday
16-10-2024,P108,Home,1101.6,898.93,10,1,1101.6,53,1066.26,Normal,Wednesday
16-10-2024,P109,Sports,293,207.81,0,1,293,260,283.47,Normal,Wednesday
16-10-2024,P110,Sports,293,207.14,0,3,879,293,298.27,Normal,Wednesday
16-10-2024,P111,Electronics,1048.8,820.62,5,3,3146.4,414,1041.72,Sale,Wednesday
16-10-2024,P112,Fashion,568.8,443.52,10,2,1137.6,21,576.12,Normal,Wednesday
16-10-2024,P113,Sports,1186.2,1002.67,10,0,0,296,1202.34,Normal,Wednesday
16-10-2024,P114,Electronics,1057,734.95,0,0,0,300,1061.31,Normal,Wednesday
16-10-2024,P115,Sports,1080,794.39,0,0,0,72,1101.59,Normal,Wednesday
16-10-2024,P116,Electronics,1484,913.99,0,1,1484,198,1451.35,Holiday,Wednesday
16-10-2024,P117,Sports,1496,1194.43,0,4,5984,29,1466.56,Sale,Wednesday
16-10-2024,P118,Electronics,498,328.23,0,2,996,296,521.68,Festival,Wednesday
16-10-2024,P119,Fashion,570.35,534.23,15,2,1140.7,310,566.5,Sale,Wednesday
17-10-2024,P100,Sports,215,166.95,0,0,0,92,216.27,Normal,Thursday
17-10-2024,P101,Electronics,1154,896.93,0,0,0,460,1188.72,Sale,Thursday
17-10-2024,P102,Fashion,942,633.52,0,5,4710,358,975.99,Holiday,Thursday
17-10-2024,P103,Electronics,983,676.93,0,1,983,77,1000.26,Normal,Thursday
17-10-2024,P104,Sports,648,481.95,0,1,648,191,627.93,Normal,Thursday
17-10-2024,P105,Sports,1290.6,951.17,10,0,0,56,1240.88,Normal,Thursday
17-10-2024,P106,Electronics,552,351.39,0,1,552,372,563.99,Normal,Thursday
17-10-2024,P107,Home,767,490.73,0,1,767,218,756.28,Normal,Thursday
17-10-2024,P108,Fashion,330,239.84,0,0,0,62,324.44,Sale,Thursday
17-10-2024,P109,Home,1218,937.9,0,0,0,365,1216.97,Festival,Thursday
17-10-2024,P110,Electronics,491,296.97,0,2,982,432,489.92,Holiday,Thursday
17-10-2024,P111,Fashion,1452,1152.5,0,4,5808,354,1448.85,Festival,Thursday
17-10-2024,P112,Sports,609.9,415.18,5,0,0,310,599,Holiday,Thursday
17-10-2024,P113,Sports,1077,833.11,0,4,4308,316,1123.9,Normal,Thursday
17-10-2024,P114,Fashion,1062,871.18,10,2,2124,409,1077.55,Sale,Thursday
17-10-2024,P115,Home,577,442.17,0,4,2308,197,591,Normal,Thursday
17-10-2024,P116,Electronics,1162,912.52,0,5,5810,395,1108.8,Normal,Thursday
17-10-2024,P117,Home,1479,1066.84,0,2,2958,247,1533.45,Normal,Thursday
17-10-2024,P118,Electronics,723,537.01,0,3,2169,497,698.05,Normal,Thursday
17-10-2024,P119,Electronics,1492,1123.78,0,2,2984,404,1452.56,Normal,Thursday
18-10-2024,P100,Home,371.7,269.87,10,0,0,292,358.43,Normal,Friday
18-10-2024,P101,Fashion,1294,778.93,0,0,0,387,1274.02,Sale,Friday
18-10-2024,P102,Electronics,1409,996.27,0,0,0,424,1398.16,Normal,Friday
18-10-2024,P103,Fashion,302.6,237.84,15,4,1210.4,221,316.5,Sale,Friday
18-10-2024,P104,Sports,1089,861.27,0,2,2178,311,1045.1,Normal,Friday
18-10-2024,P105,Sports,511.7,434.43,15,0,0,38,503.4,Sale,Friday
18-10-2024,P106,Electronics,543,418.28,0,0,0,401,522.04,Normal,Friday
18-10-2024,P107,Electronics,272,173.03,0,5,1360,469,282.21,Normal,Friday
18-10-2024,P108,Sports,1250,903.61,0,2,2500,289,1245.2,Normal,Friday
18-10-2024,P109,Electronics,1265.4,870.69,10,1,1265.4,371,1214.84,Normal,Friday
18-10-2024,P110,Fashion,1277,982.41,0,1,1277,56,1247.08,Festival,Friday
18-10-2024,P111,Fashion,549.95,426.11,15,0,0,361,563.49,Normal,Friday
18-10-2024,P112,Home,441,311.53,10,2,882,284,451.55,Normal,Friday
18-10-2024,P113,Home,1055.45,668.28,5,0,0,146,1079.35,Normal,Friday
18-10-2024,P114,Home,285.95,229.22,5,2,571.9,196,300.09,Normal,Friday
18-10-2024,P115,Fashion,827,602.21,0,0,0,199,810.69,Normal,Friday
18-10-2024,P116,Home,1002,760.63,0,1,1002,365,1027.8,Normal,Friday
18-10-2024,P117,Electronics,1346,997.49,0,3,4038,86,1409.21,Festival,Friday
18-10-2024,P118,Fashion,1359,954.19,0,0,0,61,1312.15,Normal,Friday
18-10-2024,P119,Home,296,198.38,0,0,0,337,292.93,Normal,Friday
19-10-2024,P100,Electronics,192.85,126.48,5,7,1349.95,126,185.21,Sale,Saturday
19-10-2024,P101,Sports,1305,1057.98,10,3,3915,91,1301.67,Normal,Saturday
19-10-2024,P102,Sports,220.5,185.11,10,7,1543.5,194,221.15,Normal,Saturday
19-10-2024,P103,Home,1158.55,917.53,15,0,0,158,1101.98,Festival,Saturday
19-10-2024,P104,Electronics,933,667.14,0,0,0,459,897.53,Normal,Saturday
19-10-2024,P105,Fashion,1151.1,938.03,10,3,3453.3,410,1107.64,Normal,Saturday
19-10-2024,P106,Home,901,703.38,0,0,0,233,940.06,Normal,Saturday
19-10-2024,P107,Fashion,1194.3,925.59,10,3,3582.9,441,1214.67,Normal,Saturday
19-10-2024,P108,Electronics,963,673.54,10,0,0,426,945.36,Holiday,Saturday
19-10-2024,P109,Electronics,748,481.71,0,0,0,399,777.36,Normal,Saturday
19-10-2024,P110,Sports,568.1,384.13,5,2,1136.2,462,568.7,Normal,Saturday
19-10-2024,P111,Electronics,1150,792.85,0,0,0,150,1140.81,Sale,Saturday
19-10-2024,P112,Fashion,1223,868.55,0,1,1223,396,1221.99,Normal,Saturday
19-10-2024,P113,Fashion,945.25,721.29,5,0,0,67,935.47,Normal,Saturday
19-10-2024,P114,Home,1020,879.09,15,0,0,372,1053.49,Normal,Saturday
19-10-2024,P115,Sports,709,483.62,0,0,0,234,736.27,Festival,Saturday
19-10-2024,P116,Home,273.6,214.87,10,2,547.2,313,278.66,Normal,Saturday
19-10-2024,P117,Electronics,212.4,165.32,10,3,637.2,144,204.66,Normal,Saturday
19-10-2024,P118,Fashion,969.85,812.97,15,5,4849.25,111,955.17,Festival,Saturday
19-10-2024,P119,Sports,1033,639.81,0,2,2066,58,1080.82,Normal,Saturday
20-10-2024,P100,Fashion,267,168.27,0,4,1068,58,270.64,Normal,Sunday
20-10-2024,P101,Home,412,249.75,0,3,1236,190,424.87,Normal,Sunday
20-10-2024,P102,Sports,198,141.19,10,8,1584,294,188.86,Festival,Sunday
20-10-2024,P103,Home,927,659.93,0,0,0,356,967.18,Normal,Sunday
20-10-2024,P104,Home,711.9,495.54,10,2,1423.8,114,714.47,Sale,Sunday
20-10-2024,P105,Sports,940,584.74,0,0,0,371,922.97,Sale,Sunday
20-10-2024,P106,Fashion,550.05,393.08,5,2,1100.1,178,577.07,Normal,Sunday
20-10-2024,P107,Fashion,1248,837.93,0,0,0,394,1195.18,Normal,Sunday
20-10-2024,P108,Electronics,1371,1088.79,0,2,2742,465,1339.06,Holiday,Sunday
20-10-2024,P109,Electronics,566,415.39,0,6,3396,475,549.2,Normal,Sunday
20-10-2024,P110,Home,459.8,354.87,5,0,0,281,461.62,Normal,Sunday
20-10-2024,P111,Sports,972,754.75,0,0,0,459,939.24,Normal,Sunday
20-10-2024,P112,Home,1358,883.41,0,0,0,409,1344.35,Normal,Sunday
20-10-2024,P113,Sports,770,482.98,0,3,2310,177,745.03,Festival,Sunday
20-10-2024,P114,Home,1259,918.31,0,0,0,273,1263.14,Normal,Sunday
20-10-2024,P115,Electronics,1251,967.3,0,0,0,377,1296.16,Normal,Sunday
20-10-2024,P116,Electronics,677.35,511.99,5,1,677.35,35,685.52,Sale,Sunday
20-10-2024,P117,Home,774.25,527.54,5,0,0,421,773.32,Festival,Sunday
20-10-2024,P118,Fashion,707.75,449.25,5,1,707.75,291,690.67,Holiday,Sunday
20-10-2024,P119,Electronics,1360,846.62,0,1,1360,318,1359.25,Festival,Sunday
21-10-2024,P100,Electronics,466,354.1,0,0,0,281,446.35,Normal,Monday
21-10-2024,P101,Fashion,515.85,376.71,5,7,3610.95,300,495.68,Normal,Monday
21-10-2024,P102,Electronics,419,333.99,0,0,0,476,418.83,Sale,Monday
21-10-2024,P103,Fashion,1267.2,1109.76,10,1,1267.2,390,1303.99,Normal,Monday
21-10-2024,P104,Sports,261.9,185.68,10,4,1047.6,498,273.54,Normal,Monday
21-10-2024,P105,Electronics,745.2,523.56,10,2,1490.4,440,733.38,Holiday,Monday
21-10-2024,P106,Home,948,716.23,0,2,1896,460,915.06,Normal,Monday
21-10-2024,P107,Fashion,595,464.56,0,1,595,464,609.96,Normal,Monday
21-10-2024,P108,Electronics,931,594.74,5,0,0,134,941.1,Normal,Monday
21-10-2024,P109,Home,751,503.01,0,1,751,71,760.26,Normal,Monday
21-10-2024,P110,Sports,1001.7,731.83,10,1,1001.7,281,1019.22,Normal,Monday
21-10-2024,P111,Electronics,814,602.91,0,3,2442,232,802.91,Normal,Monday
21-10-2024,P112,Electronics,1141,844.77,0,3,3423,416,1143.86,Holiday,Monday
21-10-2024,P113,Fashion,1420,936.65,0,2,2840,269,1360.56,Normal,Monday
21-10-2024,P114,Home,1267,795.3,0,1,1267,177,1320.04,Normal,Monday
21-10-2024,P115,Fashion,489.6,347.41,10,0,0,193,499.5,Normal,Monday
21-10-2024,P116,Home,483.55,307.4,5,4,1934.2,98,495.92,Normal,Monday
21-10-2024,P117,Electronics,587,352.26,0,3,1761,203,590.11,Sale,Monday
21-10-2024,P118,Home,496,303.84,0,3,1488,386,515.41,Sale,Monday
21-10-2024,P119,Home,1210,892.03,0,0,0,498,1190.45,Festival,Monday
22-10-2024,P100,Sports,332,205.86,0,4,1328,40,345,Sale,Tuesday
22-10-2024,P101,Electronics,1158.3,937.77,10,1,1158.3,266,1164.67,Sale,Tuesday
22-10-2024,P102,Fashion,436.9,334.98,15,7,3058.3,24,439.03,Normal,Tuesday
22-10-2024,P103,Sports,597.6,410.49,10,0,0,171,577.53,Normal,Tuesday
22-10-2024,P104,Home,244.8,190.92,15,3,734.4,221,250.67,Normal,Tuesday
22-10-2024,P105,Home,308,221.24,0,1,308,205,308.88,Normal,Tuesday
22-10-2024,P106,Fashion,463,358.54,0,0,0,418,480.51,Festival,Tuesday
22-10-2024,P107,Home,283.1,212.8,5,3,849.3,208,277.27,Normal,Tuesday
22-10-2024,P108,Electronics,929.1,769.43,5,1,929.1,186,965.1,Normal,Tuesday
22-10-2024,P109,Sports,464,343.01,0,5,2320,438,456.72,Normal,Tuesday
22-10-2024,P110,Fashion,386.1,337.19,10,2,772.2,300,383.11,Sale,Tuesday
22-10-2024,P111,Electronics,1114.2,962.12,10,0,0,427,1123.56,Sale,Tuesday
22-10-2024,P112,Electronics,694.45,638.57,15,2,1388.9,226,694.15,Holiday,Tuesday
22-10-2024,P113,Home,1356,853.99,0,0,0,246,1361.92,Sale,Tuesday
22-10-2024,P114,Sports,404.1,278.51,10,4,1616.4,448,413.77,Normal,Tuesday
22-10-2024,P115,Sports,420,314.18,0,3,1260,287,416.67,Normal,Tuesday
22-10-2024,P116,Fashion,1260,841.33,0,0,0,344,1322.5,Sale,Tuesday
22-10-2024,P117,Home,1443,1144.1,0,0,0,176,1387.7,Sale,Tuesday
22-10-2024,P118,Fashion,807,594.62,0,1,807,492,818.95,Normal,Tuesday
22-10-2024,P119,Sports,1118.7,795.26,10,0,0,422,1096.37,Normal,Tuesday
23-10-2024,P100,Sports,820.8,679.64,5,3,2462.4,206,850.28,Normal,Wednesday
23-10-2024,P101,Home,766.8,529.01,10,0,0,383,766.21,Normal,Wednesday
23-10-2024,P102,Electronics,579,348.48,0,1,579,79,559.25,Holiday,Wednesday
23-10-2024,P103,Sports,271.7,218.22,5,6,1630.2,248,267.71,Sale,Wednesday
23-10-2024,P104,Electronics,309,211.86,0,2,618,467,317.87,Festival,Wednesday
23-10-2024,P105,Sports,1193,927.11,0,0,0,174,1223.11,Holiday,Wednesday
23-10-2024,P106,Electronics,249,188.74,0,4,996,168,238.83,Normal,Wednesday
23-10-2024,P107,Fashion,1421,971.83,0,1,1421,428,1444.49,Normal,Wednesday
23-10-2024,P108,Electronics,272,203.38,0,3,816,235,266.18,Normal,Wednesday
23-10-2024,P109,Home,907,700.82,0,0,0,143,905.05,Normal,Wednesday
23-10-2024,P110,Electronics,1000.8,688.85,10,0,0,418,1039.34,Normal,Wednesday
23-10-2024,P111,Fashion,913,626.59,0,3,2739,133,882.44,Holiday,Wednesday
23-10-2024,P112,Sports,431,333.8,0,4,1724,494,416.24,Normal,Wednesday
23-10-2024,P113,Electronics,1109.7,977,10,1,1109.7,269,1162.45,Normal,Wednesday
23-10-2024,P114,Electronics,217,155.18,0,5,1085,36,227.76,Festival,Wednesday
23-10-2024,P115,Fashion,549.1,446.86,5,2,1098.2,158,536.35,Sale,Wednesday
23-10-2024,P116,Fashion,785.7,534.47,10,2,1571.4,95,749.74,Holiday,Wednesday
23-10-2024,P117,Electronics,805,534.47,0,1,805,294,777.26,Sale,Wednesday
23-10-2024,P118,Home,299,238.21,0,4,1196,345,287.08,Festival,Wednesday
23-10-2024,P119,Fashion,574,410.54,0,0,0,451,575.05,Normal,Wednesday
24-10-2024,P100,Home,1163.7,806.35,10,1,1163.7,258,1212.77,Normal,Thursday
24-10-2024,P101,Sports,736.1,632.92,15,1,736.1,48,733.3,Normal,Thursday
24-10-2024,P102,Home,937.8,793.55,10,0,0,379,947.78,Festival,Thursday
24-10-2024,P103,Fashion,794.7,624.85,10,1,794.7,306,806.45,Normal,Thursday
24-10-2024,P104,Sports,1403,898.79,0,5,7015,241,1398.11,Holiday,Thursday
24-10-2024,P105,Sports,683.05,508.09,5,2,1366.1,83,665.3,Sale,Thursday
24-10-2024,P106,Sports,531.05,408.24,5,4,2124.2,123,545.12,Festival,Thursday
24-10-2024,P107,Home,962,753.65,0,2,1924,187,949.89,Normal,Thursday
24-10-2024,P108,Electronics,809,591.97,0,0,0,192,797.49,Festival,Thursday
24-10-2024,P109,Sports,794,607.79,0,1,794,240,796.91,Sale,Thursday
24-10-2024,P110,Fashion,1313,874.77,0,0,0,271,1307.89,Holiday,Thursday
24-10-2024,P111,Electronics,569,355.81,0,4,2276,120,544.42,Sale,Thursday
24-10-2024,P112,Sports,1247.35,1028.06,5,0,0,299,1254.38,Normal,Thursday
24-10-2024,P113,Electronics,715.5,495.68,10,2,1431,249,679.98,Sale,Thursday
24-10-2024,P114,Electronics,597,400.57,0,1,597,216,570.07,Sale,Thursday
24-10-2024,P115,Electronics,1317.65,1060.55,5,0,0,46,1345.87,Festival,Thursday
24-10-2024,P116,Fashion,266.4,193.61,10,3,799.2,382,276.29,Normal,Thursday
24-10-2024,P117,Home,520.6,420.71,5,3,1561.8,21,532.71,Normal,Thursday
24-10-2024,P118,Electronics,941,683.82,0,0,0,116,986.9,Normal,Thursday
24-10-2024,P119,Home,610,465.04,0,0,0,368,602.2,Festival,Thursday
25-10-2024,P100,Fashion,1163.7,780.82,10,0,0,494,1192.44,Normal,Friday
25-10-2024,P101,Fashion,776,495.12,0,2,1552,489,780.21,Normal,Friday
25-10-2024,P102,Electronics,966.15,634.87,5,1,966.15,132,937.4,Sale,Friday
25-10-2024,P103,Electronics,1345.5,1104.5,10,3,4036.5,78,1315.87,Normal,Friday
25-10-2024,P104,Electronics,410,297.46,0,3,1230,485,426.52,Sale,Friday
25-10-2024,P105,Fashion,372,278.53,0,0,0,159,380.16,Normal,Friday
25-10-2024,P106,Sports,543.4,388.16,5,0,0,254,569.86,Holiday,Friday
25-10-2024,P107,Fashion,877.8,615.02,5,0,0,481,857.68,Normal,Friday
25-10-2024,P108,Home,1368,849.35,0,0,0,369,1389.5,Sale,Friday
25-10-2024,P109,Electronics,1391,1103.03,0,0,0,358,1337.51,Festival,Friday
25-10-2024,P110,Home,381.6,321.31,10,3,1144.8,426,393.96,Festival,Friday
25-10-2024,P111,Electronics,1099,793.91,0,1,1099,233,1091.2,Normal,Friday
25-10-2024,P112,Home,1044,697.61,10,1,1044,362,993.83,Festival,Friday
25-10-2024,P113,Sports,627,496.01,0,3,1881,351,628.43,Holiday,Friday
25-10-2024,P114,Fashion,544,396.08,0,2,1088,128,563.6,Normal,Friday
25-10-2024,P115,Home,703,450.69,0,2,1406,280,700.05,Normal,Friday
25-10-2024,P116,Sports,1007,703.93,5,0,0,34,964.89,Normal,Friday
25-10-2024,P117,Home,371,236.36,0,0,0,461,362.27,Normal,Friday
25-10-2024,P118,Sports,654.5,499.9,15,2,1309,468,629.96,Normal,Friday
25-10-2024,P119,Sports,545.7,395.7,15,5,2728.5,51,531.48,Normal,Friday
26-10-2024,P100,Electronics,259.2,191.05,10,3,777.6,325,252.38,Normal,Saturday
26-10-2024,P101,Sports,884.45,689.09,5,1,884.45,143,926.98,Normal,Saturday
26-10-2024,P102,Fashion,762,518.7,0,2,1524,212,736.22,Normal,Saturday
26-10-2024,P103,Sports,1099,668.84,0,0,0,420,1097.68,Holiday,Saturday
26-10-2024,P104,Sports,1205.55,795.25,5,0,0,285,1166.66,Normal,Saturday
26-10-2024,P105,Electronics,244.8,176.21,10,1,244.8,308,236.54,Normal,Saturday
26-10-2024,P106,Home,1261.8,1058.3,10,4,5047.2,180,1289.22,Normal,Saturday
26-10-2024,P107,Fashion,1358,1074.72,0,0,0,242,1405.68,Normal,Saturday
26-10-2024,P108,Home,1060,786.81,0,1,1060,78,1086.38,Normal,Saturday
26-10-2024,P109,Fashion,1465,1100.39,0,0,0,304,1476.53,Festival,Saturday
26-10-2024,P110,Home,1108,863.92,0,0,0,316,1122.67,Normal,Saturday
26-10-2024,P111,Home,1382,973.07,0,0,0,333,1360.55,Normal,Saturday
26-10-2024,P112,Electronics,582,352.06,0,3,1746,146,606.23,Sale,Saturday
26-10-2024,P113,Sports,1251,843.23,0,0,0,125,1274.41,Normal,Saturday
26-10-2024,P114,Home,551.7,455.92,10,2,1103.4,51,528.82,Normal,Saturday
26-10-2024,P115,Sports,1178.1,850.91,15,1,1178.1,416,1138.71,Festival,Saturday
26-10-2024,P116,Electronics,561,342.77,0,1,561,359,556.91,Normal,Saturday
26-10-2024,P117,Fashion,254.7,179.5,10,1,254.7,411,252.25,Normal,Saturday
26-10-2024,P118,Home,1099.8,896.19,10,0,0,392,1070.99,Normal,Saturday
26-10-2024,P119,Sports,403,256.3,0,0,0,74,402.05,Normal,Saturday
27-10-2024,P100,Electronics,497,334.58,0,4,1988,23,477.76,Normal,Sunday
27-10-2024,P101,Sports,711,502.15,0,1,711,78,690.6,Festival,Sunday
27-10-2024,P102,Electronics,604,464.12,0,5,3020,133,619.04,Normal,Sunday
27-10-2024,P103,Sports,1062,821.07,0,2,2124,176,1075.1,Normal,Sunday
27-10-2024,P104,Fashion,1114,719.44,0,0,0,417,1157.44,Normal,Sunday
27-10-2024,P105,Sports,523,323.7,0,0,0,470,504.34,Normal,Sunday
27-10-2024,P106,Electronics,714,531.94,0,0,0,460,703.25,Normal,Sunday
27-10-2024,P107,Electronics,433.2,333.89,5,0,0,302,417.04,Normal,Sunday
27-10-2024,P108,Electronics,1310.05,991.35,5,3,3930.15,234,1292.56,Sale,Sunday
27-10-2024,P109,Home,215,135.99,0,5,1075,425,224.31,Normal,Sunday
27-10-2024,P110,Sports,1195.95,1024.11,15,3,3587.85,310,1172.06,Sale,Sunday
27-10-2024,P111,Home,427.55,376.04,15,2,855.1,267,448.08,Normal,Sunday
27-10-2024,P112,Electronics,466.65,343.75,15,3,1399.95,37,475.46,Normal,Sunday
27-10-2024,P113,Fashion,384,297.88,0,5,1920,35,385.76,Sale,Sunday
27-10-2024,P114,Home,602,473.02,0,2,1204,368,594.45,Sale,Sunday
27-10-2024,P115,Electronics,493,341.52,0,0,0,95,485.69,Normal,Sunday
27-10-2024,P116,Home,898.2,793.06,10,1,898.2,495,917.97,Holiday,Sunday
27-10-2024,P117,Fashion,1204,912.88,0,1,1204,272,1252.23,Normal,Sunday
27-10-2024,P118,Home,1158.05,923.24,5,0,0,355,1161.19,Festival,Sunday
27-10-2024,P119,Sports,1216.35,1009.41,15,2,2432.7,299,1257.06,Normal,Sunday
28-10-2024,P100,Electronics,1315.75,971.07,5,0,0,453,1275.16,Festival,Monday
28-10-2024,P101,Home,484,327.15,0,5,2420,482,470.17,Normal,Monday
28-10-2024,P102,Home,936.9,675.71,10,2,1873.8,107,891.49,Normal,Monday
28-10-2024,P103,Electronics,873.05,589.48,5,2,1746.1,433,868.48,Festival,Monday
28-10-2024,P104,Home,1049.75,875.51,5,2,2099.5,251,1010.12,Normal,Monday
28-10-2024,P105,Electronics,1035,715.66,0,0,0,396,1083.98,Normal,Monday
28-10-2024,P106,Electronics,281.2,187.27,5,5,1406,27,278.84,Festival,Monday
28-10-2024,P107,Electronics,948,599.55,0,0,0,448,905.91,Festival,Monday
28-10-2024,P108,Fashion,364.5,244.66,10,2,729,108,377.37,Normal,Monday
28-10-2024,P109,Fashion,453.6,352.39,10,0,0,431,465.65,Holiday,Monday
28-10-2024,P110,Sports,729,513.89,10,0,0,166,724.69,Normal,Monday
28-10-2024,P111,Home,1403.15,1033.52,5,3,4209.45,418,1394.14,Holiday,Monday
28-10-2024,P112,Electronics,962,668.85,0,4,3848,176,979.1,Sale,Monday
28-10-2024,P113,Electronics,276,220.02,0,1,276,151,271.74,Normal,Monday
28-10-2024,P114,Home,1127,879.44,0,0,0,442,1141.88,Normal,Monday
28-10-2024,P115,Sports,993.7,708.46,5,2,1987.4,305,1041.04,Festival,Monday
28-10-2024,P116,Sports,815.4,646.3,10,6,4892.4,112,804.28,Holiday,Monday
28-10-2024,P117,Home,915.3,684.88,10,0,0,485,885.13,Normal,Monday
28-10-2024,P118,Sports,541,385.1,0,1,541,393,560.48,Holiday,Monday
28-10-2024,P119,Home,343.8,248.76,10,1,343.8,57,342,Normal,Monday
29-10-2024,P100,Sports,858,557.54,0,4,3432,91,842.81,Normal,Tuesday
29-10-2024,P101,Sports,618,429.08,0,0,0,276,629.44,Normal,Tuesday
29-10-2024,P102,Home,550.05,426.88,5,0,0,455,557.61,Normal,Tuesday
29-10-2024,P103,Sports,733.4,547.07,5,5,3667,475,703.35,Normal,Tuesday
29-10-2024,P104,Home,459,296.69,0,0,0,285,478.49,Normal,Tuesday
29-10-2024,P105,Home,819.9,604.97,10,0,0,249,840.5,Holiday,Tuesday
29-10-2024,P106,Sports,1322.4,1011.84,5,1,1322.4,189,1379.08,Normal,Tuesday
29-10-2024,P107,Electronics,820,579.13,0,0,0,356,807.37,Normal,Tuesday
29-10-2024,P108,Electronics,1361.35,864.05,5,1,1361.35,189,1391.82,Normal,Tuesday
29-10-2024,P109,Electronics,850.25,595.07,5,1,850.25,100,807.75,Normal,Tuesday
29-10-2024,P110,Home,269.45,198.68,15,4,1077.8,403,259.32,Festival,Tuesday
29-10-2024,P111,Home,1051,786.85,0,2,2102,383,1099.04,Normal,Tuesday
29-10-2024,P112,Electronics,1108,848.96,0,0,0,228,1106.11,Normal,Tuesday
29-10-2024,P113,Fashion,324.9,230.05,5,3,974.7,182,333.79,Normal,Tuesday
29-10-2024,P114,Fashion,1328.4,1082.65,10,1,1328.4,490,1336.45,Holiday,Tuesday
29-10-2024,P115,Fashion,758,544.18,0,5,3790,102,757.13,Normal,Tuesday
29-10-2024,P116,Fashion,1132,680.15,0,0,0,170,1131.84,Holiday,Tuesday
29-10-2024,P117,Fashion,495.9,340.2,5,3,1487.7,230,485.42,Normal,Tuesday
29-10-2024,P118,Electronics,1048,726.25,0,0,0,217,1069,Normal,Tuesday
29-10-2024,P119,Sports,1138,797.95,0,3,3414,288,1112.86,Sale,Tuesday
30-10-2024,P100,Sports,319,246.7,0,5,1595,129,307.97,Sale,Wednesday
30-10-2024,P101,Sports,580,381.47,0,4,2320,23,555.8,Holiday,Wednesday
30-10-2024,P102,Electronics,1282.5,961.35,10,1,1282.5,243,1259.63,Normal,Wednesday
30-10-2024,P103,Sports,731,460.94,0,4,2924,278,709.72,Normal,Wednesday
30-10-2024,P104,Electronics,395,312.88,0,1,395,90,394.54,Sale,Wednesday
30-10-2024,P105,Fashion,1433,1130.62,0,0,0,446,1493.74,Normal,Wednesday
30-10-2024,P106,Electronics,1316,909.22,0,0,0,143,1251.9,Sale,Wednesday
30-10-2024,P107,Home,1432,983.6,0,1,1432,298,1469.59,Normal,Wednesday
30-10-2024,P108,Electronics,822.7,590.17,5,2,1645.4,187,816.36,Festival,Wednesday
30-10-2024,P109,Home,992.7,874.21,10,3,2978.1,296,970.74,Normal,Wednesday
30-10-2024,P110,Home,210.6,161.29,10,5,1053,71,203.77,Normal,Wednesday
30-10-2024,P111,Home,1326.6,1167.18,10,0,0,214,1270.34,Normal,Wednesday
30-10-2024,P112,Home,1143.9,984.49,10,1,1143.9,367,1134.43,Normal,Wednesday
30-10-2024,P113,Electronics,719.15,581.63,5,3,2157.45,163,692.52,Normal,Wednesday
30-10-2024,P114,Sports,688,526.8,0,1,688,297,685.22,Normal,Wednesday
30-10-2024,P115,Sports,1296.75,935.86,5,3,3890.25,224,1254.69,Sale,Wednesday
30-10-2024,P116,Sports,1300.5,892.66,10,0,0,433,1317.2,Sale,Wednesday
30-10-2024,P117,Electronics,1306,792.52,0,1,1306,223,1251.83,Normal,Wednesday
30-10-2024,P118,Sports,1075,747.39,0,0,0,217,1078.36,Normal,Wednesday
30-10-2024,P119,Sports,810.9,739.43,15,0,0,66,834.03,Normal,Wednesday
31-10-2024,P100,Home,1115,699.68,0,2,2230,355,1102.56,Normal,Thursday
31-10-2024,P101,Electronics,950,594.49,0,1,950,64,939.02,Normal,Thursday
31-10-2024,P102,Home,1259.7,1184.31,15,2,2519.4,24,1306.18,Normal,Thursday
31-10-2024,P103,Sports,628.15,541.07,15,0,0,493,634.87,Sale,Thursday
31-10-2024,P104,Home,1084,734.41,0,0,0,244,1095.28,Normal,Thursday
31-10-2024,P105,Fashion,898.7,681.56,5,1,898.7,389,880.49,Holiday,Thursday
31-10-2024,P106,Home,358,222.97,0,4,1432,242,341.58,Normal,Thursday
31-10-2024,P107,Fashion,256,171.65,0,5,1280,170,245.5,Normal,Thursday
31-10-2024,P108,Home,379,261.49,0,1,379,489,395.22,Normal,Thursday
31-10-2024,P109,Sports,1172,856.97,0,6,7032,495,1209.48,Normal,Thursday
31-10-2024,P110,Home,478,287.79,0,4,1912,414,494.85,Sale,Thursday
31-10-2024,P111,Electronics,200,136.86,0,7,1400,499,195.73,Festival,Thursday
31-10-2024,P112,Fashion,265.5,218.15,10,0,0,331,266.3,Sale,Thursday
31-10-2024,P113,Fashion,1357,1042.29,0,0,0,261,1342.02,Normal,Thursday
31-10-2024,P114,Fashion,880,575.52,0,1,880,481,847.51,Festival,Thursday
31-10-2024,P115,Electronics,898.7,592.86,5,3,2696.1,229,875.84,Normal,Thursday
31-10-2024,P116,Electronics,561,364.95,0,0,0,396,576.02,Normal,Thursday
31-10-2024,P117,Fashion,949,611.84,0,1,949,308,932.33,Normal,Thursday
31-10-2024,P118,Home,1233,911.85,0,0,0,377,1184.2,Normal,Thursday
31-10-2024,P119,Fashion,1252.8,1092.65,10,2,2505.6,367,1238.9,Festival,Thursday
01-11-2024,P100,Electronics,1183,855.09,0,0,0,332,1141,Normal,Friday
01-11-2024,P101,Electronics,1091.4,872.76,15,0,0,160,1051.31,Normal,Friday
01-11-2024,P102,Sports,949,755.84,0,0,0,403,980.7,Normal,Friday
01-11-2024,P103,Electronics,463,339.21,0,4,1852,313,447.76,Normal,Friday
01-11-2024,P104,Home,1138.1,727.07,5,0,0,302,1118.27,Normal,Friday
01-11-2024,P105,Home,1330.2,984.62,10,0,0,216,1346.93,Normal,Friday
01-11-2024,P106,Electronics,256,183.07,0,5,1280,27,255.55,Normal,Friday
01-11-2024,P107,Home,716,528.86,0,0,0,283,728.78,Normal,Friday
01-11-2024,P108,Sports,1086.3,882.97,15,0,0,135,1109.92,Holiday,Friday
01-11-2024,P109,Home,755,499.62,0,4,3020,447,770.69,Normal,Friday
01-11-2024,P110,Fashion,420,317.24,0,4,1680,271,417.45,Normal,Friday
01-11-2024,P111,Electronics,367,271.05,0,5,1835,449,374.71,Normal,Friday
01-11-2024,P112,Home,1317,890.89,0,3,3951,482,1366.74,Normal,Friday
01-11-2024,P113,Fashion,1349.1,1037.97,10,0,0,428,1286.73,Normal,Friday
01-11-2024,P114,Fashion,596.6,483.96,5,4,2386.4,480,624.66,Sale,Friday
01-11-2024,P115,Fashion,611,408.81,0,0,0,110,621.05,Normal,Friday
01-11-2024,P116,Home,326,260.42,0,3,978,278,328.24,Normal,Friday
01-11-2024,P117,Electronics,1209.6,970.99,10,0,0,413,1154.62,Normal,Friday
01-11-2024,P118,Sports,480.7,375.9,5,4,1922.8,24,490.07,Normal,Friday
01-11-2024,P119,Sports,812.6,591.55,15,3,2437.8,67,780.54,Normal,Friday
02-11-2024,P100,Electronics,969,600.22,0,3,2907,284,1012.97,Normal,Saturday
02-11-2024,P101,Electronics,483.3,369.03,10,4,1933.2,120,459.52,Festival,Saturday
02-11-2024,P102,Electronics,950,674.47,0,0,0,68,983.77,Normal,Saturday
02-11-2024,P103,Electronics,1313.1,1078.59,10,2,2626.2,265,1367.71,Festival,Saturday
02-11-2024,P104,Sports,1164,832.09,0,0,0,300,1213.01,Normal,Saturday
02-11-2024,P105,Sports,521.55,381.76,5,3,1564.65,84,523.19,Normal,Saturday
02-11-2024,P106,Home,1177,823.94,0,0,0,63,1224.63,Normal,Saturday
02-11-2024,P107,Home,823,525.25,0,0,0,122,839.68,Normal,Saturday
02-11-2024,P108,Electronics,1198.5,1065.77,15,1,1198.5,483,1138.63,Holiday,Saturday
02-11-2024,P109,Sports,406,282.54,0,2,812,368,421.94,Festival,Saturday
02-11-2024,P110,Home,549,362.45,0,2,1098,237,524.75,Festival,Saturday
02-11-2024,P111,Fashion,432.25,351.02,5,1,432.25,452,411.92,Normal,Saturday
02-11-2024,P112,Electronics,306,214,0,4,1224,421,291.14,Normal,Saturday
02-11-2024,P113,Electronics,1127.7,904.89,10,0,0,435,1132.49,Holiday,Saturday
02-11-2024,P114,Home,1238,840.26,0,0,0,400,1200.84,Sale,Saturday
02-11-2024,P115,Sports,1284,992.45,0,3,3852,76,1295.94,Normal,Saturday
02-11-2024,P116,Fashion,1237,856.64,0,0,0,271,1278.52,Normal,Saturday
02-11-2024,P117,Fashion,282.15,185.33,5,1,282.15,449,270.86,Normal,Saturday
02-11-2024,P118,Sports,522,382.63,10,3,1566,374,517.69,Sale,Saturday
02-11-2024,P119,Electronics,754,551.91,0,5,3770,301,754.79,Normal,Saturday
03-11-2024,P100,Sports,825,614.08,0,2,1650,109,846.44,Normal,Sunday
03-11-2024,P101,Home,863,581.91,0,0,0,20,876.32,Normal,Sunday
03-11-2024,P102,Home,778.05,567.85,5,0,0,148,768.7,Normal,Sunday
03-11-2024,P103,Fashion,999,745.08,0,2,1998,349,972.3,Normal,Sunday
03-11-2024,P104,Electronics,716,559.77,0,0,0,195,742.19,Holiday,Sunday
03-11-2024,P105,Home,732.6,563.54,10,2,1465.2,202,756,Festival,Sunday
03-11-2024,P106,Home,1244,817.28,0,0,0,439,1228.84,Normal,Sunday
03-11-2024,P107,Electronics,408.6,309.08,10,1,408.6,355,400.7,Normal,Sunday
03-11-2024,P108,Sports,964,585.18,0,1,964,384,933.48,Normal,Sunday
03-11-2024,P109,Home,1067,681.83,0,1,1067,193,1049.18,Normal,Sunday
03-11-2024,P110,Home,1026,734.99,0,2,2052,327,978.6,Normal,Sunday
03-11-2024,P111,Sports,1353.75,1131.23,5,0,0,485,1390.59,Sale,Sunday
03-11-2024,P112,Sports,699.2,566.36,5,1,699.2,227,695.92,Sale,Sunday
03-11-2024,P113,Electronics,380,261.88,0,0,0,403,396.11,Sale,Sunday
03-11-2024,P114,Sports,182.7,135.1,10,7,1278.9,90,175.47,Normal,Sunday
03-11-2024,P115,Sports,235.8,203.2,10,5,1179,245,235.99,Normal,Sunday
03-11-2024,P116,Sports,1051.45,945.45,15,0,0,218,1024.43,Normal,Sunday
03-11-2024,P117,Electronics,1187,876.81,0,5,5935,352,1169.28,Normal,Sunday
03-11-2024,P118,Sports,802,511.72,0,1,802,331,821.12,Sale,Sunday
03-11-2024,P119,Home,1168.2,907.35,10,6,7009.2,99,1189.64,Holiday,Sunday
04-11-2024,P100,Sports,1482,1029.23,0,1,1482,21,1488.96,Holiday,Monday
04-11-2024,P101,Home,1184.65,761.15,5,2,2369.3,371,1173.72,Festival,Monday
04-11-2024,P102,Home,214.2,176.71,15,9,1927.8,309,206.7,Sale,Monday
04-11-2024,P103,Electronics,1165.35,1086.96,15,1,1165.35,498,1176.91,Normal,Monday
04-11-2024,P104,Electronics,733.5,610.25,10,3,2200.5,75,721.61,Normal,Monday
04-11-2024,P105,Fashion,793,607.83,0,0,0,371,822.62,Normal,Monday
04-11-2024,P106,Sports,932.9,702.17,5,3,2798.7,74,932.71,Normal,Monday
04-11-2024,P107,Fashion,865.3,650.2,15,2,1730.6,84,837.47,Normal,Monday
04-11-2024,P108,Fashion,820.8,621.3,5,0,0,386,783.27,Normal,Monday
04-11-2024,P109,Home,1372,909.47,0,3,4116,448,1416.03,Normal,Monday
04-11-2024,P110,Fashion,540.55,421.61,5,0,0,287,528.33,Normal,Monday
04-11-2024,P111,Fashion,1269.2,893.27,5,3,3807.6,265,1290.08,Holiday,Monday
04-11-2024,P112,Home,1399,860.74,0,0,0,168,1336.91,Sale,Monday
04-11-2024,P113,Sports,486,387.91,0,4,1944,356,506.51,Festival,Monday
04-11-2024,P114,Fashion,352.45,231.94,5,4,1409.8,257,357.07,Sale,Monday
04-11-2024,P115,Electronics,657.4,458.23,5,0,0,22,646.43,Normal,Monday
04-11-2024,P116,Home,276,195.07,0,2,552,451,266.79,Sale,Monday
04-11-2024,P117,Electronics,690,482.61,0,2,1380,243,703.23,Normal,Monday
04-11-2024,P118,Electronics,1255.9,1011.12,5,0,0,21,1306.46,Normal,Monday
04-11-2024,P119,Home,891,566.1,0,1,891,38,885.97,Normal,Monday
05-11-2024,P100,Home,332,254.67,0,1,332,404,335.91,Normal,Tuesday
05-11-2024,P101,Home,702.05,446.75,5,4,2808.2,273,725.86,Normal,Tuesday
05-11-2024,P102,Electronics,1001,719.66,0,6,6006,313,975.67,Holiday,Tuesday
05-11-2024,P103,Fashion,720.1,545.75,5,5,3600.5,312,699.49,Festival,Tuesday
05-11-2024,P104,Sports,893,578.65,5,0,0,49,911.99,Normal,Tuesday
05-11-2024,P105,Sports,497,322.18,0,3,1491,133,503.09,Normal,Tuesday
05-11-2024,P106,Home,1037,635.74,0,0,0,119,1083.53,Normal,Tuesday
05-11-2024,P107,Home,638,507.84,0,5,3190,119,649.36,Festival,Tuesday
05-11-2024,P108,Fashion,421.8,337.35,5,1,421.8,287,414.08,Festival,Tuesday
05-11-2024,P109,Electronics,680,623.31,15,2,1360,181,686.22,Sale,Tuesday
05-11-2024,P110,Home,1101.05,802.58,5,0,0,157,1126.21,Sale,Tuesday
05-11-2024,P111,Electronics,1352,1019.22,0,3,4056,235,1359.67,Normal,Tuesday
05-11-2024,P112,Home,647.9,462,5,0,0,97,632.22,Festival,Tuesday
05-11-2024,P113,Home,524,369.79,0,1,524,389,547.86,Normal,Tuesday
05-11-2024,P114,Home,553,391.53,0,2,1106,332,573.23,Holiday,Tuesday
05-11-2024,P115,Fashion,639.2,594.61,15,0,0,323,658.26,Holiday,Tuesday
05-11-2024,P116,Fashion,1373,944.55,0,1,1373,64,1412.46,Holiday,Tuesday
05-11-2024,P117,Home,1444,1085.06,0,2,2888,332,1465.46,Normal,Tuesday
05-11-2024,P118,Electronics,202,157.77,0,6,1212,116,201.06,Normal,Tuesday
05-11-2024,P119,Electronics,613.7,481.77,15,0,0,396,641.53,Normal,Tuesday
06-11-2024,P100,Fashion,452.7,358.2,10,0,0,358,437.35,Normal,Wednesday
06-11-2024,P101,Fashion,355.3,271.4,5,3,1065.9,252,346.08,Holiday,Wednesday
06-11-2024,P102,Fashion,291.6,198.97,10,5,1458,490,294.05,Normal,Wednesday
06-11-2024,P103,Sports,956.65,682.03,5,1,956.65,324,943.18,Normal,Wednesday
06-11-2024,P104,Electronics,236,167.74,0,1,236,311,233.51,Normal,Wednesday
06-11-2024,P105,Home,702.1,520.5,15,2,1404.2,118,735.12,Normal,Wednesday
06-11-2024,P106,Sports,886,650.42,0,2,1772,20,889.62,Normal,Wednesday
06-11-2024,P107,Sports,800,542.38,0,0,0,171,796.07,Sale,Wednesday
06-11-2024,P108,Sports,730.8,601.16,10,2,1461.6,162,725.95,Normal,Wednesday
06-11-2024,P109,Home,713,463.62,0,0,0,52,717.44,Normal,Wednesday
06-11-2024,P110,Fashion,1211,748.43,0,3,3633,299,1190.8,Festival,Wednesday
06-11-2024,P111,Sports,317,195.77,0,6,1902,300,328.58,Normal,Wednesday
06-11-2024,P112,Electronics,1248,748.98,0,3,3744,415,1258.93,Normal,Wednesday
06-11-2024,P113,Home,226.8,154.75,10,4,907.2,70,218.88,Normal,Wednesday
06-11-2024,P114,Home,726.75,594.46,15,2,1453.5,212,706.89,Normal,Wednesday
06-11-2024,P115,Fashion,1293.3,1068.05,10,0,0,100,1296.35,Normal,Wednesday
06-11-2024,P116,Electronics,227.7,186.58,10,4,910.8,340,234.8,Normal,Wednesday
06-11-2024,P117,Home,1005.1,691.66,5,0,0,277,1038.67,Normal,Wednesday
06-11-2024,P118,Fashion,718,567.87,0,1,718,454,746.82,Festival,Wednesday
06-11-2024,P119,Electronics,418,268.66,0,2,836,439,427.75,Holiday,Wednesday
07-11-2024,P100,Electronics,589,403.81,0,1,589,486,599.24,Festival,Thursday
07-11-2024,P101,Electronics,1211.25,938.39,5,0,0,433,1263.55,Normal,Thursday
07-11-2024,P102,Electronics,657,423.25,0,0,0,377,630.8,Normal,Thursday
07-11-2024,P103,Sports,555,367.04,0,2,1110,96,537.62,Normal,Thursday
07-11-2024,P104,Home,1362,858.11,0,3,4086,435,1306.93,Normal,Thursday
07-11-2024,P105,Electronics,393.3,261.41,5,2,786.6,401,375.27,Normal,Thursday
07-11-2024,P106,Sports,572.05,520.53,15,2,1144.1,302,573.67,Normal,Thursday
07-11-2024,P107,Electronics,771,475.15,0,1,771,383,808.19,Normal,Thursday
07-11-2024,P108,Electronics,368,238.76,0,1,368,231,384.95,Normal,Thursday
07-11-2024,P109,Home,1383,1056.91,0,0,0,363,1405.6,Normal,Thursday
07-11-2024,P110,Fashion,344.85,275,5,4,1379.4,174,349.54,Sale,Thursday
07-11-2024,P111,Fashion,893.95,594.63,5,0,0,335,916.62,Sale,Thursday
07-11-2024,P112,Fashion,891,554.95,0,3,2673,492,848.66,Sale,Thursday
07-11-2024,P113,Sports,648.9,560.59,10,0,0,158,626.34,Normal,Thursday
07-11-2024,P114,Sports,878.4,632.05,10,0,0,425,891.12,Normal,Thursday
07-11-2024,P115,Electronics,1175.55,837.09,15,0,0,470,1219.21,Normal,Thursday
07-11-2024,P116,Fashion,738,551.13,0,4,2952,407,709.42,Normal,Thursday
07-11-2024,P117,Electronics,208,125.45,0,8,1664,416,197.7,Normal,Thursday
07-11-2024,P118,Home,796.5,539.25,10,1,796.5,227,770.1,Normal,Thursday
07-11-2024,P119,Home,660.25,481.39,5,1,660.25,192,675.35,Normal,Thursday
08-11-2024,P100,Sports,939.55,613.86,5,0,0,238,952.34,Holiday,Friday
08-11-2024,P101,Fashion,280.8,242.46,10,1,280.8,117,293.4,Normal,Friday
08-11-2024,P102,Fashion,336.6,257.62,10,2,673.2,324,345.89,Normal,Friday
08-11-2024,P103,Home,513,372.62,5,4,2052,339,489.17,Sale,Friday
08-11-2024,P104,Electronics,615,371.39,0,1,615,390,611,Festival,Friday
08-11-2024,P105,Fashion,239.4,190.93,5,3,718.2,49,233.77,Normal,Friday
08-11-2024,P106,Fashion,913,551.51,0,0,0,445,934.61,Sale,Friday
08-11-2024,P107,Sports,585,464.74,10,1,585,357,596.64,Festival,Friday
08-11-2024,P108,Home,572.85,409.22,5,2,1145.7,396,584.59,Normal,Friday
08-11-2024,P109,Sports,1325,939.93,0,2,2650,100,1315.28,Festival,Friday
08-11-2024,P110,Sports,713,466.8,0,2,1426,128,734.45,Normal,Friday
08-11-2024,P111,Fashion,1184,897.7,0,1,1184,193,1159.08,Festival,Friday
08-11-2024,P112,Electronics,839.8,696.55,5,0,0,427,835.64,Normal,Friday
08-11-2024,P113,Fashion,1165.35,1063.51,15,2,2330.7,210,1154.87,Sale,Friday
08-11-2024,P114,Sports,297.5,275.67,15,3,892.5,172,302.2,Normal,Friday
08-11-2024,P115,Sports,231,143.42,0,3,693,224,232.27,Normal,Friday
08-11-2024,P116,Home,589.95,394.8,5,1,589.95,229,579.9,Normal,Friday
08-11-2024,P117,Sports,901.8,637.41,10,2,1803.6,331,915.21,Normal,Friday
08-11-2024,P118,Sports,1072.8,888.18,10,1,1072.8,374,1043.14,Sale,Friday
08-11-2024,P119,Fashion,1081,697.21,0,1,1081,239,1120.73,Festival,Friday
09-11-2024,P100,Electronics,699.55,523.27,15,1,699.55,232,725.33,Normal,Saturday
09-11-2024,P101,Home,457.3,365.66,15,0,0,103,453.09,Normal,Saturday
09-11-2024,P102,Fashion,236.55,156.76,5,3,709.65,285,242.26,Normal,Saturday
09-11-2024,P103,Electronics,457.9,384.6,5,2,915.8,342,447.08,Holiday,Saturday
09-11-2024,P104,Sports,908.1,647.84,10,0,0,408,870.81,Normal,Saturday
09-11-2024,P105,Electronics,703.8,501.76,10,2,1407.6,488,691.36,Normal,Saturday
09-11-2024,P106,Electronics,953,717.37,0,0,0,124,952.12,Normal,Saturday
09-11-2024,P107,Sports,481.1,384.64,15,0,0,133,477.99,Normal,Saturday
09-11-2024,P108,Sports,1418.35,1099.42,5,0,0,406,1376.15,Normal,Saturday
09-11-2024,P109,Sports,1337,1060.18,0,0,0,107,1353.47,Holiday,Saturday
09-11-2024,P110,Fashion,1314,854.18,0,4,5256,407,1328.7,Normal,Saturday
09-11-2024,P111,Electronics,1058,684.21,0,2,2116,449,1100.39,Normal,Saturday
09-11-2024,P112,Sports,832,607.09,0,0,0,37,818.02,Normal,Saturday
09-11-2024,P113,Electronics,530,323.34,0,0,0,251,531.5,Sale,Saturday
09-11-2024,P114,Sports,538,403.17,0,3,1614,183,514.53,Holiday,Saturday
09-11-2024,P115,Fashion,1007.25,933.76,15,0,0,76,1051.28,Normal,Saturday
09-11-2024,P116,Fashion,890.8,816.93,15,3,2672.4,370,911.34,Normal,Saturday
09-11-2024,P117,Electronics,556.2,486.38,10,1,556.2,185,567.74,Normal,Saturday
09-11-2024,P118,Home,1476,919.97,0,0,0,66,1535.13,Normal,Saturday
09-11-2024,P119,Fashion,1084.9,858.92,5,1,1084.9,411,1132.18,Normal,Saturday
10-11-2024,P100,Electronics,572.05,537.33,15,2,1144.1,262,588.33,Normal,Sunday
10-11-2024,P101,Sports,385,249.67,0,2,770,492,396.23,Normal,Sunday
10-11-2024,P102,Sports,371,265.79,0,2,742,230,359.96,Normal,Sunday
10-11-2024,P103,Sports,840,533.51,0,1,840,458,811.95,Normal,Sunday
10-11-2024,P104,Fashion,1152.35,909.2,5,0,0,295,1188.79,Festival,Sunday
10-11-2024,P105,Sports,211.65,171.75,15,7,1481.55,349,209.78,Festival,Sunday
10-11-2024,P106,Electronics,811,513.27,0,1,811,473,847.29,Normal,Sunday
10-11-2024,P107,Electronics,688,529.02,0,3,2064,462,686.5,Holiday,Sunday
10-11-2024,P108,Sports,345,224.32,0,3,1035,351,357.21,Normal,Sunday
10-11-2024,P109,Electronics,1048,792.39,0,4,4192,453,1063.99,Festival,Sunday
10-11-2024,P110,Sports,358,258.66,0,6,2148,160,355.41,Holiday,Sunday
10-11-2024,P111,Electronics,1063.8,847.51,10,3,3191.4,467,1052.67,Normal,Sunday
10-11-2024,P112,Electronics,869,547.19,0,1,869,283,844.48,Normal,Sunday
10-11-2024,P113,Home,562.5,489.26,10,1,562.5,155,557.68,Normal,Sunday
10-11-2024,P114,Fashion,856.8,761.04,10,2,1713.6,120,853.04,Normal,Sunday
10-11-2024,P115,Electronics,483.3,388.41,10,3,1449.9,141,474.15,Normal,Sunday
10-11-2024,P116,Electronics,559.3,479.21,15,1,559.3,259,536.42,Normal,Sunday
10-11-2024,P117,Fashion,707,462.96,0,0,0,403,712.86,Normal,Sunday
10-11-2024,P118,Home,1498,1086.02,0,2,2996,172,1571.9,Festival,Sunday
10-11-2024,P119,Electronics,484.5,376.65,15,1,484.5,280,472.56,Normal,Sunday
11-11-2024,P100,Home,1178,963.68,5,2,2356,411,1131.82,Festival,Monday
11-11-2024,P101,Sports,463.6,313.41,5,3,1390.8,380,450.75,Normal,Monday
11-11-2024,P102,Sports,429.25,310.56,15,0,0,486,423.54,Holiday,Monday
11-11-2024,P103,Sports,1177,846.51,0,0,0,495,1164.5,Normal,Monday
11-11-2024,P104,Electronics,636,464.57,0,2,1272,142,644.46,Festival,Monday
11-11-2024,P105,Fashion,637.2,507.42,10,3,1911.6,159,605.87,Normal,Monday
11-11-2024,P106,Sports,663,620.6,15,0,0,296,648.49,Normal,Monday
11-11-2024,P107,Sports,656,491.7,0,3,1968,59,683.88,Normal,Monday
11-11-2024,P108,Fashion,378,290.63,0,5,1890,258,396.54,Holiday,Monday
11-11-2024,P109,Home,520.6,385.44,5,6,3123.6,308,538.48,Normal,Monday
11-11-2024,P110,Fashion,551,424.99,5,2,1102,336,552.81,Sale,Monday
11-11-2024,P111,Fashion,209,169.75,5,9,1881,435,201.01,Sale,Monday
11-11-2024,P112,Sports,804,632.63,0,1,804,419,767.01,Normal,Monday
11-11-2024,P113,Sports,1482,908.13,0,0,0,259,1541.36,Festival,Monday
11-11-2024,P114,Home,634,442.92,0,0,0,76,624.75,Normal,Monday
11-11-2024,P115,Fashion,1324.8,1062.78,10,3,3974.4,240,1373.28,Sale,Monday
11-11-2024,P116,Home,685,496.54,0,2,1370,346,673.88,Sale,Monday
11-11-2024,P117,Electronics,1363,819.84,0,0,0,468,1361.52,Sale,Monday
11-11-2024,P118,Electronics,1350,943.09,0,0,0,313,1399.92,Normal,Monday
11-11-2024,P119,Fashion,778.05,653.79,5,3,2334.15,239,801.86,Sale,Monday
12-11-2024,P100,Home,481.5,369.77,10,6,2889,280,492.32,Sale,Tuesday
12-11-2024,P101,Fashion,810,495.88,0,0,0,315,822.01,Normal,Tuesday
12-11-2024,P102,Electronics,900,778.56,10,0,0,486,911.92,Normal,Tuesday
12-11-2024,P103,Fashion,1448,908.63,0,0,0,132,1498.09,Normal,Tuesday
12-11-2024,P104,Home,1307,880.6,0,1,1307,449,1274.13,Sale,Tuesday
12-11-2024,P105,Sports,742.9,667.74,15,0,0,275,721.26,Normal,Tuesday
12-11-2024,P106,Home,1055.45,753.13,5,1,1055.45,499,1094.65,Sale,Tuesday
12-11-2024,P107,Home,1186.55,752.64,5,5,5932.75,305,1211.43,Sale,Tuesday
12-11-2024,P108,Fashion,1488,909.65,0,0,0,212,1517.74,Festival,Tuesday
12-11-2024,P109,Electronics,1086.3,1010.18,15,2,2172.6,318,1102.03,Normal,Tuesday
12-11-2024,P110,Sports,1249.2,981.84,10,0,0,381,1204.58,Normal,Tuesday
12-11-2024,P111,Fashion,802.4,642.6,15,3,2407.2,335,804.11,Normal,Tuesday
12-11-2024,P112,Fashion,314.45,236.26,5,7,2201.15,279,301.51,Normal,Tuesday
12-11-2024,P113,Home,407,269.01,0,2,814,469,425.06,Normal,Tuesday
12-11-2024,P114,Home,817,570.33,0,0,0,242,819.73,Festival,Tuesday
12-11-2024,P115,Sports,367.65,293.2,5,1,367.65,441,373.5,Normal,Tuesday
12-11-2024,P116,Fashion,449.35,370.52,5,0,0,313,431.92,Sale,Tuesday
12-11-2024,P117,Electronics,1146,798.12,0,0,0,329,1175.21,Festival,Tuesday
12-11-2024,P118,Electronics,201.4,134.89,5,9,1812.6,188,192.88,Festival,Tuesday
12-11-2024,P119,Electronics,888.3,751.09,10,2,1776.6,475,931.72,Normal,Tuesday
13-11-2024,P100,Sports,816,496.09,0,2,1632,348,834.73,Sale,Wednesday
13-11-2024,P101,Electronics,1308.15,890.49,5,0,0,353,1354.97,Normal,Wednesday
13-11-2024,P102,Fashion,475.15,428.87,15,2,950.3,307,477.08,Festival,Wednesday
13-11-2024,P103,Home,1022.4,883.95,10,1,1022.4,401,1028.8,Normal,Wednesday
13-11-2024,P104,Electronics,460,336.46,0,1,460,385,462.58,Normal,Wednesday
13-11-2024,P105,Electronics,668,432.44,0,3,2004,383,685.47,Festival,Wednesday
13-11-2024,P106,Sports,261,219.65,10,3,783,21,255.16,Normal,Wednesday
13-11-2024,P107,Electronics,344.85,261.87,5,3,1034.55,165,330.94,Festival,Wednesday
13-11-2024,P108,Home,1089.65,688.77,5,0,0,421,1109.02,Normal,Wednesday
13-11-2024,P109,Home,734.4,614.82,15,0,0,239,708.71,Normal,Wednesday
13-11-2024,P110,Sports,299.7,225.31,10,5,1498.5,54,306.98,Normal,Wednesday
13-11-2024,P111,Electronics,948,716.56,0,4,3792,196,921.26,Sale,Wednesday
13-11-2024,P112,Electronics,1125.75,935.6,5,0,0,306,1145.53,Normal,Wednesday
13-11-2024,P113,Electronics,588.6,491.41,10,5,2943,356,572.24,Normal,Wednesday
13-11-2024,P114,Fashion,859.5,617.67,10,1,859.5,53,856.52,Normal,Wednesday
13-11-2024,P115,Home,598,437.45,0,1,598,194,599.38,Holiday,Wednesday
13-11-2024,P116,Sports,1258.2,1101.17,10,2,2516.4,42,1223.23,Festival,Wednesday
13-11-2024,P117,Fashion,774,577.66,0,0,0,277,771.09,Festival,Wednesday
13-11-2024,P118,Sports,409.5,297.91,10,5,2047.5,96,427.02,Holiday,Wednesday
13-11-2024,P119,Electronics,750.55,531.09,15,1,750.55,388,760.25,Sale,Wednesday
14-11-2024,P100,Electronics,425.6,328.84,5,4,1702.4,406,433.14,Normal,Thursday
14-11-2024,P101,Home,406,314.6,0,6,2436,445,415.93,Festival,Thursday
14-11-2024,P102,Sports,1027.9,716.45,5,0,0,333,1017.57,Sale,Thursday
14-11-2024,P103,Electronics,1168.75,1004.98,15,2,2337.5,293,1141.75,Festival,Thursday
14-11-2024,P104,Electronics,388.8,278.79,10,2,777.6,356,383.9,Normal,Thursday
14-11-2024,P105,Home,430.35,278.02,5,4,1721.4,157,444.62,Sale,Thursday
14-11-2024,P106,Electronics,354,274.98,0,1,354,385,337.01,Normal,Thursday
14-11-2024,P107,Sports,860,671.96,0,1,860,270,843.67,Normal,Thursday
14-11-2024,P108,Home,650.25,569.14,15,1,650.25,199,674.61,Holiday,Thursday
14-11-2024,P109,Fashion,296,192.83,0,4,1184,481,298.19,Sale,Thursday
14-11-2024,P110,Sports,739.8,535.18,10,2,1479.6,233,737.61,Holiday,Thursday
14-11-2024,P111,Electronics,693.9,467.83,10,0,0,372,694.4,Holiday,Thursday
14-11-2024,P112,Home,803.7,693.62,10,1,803.7,224,805.38,Festival,Thursday
14-11-2024,P113,Fashion,288.15,267.33,15,3,864.45,136,283.46,Holiday,Thursday
14-11-2024,P114,Home,1342,1067.58,0,1,1342,464,1345.36,Normal,Thursday
14-11-2024,P115,Sports,1125,675.81,0,1,1125,258,1175.79,Normal,Thursday
14-11-2024,P116,Home,371.45,265.05,15,4,1485.8,334,386.42,Sale,Thursday
14-11-2024,P117,Electronics,429,326.5,0,4,1716,485,437.26,Normal,Thursday
14-11-2024,P118,Sports,1436,1128.52,0,0,0,102,1443.66,Sale,Thursday
14-11-2024,P119,Home,1472,954.37,0,2,2944,103,1440.23,Festival,Thursday
15-11-2024,P100,Sports,268,206.21,0,5,1340,474,270.1,Holiday,Friday
15-11-2024,P101,Home,380,294.49,0,1,380,197,375.11,Normal,Friday
15-11-2024,P102,Home,961.4,620.15,5,0,0,174,943.83,Normal,Friday
15-11-2024,P103,Electronics,871.15,560.35,5,0,0,466,897.46,Holiday,Friday
15-11-2024,P104,Sports,285.95,226.77,5,2,571.9,316,275.95,Normal,Friday
15-11-2024,P105,Fashion,992.8,822.05,15,2,1985.6,206,949.67,Holiday,Friday
15-11-2024,P106,Sports,1046.7,924.86,10,2,2093.4,372,995.43,Normal,Friday
15-11-2024,P107,Fashion,744.3,517,10,5,3721.5,491,727.31,Normal,Friday
15-11-2024,P108,Electronics,879.7,650.01,5,3,2639.1,220,835.75,Normal,Friday
15-11-2024,P109,Home,1384,852.56,0,2,2768,200,1444.89,Normal,Friday
15-11-2024,P110,Sports,1305,932.9,0,0,0,374,1332.08,Sale,Friday
15-11-2024,P111,Electronics,483,353.81,0,5,2415,269,481.91,Normal,Friday
15-11-2024,P112,Fashion,306.9,210.41,10,4,1227.6,43,318.72,Normal,Friday
15-11-2024,P113,Fashion,894.9,679.57,5,1,894.9,137,939.11,Normal,Friday
15-11-2024,P114,Fashion,1087,848.68,0,1,1087,414,1130.92,Sale,Friday
15-11-2024,P115,Fashion,784.8,681.18,10,2,1569.6,152,790.05,Sale,Friday
15-11-2024,P116,Electronics,621,433.2,0,0,0,131,594.04,Holiday,Friday
15-11-2024,P117,Fashion,647.1,497.17,10,1,647.1,461,615.9,Normal,Friday
15-11-2024,P118,Home,1072.55,799.24,5,1,1072.55,336,1087.67,Holiday,Friday
15-11-2024,P119,Fashion,317.3,235.16,5,4,1269.2,201,308.42,Normal,Friday
16-11-2024,P100,Home,742.5,645.36,10,1,742.5,470,724.09,Normal,Saturday
16-11-2024,P101,Home,1339,884.81,0,2,2678,476,1283.36,Festival,Saturday
16-11-2024,P102,Home,333.2,296.02,15,5,1666,477,339.5,Festival,Saturday
16-11-2024,P103,Home,939.55,663.83,5,0,0,259,976.29,Normal,Saturday
16-11-2024,P104,Electronics,1415,968.22,0,0,0,280,1396.5,Sale,Saturday
16-11-2024,P105,Sports,241.2,196.72,10,7,1688.4,109,239.94,Festival,Saturday
16-11-2024,P106,Fashion,536,425.69,0,0,0,305,511.37,Normal,Saturday
16-11-2024,P107,Fashion,1206,737.42,0,0,0,84,1182.23,Normal,Saturday
16-11-2024,P108,Fashion,1457,903.16,0,1,1457,69,1402.04,Sale,Saturday
16-11-2024,P109,Sports,1434,1113.48,0,0,0,492,1381.48,Holiday,Saturday
16-11-2024,P110,Home,754.8,595.84,15,3,2264.4,73,788.84,Normal,Saturday
16-11-2024,P111,Home,591.3,505.88,10,4,2365.2,490,602.67,Sale,Saturday
16-11-2024,P112,Electronics,807.5,669.27,15,1,807.5,450,771.23,Normal,Saturday
16-11-2024,P113,Electronics,1319.4,926.71,10,0,0,90,1308.18,Normal,Saturday
16-11-2024,P114,Fashion,283,218.62,0,2,566,442,282.82,Normal,Saturday
16-11-2024,P115,Home,931,584.33,0,0,0,318,919.78,Normal,Saturday
16-11-2024,P116,Sports,251,151.48,0,3,753,483,246.33,Holiday,Saturday
16-11-2024,P117,Fashion,1212,759.51,0,0,0,280,1204.61,Normal,Saturday
16-11-2024,P118,Sports,234.9,167.11,10,5,1174.5,493,232.36,Sale,Saturday
16-11-2024,P119,Home,586,400.3,0,2,1172,148,561.36,Holiday,Saturday
17-11-2024,P100,Sports,1134,779.14,0,4,4536,471,1165.2,Sale,Sunday
17-11-2024,P101,Sports,456,350.48,5,2,912,389,437.33,Normal,Sunday
17-11-2024,P102,Home,298.8,258.34,10,3,896.4,486,296.32,Normal,Sunday
17-11-2024,P103,Sports,540.6,484.09,15,3,1621.8,79,533.22,Festival,Sunday
17-11-2024,P104,Sports,1430,956.8,0,4,5720,368,1487.16,Normal,Sunday
17-11-2024,P105,Fashion,1279.8,949.68,10,1,1279.8,224,1323.64,Normal,Sunday
17-11-2024,P106,Sports,575.1,427.83,10,2,1150.2,319,551.38,Normal,Sunday
17-11-2024,P107,Sports,904,570.43,0,0,0,225,900.81,Festival,Sunday
17-11-2024,P108,Sports,1202,851.12,0,0,0,277,1217.06,Normal,Sunday
17-11-2024,P109,Electronics,1157,901.31,0,0,0,62,1205.79,Normal,Sunday
17-11-2024,P110,Electronics,1115,729.95,0,1,1115,64,1098.92,Normal,Sunday
17-11-2024,P111,Electronics,751.5,576.29,10,4,3006,255,734.52,Normal,Sunday
17-11-2024,P112,Sports,1398.4,956.7,5,3,4195.2,138,1417.33,Holiday,Sunday
17-11-2024,P113,Electronics,472.5,355.29,10,0,0,379,458.66,Normal,Sunday
17-11-2024,P114,Home,622,439.42,0,2,1244,71,649.47,Festival,Sunday
17-11-2024,P115,Electronics,679,442.51,0,0,0,178,658.87,Normal,Sunday
17-11-2024,P116,Sports,758,518.82,0,0,0,493,726.29,Holiday,Sunday
17-11-2024,P117,Electronics,1041,678.85,0,1,1041,452,1037.56,Normal,Sunday
17-11-2024,P118,Sports,1404.1,958.89,5,0,0,228,1397.74,Holiday,Sunday
17-11-2024,P119,Electronics,1100.7,889.31,10,2,2201.4,355,1141.3,Normal,Sunday
18-11-2024,P100,Fashion,441,370.93,10,0,0,433,419.79,Sale,Monday
18-11-2024,P101,Sports,1059.25,822.23,5,1,1059.25,145,1082.74,Normal,Monday
18-11-2024,P102,Home,779.95,558.19,5,1,779.95,384,771.36,Normal,Monday
18-11-2024,P103,Sports,282,172.95,0,4,1128,218,295.54,Holiday,Monday
18-11-2024,P104,Sports,391,241.99,0,2,782,48,378.79,Normal,Monday
18-11-2024,P105,Electronics,1212,914.32,0,1,1212,303,1242.3,Festival,Monday
18-11-2024,P106,Electronics,621,414.5,0,2,1242,194,594.36,Normal,Monday
18-11-2024,P107,Fashion,1104.15,800.43,15,0,0,91,1061.96,Normal,Monday
18-11-2024,P108,Fashion,1136.7,790.69,10,0,0,215,1143.29,Normal,Monday
18-11-2024,P109,Home,814.3,762.36,15,4,3257.2,39,822.42,Sale,Monday
18-11-2024,P110,Sports,1057,740,0,0,0,466,1092.78,Normal,Monday
18-11-2024,P111,Home,1039,805.09,0,0,0,123,1066.87,Normal,Monday
18-11-2024,P112,Sports,208,148.87,0,1,208,372,207.45,Normal,Monday
18-11-2024,P113,Electronics,695,484.69,0,0,0,311,706.46,Normal,Monday
18-11-2024,P114,Home,872,542.99,0,0,0,437,883.02,Normal,Monday
18-11-2024,P115,Fashion,782.8,619.58,5,0,0,269,771.93,Festival,Monday
18-11-2024,P116,Sports,809,582.15,0,0,0,304,822.74,Normal,Monday
18-11-2024,P117,Home,648,452.31,0,1,648,254,635.66,Normal,Monday
18-11-2024,P118,Home,612.9,420.78,10,0,0,465,589.56,Sale,Monday
18-11-2024,P119,Electronics,1349.1,1095.96,10,1,1349.1,83,1357.56,Normal,Monday
19-11-2024,P100,Sports,1380,1061.09,0,0,0,478,1354.38,Normal,Tuesday
19-11-2024,P101,Fashion,384.3,304.89,10,2,768.6,103,366.78,Normal,Tuesday
19-11-2024,P102,Electronics,629,493.13,0,2,1258,471,635.73,Normal,Tuesday
19-11-2024,P103,Home,860.7,582.69,5,1,860.7,335,896.51,Normal,Tuesday
19-11-2024,P104,Electronics,665.95,524.48,5,0,0,32,675.24,Normal,Tuesday
19-11-2024,P105,Fashion,855.95,605.05,5,3,2567.85,491,878.61,Holiday,Tuesday
19-11-2024,P106,Sports,237,168.14,0,5,1185,195,244.82,Holiday,Tuesday
19-11-2024,P107,Home,1017,656.05,0,0,0,138,973.69,Normal,Tuesday
19-11-2024,P108,Electronics,224,135.25,0,4,896,497,217.94,Sale,Tuesday
19-11-2024,P109,Electronics,1492,926.72,0,0,0,462,1463.35,Normal,Tuesday
19-11-2024,P110,Fashion,577,445.24,0,0,0,427,554.27,Normal,Tuesday
19-11-2024,P111,Sports,363.6,281.31,10,4,1454.4,52,380.86,Festival,Tuesday
19-11-2024,P112,Fashion,1045,683.53,0,0,0,237,1051.29,Festival,Tuesday
19-11-2024,P113,Sports,767.7,608.03,10,2,1535.4,251,747.68,Sale,Tuesday
19-11-2024,P114,Home,737.1,540.83,10,2,1474.2,373,716.02,Normal,Tuesday
19-11-2024,P115,Fashion,404.7,330.58,5,1,404.7,489,419.93,Holiday,Tuesday
19-11-2024,P116,Home,249.85,162.66,5,4,999.4,246,251.11,Normal,Tuesday
19-11-2024,P117,Home,915,720.5,0,1,915,356,884.08,Holiday,Tuesday
19-11-2024,P118,Fashion,369.55,236.07,5,3,1108.65,311,360.47,Normal,Tuesday
19-11-2024,P119,Fashion,1122.9,738.94,5,0,0,359,1106.8,Normal,Tuesday
20-11-2024,P100,Home,627.3,505.85,15,0,0,239,602.26,Sale,Wednesday
20-11-2024,P101,Sports,1273.5,1117.5,10,0,0,36,1247.01,Normal,Wednesday
20-11-2024,P102,Sports,541.8,405.52,10,1,541.8,127,544.54,Festival,Wednesday
20-11-2024,P103,Fashion,1047.6,765.71,10,1,1047.6,355,1009.45,Normal,Wednesday
20-11-2024,P104,Sports,577.6,379.5,5,5,2888,202,552.8,Festival,Wednesday
20-11-2024,P105,Home,571,399,0,3,1713,209,590.28,Holiday,Wednesday
20-11-2024,P106,Fashion,258,196.98,0,4,1032,279,267.85,Normal,Wednesday
20-11-2024,P107,Sports,240.35,179.47,5,3,721.05,116,236.24,Normal,Wednesday
20-11-2024,P108,Fashion,716,555.84,0,1,716,256,722.31,Festival,Wednesday
20-11-2024,P109,Electronics,895.9,825.09,15,2,1791.8,52,891.95,Sale,Wednesday
20-11-2024,P110,Sports,611.8,497.32,5,0,0,446,600.37,Normal,Wednesday
20-11-2024,P111,Fashion,606.1,441.9,5,1,606.1,320,610.76,Normal,Wednesday
20-11-2024,P112,Home,472,295.97,0,4,1888,463,457.99,Sale,Wednesday
20-11-2024,P113,Electronics,1308.15,914.78,5,1,1308.15,447,1370.29,Normal,Wednesday
20-11-2024,P114,Home,1034.1,853.11,10,0,0,262,1065.27,Normal,Wednesday
20-11-2024,P115,Electronics,1436,1108.17,0,0,0,263,1414.17,Festival,Wednesday
20-11-2024,P116,Home,925.2,724.16,10,2,1850.4,271,899.75,Normal,Wednesday
20-11-2024,P117,Sports,339.15,282.73,5,5,1695.75,150,338.11,Normal,Wednesday
20-11-2024,P118,Sports,961.4,654.22,5,2,1922.8,492,1009.31,Festival,Wednesday
20-11-2024,P119,Home,855.1,766.22,15,4,3420.4,123,844.82,Normal,Wednesday
21-11-2024,P100,Fashion,1004.4,704.65,10,0,0,102,961.04,Normal,Thursday
21-11-2024,P101,Fashion,664.05,429.42,5,3,1992.15,72,631.06,Festival,Thursday
21-11-2024,P102,Home,663,414.34,0,1,663,406,645.36,Normal,Thursday
21-11-2024,P103,Sports,1499,1023.41,0,0,0,324,1556.11,Festival,Thursday
21-11-2024,P104,Fashion,1132.2,991.42,10,0,0,43,1123.45,Normal,Thursday
21-11-2024,P105,Home,1166.4,939.45,10,0,0,493,1204.58,Normal,Thursday
21-11-2024,P106,Electronics,668,414.05,0,1,668,193,684.06,Normal,Thursday
21-11-2024,P107,Home,834.7,637.96,15,0,0,23,851.15,Normal,Thursday
21-11-2024,P108,Home,679.5,508.64,10,3,2038.5,51,670.77,Normal,Thursday
21-11-2024,P109,Fashion,464,302.83,0,6,2784,151,455.3,Sale,Thursday
21-11-2024,P110,Sports,862.6,595.63,5,0,0,142,822.46,Holiday,Thursday
21-11-2024,P111,Fashion,747,543.72,0,2,1494,143,772.72,Festival,Thursday
21-11-2024,P112,Electronics,410.4,334.95,5,1,410.4,328,422.39,Normal,Thursday
21-11-2024,P113,Fashion,259,179.2,0,4,1036,48,268.62,Festival,Thursday
21-11-2024,P114,Fashion,1091.7,920.15,10,0,0,224,1038.9,Normal,Thursday
21-11-2024,P115,Fashion,870.4,769.62,15,0,0,39,859.8,Holiday,Thursday
21-11-2024,P116,Electronics,315.35,224.02,15,6,1892.1,40,310.22,Sale,Thursday
21-11-2024,P117,Fashion,1147.5,980.07,10,1,1147.5,319,1156.76,Normal,Thursday
21-11-2024,P118,Fashion,821.75,583.82,5,4,3287,114,856.29,Sale,Thursday
21-11-2024,P119,Electronics,740,528.85,0,2,1480,341,735.32,Sale,Thursday
22-11-2024,P100,Sports,1314.9,983.61,10,2,2629.8,329,1252.97,Normal,Friday
22-11-2024,P101,Home,899,679.57,0,6,5394,194,922.3,Festival,Friday
22-11-2024,P102,Electronics,585,381.98,0,0,0,433,607.89,Normal,Friday
22-11-2024,P103,Electronics,553.85,411.21,5,1,553.85,251,566.25,Normal,Friday
22-11-2024,P104,Electronics,1036,660.53,0,4,4144,482,1025.56,Sale,Friday
22-11-2024,P105,Home,371,227.76,0,6,2226,139,354.92,Normal,Friday
22-11-2024,P106,Fashion,337.25,230.52,5,0,0,256,336.81,Normal,Friday
22-11-2024,P107,Home,590.4,471.43,10,1,590.4,477,618.86,Normal,Friday
22-11-2024,P108,Fashion,1151,860,0,0,0,363,1183.37,Normal,Friday
22-11-2024,P109,Fashion,981,642.48,0,0,0,86,947.46,Normal,Friday
22-11-2024,P110,Home,887.3,654.95,5,0,0,372,882.86,Festival,Friday
22-11-2024,P111,Sports,913.5,758.96,10,0,0,244,919.34,Festival,Friday
22-11-2024,P112,Home,614.7,520.62,10,0,0,393,620.15,Normal,Friday
22-11-2024,P113,Home,404.7,321.26,5,3,1214.1,469,411.62,Sale,Friday
22-11-2024,P114,Fashion,313,247.82,0,2,626,233,307.8,Normal,Friday
22-11-2024,P115,Fashion,663,500.18,15,0,0,127,648.61,Normal,Friday
22-11-2024,P116,Sports,796.5,702.42,10,1,796.5,66,760.14,Normal,Friday
22-11-2024,P117,Sports,1387,1095.56,0,2,2774,177,1350.33,Festival,Friday
22-11-2024,P118,Home,342.95,218.43,5,0,0,119,348.15,Normal,Friday
22-11-2024,P119,Sports,1455,1096.69,0,1,1455,465,1454.25,Normal,Friday
23-11-2024,P100,Fashion,1487,1016.79,0,0,0,235,1495.06,Normal,Saturday
23-11-2024,P101,Fashion,1319,994.86,0,0,0,367,1323.94,Normal,Saturday
23-11-2024,P102,Fashion,1212,928.03,0,1,1212,171,1176.48,Holiday,Saturday
23-11-2024,P103,Electronics,642,443.55,0,0,0,435,643.62,Normal,Saturday
23-11-2024,P104,Home,845.1,610.33,10,0,0,85,849.43,Sale,Saturday
23-11-2024,P105,Sports,509,362.12,0,3,1527,296,515.35,Festival,Saturday
23-11-2024,P106,Electronics,685.95,596.81,15,2,1371.9,410,689.54,Normal,Saturday
23-11-2024,P107,Home,659.3,480.13,5,0,0,302,627.16,Normal,Saturday
23-11-2024,P108,Home,820.8,689.1,5,1,820.8,216,839.13,Normal,Saturday
23-11-2024,P109,Fashion,1324,1022.35,0,0,0,256,1277.33,Sale,Saturday
23-11-2024,P110,Fashion,1237,876.41,0,4,4948,112,1234.38,Normal,Saturday
23-11-2024,P111,Fashion,303.3,251.84,10,1,303.3,264,290.87,Normal,Saturday
23-11-2024,P112,Fashion,616,479.95,0,4,2464,194,586.01,Normal,Saturday
23-11-2024,P113,Electronics,1098,749.35,0,0,0,203,1112.55,Normal,Saturday
23-11-2024,P114,Sports,586,424.96,0,2,1172,174,590.31,Holiday,Saturday
23-11-2024,P115,Fashion,341,249.86,0,3,1023,93,339.46,Normal,Saturday
23-11-2024,P116,Electronics,1239.75,941.78,5,0,0,423,1205.78,Normal,Saturday
23-11-2024,P117,Electronics,937,733.04,0,0,0,428,918.09,Normal,Saturday
23-11-2024,P118,Home,781,595.63,0,3,2343,420,798.13,Holiday,Saturday
23-11-2024,P119,Fashion,205,143.58,0,3,615,99,209.31,Normal,Saturday
24-11-2024,P100,Electronics,895,703.56,0,0,0,420,861.28,Normal,Sunday
24-11-2024,P101,Home,1086,830.09,0,3,3258,92,1051.21,Normal,Sunday
24-11-2024,P102,Electronics,491.4,401.81,10,0,0,346,490.02,Holiday,Sunday
24-11-2024,P103,Home,955,756.95,0,0,0,406,998.48,Normal,Sunday
24-11-2024,P104,Electronics,1120.05,709.27,5,0,0,490,1129.81,Normal,Sunday
24-11-2024,P105,Home,790.4,507.72,5,0,0,188,812.09,Normal,Sunday
24-11-2024,P106,Sports,661,424.93,0,0,0,378,693.09,Festival,Sunday
24-11-2024,P107,Sports,1454,1130.31,0,5,7270,146,1525.15,Normal,Sunday
24-11-2024,P108,Sports,354,264.42,0,7,2478,368,343.21,Holiday,Sunday
24-11-2024,P109,Fashion,921.6,768.93,10,1,921.6,116,963.58,Holiday,Sunday
24-11-2024,P110,Home,928,645.54,0,6,5568,466,910.68,Festival,Sunday
24-11-2024,P111,Home,742.5,508.82,10,0,0,29,773.7,Sale,Sunday
24-11-2024,P112,Electronics,1384.15,1032.21,5,0,0,439,1436.65,Normal,Sunday
24-11-2024,P113,Fashion,909,627.02,10,1,909,124,872.03,Normal,Sunday
24-11-2024,P114,Home,600.1,498.83,15,2,1200.2,336,608.22,Festival,Sunday
24-11-2024,P115,Electronics,568.8,485.91,10,4,2275.2,66,581.82,Normal,Sunday
24-11-2024,P116,Sports,772.2,603.01,10,0,0,423,770.51,Normal,Sunday
24-11-2024,P117,Sports,377,290.86,0,3,1131,119,372.09,Festival,Sunday
24-11-2024,P118,Sports,592.2,428.76,10,4,2368.8,444,608.41,Festival,Sunday
24-11-2024,P119,Electronics,1194,858.35,0,3,3582,410,1206.16,Holiday,Sunday
25-11-2024,P100,Electronics,580,360.83,0,0,0,371,587.05,Sale,Monday
25-11-2024,P101,Electronics,455,342.52,0,2,910,47,443,Festival,Monday
25-11-2024,P102,Home,1414,985.68,0,0,0,463,1365.23,Sale,Monday
25-11-2024,P103,Electronics,884.85,749.34,15,0,0,462,908.35,Normal,Monday
25-11-2024,P104,Home,1203,791.44,0,0,0,169,1227.05,Normal,Monday
25-11-2024,P105,Home,925.65,763.45,15,0,0,259,893.04,Normal,Monday
25-11-2024,P106,Home,839.8,689.7,5,1,839.8,346,825.91,Normal,Monday
25-11-2024,P107,Sports,1444,1154.81,0,2,2888,226,1506.86,Normal,Monday
25-11-2024,P108,Electronics,1292.4,990.86,10,0,0,488,1345.63,Normal,Monday
25-11-2024,P109,Sports,1275.85,957.69,5,0,0,361,1222.6,Holiday,Monday
25-11-2024,P110,Electronics,964,642.28,0,0,0,486,966.05,Normal,Monday
25-11-2024,P111,Fashion,392.35,257.93,5,6,2354.1,263,387.08,Festival,Monday
25-11-2024,P112,Home,443,313.04,0,2,886,223,458.15,Festival,Monday
25-11-2024,P113,Electronics,431.1,324.45,10,6,2586.6,254,452.19,Normal,Monday
25-11-2024,P114,Electronics,252,173.7,0,3,756,454,264.3,Sale,Monday
25-11-2024,P115,Fashion,837.9,557.18,5,3,2513.7,212,797.52,Normal,Monday
25-11-2024,P116,Electronics,500.65,411.67,5,4,2002.6,116,477.35,Normal,Monday
25-11-2024,P117,Fashion,1415,877.96,0,1,1415,322,1400.16,Normal,Monday
25-11-2024,P118,Fashion,488.3,388.86,5,1,488.3,414,474,Holiday,Monday
25-11-2024,P119,Home,917.1,695.26,10,0,0,337,889.86,Normal,Monday
26-11-2024,P100,Electronics,499,368.02,0,5,2495,262,515.77,Normal,Tuesday
26-11-2024,P101,Fashion,1131,687.12,0,3,3393,79,1127.26,Normal,Tuesday
26-11-2024,P102,Fashion,1105,799.54,15,1,1105,51,1097.61,Normal,Tuesday
26-11-2024,P103,Home,741,505.34,0,1,741,232,705.75,Normal,Tuesday
26-11-2024,P104,Electronics,570,452.07,0,1,570,64,545.64,Normal,Tuesday
26-11-2024,P105,Home,1025.1,746.19,10,0,0,145,993.31,Normal,Tuesday
26-11-2024,P106,Electronics,490.5,364.3,10,1,490.5,67,508.84,Holiday,Tuesday
26-11-2024,P107,Sports,1310.4,1087.77,10,0,0,478,1271.63,Normal,Tuesday
26-11-2024,P108,Sports,1158.3,789.81,10,1,1158.3,58,1146.87,Holiday,Tuesday
26-11-2024,P109,Sports,1332,981.19,10,0,0,409,1339.02,Normal,Tuesday
26-11-2024,P110,Home,632.7,432.39,5,3,1898.1,495,603.81,Festival,Tuesday
26-11-2024,P111,Fashion,1246,761.26,0,0,0,211,1250.31,Normal,Tuesday
26-11-2024,P112,Sports,211,162.32,0,7,1477,396,212.01,Holiday,Tuesday
26-11-2024,P113,Electronics,376,250.79,0,1,376,194,369.1,Sale,Tuesday
26-11-2024,P114,Fashion,361,217.73,0,2,722,197,347.06,Sale,Tuesday
26-11-2024,P115,Electronics,487.35,350.95,5,0,0,76,482.77,Festival,Tuesday
26-11-2024,P116,Electronics,251,171.06,0,3,753,299,263.18,Normal,Tuesday
26-11-2024,P117,Electronics,1329,996.86,0,2,2658,160,1284.81,Sale,Tuesday
26-11-2024,P118,Fashion,893.7,781.11,10,2,1787.4,71,874.76,Normal,Tuesday
26-11-2024,P119,Electronics,408,308.36,0,4,1632,348,425.08,Normal,Tuesday
27-11-2024,P100,Electronics,1150.9,1064.61,15,0,0,262,1095.24,Holiday,Wednesday
27-11-2024,P101,Fashion,745.75,579.51,5,1,745.75,233,757.46,Holiday,Wednesday
27-11-2024,P102,Fashion,1126.8,858.65,10,0,0,337,1149.48,Normal,Wednesday
27-11-2024,P103,Electronics,424.65,285.76,5,5,2123.25,97,410.96,Festival,Wednesday
27-11-2024,P104,Electronics,539.1,382.31,10,0,0,63,520.7,Normal,Wednesday
27-11-2024,P105,Fashion,579.7,416.84,15,1,579.7,190,599.65,Normal,Wednesday
27-11-2024,P106,Fashion,350.55,235.99,5,2,701.1,492,333.35,Normal,Wednesday
27-11-2024,P107,Sports,915.8,740.15,5,0,0,404,907.7,Normal,Wednesday
27-11-2024,P108,Home,659.7,572.7,10,4,2638.8,217,677.83,Sale,Wednesday
27-11-2024,P109,Electronics,1152,797.21,10,0,0,85,1158.59,Normal,Wednesday
27-11-2024,P110,Fashion,712,441.94,0,5,3560,245,686.18,Normal,Wednesday
27-11-2024,P111,Home,1228.35,920.58,5,0,0,418,1210.14,Normal,Wednesday
27-11-2024,P112,Home,1372,919.06,0,0,0,384,1324.75,Normal,Wednesday
27-11-2024,P113,Sports,1091,693.95,0,0,0,335,1054.38,Normal,Wednesday
27-11-2024,P114,Electronics,254.7,220.45,10,6,1528.2,253,247.03,Normal,Wednesday
27-11-2024,P115,Sports,362.9,285.42,5,2,725.8,429,360.31,Normal,Wednesday
27-11-2024,P116,Home,810.35,568.2,5,3,2431.05,236,837.77,Normal,Wednesday
27-11-2024,P117,Sports,296.4,194.27,5,2,592.8,243,284.03,Holiday,Wednesday
27-11-2024,P118,Electronics,869.25,676.32,5,4,3477,31,878.89,Normal,Wednesday
27-11-2024,P119,Home,1224,925.27,10,2,2448,250,1191.44,Normal,Wednesday
28-11-2024,P100,Sports,311,218.93,0,7,2177,23,310.54,Festival,Thursday
28-11-2024,P101,Electronics,679,500.91,0,0,0,95,662.66,Normal,Thursday
28-11-2024,P102,Electronics,783.7,689.71,15,0,0,344,779.73,Sale,Thursday
28-11-2024,P103,Electronics,1218.9,996.09,15,1,1218.9,256,1183.01,Holiday,Thursday
28-11-2024,P104,Sports,1101,754.56,0,0,0,60,1129.52,Sale,Thursday
28-11-2024,P105,Fashion,1341,1147.82,10,0,0,337,1324.16,Sale,Thursday
28-11-2024,P106,Fashion,1366.1,1017.34,5,3,4098.3,344,1324.83,Sale,Thursday
28-11-2024,P107,Sports,338.4,249.05,10,2,676.8,285,353.87,Normal,Thursday
28-11-2024,P108,Electronics,1065.9,894.28,15,0,0,204,1081.05,Holiday,Thursday
28-11-2024,P109,Fashion,633,417.83,0,1,633,164,623.39,Normal,Thursday
28-11-2024,P110,Electronics,710,464.68,0,4,2840,158,703.95,Normal,Thursday
28-11-2024,P111,Fashion,911,690.08,0,0,0,303,933.77,Normal,Thursday
28-11-2024,P112,Electronics,1239,833.16,0,2,2478,33,1263.64,Normal,Thursday
28-11-2024,P113,Home,1332,1028.61,0,0,0,441,1369.5,Normal,Thursday
28-11-2024,P114,Electronics,418,279.85,0,0,0,119,414.84,Festival,Thursday
28-11-2024,P115,Home,246,149.17,0,6,1476,196,253.13,Normal,Thursday
28-11-2024,P116,Fashion,813.45,717.68,15,5,4067.25,30,812.02,Festival,Thursday
28-11-2024,P117,Sports,259.2,199.19,10,3,777.6,415,250.45,Sale,Thursday
28-11-2024,P118,Fashion,950.95,696.04,5,3,2852.85,211,951.76,Normal,Thursday
28-11-2024,P119,Sports,741,598.21,5,0,0,126,759.22,Normal,Thursday
29-11-2024,P100,Sports,1361,969.23,0,1,1361,87,1323.27,Sale,Friday
29-11-2024,P101,Fashion,642.6,523.74,10,1,642.6,257,659.1,Normal,Friday
29-11-2024,P102,Sports,827.05,672.64,15,0,0,231,826.25,Normal,Friday
29-11-2024,P103,Sports,1026,819.64,0,0,0,229,1023.37,Holiday,Friday
29-11-2024,P104,Sports,1079.2,771.37,5,0,0,426,1085.69,Sale,Friday
29-11-2024,P105,Sports,409.45,280.82,5,1,409.45,131,417.92,Festival,Friday
29-11-2024,P106,Electronics,1047.85,791.9,5,0,0,243,1078.21,Sale,Friday
29-11-2024,P107,Home,579,377.7,0,0,0,233,597.07,Normal,Friday
29-11-2024,P108,Fashion,883,553.32,0,1,883,156,842.88,Normal,Friday
29-11-2024,P109,Home,866,666.51,0,1,866,30,859.12,Normal,Friday
29-11-2024,P110,Sports,996.3,691.73,10,0,0,135,971.02,Normal,Friday
29-11-2024,P111,Home,460.75,304.34,5,1,460.75,67,472.9,Normal,Friday
29-11-2024,P112,Electronics,845.1,579.12,10,0,0,232,843.69,Normal,Friday
29-11-2024,P113,Electronics,1092,668.99,0,1,1092,80,1138.34,Normal,Friday
29-11-2024,P114,Sports,368.6,277.25,5,1,368.6,105,381.22,Sale,Friday
29-11-2024,P115,Electronics,1074,727.76,0,0,0,425,1035.83,Festival,Friday
29-11-2024,P116,Sports,378.9,267.54,10,3,1136.7,223,396.64,Normal,Friday
29-11-2024,P117,Fashion,192.85,145.07,5,4,771.4,350,187.39,Sale,Friday
29-11-2024,P118,Home,1412,879.31,0,0,0,454,1437.96,Normal,Friday
29-11-2024,P119,Electronics,677,477.22,0,2,1354,264,706.82,Holiday,Friday
30-11-2024,P100,Home,1261,767.63,0,0,0,309,1281.64,Normal,Saturday
30-11-2024,P101,Electronics,558.6,461.27,5,0,0,175,531.23,Normal,Saturday
30-11-2024,P102,Electronics,302.6,278.28,15,1,302.6,206,297.29,Normal,Saturday
30-11-2024,P103,Fashion,960.3,824.72,10,0,0,283,932.49,Normal,Saturday
30-11-2024,P104,Sports,380,269.27,0,3,1140,115,371.22,Normal,Saturday
30-11-2024,P105,Fashion,723,575.1,0,0,0,472,753.34,Holiday,Saturday
30-11-2024,P106,Home,475,327.23,5,3,1425,128,489.44,Normal,Saturday
30-11-2024,P107,Fashion,1320,983.72,0,1,1320,180,1362.25,Normal,Saturday
30-11-2024,P108,Fashion,1368.95,1127.32,5,0,0,403,1392.02,Normal,Saturday
30-11-2024,P109,Fashion,787.1,628.13,15,0,0,306,775.8,Normal,Saturday
30-11-2024,P110,Sports,943.5,723.58,15,4,3774,389,938.54,Normal,Saturday
30-11-2024,P111,Home,872.1,768.05,10,2,1744.2,177,902.54,Sale,Saturday
30-11-2024,P112,Sports,976,638.28,0,4,3904,56,1020.17,Festival,Saturday
30-11-2024,P113,Sports,535.5,409.38,10,0,0,412,560.2,Sale,Saturday
30-11-2024,P114,Home,509.4,358.76,10,4,2037.6,45,488.72,Normal,Saturday
30-11-2024,P115,Fashion,821,522.79,0,4,3284,61,811.7,Sale,Saturday
30-11-2024,P116,Home,262.8,219.34,10,5,1314,165,251.57,Normal,Saturday
30-11-2024,P117,Sports,1170,1032.09,10,2,2340,220,1119.13,Festival,Saturday
30-11-2024,P118,Fashion,1169.45,865.95,5,2,2338.9,61,1210.63,Normal,Saturday
30-11-2024,P119,Sports,855.9,700.54,10,4,3423.6,198,881.32,Festival,Saturday
01-12-2024,P100,Fashion,617,387.64,0,0,0,207,604.76,Normal,Sunday
01-12-2024,P101,Home,295.2,254.72,10,2,590.4,267,306.46,Normal,Sunday
01-12-2024,P102,Home,261.9,224.59,10,1,261.9,459,270.6,Normal,Sunday
01-12-2024,P103,Electronics,341,207.28,0,2,682,113,332.91,Sale,Sunday
01-12-2024,P104,Sports,466,318.23,0,2,932,188,467.13,Festival,Sunday
01-12-2024,P105,Fashion,1042.2,706.01,10,0,0,286,1062.05,Normal,Sunday
01-12-2024,P106,Fashion,520.6,400.79,5,1,520.6,63,517.86,Normal,Sunday
01-12-2024,P107,Sports,633,471.67,0,6,3798,130,607.57,Normal,Sunday
01-12-2024,P108,Fashion,506.7,343.07,10,0,0,422,528.7,Normal,Sunday
01-12-2024,P109,Fashion,1107,862.69,10,3,3321,53,1108.52,Normal,Sunday
01-12-2024,P110,Sports,683.05,447.24,5,4,2732.2,47,672.22,Normal,Sunday
01-12-2024,P111,Fashion,1257,762.86,0,0,0,457,1306.86,Normal,Sunday
01-12-2024,P112,Home,644.1,503.56,5,4,2576.4,418,646.06,Festival,Sunday
01-12-2024,P113,Home,1392,1054.2,0,1,1392,95,1385.56,Normal,Sunday
01-12-2024,P114,Sports,211,154.56,0,6,1266,348,204.03,Normal,Sunday
01-12-2024,P115,Sports,997.5,752.23,5,0,0,327,1029.21,Normal,Sunday
01-12-2024,P116,Fashion,1300.5,968.66,10,0,0,412,1264.53,Normal,Sunday
01-12-2024,P117,Home,864,720.85,10,0,0,226,829.82,Normal,Sunday
01-12-2024,P118,Fashion,665,517.9,0,0,0,75,646.05,Normal,Sunday
01-12-2024,P119,Electronics,1259,863.46,0,3,3777,26,1250.68,Festival,Sunday
02-12-2024,P100,Electronics,212,146.61,0,3,636,148,206.74,Normal,Monday
02-12-2024,P101,Electronics,841.5,719.66,10,0,0,440,878.63,Sale,Monday
02-12-2024,P102,Fashion,1253,910.14,0,0,0,130,1278.1,Normal,Monday
02-12-2024,P103,Electronics,711,488.78,10,4,2844,37,734.94,Normal,Monday
02-12-2024,P104,Electronics,272.65,184.51,5,4,1090.6,97,271.44,Holiday,Monday
02-12-2024,P105,Fashion,1198.9,931.02,5,4,4795.6,415,1179.99,Sale,Monday
02-12-2024,P106,Fashion,426,293.04,0,4,1704,37,435.88,Festival,Monday
02-12-2024,P107,Home,300.6,248.27,10,5,1503,186,289.73,Normal,Monday
02-12-2024,P108,Fashion,366,245.72,0,2,732,307,350.14,Normal,Monday
02-12-2024,P109,Home,377.15,241.07,5,3,1131.45,124,380.48,Festival,Monday
02-12-2024,P110,Fashion,690,426.97,0,0,0,270,711.43,Sale,Monday
02-12-2024,P111,Electronics,235,150.18,0,1,235,161,246.2,Normal,Monday
02-12-2024,P112,Electronics,644.1,524.67,5,3,1932.3,239,665.13,Holiday,Monday
02-12-2024,P113,Fashion,424,305.7,0,0,0,333,433.97,Normal,Monday
02-12-2024,P114,Electronics,283,196.15,0,4,1132,26,292.85,Normal,Monday
02-12-2024,P115,Fashion,707.2,586.03,15,2,1414.4,20,703.62,Normal,Monday
02-12-2024,P116,Electronics,1184.4,815.34,10,1,1184.4,160,1219.2,Festival,Monday
02-12-2024,P117,Fashion,341,227.51,0,5,1705,22,354.37,Normal,Monday
02-12-2024,P118,Fashion,1187,807.15,0,4,4748,403,1208.25,Sale,Monday
02-12-2024,P119,Electronics,859.5,705.52,10,3,2578.5,254,823.27,Normal,Monday
03-12-2024,P100,Home,289,207.23,0,6,1734,127,299.14,Normal,Tuesday
03-12-2024,P101,Fashion,699,440.07,0,0,0,336,704.79,Normal,Tuesday
03-12-2024,P102,Electronics,1061,811.15,0,2,2122,451,1084.44,Normal,Tuesday
03-12-2024,P103,Sports,962,752.96,0,0,0,132,914.53,Normal,Tuesday
03-12-2024,P104,Electronics,1353,1032.17,0,4,5412,398,1309.04,Sale,Tuesday
03-12-2024,P105,Sports,232.75,174.08,5,4,931,93,232.25,Normal,Tuesday
03-12-2024,P106,Fashion,1130.5,1014.3,15,0,0,176,1182.97,Holiday,Tuesday
03-12-2024,P107,Electronics,1279,808.88,0,1,1279,175,1275.96,Normal,Tuesday
03-12-2024,P108,Electronics,1310,920.05,0,0,0,406,1347.94,Festival,Tuesday
03-12-2024,P109,Sports,664,400.97,0,3,1992,179,645.42,Normal,Tuesday
03-12-2024,P110,Sports,1376,925.33,0,2,2752,376,1382.47,Festival,Tuesday
03-12-2024,P111,Electronics,1036.15,744.73,15,0,0,365,1046.5,Normal,Tuesday
03-12-2024,P112,Sports,536,338.37,0,4,2144,426,529.51,Normal,Tuesday
03-12-2024,P113,Sports,753,571.07,0,2,1506,315,740.28,Normal,Tuesday
03-12-2024,P114,Sports,872,685.54,0,4,3488,352,908.6,Sale,Tuesday
03-12-2024,P115,Sports,1196.8,900.68,15,0,0,340,1189.8,Normal,Tuesday
03-12-2024,P116,Electronics,1233,959.88,10,0,0,82,1193.92,Normal,Tuesday
03-12-2024,P117,Electronics,1155.6,1009.56,10,1,1155.6,20,1175.32,Normal,Tuesday
03-12-2024,P118,Home,1224.9,822.77,10,0,0,495,1272.16,Sale,Tuesday
03-12-2024,P119,Home,720,520.44,0,2,1440,384,733.34,Festival,Tuesday
04-12-2024,P100,Electronics,948,607.62,0,3,2844,474,992.98,Normal,Wednesday
04-12-2024,P101,Electronics,1259,766.22,0,0,0,407,1245.15,Normal,Wednesday
04-12-2024,P102,Sports,1207.8,837.45,10,2,2415.6,374,1235.59,Festival,Wednesday
04-12-2024,P103,Home,1250.1,1007.99,10,3,3750.3,323,1255.76,Festival,Wednesday
04-12-2024,P104,Electronics,706,472.31,0,0,0,418,719.71,Normal,Wednesday
04-12-2024,P105,Home,373,234.86,0,2,746,60,369.19,Normal,Wednesday
04-12-2024,P106,Fashion,1040,723.87,0,0,0,114,1014.49,Sale,Wednesday
04-12-2024,P107,Sports,679,504.2,0,4,2716,450,671.6,Normal,Wednesday
04-12-2024,P108,Sports,1325.25,930.37,5,0,0,487,1280.89,Normal,Wednesday
04-12-2024,P109,Fashion,1095,714.78,0,0,0,349,1068.7,Normal,Wednesday
04-12-2024,P110,Electronics,994.65,755.67,5,0,0,77,1001.68,Normal,Wednesday
04-12-2024,P111,Home,1037.4,667.84,5,2,2074.8,425,1067.97,Sale,Wednesday
04-12-2024,P112,Home,855,586.87,0,0,0,43,892,Sale,Wednesday
04-12-2024,P113,Sports,677.45,537.87,15,0,0,121,677.14,Normal,Wednesday
04-12-2024,P114,Fashion,433,281.06,0,4,1732,44,435.64,Sale,Wednesday
04-12-2024,P115,Home,840,593.08,0,1,840,222,879.17,Normal,Wednesday
04-12-2024,P116,Fashion,912,581.6,5,0,0,67,900.22,Normal,Wednesday
04-12-2024,P117,Fashion,1064.95,875.45,5,2,2129.9,475,1034.32,Normal,Wednesday
04-12-2024,P118,Fashion,1143.25,1020.71,15,0,0,451,1164.15,Normal,Wednesday
04-12-2024,P119,Fashion,1294,943.56,0,0,0,180,1351.42,Festival,Wednesday
05-12-2024,P100,Sports,1277,983.65,0,0,0,153,1255.9,Normal,Thursday
05-12-2024,P101,Electronics,1035,748.88,0,1,1035,317,1040.19,Normal,Thursday
05-12-2024,P102,Electronics,733,568.9,0,0,0,488,709.56,Sale,Thursday
05-12-2024,P103,Sports,950,721.89,5,1,950,44,905.48,Sale,Thursday
05-12-2024,P104,Sports,1271.1,847.89,5,0,0,167,1300.23,Normal,Thursday
05-12-2024,P105,Home,361.95,233.05,5,3,1085.85,76,379.51,Sale,Thursday
05-12-2024,P106,Sports,1220,814.9,0,0,0,442,1217.06,Normal,Thursday
05-12-2024,P107,Fashion,694.45,578.38,15,1,694.45,237,686.75,Festival,Thursday
05-12-2024,P108,Fashion,792,654.67,10,1,792,103,753.95,Festival,Thursday
05-12-2024,P109,Fashion,1335.7,998.7,5,3,4007.1,492,1306.59,Festival,Thursday
05-12-2024,P110,Sports,450.9,342.89,10,4,1803.6,109,458.41,Normal,Thursday
05-12-2024,P111,Fashion,379.05,316.44,5,3,1137.15,239,375.72,Holiday,Thursday
05-12-2024,P112,Electronics,570.6,381.9,10,0,0,196,581.82,Normal,Thursday
05-12-2024,P113,Home,358,256.64,0,6,2148,384,353.25,Festival,Thursday
05-12-2024,P114,Fashion,742.9,495.34,5,4,2971.6,288,750.5,Normal,Thursday
05-12-2024,P115,Home,1219,907.62,0,0,0,477,1274.84,Normal,Thursday
05-12-2024,P116,Fashion,1308.6,918.31,10,0,0,53,1357.09,Sale,Thursday
05-12-2024,P117,Sports,197.1,149.18,10,7,1379.7,455,204.88,Normal,Thursday
05-12-2024,P118,Fashion,462,306.56,0,4,1848,152,468.47,Normal,Thursday
05-12-2024,P119,Electronics,992,704.65,0,0,0,48,958.31,Normal,Thursday
06-12-2024,P100,Fashion,761,560.17,0,0,0,154,724.12,Normal,Friday
06-12-2024,P101,Sports,1423,1082.86,0,1,1423,495,1414.84,Normal,Friday
06-12-2024,P102,Fashion,1216,909.77,0,0,0,23,1194.28,Festival,Friday
06-12-2024,P103,Fashion,867,607.39,0,3,2601,121,892.66,Festival,Friday
06-12-2024,P104,Sports,248,172.92,0,9,2232,66,256.3,Sale,Friday
06-12-2024,P105,Electronics,867.6,595.24,10,2,1735.2,431,873.96,Normal,Friday
06-12-2024,P106,Sports,675.45,498.73,5,1,675.45,454,657.57,Sale,Friday
06-12-2024,P107,Electronics,783.9,634.94,10,2,1567.8,132,798.91,Normal,Friday
06-12-2024,P108,Sports,831,642.51,0,1,831,250,872.28,Festival,Friday
06-12-2024,P109,Sports,307.8,201.85,5,2,615.6,217,299.01,Normal,Friday
06-12-2024,P110,Fashion,1384,967.21,0,0,0,182,1335.89,Sale,Friday
06-12-2024,P111,Electronics,1038,766.53,0,0,0,30,1066.52,Normal,Friday
06-12-2024,P112,Electronics,421.2,329.94,10,3,1263.6,271,431.15,Normal,Friday
06-12-2024,P113,Home,962.35,771.04,5,3,2887.05,372,990.1,Festival,Friday
06-12-2024,P114,Electronics,215.05,187.39,15,0,0,255,213.01,Normal,Friday
06-12-2024,P115,Electronics,1141,689.19,0,2,2282,327,1127.86,Normal,Friday
06-12-2024,P116,Home,400.9,277.19,5,4,1603.6,331,406.92,Normal,Friday
06-12-2024,P117,Sports,1164.6,1030.15,10,4,4658.4,350,1140.38,Normal,Friday
06-12-2024,P118,Home,1082,687.4,0,4,4328,368,1031.32,Sale,Friday
06-12-2024,P119,Sports,539.75,403.16,15,5,2698.75,35,537.52,Normal,Friday
07-12-2024,P100,Electronics,785,531.79,0,0,0,320,779.35,Normal,Saturday
07-12-2024,P101,Electronics,215,133.85,0,6,1290,339,216.33,Normal,Saturday
07-12-2024,P102,Home,890.8,774.84,15,0,0,483,914.21,Sale,Saturday
07-12-2024,P103,Sports,224.4,162.24,15,5,1122,438,216.05,Sale,Saturday
07-12-2024,P104,Fashion,439.85,363.27,5,2,879.7,313,453.03,Normal,Saturday
07-12-2024,P105,Home,1479,985.56,0,0,0,367,1511.25,Festival,Saturday
07-12-2024,P106,Electronics,1090,853.44,0,0,0,478,1100.62,Normal,Saturday
07-12-2024,P107,Sports,794.2,530.57,5,1,794.2,481,808.31,Normal,Saturday
07-12-2024,P108,Electronics,410,280.5,0,2,820,290,398.84,Normal,Saturday
07-12-2024,P109,Electronics,431.3,278.82,5,2,862.6,263,430.67,Normal,Saturday
07-12-2024,P110,Electronics,567.9,448.58,10,1,567.9,169,561.49,Normal,Saturday
07-12-2024,P111,Home,1028,704.99,0,0,0,247,1070.51,Holiday,Saturday
07-12-2024,P112,Electronics,880,586.53,0,4,3520,59,908.25,Normal,Saturday
07-12-2024,P113,Electronics,1158,763.08,0,2,2316,228,1160.46,Holiday,Saturday
07-12-2024,P114,Sports,777,593.81,0,4,3108,442,777.48,Festival,Saturday
07-12-2024,P115,Fashion,1098,777.53,0,3,3294,365,1092.16,Holiday,Saturday
07-12-2024,P116,Sports,1136,829.87,0,4,4544,190,1122.86,Sale,Saturday
07-12-2024,P117,Sports,816,547.26,0,2,1632,101,822.71,Normal,Saturday
07-12-2024,P118,Sports,829,581.53,0,0,0,46,835,Sale,Saturday
07-12-2024,P119,Fashion,1464,898.07,0,0,0,440,1528.51,Holiday,Saturday
08-12-2024,P100,Fashion,1205,744.76,0,4,4820,245,1254.78,Holiday,Sunday
08-12-2024,P101,Electronics,1307,893.47,0,5,6535,356,1254.66,Normal,Sunday
08-12-2024,P102,Sports,284.4,228.27,10,4,1137.6,157,274.54,Normal,Sunday
08-12-2024,P103,Electronics,229.5,169.69,15,7,1606.5,189,218.27,Festival,Sunday
08-12-2024,P104,Electronics,1226,787.82,0,3,3678,153,1254.49,Festival,Sunday
08-12-2024,P105,Electronics,1130,864.81,0,1,1130,345,1082.22,Normal,Sunday
08-12-2024,P106,Electronics,1085.85,741.49,5,0,0,113,1136.92,Normal,Sunday
08-12-2024,P107,Fashion,624,470.63,0,1,624,132,616.07,Normal,Sunday
08-12-2024,P108,Home,1152,900.39,0,2,2304,351,1198.01,Normal,Sunday
08-12-2024,P109,Sports,1187.45,1087.74,15,0,0,405,1208.72,Festival,Sunday
08-12-2024,P110,Home,1248.3,823.55,5,3,3744.9,240,1277.4,Sale,Sunday
08-12-2024,P111,Sports,1467,1169.37,0,2,2934,261,1467.54,Sale,Sunday
08-12-2024,P112,Electronics,912,550.72,0,0,0,283,886.86,Normal,Sunday
08-12-2024,P113,Sports,1120.5,977.09,10,3,3361.5,282,1070.1,Normal,Sunday
08-12-2024,P114,Electronics,248.9,190.98,5,4,995.6,249,238.89,Normal,Sunday
08-12-2024,P115,Fashion,856.9,661.71,5,5,4284.5,137,877.2,Normal,Sunday
08-12-2024,P116,Home,1264,952.48,0,2,2528,249,1323.51,Normal,Sunday
08-12-2024,P117,Sports,1247.35,985.28,5,5,6236.75,199,1294.09,Normal,Sunday
08-12-2024,P118,Sports,1402,849.71,0,1,1402,293,1332.59,Festival,Sunday
08-12-2024,P119,Fashion,1189.15,924.36,15,2,2378.3,443,1204.28,Normal,Sunday
09-12-2024,P100,Sports,1260,837.74,0,2,2520,51,1273.37,Festival,Monday
09-12-2024,P101,Electronics,814,564.48,0,0,0,373,798.22,Normal,Monday
09-12-2024,P102,Home,973.25,701.29,15,0,0,360,975.38,Normal,Monday
09-12-2024,P103,Home,646.2,472.63,10,4,2584.8,42,665.33,Normal,Monday
09-12-2024,P104,Fashion,348,235.91,0,3,1044,58,337.57,Sale,Monday
09-12-2024,P105,Home,190.95,149.23,5,4,763.8,360,191.98,Normal,Monday
09-12-2024,P106,Fashion,1189,827.32,0,2,2378,131,1165.36,Normal,Monday
09-12-2024,P107,Home,507.6,425.97,10,1,507.6,443,497.51,Normal,Monday
09-12-2024,P108,Fashion,576.65,401.86,5,0,0,292,549.68,Normal,Monday
09-12-2024,P109,Fashion,305,236.81,0,2,610,254,307.17,Normal,Monday
09-12-2024,P110,Sports,1147,715.13,0,1,1147,255,1136.85,Normal,Monday
09-12-2024,P111,Electronics,222.7,162.51,15,6,1336.2,266,233.38,Normal,Monday
09-12-2024,P112,Home,559,391.21,0,5,2795,369,574.38,Sale,Monday
09-12-2024,P113,Home,445,295.51,0,4,1780,355,466.58,Normal,Monday
09-12-2024,P114,Fashion,925,707.01,0,3,2775,474,936.93,Holiday,Monday
09-12-2024,P115,Home,706.5,582.96,10,2,1413,489,677.89,Normal,Monday
09-12-2024,P116,Sports,723,456.61,0,0,0,211,739.39,Normal,Monday
09-12-2024,P117,Sports,967.5,851.56,10,0,0,66,1004.2,Sale,Monday
09-12-2024,P118,Home,1298,1032.65,0,0,0,440,1243.87,Normal,Monday
09-12-2024,P119,Electronics,897,654.21,0,2,1794,371,875.2,Normal,Monday
10-12-2024,P100,Electronics,1109.25,839.14,15,0,0,401,1140.76,Normal,Tuesday
10-12-2024,P101,Home,218.5,148.55,5,8,1748,228,225.15,Festival,Tuesday
10-12-2024,P102,Home,599.45,462.74,5,0,0,279,605.38,Normal,Tuesday
10-12-2024,P103,Home,1078.2,873.84,10,0,0,173,1121.38,Normal,Tuesday
10-12-2024,P104,Electronics,1397,922.16,0,5,6985,370,1339.74,Holiday,Tuesday
10-12-2024,P105,Fashion,943,632.85,0,0,0,347,955.29,Normal,Tuesday
10-12-2024,P106,Home,192.85,159.99,5,3,578.55,269,193.41,Normal,Tuesday
10-12-2024,P107,Electronics,504.45,320.16,5,1,504.45,354,521.97,Normal,Tuesday
10-12-2024,P108,Electronics,202,154.21,0,5,1010,282,200.15,Normal,Tuesday
10-12-2024,P109,Home,1123,787,0,2,2246,464,1101.09,Normal,Tuesday
10-12-2024,P110,Electronics,659,409.94,0,0,0,62,670.68,Holiday,Tuesday
10-12-2024,P111,Fashion,988.2,860.92,10,0,0,268,1031.08,Festival,Tuesday
10-12-2024,P112,Home,616,452.33,0,2,1232,382,641.19,Normal,Tuesday
10-12-2024,P113,Sports,1015,723.95,0,0,0,303,1021,Normal,Tuesday
10-12-2024,P114,Fashion,205,152.28,0,6,1230,365,208.3,Normal,Tuesday
10-12-2024,P115,Sports,1466,1131.94,0,1,1466,116,1469.6,Normal,Tuesday
10-12-2024,P116,Sports,518,401.43,0,0,0,429,509.27,Normal,Tuesday
10-12-2024,P117,Sports,791.35,553.67,5,0,0,152,767.82,Normal,Tuesday
10-12-2024,P118,Electronics,1107,679.11,0,0,0,454,1088.25,Normal,Tuesday
10-12-2024,P119,Home,201.4,151.52,5,9,1812.6,360,204.48,Sale,Tuesday
11-12-2024,P100,Electronics,1320,987.64,0,0,0,47,1373.56,Normal,Wednesday
11-12-2024,P101,Fashion,310,192.3,0,6,1860,222,313.47,Normal,Wednesday
11-12-2024,P102,Fashion,803,608.2,0,0,0,365,809.77,Sale,Wednesday
11-12-2024,P103,Sports,869,546.41,0,0,0,58,857.21,Normal,Wednesday
11-12-2024,P104,Sports,938.6,747.79,5,0,0,234,922.51,Normal,Wednesday
11-12-2024,P105,Home,1459,983.77,0,2,2918,59,1505.84,Festival,Wednesday
11-12-2024,P106,Sports,603.9,504.64,10,0,0,68,621.26,Sale,Wednesday
11-12-2024,P107,Fashion,713.7,520.01,10,1,713.7,347,722.08,Festival,Wednesday
11-12-2024,P108,Home,772.35,644.58,5,1,772.35,128,734.3,Festival,Wednesday
11-12-2024,P109,Electronics,1397,894.34,0,4,5588,286,1373.53,Normal,Wednesday
11-12-2024,P110,Home,1202.4,850.1,10,1,1202.4,44,1252.85,Festival,Wednesday
11-12-2024,P111,Electronics,619,425.98,0,1,619,275,618.38,Normal,Wednesday
11-12-2024,P112,Home,299,227.63,0,5,1495,252,286.24,Holiday,Wednesday
11-12-2024,P113,Home,876.35,768.37,15,0,0,400,862.53,Holiday,Wednesday
11-12-2024,P114,Home,1209.6,946.44,10,2,2419.2,239,1229.75,Normal,Wednesday
11-12-2024,P115,Fashion,1188,767.78,0,0,0,416,1203.66,Normal,Wednesday
11-12-2024,P116,Fashion,582.3,481.71,10,3,1746.9,271,568.4,Normal,Wednesday
11-12-2024,P117,Fashion,389.3,298.04,15,3,1167.9,385,371.79,Normal,Wednesday
11-12-2024,P118,Sports,217.8,174.75,10,2,435.6,464,218.35,Sale,Wednesday
11-12-2024,P119,Sports,1491,979.48,0,1,1491,250,1531.23,Normal,Wednesday
12-12-2024,P100,Sports,1333.8,1110.07,10,0,0,361,1319.18,Normal,Thursday
12-12-2024,P101,Home,781.2,589.42,10,3,2343.6,432,769.84,Holiday,Thursday
12-12-2024,P102,Sports,1229,964.53,0,4,4916,247,1167.89,Normal,Thursday
12-12-2024,P103,Electronics,351.5,290.88,5,1,351.5,259,349.76,Sale,Thursday
12-12-2024,P104,Electronics,1375,1058.44,0,0,0,279,1397.24,Normal,Thursday
12-12-2024,P105,Fashion,964.25,719.76,5,0,0,279,982.44,Normal,Thursday
12-12-2024,P106,Electronics,585.65,425.08,15,1,585.65,46,594,Festival,Thursday
12-12-2024,P107,Home,593,396.34,0,4,2372,105,588.45,Sale,Thursday
12-12-2024,P108,Sports,1309.1,866.57,5,3,3927.3,42,1324.56,Normal,Thursday
12-12-2024,P109,Sports,602,473.74,0,1,602,263,607.09,Normal,Thursday
12-12-2024,P110,Home,510.85,465.66,15,5,2554.25,409,500.05,Holiday,Thursday
12-12-2024,P111,Electronics,565.25,415.86,5,0,0,217,571.09,Festival,Thursday
12-12-2024,P112,Electronics,594.9,482.58,10,5,2974.5,402,613.55,Normal,Thursday
12-12-2024,P113,Home,834.1,551.89,5,0,0,474,854.82,Normal,Thursday
12-12-2024,P114,Electronics,1047,659.3,0,3,3141,298,1050.21,Festival,Thursday
12-12-2024,P115,Fashion,779,479,0,4,3116,81,799.98,Sale,Thursday
12-12-2024,P116,Fashion,320,226.18,0,3,960,187,324.25,Normal,Thursday
12-12-2024,P117,Fashion,756,544.15,10,0,0,26,762.24,Sale,Thursday
12-12-2024,P118,Fashion,260.1,194.52,10,3,780.3,211,264.94,Sale,Thursday
12-12-2024,P119,Electronics,1026,718.25,0,0,0,483,983.43,Normal,Thursday
13-12-2024,P100,Electronics,1315,803.7,0,0,0,160,1349.42,Normal,Friday
13-12-2024,P101,Home,1171.35,922.86,5,0,0,128,1215.34,Sale,Friday
13-12-2024,P102,Fashion,1132,822.88,0,0,0,59,1105.03,Normal,Friday
13-12-2024,P103,Sports,779.95,522.71,5,0,0,324,817.9,Normal,Friday
13-12-2024,P104,Fashion,984,706.2,0,2,1968,251,1024.65,Festival,Friday
13-12-2024,P105,Electronics,229,149.59,0,7,1603,330,234.33,Normal,Friday
13-12-2024,P106,Fashion,1414,985.67,0,0,0,56,1370.39,Normal,Friday
13-12-2024,P107,Fashion,1107.9,819.52,10,0,0,368,1155.27,Holiday,Friday
13-12-2024,P108,Sports,459.9,313.93,10,4,1839.6,116,469.95,Normal,Friday
13-12-2024,P109,Fashion,231.2,178.97,15,11,2543.2,401,225,Festival,Friday
13-12-2024,P110,Fashion,483.65,371.51,15,5,2418.25,435,489.74,Normal,Friday
13-12-2024,P111,Electronics,1393,1021.77,0,4,5572,411,1372.04,Normal,Friday
13-12-2024,P112,Home,304.2,214.24,10,5,1521,271,310.3,Normal,Friday
13-12-2024,P113,Sports,1372,916.65,0,0,0,283,1401.67,Normal,Friday
13-12-2024,P114,Electronics,730,445.04,0,1,730,29,702.84,Holiday,Friday
13-12-2024,P115,Home,1233,786.01,0,0,0,163,1230.69,Normal,Friday
13-12-2024,P116,Sports,894,656.4,0,1,894,67,926.81,Normal,Friday
13-12-2024,P117,Sports,209.7,145.76,10,6,1258.2,495,205.28,Sale,Friday
13-12-2024,P118,Electronics,1437,1010.01,0,1,1437,84,1437.91,Normal,Friday
13-12-2024,P119,Electronics,455,273.37,0,3,1365,160,467.45,Normal,Friday
14-12-2024,P100,Home,333,258.01,0,1,333,125,342.27,Normal,Saturday
14-12-2024,P101,Fashion,976.5,842.52,10,0,0,67,953.85,Normal,Saturday
14-12-2024,P102,Electronics,1004.7,838.72,15,0,0,172,1034.36,Sale,Saturday
14-12-2024,P103,Electronics,483,383.51,0,5,2415,418,497.25,Normal,Saturday
14-12-2024,P104,Home,609.9,482.14,5,1,609.9,137,640.31,Normal,Saturday
14-12-2024,P105,Home,849.3,709.02,5,0,0,301,875.91,Normal,Saturday
14-12-2024,P106,Sports,923.4,758.53,5,1,923.4,497,901.98,Normal,Saturday
14-12-2024,P107,Electronics,428.4,332.98,15,0,0,357,446.02,Normal,Saturday
14-12-2024,P108,Fashion,475,328.5,5,1,475,115,460.14,Normal,Saturday
14-12-2024,P109,Electronics,1203,790.02,0,0,0,328,1228.81,Normal,Saturday
14-12-2024,P110,Fashion,1074.6,948.85,10,1,1074.6,169,1128.3,Normal,Saturday
14-12-2024,P111,Home,1370,946.11,0,1,1370,169,1348.36,Sale,Saturday
14-12-2024,P112,Electronics,1001.7,721.73,10,2,2003.4,283,1035.92,Normal,Saturday
14-12-2024,P113,Electronics,914.85,748.47,5,3,2744.55,451,927.8,Normal,Saturday
14-12-2024,P114,Home,581.4,491.96,10,0,0,111,571.52,Normal,Saturday
14-12-2024,P115,Sports,809,582.44,0,4,3236,211,829.91,Festival,Saturday
14-12-2024,P116,Sports,943.2,762.49,10,1,943.2,140,910.92,Sale,Saturday
14-12-2024,P117,Home,1429,995.12,0,0,0,262,1478.38,Normal,Saturday
14-12-2024,P118,Electronics,377,295.89,0,2,754,151,388.45,Normal,Saturday
14-12-2024,P119,Sports,222.7,174.33,15,7,1558.9,189,217.81,Festival,Saturday
15-12-2024,P100,Home,882,599.31,0,2,1764,90,850.66,Normal,Sunday
15-12-2024,P101,Sports,1145.8,852.67,15,2,2291.6,470,1106.32,Normal,Sunday
15-12-2024,P102,Sports,272.85,240.76,15,4,1091.4,368,262.71,Normal,Sunday
15-12-2024,P103,Electronics,1021.5,691.81,10,3,3064.5,165,1013.52,Holiday,Sunday
15-12-2024,P104,Sports,361,278.26,0,4,1444,360,374.3,Normal,Sunday
15-12-2024,P105,Home,1223.1,949.44,10,0,0,95,1223.42,Normal,Sunday
15-12-2024,P106,Fashion,541.8,465.32,10,3,1625.4,454,522.48,Normal,Sunday
15-12-2024,P107,Home,586,389.46,0,2,1172,181,606.22,Normal,Sunday
15-12-2024,P108,Home,1260,892.4,0,1,1260,293,1255.44,Normal,Sunday
15-12-2024,P109,Electronics,346.75,239.84,5,0,0,266,347.13,Normal,Sunday
15-12-2024,P110,Sports,871,557.89,0,8,6968,98,839.06,Festival,Sunday
15-12-2024,P111,Sports,641,484.9,0,3,1923,431,655.32,Festival,Sunday
15-12-2024,P112,Home,390,310.43,0,3,1170,488,395.28,Festival,Sunday
15-12-2024,P113,Home,284.75,228.54,15,6,1708.5,387,293.34,Sale,Sunday
15-12-2024,P114,Sports,921,558.28,0,0,0,468,914.54,Normal,Sunday
15-12-2024,P115,Electronics,591,395.82,0,2,1182,33,566.21,Normal,Sunday
15-12-2024,P116,Home,307,189.01,0,3,921,256,317.83,Holiday,Sunday
15-12-2024,P117,Sports,1042.2,843.85,10,3,3126.6,314,1035.98,Normal,Sunday
15-12-2024,P118,Fashion,1256.85,927.88,5,0,0,109,1311.11,Normal,Sunday
15-12-2024,P119,Home,1196,840.84,0,0,0,95,1166.68,Festival,Sunday
16-12-2024,P100,Electronics,1463,1084.82,0,0,0,242,1506.27,Normal,Monday
16-12-2024,P101,Fashion,373.5,302.59,10,1,373.5,442,365.31,Normal,Monday
16-12-2024,P102,Home,550.8,488.41,10,3,1652.4,486,564.53,Holiday,Monday
16-12-2024,P103,Sports,595,536.39,15,1,595,89,606.7,Normal,Monday
16-12-2024,P104,Fashion,1116,857.13,0,1,1116,375,1084.76,Festival,Monday
16-12-2024,P105,Electronics,695,512.09,0,4,2780,366,704.28,Normal,Monday
16-12-2024,P106,Fashion,412,313.16,0,4,1648,68,412.75,Holiday,Monday
16-12-2024,P107,Electronics,945,681.14,0,1,945,91,962.69,Normal,Monday
16-12-2024,P108,Sports,345.1,253.77,15,1,345.1,153,335.92,Sale,Monday
16-12-2024,P109,Sports,1131,757.11,0,0,0,381,1138.41,Normal,Monday
16-12-2024,P110,Home,842,578.45,0,3,2526,200,880.72,Sale,Monday
16-12-2024,P111,Home,680.2,429.91,5,3,2040.6,447,698.26,Normal,Monday
16-12-2024,P112,Sports,556.2,383.19,10,3,1668.6,44,562.36,Normal,Monday
16-12-2024,P113,Sports,444.6,339.12,5,0,0,322,426.72,Normal,Monday
16-12-2024,P114,Home,1007,611.12,0,4,4028,333,1014.32,Sale,Monday
16-12-2024,P115,Home,978.35,877.52,15,0,0,446,955.45,Festival,Monday
16-12-2024,P116,Electronics,802,499.91,0,1,802,252,808.64,Normal,Monday
16-12-2024,P117,Home,1274,942.39,0,2,2548,135,1258.19,Holiday,Monday
16-12-2024,P118,Home,1368,1122.47,5,3,4104,313,1300.5,Festival,Monday
16-12-2024,P119,Fashion,335.35,249.31,5,6,2012.1,48,337.57,Holiday,Monday
17-12-2024,P100,Sports,862.2,766.28,10,1,862.2,198,873.21,Festival,Tuesday
17-12-2024,P101,Home,363.6,316.08,10,2,727.2,477,377.94,Normal,Tuesday
17-12-2024,P102,Sports,230.4,159.61,10,7,1612.8,240,223.36,Festival,Tuesday
17-12-2024,P103,Home,882.55,594.78,5,1,882.55,180,913.66,Normal,Tuesday
17-12-2024,P104,Fashion,333,238.53,0,3,999,150,321.42,Normal,Tuesday
17-12-2024,P105,Electronics,440.8,282.8,5,1,440.8,77,446.14,Normal,Tuesday
17-12-2024,P106,Fashion,232,161.17,0,6,1392,291,231.49,Normal,Tuesday
17-12-2024,P107,Fashion,729.6,546.11,5,3,2188.8,426,757.48,Normal,Tuesday
17-12-2024,P108,Home,1109.7,943.26,10,0,0,34,1085.59,Normal,Tuesday
17-12-2024,P109,Sports,494,329.33,0,0,0,273,503.07,Normal,Tuesday
17-12-2024,P110,Sports,434,341.11,0,4,1736,245,455.58,Holiday,Tuesday
17-12-2024,P111,Electronics,791,556.53,0,4,3164,275,797.65,Festival,Tuesday
17-12-2024,P112,Fashion,961.2,834.63,10,0,0,326,1000.32,Normal,Tuesday
17-12-2024,P113,Electronics,770.4,677.99,10,3,2311.2,258,746.3,Festival,Tuesday
17-12-2024,P114,Electronics,1340.45,1119.2,5,0,0,154,1360.76,Festival,Tuesday
17-12-2024,P115,Sports,558,360.49,0,0,0,195,556.13,Sale,Tuesday
17-12-2024,P116,Sports,1099,867.61,0,0,0,70,1080.35,Sale,Tuesday
17-12-2024,P117,Fashion,724,541.63,0,2,1448,247,719.37,Normal,Tuesday
17-12-2024,P118,Electronics,696,449.72,0,3,2088,492,726.9,Festival,Tuesday
17-12-2024,P119,Home,653,456.84,0,3,1959,91,630.68,Normal,Tuesday
18-12-2024,P100,Fashion,608.6,438.13,15,0,0,393,580.55,Normal,Wednesday
18-12-2024,P101,Fashion,1280,783.5,0,1,1280,354,1224.95,Normal,Wednesday
18-12-2024,P102,Home,684,446.46,5,0,0,361,698.59,Normal,Wednesday
18-12-2024,P103,Sports,1266,779.51,0,3,3798,42,1307.33,Normal,Wednesday
18-12-2024,P104,Home,1334.75,922.13,5,1,1334.75,221,1397,Holiday,Wednesday
18-12-2024,P105,Sports,586,416.06,0,1,586,352,579.85,Normal,Wednesday
18-12-2024,P106,Electronics,264.1,212.25,5,2,528.2,476,252.61,Sale,Wednesday
18-12-2024,P107,Sports,507.3,405.71,5,3,1521.9,151,513.45,Sale,Wednesday
18-12-2024,P108,Fashion,1416,1069.53,0,1,1416,92,1351.08,Normal,Wednesday
18-12-2024,P109,Electronics,1032.3,849.91,10,2,2064.6,121,1046.27,Normal,Wednesday
18-12-2024,P110,Fashion,741,511.62,0,1,741,286,740.96,Normal,Wednesday
18-12-2024,P111,Fashion,763.2,652.34,10,1,763.2,191,796.96,Normal,Wednesday
18-12-2024,P112,Home,698,548.11,0,3,2094,173,721.77,Normal,Wednesday
18-12-2024,P113,Home,692.1,599.02,10,3,2076.3,180,704.98,Festival,Wednesday
18-12-2024,P114,Fashion,1056.6,718.37,10,0,0,39,1058.33,Sale,Wednesday
18-12-2024,P115,Electronics,533,402.73,0,0,0,68,530.41,Normal,Wednesday
18-12-2024,P116,Electronics,1072,783.86,0,0,0,38,1088.26,Sale,Wednesday
18-12-2024,P117,Sports,799.9,646.74,5,0,0,486,795.2,Festival,Wednesday
18-12-2024,P118,Fashion,654.3,499.35,10,0,0,397,638.04,Normal,Wednesday
18-12-2024,P119,Sports,1320,828.84,0,0,0,258,1291.04,Normal,Wednesday
19-12-2024,P100,Electronics,237.15,196.41,15,4,948.6,318,233.52,Sale,Thursday
19-12-2024,P101,Sports,1220,947.48,0,0,0,107,1254.31,Festival,Thursday
19-12-2024,P102,Sports,1356,1011.68,0,1,1356,131,1354.05,Normal,Thursday
19-12-2024,P103,Fashion,842.65,576.07,5,3,2527.95,403,855.07,Sale,Thursday
19-12-2024,P104,Electronics,284,190.48,0,0,0,361,289.48,Normal,Thursday
19-12-2024,P105,Fashion,603.5,538.18,15,1,603.5,418,598.44,Normal,Thursday
19-12-2024,P106,Electronics,730.15,538.23,15,2,1460.3,294,713.38,Holiday,Thursday
19-12-2024,P107,Sports,1084.5,748.97,10,0,0,362,1131.33,Normal,Thursday
19-12-2024,P108,Electronics,1249.2,869.48,10,0,0,95,1297.97,Normal,Thursday
19-12-2024,P109,Sports,1070,785.39,0,0,0,423,1087.95,Normal,Thursday
19-12-2024,P110,Sports,277.95,249.11,15,3,833.85,422,274.88,Normal,Thursday
19-12-2024,P111,Electronics,558,378.5,0,3,1674,304,579.44,Normal,Thursday
19-12-2024,P112,Sports,1465,919.45,0,3,4395,218,1485.51,Normal,Thursday
19-12-2024,P113,Home,932.9,768.11,5,0,0,65,974.52,Holiday,Thursday
19-12-2024,P114,Fashion,512,313.86,0,0,0,194,519.56,Normal,Thursday
19-12-2024,P115,Fashion,1086,740.47,0,0,0,258,1106.61,Sale,Thursday
19-12-2024,P116,Fashion,762,562.83,0,4,3048,342,756.5,Sale,Thursday
19-12-2024,P117,Electronics,1270,875.48,0,0,0,98,1310.67,Festival,Thursday
19-12-2024,P118,Fashion,717.25,505.27,5,2,1434.5,336,697.22,Festival,Thursday
19-12-2024,P119,Home,976,626.44,0,0,0,408,936.95,Normal,Thursday
20-12-2024,P100,Sports,569.5,438.81,15,0,0,262,588.63,Normal,Friday
20-12-2024,P101,Fashion,1183.7,759.08,5,0,0,284,1139,Normal,Friday
20-12-2024,P102,Electronics,1417.4,1003.44,5,0,0,224,1441.06,Normal,Friday
20-12-2024,P103,Sports,1147,721.62,0,0,0,278,1157.65,Normal,Friday
20-12-2024,P104,Fashion,1482,1119.77,0,4,5928,466,1428.91,Normal,Friday
20-12-2024,P105,Fashion,1211,742.98,0,2,2422,136,1223.16,Normal,Friday
20-12-2024,P106,Sports,620,434.85,0,4,2480,267,620.24,Festival,Friday
20-12-2024,P107,Fashion,570,381.36,0,1,570,89,596.12,Sale,Friday
20-12-2024,P108,Home,795.6,564.36,15,4,3182.4,451,815.75,Normal,Friday
20-12-2024,P109,Fashion,586,380.44,0,0,0,336,570.95,Holiday,Friday
20-12-2024,P110,Sports,1416,1018.83,0,0,0,230,1396.78,Sale,Friday
20-12-2024,P111,Fashion,1072.55,846.26,5,0,0,457,1073.9,Normal,Friday
20-12-2024,P112,Sports,929.9,754.91,15,3,2789.7,467,945.58,Normal,Friday
20-12-2024,P113,Sports,1131,718.61,0,0,0,457,1105.89,Festival,Friday
20-12-2024,P114,Electronics,696.6,543.6,10,0,0,144,701.44,Holiday,Friday
20-12-2024,P115,Home,1265.4,850.25,5,0,0,171,1269.8,Normal,Friday
20-12-2024,P116,Sports,374.4,264.6,10,0,0,121,377.46,Normal,Friday
20-12-2024,P117,Electronics,764.75,643.93,5,1,764.75,132,769.95,Normal,Friday
20-12-2024,P118,Electronics,206.15,148.87,5,5,1030.75,269,210.62,Normal,Friday
20-12-2024,P119,Sports,1089,810.06,0,3,3267,144,1062.56,Normal,Friday
21-12-2024,P100,Sports,270.9,194.18,10,6,1625.4,453,274.64,Normal,Saturday
21-12-2024,P101,Fashion,728.65,567.52,5,0,0,214,738.15,Normal,Saturday
21-12-2024,P102,Sports,540,350.62,0,0,0,130,515.66,Festival,Saturday
21-12-2024,P103,Electronics,535,390.22,0,1,535,387,535.11,Sale,Saturday
21-12-2024,P104,Electronics,619.2,548.18,10,1,619.2,44,610.2,Normal,Saturday
21-12-2024,P105,Home,1236.75,1120.67,15,0,0,242,1274.81,Normal,Saturday
21-12-2024,P106,Fashion,466,331.48,0,2,932,25,454.42,Normal,Saturday
21-12-2024,P107,Electronics,1254,983.95,0,0,0,473,1316.21,Normal,Saturday
21-12-2024,P108,Home,508,356.05,0,0,0,464,506.38,Normal,Saturday
21-12-2024,P109,Home,774,636.25,10,0,0,363,777.36,Normal,Saturday
21-12-2024,P110,Home,1320,958.23,0,3,3960,369,1263.8,Normal,Saturday
21-12-2024,P111,Sports,912.95,648.48,5,3,2738.85,341,883.27,Normal,Saturday
21-12-2024,P112,Electronics,1007.1,882.29,10,2,2014.2,319,1046.7,Normal,Saturday
21-12-2024,P113,Home,623,399.51,0,0,0,30,620.91,Sale,Saturday
21-12-2024,P114,Sports,615,373.23,0,1,615,264,635.59,Normal,Saturday
21-12-2024,P115,Home,731.5,603.94,5,0,0,394,732.72,Normal,Saturday
21-12-2024,P116,Sports,933.3,797.85,10,1,933.3,332,949.2,Normal,Saturday
21-12-2024,P117,Sports,1204.45,923.55,15,4,4817.8,74,1154.02,Normal,Saturday
21-12-2024,P118,Sports,668,490.92,0,0,0,57,652.67,Normal,Saturday
21-12-2024,P119,Sports,1254.6,1065.86,10,0,0,304,1295.51,Normal,Saturday
22-12-2024,P100,Home,731,523.97,0,3,2193,470,714.62,Festival,Sunday
22-12-2024,P101,Home,796.1,624.77,5,5,3980.5,460,781.91,Normal,Sunday
22-12-2024,P102,Sports,1056.4,745.83,5,1,1056.4,100,1036.56,Normal,Sunday
22-12-2024,P103,Sports,1335.7,970.65,5,0,0,393,1332.75,Normal,Sunday
22-12-2024,P104,Sports,903,689.32,0,0,0,403,945.57,Normal,Sunday
22-12-2024,P105,Electronics,1055,652.67,0,0,0,172,1073.36,Holiday,Sunday
22-12-2024,P106,Fashion,969,744.58,5,0,0,103,954.38,Sale,Sunday
22-12-2024,P107,Sports,400,291.19,0,5,2000,410,415.2,Normal,Sunday
22-12-2024,P108,Fashion,1188,868.24,10,2,2376,392,1174.43,Festival,Sunday
22-12-2024,P109,Electronics,603,425.6,10,4,2412,114,621.78,Holiday,Sunday
22-12-2024,P110,Sports,988.95,670.69,5,0,0,427,1010.06,Normal,Sunday
22-12-2024,P111,Home,543,334.87,0,0,0,221,567.86,Normal,Sunday
22-12-2024,P112,Electronics,190.95,158.53,5,8,1527.6,278,186.9,Festival,Sunday
22-12-2024,P113,Home,1134.9,973.7,10,1,1134.9,47,1081.35,Normal,Sunday
22-12-2024,P114,Sports,710.6,584.03,5,5,3553,247,743.73,Holiday,Sunday
22-12-2024,P115,Electronics,807.5,633.55,15,2,1615,459,826.46,Festival,Sunday
22-12-2024,P116,Electronics,1159.95,885.72,5,0,0,422,1199.71,Sale,Sunday
22-12-2024,P117,Fashion,256.5,204.66,10,9,2308.5,345,268.13,Normal,Sunday
22-12-2024,P118,Fashion,372.4,272.85,5,1,372.4,486,366.33,Sale,Sunday
22-12-2024,P119,Home,262,184.98,0,2,524,380,269.07,Holiday,Sunday
23-12-2024,P100,Fashion,964.25,658.96,5,3,2892.75,419,1010.31,Normal,Monday
23-12-2024,P101,Fashion,828,606.3,0,2,1656,462,855.99,Sale,Monday
23-12-2024,P102,Home,269,206.04,0,4,1076,21,279.24,Normal,Monday
23-12-2024,P103,Sports,1083,781.26,0,0,0,174,1094.82,Normal,Monday
23-12-2024,P104,Sports,1082.7,896.87,10,0,0,115,1041.39,Normal,Monday
23-12-2024,P105,Sports,380.7,294.81,10,1,380.7,345,376.2,Sale,Monday
23-12-2024,P106,Sports,933.85,592.45,5,0,0,76,966.67,Normal,Monday
23-12-2024,P107,Electronics,574,351.84,0,0,0,410,596.11,Festival,Monday
23-12-2024,P108,Home,1083.6,728,10,2,2167.2,460,1134.99,Normal,Monday
23-12-2024,P109,Sports,273,207.29,0,4,1092,273,272.74,Normal,Monday
23-12-2024,P110,Sports,1127.95,837.07,15,4,4511.8,191,1072.54,Normal,Monday
23-12-2024,P111,Electronics,648.9,543.43,10,0,0,107,623.07,Normal,Monday
23-12-2024,P112,Electronics,268,166.37,0,2,536,41,281.39,Sale,Monday
23-12-2024,P113,Sports,959.5,701.06,5,7,6716.5,101,1004.32,Normal,Monday
23-12-2024,P114,Fashion,1129.55,818.14,5,4,4518.2,173,1168.24,Festival,Monday
23-12-2024,P115,Sports,1327,1037.91,0,0,0,250,1392.03,Festival,Monday
23-12-2024,P116,Home,927,631.68,0,0,0,497,913.66,Sale,Monday
23-12-2024,P117,Sports,1266.3,1051.1,10,0,0,404,1213.34,Normal,Monday
23-12-2024,P118,Home,380.95,314.21,5,2,761.9,462,377.61,Normal,Monday
23-12-2024,P119,Fashion,1278.7,844.67,5,0,0,285,1260.85,Normal,Monday
24-12-2024,P100,Electronics,1281.55,849.53,5,0,0,195,1330.65,Normal,Tuesday
24-12-2024,P101,Home,757,459.28,0,1,757,213,723.35,Sale,Tuesday
24-12-2024,P102,Electronics,866,662.84,0,5,4330,296,842.24,Festival,Tuesday
24-12-2024,P103,Home,1061,654.63,0,2,2122,49,1026.35,Normal,Tuesday
24-12-2024,P104,Electronics,877,639.67,0,2,1754,100,892.26,Normal,Tuesday
24-12-2024,P105,Sports,1359.45,942.31,5,4,5437.8,76,1359.64,Normal,Tuesday
24-12-2024,P106,Fashion,1106,862.97,0,0,0,237,1058.13,Normal,Tuesday
24-12-2024,P107,Electronics,339.3,297.94,10,3,1017.9,60,328.44,Normal,Tuesday
24-12-2024,P108,Fashion,676,427.76,0,0,0,433,705.69,Holiday,Tuesday
24-12-2024,P109,Electronics,747,552.7,10,0,0,354,721.99,Normal,Tuesday
24-12-2024,P110,Sports,369.75,282.8,15,2,739.5,292,386.96,Normal,Tuesday
24-12-2024,P111,Electronics,804.6,603.36,10,0,0,339,779.01,Normal,Tuesday
24-12-2024,P112,Fashion,615,477.95,0,0,0,355,609.68,Normal,Tuesday
24-12-2024,P113,Electronics,1337.4,1086.04,10,0,0,135,1301.14,Sale,Tuesday
24-12-2024,P114,Electronics,807,622.82,0,1,807,317,777.35,Normal,Tuesday
24-12-2024,P115,Home,1163.7,1025.32,10,0,0,155,1174.8,Normal,Tuesday
24-12-2024,P116,Home,340,206.41,0,1,340,485,352.3,Normal,Tuesday
24-12-2024,P117,Electronics,1094.4,744.58,10,3,3283.2,385,1063.26,Sale,Tuesday
24-12-2024,P118,Sports,1412,939.59,0,0,0,83,1452.58,Sale,Tuesday
24-12-2024,P119,Fashion,1082,723.48,0,2,2164,253,1083.73,Festival,Tuesday
25-12-2024,P100,Electronics,416,277.7,0,1,416,432,417.82,Festival,Wednesday
25-12-2024,P101,Sports,615.6,457.75,5,3,1846.8,447,621.48,Sale,Wednesday
25-12-2024,P102,Sports,1293.9,910.35,5,2,2587.8,31,1331.27,Normal,Wednesday
25-12-2024,P103,Home,1270,939.19,0,1,1270,307,1223,Normal,Wednesday
25-12-2024,P104,Fashion,354.6,310.35,10,4,1418.4,210,341.79,Holiday,Wednesday
25-12-2024,P105,Home,1217.9,916.11,5,0,0,236,1197.72,Normal,Wednesday
25-12-2024,P106,Fashion,268.85,183.1,5,2,537.7,272,279.08,Normal,Wednesday
25-12-2024,P107,Sports,1320.5,931.27,5,0,0,479,1334.97,Sale,Wednesday
25-12-2024,P108,Home,588,379.85,0,1,588,126,614.1,Normal,Wednesday
25-12-2024,P109,Fashion,1271,773.86,0,0,0,88,1321.82,Festival,Wednesday
25-12-2024,P110,Sports,491,298.57,0,4,1964,404,501.5,Normal,Wednesday
25-12-2024,P111,Electronics,200,148.44,0,5,1000,116,209.3,Normal,Wednesday
25-12-2024,P112,Electronics,1138,778.34,0,0,0,317,1107.74,Sale,Wednesday
25-12-2024,P113,Home,766,487.31,0,0,0,121,764.58,Normal,Wednesday
25-12-2024,P114,Fashion,770,582.29,0,2,1540,168,756.31,Normal,Wednesday
25-12-2024,P115,Home,1223.6,918.92,5,0,0,47,1176.13,Sale,Wednesday
25-12-2024,P116,Sports,1269,857.92,0,4,5076,485,1285.89,Sale,Wednesday
25-12-2024,P117,Home,603.9,448.48,10,0,0,354,613.88,Sale,Wednesday
25-12-2024,P118,Home,799.85,635.08,15,0,0,254,831.86,Festival,Wednesday
25-12-2024,P119,Home,743.85,527.66,5,1,743.85,121,713.34,Festival,Wednesday
26-12-2024,P100,Home,504,401.32,10,1,504,50,529.13,Normal,Thursday
26-12-2024,P101,Sports,301.5,210.64,10,2,603,237,299.01,Normal,Thursday
26-12-2024,P102,Home,547.2,419.74,5,1,547.2,137,573.37,Normal,Thursday
26-12-2024,P103,Fashion,1167,711.52,0,2,2334,441,1179.65,Normal,Thursday
26-12-2024,P104,Home,1261,970.83,0,1,1261,263,1252.6,Normal,Thursday
26-12-2024,P105,Electronics,191.7,166.78,10,3,575.1,461,191.22,Normal,Thursday
26-12-2024,P106,Home,1218,910.09,0,1,1218,219,1259.99,Normal,Thursday
26-12-2024,P107,Electronics,584.1,410.02,10,3,1752.3,200,581.7,Normal,Thursday
26-12-2024,P108,Sports,1059,768.15,0,4,4236,411,1013.28,Normal,Thursday
26-12-2024,P109,Home,402,256.21,0,6,2412,203,399.03,Normal,Thursday
26-12-2024,P110,Electronics,488,351.77,0,0,0,241,474.99,Normal,Thursday
26-12-2024,P111,Electronics,1256.85,841.3,5,2,2513.7,117,1242.05,Normal,Thursday
26-12-2024,P112,Electronics,908.1,794.14,10,1,908.1,249,896.5,Holiday,Thursday
26-12-2024,P113,Sports,587,427.94,0,2,1174,246,561.19,Festival,Thursday
26-12-2024,P114,Electronics,1391,897.79,0,1,1391,357,1436.46,Holiday,Thursday
26-12-2024,P115,Home,373,245.87,0,2,746,82,390.42,Normal,Thursday
26-12-2024,P116,Fashion,814.15,634.53,5,2,1628.3,499,829.52,Normal,Thursday
26-12-2024,P117,Home,1182.75,911.06,5,2,2365.5,280,1215.28,Normal,Thursday
26-12-2024,P118,Fashion,517.5,390.51,10,0,0,392,493.46,Normal,Thursday
26-12-2024,P119,Electronics,209.95,141.63,5,8,1679.6,156,203.46,Festival,Thursday
27-12-2024,P100,Electronics,1024.25,791,15,1,1024.25,301,1008.16,Normal,Friday
27-12-2024,P101,Electronics,715,547.39,0,0,0,453,704.38,Festival,Friday
27-12-2024,P102,Sports,472,329.05,0,1,472,280,453.83,Normal,Friday
27-12-2024,P103,Electronics,491.4,380.57,10,2,982.8,252,511.15,Sale,Friday
27-12-2024,P104,Fashion,1220.75,844.38,5,0,0,84,1198.33,Festival,Friday
27-12-2024,P105,Sports,1003,741.9,0,1,1003,118,1034.27,Holiday,Friday
27-12-2024,P106,Home,245,181.49,0,2,490,48,249.03,Normal,Friday
27-12-2024,P107,Home,845.75,649.38,15,2,1691.5,348,879.04,Normal,Friday
27-12-2024,P108,Fashion,1300,929.28,0,1,1300,155,1345.71,Normal,Friday
27-12-2024,P109,Home,425.6,323.48,5,3,1276.8,21,416.38,Normal,Friday
27-12-2024,P110,Home,425,319.81,0,0,0,138,418.54,Normal,Friday
27-12-2024,P111,Sports,478,369.8,0,2,956,112,455.38,Normal,Friday
27-12-2024,P112,Fashion,345,274.97,0,1,345,497,353.72,Normal,Friday
27-12-2024,P113,Fashion,494.95,356.33,5,2,989.9,268,508.01,Normal,Friday
27-12-2024,P114,Sports,1014,797.35,0,0,0,45,1022.68,Normal,Friday
27-12-2024,P115,Electronics,478,311.25,0,0,0,481,467.57,Normal,Friday
27-12-2024,P116,Sports,533.9,392.89,5,2,1067.8,348,519.89,Festival,Friday
27-12-2024,P117,Fashion,206,141.35,0,5,1030,59,210.71,Normal,Friday
27-12-2024,P118,Fashion,922.5,630.26,10,3,2767.5,412,921.92,Festival,Friday
27-12-2024,P119,Fashion,917.7,696.24,5,4,3670.8,219,913.35,Normal,Friday
28-12-2024,P100,Home,842,664.2,0,0,0,291,837.4,Normal,Saturday
28-12-2024,P101,Electronics,1214.1,929.67,10,0,0,116,1173.54,Normal,Saturday
28-12-2024,P102,Sports,1486,1070.67,0,2,2972,360,1518.72,Holiday,Saturday
28-12-2024,P103,Electronics,887,700.76,0,2,1774,176,844.66,Normal,Saturday
28-12-2024,P104,Sports,1250.1,1085.88,10,0,0,95,1256.62,Festival,Saturday
28-12-2024,P105,Sports,771.4,611.43,5,0,0,238,763.02,Normal,Saturday
28-12-2024,P106,Home,422.75,341.99,5,5,2113.75,403,429.99,Normal,Saturday
28-12-2024,P107,Electronics,1205,839.78,0,0,0,384,1259.05,Normal,Saturday
28-12-2024,P108,Home,796,603.59,0,2,1592,404,774.35,Sale,Saturday
28-12-2024,P109,Home,1207,932.1,0,1,1207,168,1256.54,Sale,Saturday
28-12-2024,P110,Sports,869.4,734.05,10,0,0,195,882.18,Normal,Saturday
28-12-2024,P111,Electronics,437,312.43,5,1,437,54,458.59,Holiday,Saturday
28-12-2024,P112,Home,973,661.7,0,0,0,218,971.81,Normal,Saturday
28-12-2024,P113,Sports,1214.1,809.47,10,0,0,393,1219.19,Sale,Saturday
28-12-2024,P114,Fashion,948.6,804.16,10,0,0,28,963.69,Sale,Saturday
28-12-2024,P115,Sports,222.3,176.61,5,6,1333.8,224,220.27,Festival,Saturday
28-12-2024,P116,Electronics,1104,829.85,0,0,0,403,1138.83,Normal,Saturday
28-12-2024,P117,Sports,438.6,353.37,15,4,1754.4,478,456.29,Sale,Saturday
28-12-2024,P118,Sports,670.7,501.99,5,2,1341.4,200,650.1,Sale,Saturday
28-12-2024,P119,Home,382.5,336.11,10,3,1147.5,120,389.94,Holiday,Saturday
29-12-2024,P100,Home,627,398.56,0,3,1881,444,649.38,Normal,Sunday
29-12-2024,P101,Sports,425,293.35,0,2,850,439,410.42,Sale,Sunday
29-12-2024,P102,Electronics,1269,852.46,10,0,0,127,1219.07,Normal,Sunday
29-12-2024,P103,Home,1008.9,878.2,10,0,0,440,1020.95,Holiday,Sunday
29-12-2024,P104,Fashion,779,532.89,0,0,0,419,804.86,Normal,Sunday
29-12-2024,P105,Home,272.7,202.17,10,0,0,330,269.98,Normal,Sunday
29-12-2024,P106,Home,229,159.96,0,4,916,420,234.19,Normal,Sunday
29-12-2024,P107,Home,834.1,556.67,5,0,0,481,804.42,Festival,Sunday
29-12-2024,P108,Fashion,689,481.88,0,2,1378,438,708.04,Festival,Sunday
29-12-2024,P109,Home,1216,733.79,0,4,4864,227,1252.88,Normal,Sunday
29-12-2024,P110,Electronics,1311,889.27,0,2,2622,188,1288.54,Holiday,Sunday
29-12-2024,P111,Electronics,930.6,787.36,10,0,0,81,899.74,Sale,Sunday
29-12-2024,P112,Fashion,1204,746.79,0,0,0,333,1211.22,Holiday,Sunday
29-12-2024,P113,Fashion,1093,785.96,0,0,0,344,1089.77,Normal,Sunday
29-12-2024,P114,Fashion,672,509.56,0,1,672,299,672.53,Normal,Sunday
29-12-2024,P115,Home,1210,829.96,0,4,4840,103,1230.72,Holiday,Sunday
29-12-2024,P116,Fashion,450,302.15,10,3,1350,108,468.52,Normal,Sunday
29-12-2024,P117,Home,876,575.11,0,2,1752,196,839.12,Normal,Sunday
29-12-2024,P118,Electronics,1317,1026.72,0,0,0,285,1360.33,Sale,Sunday
29-12-2024,P119,Home,880,619.76,0,0,0,369,848.01,Festival,Sunday
30-12-2024,P100,Home,691,532.01,0,0,0,174,691.56,Normal,Monday
30-12-2024,P101,Home,1422,1070.47,0,0,0,157,1377.65,Sale,Monday
30-12-2024,P102,Sports,549,475.3,10,5,2745,197,522.06,Holiday,Monday
30-12-2024,P103,Fashion,1422,1055.08,0,0,0,153,1484.65,Normal,Monday
30-12-2024,P104,Home,1092.5,909.65,5,2,2185,109,1108.49,Holiday,Monday
30-12-2024,P105,Sports,311.6,219.04,5,2,623.2,70,305.18,Sale,Monday
30-12-2024,P106,Fashion,559.3,416.67,15,0,0,378,533.19,Normal,Monday
30-12-2024,P107,Electronics,1074,657.92,0,2,2148,288,1029.49,Sale,Monday
30-12-2024,P108,Home,784,606.6,0,1,784,250,790.15,Holiday,Monday
30-12-2024,P109,Electronics,878,627.31,0,0,0,278,874.24,Normal,Monday
30-12-2024,P110,Fashion,448.8,404.4,15,1,448.8,378,454.43,Normal,Monday
30-12-2024,P111,Home,1110.55,884.64,5,2,2221.1,172,1094.64,Sale,Monday
30-12-2024,P112,Electronics,539,412.25,0,3,1617,124,543.6,Normal,Monday
30-12-2024,P113,Fashion,1053,708.82,0,2,2106,216,1064.04,Normal,Monday
30-12-2024,P114,Fashion,814,572.66,0,0,0,427,849.45,Normal,Monday
30-12-2024,P115,Home,1291,917.3,0,3,3873,229,1333.5,Festival,Monday
30-12-2024,P116,Sports,764,602.33,0,0,0,349,727.31,Normal,Monday
30-12-2024,P117,Sports,491.15,332.5,5,5,2455.75,401,490.29,Holiday,Monday
30-12-2024,P118,Home,863.6,742.27,15,0,0,237,860.63,Normal,Monday
30-12-2024,P119,Sports,662.15,476.85,5,0,0,390,675.24,Normal,Monday
